slide,image_file,annotation_file,annotation_id,record_index,original_title,mapped_category,match_method,matched_csv_titles,priority,shape,specialtype,details,duplicate_candidate
C_418058_W_Nassichuk_L_2025_01_14_20_55_37,/rhf/allocations/dsci435/smithsonian_full_sp26/raw/C_418058_W_Nassichuk_L_2025_01_14_20_55_37.ndpi,/rhf/allocations/dsci435/smithsonian_full_sp26/raw/C_418058_W_Nassichuk_L_2025_01_14_20_55_37.ndpi.ndpa,1,0,Bombacacidites,Bombacacidites sp.,provisional_alias,Bombacacidites sp.,YES,circle,,"Triaperturate checked
Porate
In onenote",False
C_418058_W_Nassichuk_L_2025_01_14_20_55_37,/rhf/allocations/dsci435/smithsonian_full_sp26/raw/C_418058_W_Nassichuk_L_2025_01_14_20_55_37.ndpi,/rhf/allocations/dsci435/smithsonian_full_sp26/raw/C_418058_W_Nassichuk_L_2025_01_14_20_55_37.ndpi.ndpa,3,1,Bombacacidites,Bombacacidites sp.,provisional_alias,Bombacacidites sp.,YES,circle,,"Triporate checked
In onenote",False
C_418058_W_Nassichuk_L_2025_01_14_20_55_37,/rhf/allocations/dsci435/smithsonian_full_sp26/raw/C_418058_W_Nassichuk_L_2025_01_14_20_55_37.ndpi,/rhf/allocations/dsci435/smithsonian_full_sp26/raw/C_418058_W_Nassichuk_L_2025_01_14_20_55_37.ndpi.ndpa,4,2,Arecipites sp,Arecipites sp.,formatting,Arecipites sp.,YES,circle,,Onenote checked,False
C_418058_W_Nassichuk_L_2025_01_14_20_55_37,/rhf/allocations/dsci435/smithsonian_full_sp26/raw/C_418058_W_Nassichuk_L_2025_01_14_20_55_37.ndpi,/rhf/allocations/dsci435/smithsonian_full_sp26/raw/C_418058_W_Nassichuk_L_2025_01_14_20_55_37.ndpi.ndpa,9,7,Rhoipites sp,Rhoipites sp.,formatting,Rhoipites sp.,YES,circle,,Onenote checked,False
C_418058_W_Nassichuk_L_2025_01_14_20_55_37,/rhf/allocations/dsci435/smithsonian_full_sp26/raw/C_418058_W_Nassichuk_L_2025_01_14_20_55_37.ndpi,/rhf/allocations/dsci435/smithsonian_full_sp26/raw/C_418058_W_Nassichuk_L_2025_01_14_20_55_37.ndpi.ndpa,10,8,Cupuliferoipollenites,Cupuliferoipollenites sp.,provisional_alias,Cupuliferoipollenites sp.,YES,circle,,Checked,False
C_418058_W_Nassichuk_L_2025_01_14_20_55_37,/rhf/allocations/dsci435/smithsonian_full_sp26/raw/C_418058_W_Nassichuk_L_2025_01_14_20_55_37.ndpi,/rhf/allocations/dsci435/smithsonian_full_sp26/raw/C_418058_W_Nassichuk_L_2025_01_14_20_55_37.ndpi.ndpa,11,9,Quercus sp.,Quercus sp.,exact,Quercus sp.,YES,circle,,"Textured wall Cupuliferoipollenites spp.
Onenote",False
C_418058_W_Nassichuk_L_2025_01_14_20_55_37,/rhf/allocations/dsci435/smithsonian_full_sp26/raw/C_418058_W_Nassichuk_L_2025_01_14_20_55_37.ndpi,/rhf/allocations/dsci435/smithsonian_full_sp26/raw/C_418058_W_Nassichuk_L_2025_01_14_20_55_37.ndpi.ndpa,12,10,Rhoipites sp.,Rhoipites sp.,exact,Rhoipites sp.,YES,circle,, checked,False
C_418058_W_Nassichuk_L_2025_01_14_20_55_37,/rhf/allocations/dsci435/smithsonian_full_sp26/raw/C_418058_W_Nassichuk_L_2025_01_14_20_55_37.ndpi,/rhf/allocations/dsci435/smithsonian_full_sp26/raw/C_418058_W_Nassichuk_L_2025_01_14_20_55_37.ndpi.ndpa,30,28,Quercus sp.,Quercus sp.,exact,Quercus sp.,YES,circle,,checked,False
C_418058_W_Nassichuk_L_2025_01_14_20_55_37,/rhf/allocations/dsci435/smithsonian_full_sp26/raw/C_418058_W_Nassichuk_L_2025_01_14_20_55_37.ndpi,/rhf/allocations/dsci435/smithsonian_full_sp26/raw/C_418058_W_Nassichuk_L_2025_01_14_20_55_37.ndpi.ndpa,32,30,Quercus,Quercus sp.,provisional_alias,Quercus sp.,YES,circle,,Onenote checked,False
C_418058_W_Nassichuk_L_2025_01_14_20_55_37,/rhf/allocations/dsci435/smithsonian_full_sp26/raw/C_418058_W_Nassichuk_L_2025_01_14_20_55_37.ndpi,/rhf/allocations/dsci435/smithsonian_full_sp26/raw/C_418058_W_Nassichuk_L_2025_01_14_20_55_37.ndpi.ndpa,35,33,Rhoipites sp.,Rhoipites sp.,exact,Rhoipites sp.,YES,circle,,Checked,False
C_418058_W_Nassichuk_L_2025_01_14_20_55_37,/rhf/allocations/dsci435/smithsonian_full_sp26/raw/C_418058_W_Nassichuk_L_2025_01_14_20_55_37.ndpi,/rhf/allocations/dsci435/smithsonian_full_sp26/raw/C_418058_W_Nassichuk_L_2025_01_14_20_55_37.ndpi.ndpa,36,34,Quercus,Quercus sp.,provisional_alias,Quercus sp.,YES,circle,,checked,False
C_418058_W_Nassichuk_L_2025_01_14_20_55_37,/rhf/allocations/dsci435/smithsonian_full_sp26/raw/C_418058_W_Nassichuk_L_2025_01_14_20_55_37.ndpi,/rhf/allocations/dsci435/smithsonian_full_sp26/raw/C_418058_W_Nassichuk_L_2025_01_14_20_55_37.ndpi.ndpa,41,39,Siltaria sp.,Rhoipites sp.,exact,Siltaria sp.,YES,circle,,checked,False
C_418058_W_Nassichuk_L_2025_01_14_20_55_37,/rhf/allocations/dsci435/smithsonian_full_sp26/raw/C_418058_W_Nassichuk_L_2025_01_14_20_55_37.ndpi,/rhf/allocations/dsci435/smithsonian_full_sp26/raw/C_418058_W_Nassichuk_L_2025_01_14_20_55_37.ndpi.ndpa,42,40,Rhoipites sp.,Rhoipites sp.,exact,Rhoipites sp.,YES,circle,,checked,False
C_418058_W_Nassichuk_L_2025_01_14_20_55_37,/rhf/allocations/dsci435/smithsonian_full_sp26/raw/C_418058_W_Nassichuk_L_2025_01_14_20_55_37.ndpi,/rhf/allocations/dsci435/smithsonian_full_sp26/raw/C_418058_W_Nassichuk_L_2025_01_14_20_55_37.ndpi.ndpa,43,41,Siltaria sp.,Rhoipites sp.,exact,Siltaria sp.,YES,circle,, checked,False
C_418058_W_Nassichuk_L_2025_01_14_20_55_37,/rhf/allocations/dsci435/smithsonian_full_sp26/raw/C_418058_W_Nassichuk_L_2025_01_14_20_55_37.ndpi,/rhf/allocations/dsci435/smithsonian_full_sp26/raw/C_418058_W_Nassichuk_L_2025_01_14_20_55_37.ndpi.ndpa,44,42,Cupuliferoipollenites sp.,Cupuliferoipollenites sp.,exact,Cupuliferoipollenites sp.,YES,circle,,checked,False
C_418058_W_Nassichuk_L_2025_01_14_20_55_37,/rhf/allocations/dsci435/smithsonian_full_sp26/raw/C_418058_W_Nassichuk_L_2025_01_14_20_55_37.ndpi,/rhf/allocations/dsci435/smithsonian_full_sp26/raw/C_418058_W_Nassichuk_L_2025_01_14_20_55_37.ndpi.ndpa,54,52,Siltaria cf. hanleyi,Rhoipites sp.,provisional_alias,SIltaria sp. | Siltaria sp.,YES,circle,,Onenote checked,False
C_418058_W_Nassichuk_L_2025_01_14_20_55_37,/rhf/allocations/dsci435/smithsonian_full_sp26/raw/C_418058_W_Nassichuk_L_2025_01_14_20_55_37.ndpi,/rhf/allocations/dsci435/smithsonian_full_sp26/raw/C_418058_W_Nassichuk_L_2025_01_14_20_55_37.ndpi.ndpa,58,56,Siltaria sp.,Rhoipites sp.,exact,Siltaria sp.,YES,circle,,checked,False
C_418058_W_Nassichuk_L_2025_01_14_20_55_37,/rhf/allocations/dsci435/smithsonian_full_sp26/raw/C_418058_W_Nassichuk_L_2025_01_14_20_55_37.ndpi,/rhf/allocations/dsci435/smithsonian_full_sp26/raw/C_418058_W_Nassichuk_L_2025_01_14_20_55_37.ndpi.ndpa,59,57,Rhoipites sp.,Rhoipites sp.,exact,Rhoipites sp.,YES,circle,,Tricolporate check,False
C_418058_W_Nassichuk_L_2025_01_14_20_55_37,/rhf/allocations/dsci435/smithsonian_full_sp26/raw/C_418058_W_Nassichuk_L_2025_01_14_20_55_37.ndpi,/rhf/allocations/dsci435/smithsonian_full_sp26/raw/C_418058_W_Nassichuk_L_2025_01_14_20_55_37.ndpi.ndpa,60,58,Siltaria sp.,Rhoipites sp.,exact,Siltaria sp.,YES,circle,,Tricolporate checked,False
C_418058_W_Nassichuk_L_2025_01_14_20_55_37,/rhf/allocations/dsci435/smithsonian_full_sp26/raw/C_418058_W_Nassichuk_L_2025_01_14_20_55_37.ndpi,/rhf/allocations/dsci435/smithsonian_full_sp26/raw/C_418058_W_Nassichuk_L_2025_01_14_20_55_37.ndpi.ndpa,61,59,Quercus sp.,Quercus sp.,exact,Quercus sp.,YES,circle,, checked,False
C_418058_W_Nassichuk_L_2025_01_14_20_55_37,/rhf/allocations/dsci435/smithsonian_full_sp26/raw/C_418058_W_Nassichuk_L_2025_01_14_20_55_37.ndpi,/rhf/allocations/dsci435/smithsonian_full_sp26/raw/C_418058_W_Nassichuk_L_2025_01_14_20_55_37.ndpi.ndpa,62,60,Rhoipites sp.,Rhoipites sp.,exact,Rhoipites sp.,YES,circle,,Onenote checked,False
C_418058_W_Nassichuk_L_2025_01_14_20_55_37,/rhf/allocations/dsci435/smithsonian_full_sp26/raw/C_418058_W_Nassichuk_L_2025_01_14_20_55_37.ndpi,/rhf/allocations/dsci435/smithsonian_full_sp26/raw/C_418058_W_Nassichuk_L_2025_01_14_20_55_37.ndpi.ndpa,64,62,Cupuliferoipollenites sp.,Cupuliferoipollenites sp.,exact,Cupuliferoipollenites sp.,YES,circle,,"checked
Onenote",False
C_418058_W_Nassichuk_L_2025_01_14_20_55_37,/rhf/allocations/dsci435/smithsonian_full_sp26/raw/C_418058_W_Nassichuk_L_2025_01_14_20_55_37.ndpi,/rhf/allocations/dsci435/smithsonian_full_sp26/raw/C_418058_W_Nassichuk_L_2025_01_14_20_55_37.ndpi.ndpa,65,63,Siltaria hanleyi,Rhoipites sp.,provisional_alias,SIltaria sp. | Siltaria sp.,YES,circle,,checked,False
C_418058_W_Nassichuk_L_2025_01_14_20_55_37,/rhf/allocations/dsci435/smithsonian_full_sp26/raw/C_418058_W_Nassichuk_L_2025_01_14_20_55_37.ndpi,/rhf/allocations/dsci435/smithsonian_full_sp26/raw/C_418058_W_Nassichuk_L_2025_01_14_20_55_37.ndpi.ndpa,76,74,Cupuliferoipollenites spp.,Cupuliferoipollenites sp.,provisional_alias,Cupuliferoipollenites sp.,YES,circle,,checked,False
C_418058_W_Nassichuk_L_2025_01_14_20_55_37,/rhf/allocations/dsci435/smithsonian_full_sp26/raw/C_418058_W_Nassichuk_L_2025_01_14_20_55_37.ndpi,/rhf/allocations/dsci435/smithsonian_full_sp26/raw/C_418058_W_Nassichuk_L_2025_01_14_20_55_37.ndpi.ndpa,77,75,Cupuliferoipollenites spp.,Cupuliferoipollenites sp.,provisional_alias,Cupuliferoipollenites sp.,YES,circle,,Onenote checked,False
C_418058_W_Nassichuk_L_2025_01_14_20_55_37,/rhf/allocations/dsci435/smithsonian_full_sp26/raw/C_418058_W_Nassichuk_L_2025_01_14_20_55_37.ndpi,/rhf/allocations/dsci435/smithsonian_full_sp26/raw/C_418058_W_Nassichuk_L_2025_01_14_20_55_37.ndpi.ndpa,80,78,Carya spp.,Caryapollenites sp.,provisional_alias,Carya sp.,YES,circle,,Onenote  Checked,False
C_418058_W_Nassichuk_L_2025_01_14_20_55_37,/rhf/allocations/dsci435/smithsonian_full_sp26/raw/C_418058_W_Nassichuk_L_2025_01_14_20_55_37.ndpi,/rhf/allocations/dsci435/smithsonian_full_sp26/raw/C_418058_W_Nassichuk_L_2025_01_14_20_55_37.ndpi.ndpa,83,81,Rhoipites sp.,Rhoipites sp.,exact,Rhoipites sp.,YES,circle,,checked,False
C_418058_W_Nassichuk_L_2025_01_14_20_55_37,/rhf/allocations/dsci435/smithsonian_full_sp26/raw/C_418058_W_Nassichuk_L_2025_01_14_20_55_37.ndpi,/rhf/allocations/dsci435/smithsonian_full_sp26/raw/C_418058_W_Nassichuk_L_2025_01_14_20_55_37.ndpi.ndpa,84,82,Rhoipites sp.,Rhoipites sp.,exact,Rhoipites sp.,YES,circle,,Broken checked,False
C_418058_W_Nassichuk_L_2025_01_14_20_55_37,/rhf/allocations/dsci435/smithsonian_full_sp26/raw/C_418058_W_Nassichuk_L_2025_01_14_20_55_37.ndpi,/rhf/allocations/dsci435/smithsonian_full_sp26/raw/C_418058_W_Nassichuk_L_2025_01_14_20_55_37.ndpi.ndpa,86,84,Cupuliferoipollenites spp.,Cupuliferoipollenites sp.,provisional_alias,Cupuliferoipollenites sp.,YES,circle,,checked,False
C_418058_W_Nassichuk_L_2025_01_14_20_55_37,/rhf/allocations/dsci435/smithsonian_full_sp26/raw/C_418058_W_Nassichuk_L_2025_01_14_20_55_37.ndpi,/rhf/allocations/dsci435/smithsonian_full_sp26/raw/C_418058_W_Nassichuk_L_2025_01_14_20_55_37.ndpi.ndpa,87,85,Siltaria sp.,Rhoipites sp.,exact,Siltaria sp.,YES,circle,,checked,False
C_418058_W_Nassichuk_L_2025_01_14_20_55_37,/rhf/allocations/dsci435/smithsonian_full_sp26/raw/C_418058_W_Nassichuk_L_2025_01_14_20_55_37.ndpi,/rhf/allocations/dsci435/smithsonian_full_sp26/raw/C_418058_W_Nassichuk_L_2025_01_14_20_55_37.ndpi.ndpa,91,89,Inaperturopollenites sp.,Inaperturopollenites sp.,exact,Inaperturopollenites sp.,YES,circle,,Checked,False
C_418058_W_Nassichuk_L_2025_01_14_20_55_37,/rhf/allocations/dsci435/smithsonian_full_sp26/raw/C_418058_W_Nassichuk_L_2025_01_14_20_55_37.ndpi,/rhf/allocations/dsci435/smithsonian_full_sp26/raw/C_418058_W_Nassichuk_L_2025_01_14_20_55_37.ndpi.ndpa,93,91,Rhoipites sp.,Rhoipites sp.,exact,Rhoipites sp.,YES,circle,,Defined wall- maybe reticulate,False
C_418058_W_Nassichuk_L_2025_01_14_20_55_37,/rhf/allocations/dsci435/smithsonian_full_sp26/raw/C_418058_W_Nassichuk_L_2025_01_14_20_55_37.ndpi,/rhf/allocations/dsci435/smithsonian_full_sp26/raw/C_418058_W_Nassichuk_L_2025_01_14_20_55_37.ndpi.ndpa,97,94,Inaperturopollenites sp.,Inaperturopollenites sp.,exact,Inaperturopollenites sp.,YES,circle,,checked,False
C_418058_W_Nassichuk_L_2025_01_14_20_55_37,/rhf/allocations/dsci435/smithsonian_full_sp26/raw/C_418058_W_Nassichuk_L_2025_01_14_20_55_37.ndpi,/rhf/allocations/dsci435/smithsonian_full_sp26/raw/C_418058_W_Nassichuk_L_2025_01_14_20_55_37.ndpi.ndpa,100,97,Cupuliferoipollenites sp.,Cupuliferoipollenites sp.,exact,Cupuliferoipollenites sp.,YES,circle,,checked,False
C_418058_W_Nassichuk_L_2025_01_14_20_55_37,/rhf/allocations/dsci435/smithsonian_full_sp26/raw/C_418058_W_Nassichuk_L_2025_01_14_20_55_37.ndpi,/rhf/allocations/dsci435/smithsonian_full_sp26/raw/C_418058_W_Nassichuk_L_2025_01_14_20_55_37.ndpi.ndpa,105,102,Siltaria sp.,Rhoipites sp.,exact,Siltaria sp.,YES,circle,,Checked,False
C_418058_W_Nassichuk_L_2025_01_14_20_55_37,/rhf/allocations/dsci435/smithsonian_full_sp26/raw/C_418058_W_Nassichuk_L_2025_01_14_20_55_37.ndpi,/rhf/allocations/dsci435/smithsonian_full_sp26/raw/C_418058_W_Nassichuk_L_2025_01_14_20_55_37.ndpi.ndpa,107,104,Inaperturopollenites sp.,Inaperturopollenites sp.,exact,Inaperturopollenites sp.,YES,circle,,checked,False
C_418058_W_Nassichuk_L_2025_01_14_20_55_37,/rhf/allocations/dsci435/smithsonian_full_sp26/raw/C_418058_W_Nassichuk_L_2025_01_14_20_55_37.ndpi,/rhf/allocations/dsci435/smithsonian_full_sp26/raw/C_418058_W_Nassichuk_L_2025_01_14_20_55_37.ndpi.ndpa,116,112,Cupuliferoipollenites spp.,Cupuliferoipollenites sp.,provisional_alias,Cupuliferoipollenites sp.,YES,circle,,Onenote checked,False
C_418058_W_Nassichuk_L_2025_01_14_20_55_37,/rhf/allocations/dsci435/smithsonian_full_sp26/raw/C_418058_W_Nassichuk_L_2025_01_14_20_55_37.ndpi,/rhf/allocations/dsci435/smithsonian_full_sp26/raw/C_418058_W_Nassichuk_L_2025_01_14_20_55_37.ndpi.ndpa,118,114,Cupuliferoipollenite,Cupuliferoipollenites sp.,provisional_alias,Cupuliferoipollenites sp.,YES,circle,,checked,False
C_418058_W_Nassichuk_L_2025_01_14_20_55_37,/rhf/allocations/dsci435/smithsonian_full_sp26/raw/C_418058_W_Nassichuk_L_2025_01_14_20_55_37.ndpi,/rhf/allocations/dsci435/smithsonian_full_sp26/raw/C_418058_W_Nassichuk_L_2025_01_14_20_55_37.ndpi.ndpa,119,115,Cupuliferoipollenite,Cupuliferoipollenites sp.,provisional_alias,Cupuliferoipollenites sp.,YES,circle,,checked,False
C_418058_W_Nassichuk_L_2025_01_14_20_55_37,/rhf/allocations/dsci435/smithsonian_full_sp26/raw/C_418058_W_Nassichuk_L_2025_01_14_20_55_37.ndpi,/rhf/allocations/dsci435/smithsonian_full_sp26/raw/C_418058_W_Nassichuk_L_2025_01_14_20_55_37.ndpi.ndpa,126,122,Cupuliferoipollenites spp.,Cupuliferoipollenites sp.,provisional_alias,Cupuliferoipollenites sp.,YES,circle,,Onenote checked,False
C_418058_W_Nassichuk_L_2025_01_14_20_55_37,/rhf/allocations/dsci435/smithsonian_full_sp26/raw/C_418058_W_Nassichuk_L_2025_01_14_20_55_37.ndpi,/rhf/allocations/dsci435/smithsonian_full_sp26/raw/C_418058_W_Nassichuk_L_2025_01_14_20_55_37.ndpi.ndpa,127,123,Cupuliferoipollenites spp.,Cupuliferoipollenites sp.,provisional_alias,Cupuliferoipollenites sp.,YES,circle,,Onenote checked,False
C_418058_W_Nassichuk_L_2025_01_14_20_55_37,/rhf/allocations/dsci435/smithsonian_full_sp26/raw/C_418058_W_Nassichuk_L_2025_01_14_20_55_37.ndpi,/rhf/allocations/dsci435/smithsonian_full_sp26/raw/C_418058_W_Nassichuk_L_2025_01_14_20_55_37.ndpi.ndpa,128,124,Cupuliferoipollenites sp.,Cupuliferoipollenites sp.,exact,Cupuliferoipollenites sp.,YES,circle,,Onenote checked,False
C_418058_W_Nassichuk_L_2025_01_14_20_55_37,/rhf/allocations/dsci435/smithsonian_full_sp26/raw/C_418058_W_Nassichuk_L_2025_01_14_20_55_37.ndpi,/rhf/allocations/dsci435/smithsonian_full_sp26/raw/C_418058_W_Nassichuk_L_2025_01_14_20_55_37.ndpi.ndpa,131,127,Siltaria cf. hanleyi,Rhoipites sp.,provisional_alias,SIltaria sp. | Siltaria sp.,YES,circle,,checked,False
C_418058_W_Nassichuk_L_2025_01_14_20_55_37,/rhf/allocations/dsci435/smithsonian_full_sp26/raw/C_418058_W_Nassichuk_L_2025_01_14_20_55_37.ndpi,/rhf/allocations/dsci435/smithsonian_full_sp26/raw/C_418058_W_Nassichuk_L_2025_01_14_20_55_37.ndpi.ndpa,132,128,Cupuliferoipollenites,Cupuliferoipollenites sp.,provisional_alias,Cupuliferoipollenites sp.,YES,circle,,Onenote checked,False
C_418058_W_Nassichuk_L_2025_01_14_20_55_37,/rhf/allocations/dsci435/smithsonian_full_sp26/raw/C_418058_W_Nassichuk_L_2025_01_14_20_55_37.ndpi,/rhf/allocations/dsci435/smithsonian_full_sp26/raw/C_418058_W_Nassichuk_L_2025_01_14_20_55_37.ndpi.ndpa,137,133,Cupuliferoipollenites sp.,Cupuliferoipollenites sp.,exact,Cupuliferoipollenites sp.,YES,circle,,checked,False
C_418058_W_Nassichuk_L_2025_01_14_20_55_37,/rhf/allocations/dsci435/smithsonian_full_sp26/raw/C_418058_W_Nassichuk_L_2025_01_14_20_55_37.ndpi,/rhf/allocations/dsci435/smithsonian_full_sp26/raw/C_418058_W_Nassichuk_L_2025_01_14_20_55_37.ndpi.ndpa,138,134,Quercus,Quercus sp.,provisional_alias,Quercus sp.,YES,circle,,"Onenote checked
Tricolporate O",False
C_418058_W_Nassichuk_L_2025_01_14_20_55_37,/rhf/allocations/dsci435/smithsonian_full_sp26/raw/C_418058_W_Nassichuk_L_2025_01_14_20_55_37.ndpi,/rhf/allocations/dsci435/smithsonian_full_sp26/raw/C_418058_W_Nassichuk_L_2025_01_14_20_55_37.ndpi.ndpa,142,138,Quercus,Quercus sp.,provisional_alias,Quercus sp.,YES,circle,,checked,False
C_418058_W_Nassichuk_L_2025_01_14_20_55_37,/rhf/allocations/dsci435/smithsonian_full_sp26/raw/C_418058_W_Nassichuk_L_2025_01_14_20_55_37.ndpi,/rhf/allocations/dsci435/smithsonian_full_sp26/raw/C_418058_W_Nassichuk_L_2025_01_14_20_55_37.ndpi.ndpa,144,140,Rhoipites sp.,Rhoipites sp.,exact,Rhoipites sp.,YES,circle,, checked,False
C_418058_W_Nassichuk_L_2025_01_14_20_55_37,/rhf/allocations/dsci435/smithsonian_full_sp26/raw/C_418058_W_Nassichuk_L_2025_01_14_20_55_37.ndpi,/rhf/allocations/dsci435/smithsonian_full_sp26/raw/C_418058_W_Nassichuk_L_2025_01_14_20_55_37.ndpi.ndpa,148,143,Cupuliferoipollenites spp.,Cupuliferoipollenites sp.,provisional_alias,Cupuliferoipollenites sp.,YES,circle,,check,False
C_418058_W_Nassichuk_L_2025_01_14_20_55_37,/rhf/allocations/dsci435/smithsonian_full_sp26/raw/C_418058_W_Nassichuk_L_2025_01_14_20_55_37.ndpi,/rhf/allocations/dsci435/smithsonian_full_sp26/raw/C_418058_W_Nassichuk_L_2025_01_14_20_55_37.ndpi.ndpa,154,149,Quercus,Quercus sp.,provisional_alias,Quercus sp.,YES,circle,,Defined wall checked,False
C_418058_W_Nassichuk_L_2025_01_14_20_55_37,/rhf/allocations/dsci435/smithsonian_full_sp26/raw/C_418058_W_Nassichuk_L_2025_01_14_20_55_37.ndpi,/rhf/allocations/dsci435/smithsonian_full_sp26/raw/C_418058_W_Nassichuk_L_2025_01_14_20_55_37.ndpi.ndpa,155,150,Siltaria cf. hanleyi,Rhoipites sp.,provisional_alias,SIltaria sp. | Siltaria sp.,YES,circle,,checked,False
C_418058_W_Nassichuk_L_2025_01_14_20_55_37,/rhf/allocations/dsci435/smithsonian_full_sp26/raw/C_418058_W_Nassichuk_L_2025_01_14_20_55_37.ndpi,/rhf/allocations/dsci435/smithsonian_full_sp26/raw/C_418058_W_Nassichuk_L_2025_01_14_20_55_37.ndpi.ndpa,156,151,Cupuliferoipollenites spp.,Cupuliferoipollenites sp.,provisional_alias,Cupuliferoipollenites sp.,YES,circle,,Onenote checked,False
C_418058_W_Nassichuk_L_2025_01_14_20_55_37,/rhf/allocations/dsci435/smithsonian_full_sp26/raw/C_418058_W_Nassichuk_L_2025_01_14_20_55_37.ndpi,/rhf/allocations/dsci435/smithsonian_full_sp26/raw/C_418058_W_Nassichuk_L_2025_01_14_20_55_37.ndpi.ndpa,231,156,Cupuliferoipollenites spp.,Cupuliferoipollenites sp.,provisional_alias,Cupuliferoipollenites sp.,YES,circle,,checked,False
C_418058_W_Nassichuk_L_2025_01_14_20_55_37,/rhf/allocations/dsci435/smithsonian_full_sp26/raw/C_418058_W_Nassichuk_L_2025_01_14_20_55_37.ndpi,/rhf/allocations/dsci435/smithsonian_full_sp26/raw/C_418058_W_Nassichuk_L_2025_01_14_20_55_37.ndpi.ndpa,243,161,Inaperturopollenites sp.,Inaperturopollenites sp.,exact,Inaperturopollenites sp.,YES,circle,,checked,False
C_418058_W_Nassichuk_L_2025_01_14_20_55_37,/rhf/allocations/dsci435/smithsonian_full_sp26/raw/C_418058_W_Nassichuk_L_2025_01_14_20_55_37.ndpi,/rhf/allocations/dsci435/smithsonian_full_sp26/raw/C_418058_W_Nassichuk_L_2025_01_14_20_55_37.ndpi.ndpa,244,162,Cupuliferoipollenites spp.,Cupuliferoipollenites sp.,provisional_alias,Cupuliferoipollenites sp.,YES,circle,,Onenote checekd,False
C_418058_W_Nassichuk_L_2025_01_14_20_55_37,/rhf/allocations/dsci435/smithsonian_full_sp26/raw/C_418058_W_Nassichuk_L_2025_01_14_20_55_37.ndpi,/rhf/allocations/dsci435/smithsonian_full_sp26/raw/C_418058_W_Nassichuk_L_2025_01_14_20_55_37.ndpi.ndpa,245,163,Cupuliferoipollenites spp.,Cupuliferoipollenites sp.,provisional_alias,Cupuliferoipollenites sp.,YES,circle,,Onenote checked,False
C_418058_W_Nassichuk_L_2025_01_14_20_55_37,/rhf/allocations/dsci435/smithsonian_full_sp26/raw/C_418058_W_Nassichuk_L_2025_01_14_20_55_37.ndpi,/rhf/allocations/dsci435/smithsonian_full_sp26/raw/C_418058_W_Nassichuk_L_2025_01_14_20_55_37.ndpi.ndpa,258,170,Quercus sp.,Quercus sp.,exact,Quercus sp.,YES,circle,,checked,False
C_418058_W_Nassichuk_L_2025_01_14_20_55_37,/rhf/allocations/dsci435/smithsonian_full_sp26/raw/C_418058_W_Nassichuk_L_2025_01_14_20_55_37.ndpi,/rhf/allocations/dsci435/smithsonian_full_sp26/raw/C_418058_W_Nassichuk_L_2025_01_14_20_55_37.ndpi.ndpa,272,177,Taxodium sp.,Taxodium sp.,exact,Taxodium sp.,YES,circle,,Onenote checked,False
C_418058_W_Nassichuk_L_2025_01_14_20_55_37,/rhf/allocations/dsci435/smithsonian_full_sp26/raw/C_418058_W_Nassichuk_L_2025_01_14_20_55_37.ndpi,/rhf/allocations/dsci435/smithsonian_full_sp26/raw/C_418058_W_Nassichuk_L_2025_01_14_20_55_37.ndpi.ndpa,285,184,Momipites microfaveolatus- Alfaroa,Momipites sp,provisional_alias,Momipites microfoveolatus,YES,circle,," checked
Corollina",False
C_418058_W_Nassichuk_L_2025_01_14_20_55_37,/rhf/allocations/dsci435/smithsonian_full_sp26/raw/C_418058_W_Nassichuk_L_2025_01_14_20_55_37.ndpi,/rhf/allocations/dsci435/smithsonian_full_sp26/raw/C_418058_W_Nassichuk_L_2025_01_14_20_55_37.ndpi.ndpa,293,187,Cupuliferoipollenites spp.,Cupuliferoipollenites sp.,provisional_alias,Cupuliferoipollenites sp.,YES,circle,,Onenote checked,False
C_418058_W_Nassichuk_L_2025_01_14_20_55_37,/rhf/allocations/dsci435/smithsonian_full_sp26/raw/C_418058_W_Nassichuk_L_2025_01_14_20_55_37.ndpi,/rhf/allocations/dsci435/smithsonian_full_sp26/raw/C_418058_W_Nassichuk_L_2025_01_14_20_55_37.ndpi.ndpa,296,189,Rhoipites sp.,Rhoipites sp.,exact,Rhoipites sp.,YES,circle,,checked,False
C_418058_W_Nassichuk_L_2025_01_14_20_55_37,/rhf/allocations/dsci435/smithsonian_full_sp26/raw/C_418058_W_Nassichuk_L_2025_01_14_20_55_37.ndpi,/rhf/allocations/dsci435/smithsonian_full_sp26/raw/C_418058_W_Nassichuk_L_2025_01_14_20_55_37.ndpi.ndpa,298,191,Cupuliferoipollenites spp.,Cupuliferoipollenites sp.,provisional_alias,Cupuliferoipollenites sp.,YES,circle,,checked,False
C_418058_W_Nassichuk_L_2025_01_14_20_55_37,/rhf/allocations/dsci435/smithsonian_full_sp26/raw/C_418058_W_Nassichuk_L_2025_01_14_20_55_37.ndpi,/rhf/allocations/dsci435/smithsonian_full_sp26/raw/C_418058_W_Nassichuk_L_2025_01_14_20_55_37.ndpi.ndpa,302,194,Siltaria cf. hanleyi,Rhoipites sp.,provisional_alias,SIltaria sp. | Siltaria sp.,YES,circle,,checked,False
C_418058_W_Nassichuk_L_2025_01_14_20_55_37,/rhf/allocations/dsci435/smithsonian_full_sp26/raw/C_418058_W_Nassichuk_L_2025_01_14_20_55_37.ndpi,/rhf/allocations/dsci435/smithsonian_full_sp26/raw/C_418058_W_Nassichuk_L_2025_01_14_20_55_37.ndpi.ndpa,306,197,Rhoipites sp.,Rhoipites sp.,exact,Rhoipites sp.,YES,circle,,checked,False
C_418058_W_Nassichuk_L_2025_01_14_20_55_37,/rhf/allocations/dsci435/smithsonian_full_sp26/raw/C_418058_W_Nassichuk_L_2025_01_14_20_55_37.ndpi,/rhf/allocations/dsci435/smithsonian_full_sp26/raw/C_418058_W_Nassichuk_L_2025_01_14_20_55_37.ndpi.ndpa,313,203,Siltaria cf. hanleyi,Rhoipites sp.,provisional_alias,SIltaria sp. | Siltaria sp.,YES,circle,,checked,False
C_418058_W_Nassichuk_L_2025_01_14_20_55_37,/rhf/allocations/dsci435/smithsonian_full_sp26/raw/C_418058_W_Nassichuk_L_2025_01_14_20_55_37.ndpi,/rhf/allocations/dsci435/smithsonian_full_sp26/raw/C_418058_W_Nassichuk_L_2025_01_14_20_55_37.ndpi.ndpa,315,205,Cupuliferoipollenites,Cupuliferoipollenites sp.,provisional_alias,Cupuliferoipollenites sp.,YES,circle,,checked,False
C_418058_W_Nassichuk_L_2025_01_14_20_55_37,/rhf/allocations/dsci435/smithsonian_full_sp26/raw/C_418058_W_Nassichuk_L_2025_01_14_20_55_37.ndpi,/rhf/allocations/dsci435/smithsonian_full_sp26/raw/C_418058_W_Nassichuk_L_2025_01_14_20_55_37.ndpi.ndpa,318,208,Rhoipites sp.,Rhoipites sp.,exact,Rhoipites sp.,YES,circle,,checked,False
C_418058_W_Nassichuk_L_2025_01_14_20_55_37,/rhf/allocations/dsci435/smithsonian_full_sp26/raw/C_418058_W_Nassichuk_L_2025_01_14_20_55_37.ndpi,/rhf/allocations/dsci435/smithsonian_full_sp26/raw/C_418058_W_Nassichuk_L_2025_01_14_20_55_37.ndpi.ndpa,322,211,Alnipollenites sp.,Alnipollenites verus,exact,Alnipollenites sp.,YES,circle,,"Tetraperturate  Checked
Onenote",False
C_418058_W_Nassichuk_L_2025_01_14_20_55_37,/rhf/allocations/dsci435/smithsonian_full_sp26/raw/C_418058_W_Nassichuk_L_2025_01_14_20_55_37.ndpi,/rhf/allocations/dsci435/smithsonian_full_sp26/raw/C_418058_W_Nassichuk_L_2025_01_14_20_55_37.ndpi.ndpa,326,214,Cupuliferoipollenites sp.,Cupuliferoipollenites sp.,exact,Cupuliferoipollenites sp.,YES,circle,,checked,False
C_418058_W_Nassichuk_L_2025_01_14_20_55_37,/rhf/allocations/dsci435/smithsonian_full_sp26/raw/C_418058_W_Nassichuk_L_2025_01_14_20_55_37.ndpi,/rhf/allocations/dsci435/smithsonian_full_sp26/raw/C_418058_W_Nassichuk_L_2025_01_14_20_55_37.ndpi.ndpa,328,215,Quercus,Quercus sp.,provisional_alias,Quercus sp.,YES,circle,,checked,False
C_418058_W_Nassichuk_L_2025_01_14_20_55_37,/rhf/allocations/dsci435/smithsonian_full_sp26/raw/C_418058_W_Nassichuk_L_2025_01_14_20_55_37.ndpi,/rhf/allocations/dsci435/smithsonian_full_sp26/raw/C_418058_W_Nassichuk_L_2025_01_14_20_55_37.ndpi.ndpa,329,216,Rhoipites sp.,Rhoipites sp.,exact,Rhoipites sp.,YES,circle,,Onenote checked,False
C_418058_W_Nassichuk_L_2025_01_14_20_55_37,/rhf/allocations/dsci435/smithsonian_full_sp26/raw/C_418058_W_Nassichuk_L_2025_01_14_20_55_37.ndpi,/rhf/allocations/dsci435/smithsonian_full_sp26/raw/C_418058_W_Nassichuk_L_2025_01_14_20_55_37.ndpi.ndpa,331,217,Inaperturopollenites sp.,Inaperturopollenites sp.,exact,Inaperturopollenites sp.,YES,circle,,checked,False
C_418058_W_Nassichuk_L_2025_01_14_20_55_37,/rhf/allocations/dsci435/smithsonian_full_sp26/raw/C_418058_W_Nassichuk_L_2025_01_14_20_55_37.ndpi,/rhf/allocations/dsci435/smithsonian_full_sp26/raw/C_418058_W_Nassichuk_L_2025_01_14_20_55_37.ndpi.ndpa,339,223,Quercus,Quercus sp.,provisional_alias,Quercus sp.,YES,circle,,Onenote checked,False
C_418058_W_Nassichuk_L_2025_01_14_20_55_37,/rhf/allocations/dsci435/smithsonian_full_sp26/raw/C_418058_W_Nassichuk_L_2025_01_14_20_55_37.ndpi,/rhf/allocations/dsci435/smithsonian_full_sp26/raw/C_418058_W_Nassichuk_L_2025_01_14_20_55_37.ndpi.ndpa,342,224,Inaperturopollenites sp.,Inaperturopollenites sp.,exact,Inaperturopollenites sp.,YES,circle,,checked,False
C_418058_W_Nassichuk_L_2025_01_14_20_55_37,/rhf/allocations/dsci435/smithsonian_full_sp26/raw/C_418058_W_Nassichuk_L_2025_01_14_20_55_37.ndpi,/rhf/allocations/dsci435/smithsonian_full_sp26/raw/C_418058_W_Nassichuk_L_2025_01_14_20_55_37.ndpi.ndpa,345,226,Quercus,Quercus sp.,provisional_alias,Quercus sp.,YES,circle,,checked,False
C_418058_W_Nassichuk_L_2025_01_14_20_55_37,/rhf/allocations/dsci435/smithsonian_full_sp26/raw/C_418058_W_Nassichuk_L_2025_01_14_20_55_37.ndpi,/rhf/allocations/dsci435/smithsonian_full_sp26/raw/C_418058_W_Nassichuk_L_2025_01_14_20_55_37.ndpi.ndpa,346,227,Rhoipites sp.,Rhoipites sp.,exact,Rhoipites sp.,YES,circle,,checked,False
C_418058_W_Nassichuk_L_2025_01_14_20_55_37,/rhf/allocations/dsci435/smithsonian_full_sp26/raw/C_418058_W_Nassichuk_L_2025_01_14_20_55_37.ndpi,/rhf/allocations/dsci435/smithsonian_full_sp26/raw/C_418058_W_Nassichuk_L_2025_01_14_20_55_37.ndpi.ndpa,347,228,Quercus sp.,Quercus sp.,exact,Quercus sp.,YES,circle,,Checked,False
C_418058_W_Nassichuk_L_2025_01_14_20_55_37,/rhf/allocations/dsci435/smithsonian_full_sp26/raw/C_418058_W_Nassichuk_L_2025_01_14_20_55_37.ndpi,/rhf/allocations/dsci435/smithsonian_full_sp26/raw/C_418058_W_Nassichuk_L_2025_01_14_20_55_37.ndpi.ndpa,350,231,Siltaria cf. hanleyi,Rhoipites sp.,provisional_alias,SIltaria sp. | Siltaria sp.,YES,circle,,checked,False
C_418058_W_Nassichuk_L_2025_01_14_20_55_37,/rhf/allocations/dsci435/smithsonian_full_sp26/raw/C_418058_W_Nassichuk_L_2025_01_14_20_55_37.ndpi,/rhf/allocations/dsci435/smithsonian_full_sp26/raw/C_418058_W_Nassichuk_L_2025_01_14_20_55_37.ndpi.ndpa,362,238,Quercus sp.,Quercus sp.,exact,Quercus sp.,YES,circle,,checked,False
C_418058_W_Nassichuk_L_2025_01_14_20_55_37,/rhf/allocations/dsci435/smithsonian_full_sp26/raw/C_418058_W_Nassichuk_L_2025_01_14_20_55_37.ndpi,/rhf/allocations/dsci435/smithsonian_full_sp26/raw/C_418058_W_Nassichuk_L_2025_01_14_20_55_37.ndpi.ndpa,363,239,Inaperturopollenites sp.,Inaperturopollenites sp.,exact,Inaperturopollenites sp.,YES,circle,,Fragment checked,False
C_418058_W_Nassichuk_L_2025_01_14_20_55_37,/rhf/allocations/dsci435/smithsonian_full_sp26/raw/C_418058_W_Nassichuk_L_2025_01_14_20_55_37.ndpi,/rhf/allocations/dsci435/smithsonian_full_sp26/raw/C_418058_W_Nassichuk_L_2025_01_14_20_55_37.ndpi.ndpa,370,244,Rkoipites sp.,Rhoipites sp.,provisional_alias,Rhoipites sp.,YES,circle,,Checked,False
C_418058_W_Nassichuk_L_2025_01_14_20_55_37,/rhf/allocations/dsci435/smithsonian_full_sp26/raw/C_418058_W_Nassichuk_L_2025_01_14_20_55_37.ndpi,/rhf/allocations/dsci435/smithsonian_full_sp26/raw/C_418058_W_Nassichuk_L_2025_01_14_20_55_37.ndpi.ndpa,371,245,Quercus,Quercus sp.,provisional_alias,Quercus sp.,YES,circle,,Onenote Checked,False
C_418058_W_Nassichuk_L_2025_01_14_20_55_37,/rhf/allocations/dsci435/smithsonian_full_sp26/raw/C_418058_W_Nassichuk_L_2025_01_14_20_55_37.ndpi,/rhf/allocations/dsci435/smithsonian_full_sp26/raw/C_418058_W_Nassichuk_L_2025_01_14_20_55_37.ndpi.ndpa,372,246,Deltoidospora sp.,Psilatriletes sp.,exact,Deltoidospora sp.,YES,circle,, Checked,False
C_418058_W_Nassichuk_L_2025_01_14_20_55_37,/rhf/allocations/dsci435/smithsonian_full_sp26/raw/C_418058_W_Nassichuk_L_2025_01_14_20_55_37.ndpi,/rhf/allocations/dsci435/smithsonian_full_sp26/raw/C_418058_W_Nassichuk_L_2025_01_14_20_55_37.ndpi.ndpa,374,248,Siltaria sp.,Rhoipites sp.,exact,Siltaria sp.,YES,circle,,checked,False
C_418058_W_Nassichuk_L_2025_01_14_20_55_37,/rhf/allocations/dsci435/smithsonian_full_sp26/raw/C_418058_W_Nassichuk_L_2025_01_14_20_55_37.ndpi,/rhf/allocations/dsci435/smithsonian_full_sp26/raw/C_418058_W_Nassichuk_L_2025_01_14_20_55_37.ndpi.ndpa,375,249,Inaperturopollenites sp.,Inaperturopollenites sp.,exact,Inaperturopollenites sp.,YES,circle,,checked,False
C_418058_W_Nassichuk_L_2025_01_14_20_55_37,/rhf/allocations/dsci435/smithsonian_full_sp26/raw/C_418058_W_Nassichuk_L_2025_01_14_20_55_37.ndpi,/rhf/allocations/dsci435/smithsonian_full_sp26/raw/C_418058_W_Nassichuk_L_2025_01_14_20_55_37.ndpi.ndpa,380,251,Rhoipites sp.,Rhoipites sp.,exact,Rhoipites sp.,YES,circle,,checked,False
C_418058_W_Nassichuk_L_2025_01_14_20_55_37,/rhf/allocations/dsci435/smithsonian_full_sp26/raw/C_418058_W_Nassichuk_L_2025_01_14_20_55_37.ndpi,/rhf/allocations/dsci435/smithsonian_full_sp26/raw/C_418058_W_Nassichuk_L_2025_01_14_20_55_37.ndpi.ndpa,382,252,Monosulcites,Monocolpites sp.,exact,Monosulcites,YES,circle,,checked,False
C_418058_W_Nassichuk_L_2025_01_14_20_55_37,/rhf/allocations/dsci435/smithsonian_full_sp26/raw/C_418058_W_Nassichuk_L_2025_01_14_20_55_37.ndpi,/rhf/allocations/dsci435/smithsonian_full_sp26/raw/C_418058_W_Nassichuk_L_2025_01_14_20_55_37.ndpi.ndpa,388,257,Inaperturopollenites sp.,Inaperturopollenites sp.,exact,Inaperturopollenites sp.,YES,circle,,checked,False
C_418058_W_Nassichuk_L_2025_01_14_20_55_37,/rhf/allocations/dsci435/smithsonian_full_sp26/raw/C_418058_W_Nassichuk_L_2025_01_14_20_55_37.ndpi,/rhf/allocations/dsci435/smithsonian_full_sp26/raw/C_418058_W_Nassichuk_L_2025_01_14_20_55_37.ndpi.ndpa,391,259,Quercus sp.,Quercus sp.,exact,Quercus sp.,YES,circle,,checked,False
C_418058_W_Nassichuk_L_2025_01_14_20_55_37,/rhf/allocations/dsci435/smithsonian_full_sp26/raw/C_418058_W_Nassichuk_L_2025_01_14_20_55_37.ndpi,/rhf/allocations/dsci435/smithsonian_full_sp26/raw/C_418058_W_Nassichuk_L_2025_01_14_20_55_37.ndpi.ndpa,406,273,Quercus,Quercus sp.,provisional_alias,Quercus sp.,YES,circle,,Onenote checked,False
C_418058_W_Nassichuk_L_2025_01_14_20_55_37,/rhf/allocations/dsci435/smithsonian_full_sp26/raw/C_418058_W_Nassichuk_L_2025_01_14_20_55_37.ndpi,/rhf/allocations/dsci435/smithsonian_full_sp26/raw/C_418058_W_Nassichuk_L_2025_01_14_20_55_37.ndpi.ndpa,415,281,Rhoipites sp.,Rhoipites sp.,exact,Rhoipites sp.,YES,circle,, checked,False
C_418058_W_Nassichuk_L_2025_01_14_20_55_37,/rhf/allocations/dsci435/smithsonian_full_sp26/raw/C_418058_W_Nassichuk_L_2025_01_14_20_55_37.ndpi,/rhf/allocations/dsci435/smithsonian_full_sp26/raw/C_418058_W_Nassichuk_L_2025_01_14_20_55_37.ndpi.ndpa,427,288,Cupuliferoipollenites spp.,Cupuliferoipollenites sp.,provisional_alias,Cupuliferoipollenites sp.,YES,circle,,checked,False
C_418058_W_Nassichuk_L_2025_01_14_20_55_37,/rhf/allocations/dsci435/smithsonian_full_sp26/raw/C_418058_W_Nassichuk_L_2025_01_14_20_55_37.ndpi,/rhf/allocations/dsci435/smithsonian_full_sp26/raw/C_418058_W_Nassichuk_L_2025_01_14_20_55_37.ndpi.ndpa,431,290,Cupuliferoipollenites spp.,Cupuliferoipollenites sp.,provisional_alias,Cupuliferoipollenites sp.,YES,circle,,In onenote checked,False
C_418058_W_Nassichuk_L_2025_01_14_20_55_37,/rhf/allocations/dsci435/smithsonian_full_sp26/raw/C_418058_W_Nassichuk_L_2025_01_14_20_55_37.ndpi,/rhf/allocations/dsci435/smithsonian_full_sp26/raw/C_418058_W_Nassichuk_L_2025_01_14_20_55_37.ndpi.ndpa,442,297,Siltaria sp.,Rhoipites sp.,exact,Siltaria sp.,YES,circle,,checked,False
C_418058_W_Nassichuk_L_2025_01_14_20_55_37,/rhf/allocations/dsci435/smithsonian_full_sp26/raw/C_418058_W_Nassichuk_L_2025_01_14_20_55_37.ndpi,/rhf/allocations/dsci435/smithsonian_full_sp26/raw/C_418058_W_Nassichuk_L_2025_01_14_20_55_37.ndpi.ndpa,445,299,Siltaria cf. hanleyi,Rhoipites sp.,provisional_alias,SIltaria sp. | Siltaria sp.,YES,circle,,checked,False
C_418058_W_Nassichuk_L_2025_01_14_20_55_37,/rhf/allocations/dsci435/smithsonian_full_sp26/raw/C_418058_W_Nassichuk_L_2025_01_14_20_55_37.ndpi,/rhf/allocations/dsci435/smithsonian_full_sp26/raw/C_418058_W_Nassichuk_L_2025_01_14_20_55_37.ndpi.ndpa,446,300,Rhoipites sp.,Rhoipites sp.,exact,Rhoipites sp.,YES,circle,,checked,False
C_418058_W_Nassichuk_L_2025_01_14_20_55_37,/rhf/allocations/dsci435/smithsonian_full_sp26/raw/C_418058_W_Nassichuk_L_2025_01_14_20_55_37.ndpi,/rhf/allocations/dsci435/smithsonian_full_sp26/raw/C_418058_W_Nassichuk_L_2025_01_14_20_55_37.ndpi.ndpa,454,307,Cupuliferoipollenites spp.,Cupuliferoipollenites sp.,provisional_alias,Cupuliferoipollenites sp.,YES,circle,,Onenote check,False
C_418058_W_Nassichuk_L_2025_01_14_20_55_37,/rhf/allocations/dsci435/smithsonian_full_sp26/raw/C_418058_W_Nassichuk_L_2025_01_14_20_55_37.ndpi,/rhf/allocations/dsci435/smithsonian_full_sp26/raw/C_418058_W_Nassichuk_L_2025_01_14_20_55_37.ndpi.ndpa,455,308,Rhoipites sp.,Rhoipites sp.,exact,Rhoipites sp.,YES,circle,,checked,False
C_418058_W_Nassichuk_L_2025_01_14_20_55_37,/rhf/allocations/dsci435/smithsonian_full_sp26/raw/C_418058_W_Nassichuk_L_2025_01_14_20_55_37.ndpi,/rhf/allocations/dsci435/smithsonian_full_sp26/raw/C_418058_W_Nassichuk_L_2025_01_14_20_55_37.ndpi.ndpa,456,309,Rhoipites sp.,Rhoipites sp.,exact,Rhoipites sp.,YES,circle,,checked,False
C_418058_W_Nassichuk_L_2025_01_14_20_55_37,/rhf/allocations/dsci435/smithsonian_full_sp26/raw/C_418058_W_Nassichuk_L_2025_01_14_20_55_37.ndpi,/rhf/allocations/dsci435/smithsonian_full_sp26/raw/C_418058_W_Nassichuk_L_2025_01_14_20_55_37.ndpi.ndpa,459,311,Rhoipites sp.,Rhoipites sp.,exact,Rhoipites sp.,YES,circle,,checked,False
C_418058_W_Nassichuk_L_2025_01_14_20_55_37,/rhf/allocations/dsci435/smithsonian_full_sp26/raw/C_418058_W_Nassichuk_L_2025_01_14_20_55_37.ndpi,/rhf/allocations/dsci435/smithsonian_full_sp26/raw/C_418058_W_Nassichuk_L_2025_01_14_20_55_37.ndpi.ndpa,467,316,Cupuliferoipollenites spp.,Cupuliferoipollenites sp.,provisional_alias,Cupuliferoipollenites sp.,YES,circle,,checked,False
C_418058_W_Nassichuk_L_2025_01_14_20_55_37,/rhf/allocations/dsci435/smithsonian_full_sp26/raw/C_418058_W_Nassichuk_L_2025_01_14_20_55_37.ndpi,/rhf/allocations/dsci435/smithsonian_full_sp26/raw/C_418058_W_Nassichuk_L_2025_01_14_20_55_37.ndpi.ndpa,468,317,Quercus sp.,Quercus sp.,exact,Quercus sp.,YES,circle,,checked,False
C_418058_W_Nassichuk_L_2025_01_14_20_55_37,/rhf/allocations/dsci435/smithsonian_full_sp26/raw/C_418058_W_Nassichuk_L_2025_01_14_20_55_37.ndpi,/rhf/allocations/dsci435/smithsonian_full_sp26/raw/C_418058_W_Nassichuk_L_2025_01_14_20_55_37.ndpi.ndpa,469,318,Rhoipites sp.,Rhoipites sp.,exact,Rhoipites sp.,YES,circle,,checked,False
C_418058_W_Nassichuk_L_2025_01_14_20_55_37,/rhf/allocations/dsci435/smithsonian_full_sp26/raw/C_418058_W_Nassichuk_L_2025_01_14_20_55_37.ndpi,/rhf/allocations/dsci435/smithsonian_full_sp26/raw/C_418058_W_Nassichuk_L_2025_01_14_20_55_37.ndpi.ndpa,471,320,Cupuliferoipollenites sp.,Cupuliferoipollenites sp.,exact,Cupuliferoipollenites sp.,YES,circle,,checked,False
D1552_3_L_2024_01_22_15_38_43,/rhf/allocations/dsci435/smithsonian_full_sp26/raw/D1552_3_L_2024_01_22_15_38_43.ndpi,/rhf/allocations/dsci435/smithsonian_full_sp26/raw/D1552_3_L_2024_01_22_15_38_43.ndpi.ndpa,15,14,Momipites,Momipites sp,exact,Momipites,YES,circle,,,False
D1552_3_L_2024_01_22_15_38_43,/rhf/allocations/dsci435/smithsonian_full_sp26/raw/D1552_3_L_2024_01_22_15_38_43.ndpi,/rhf/allocations/dsci435/smithsonian_full_sp26/raw/D1552_3_L_2024_01_22_15_38_43.ndpi.ndpa,27,26,Bisaccate,Bisaccate,exact,Bisaccate,YES,circle,,,False
D1552_3_L_2024_01_22_15_38_43,/rhf/allocations/dsci435/smithsonian_full_sp26/raw/D1552_3_L_2024_01_22_15_38_43.ndpi,/rhf/allocations/dsci435/smithsonian_full_sp26/raw/D1552_3_L_2024_01_22_15_38_43.ndpi.ndpa,28,27,Bisaccate,Bisaccate,exact,Bisaccate,YES,circle,,,False
D4702-2_L_2024_02_06_09_21_01_Wyoming,/rhf/allocations/dsci435/smithsonian_full_sp26/raw/D4702-2_L_2024_02_06_09_21_01_Wyoming.ndpi,/rhf/allocations/dsci435/smithsonian_full_sp26/raw/D4702-2_L_2024_02_06_09_21_01_Wyoming.ndpi.ndpa,6,5,Caryapollenites,Caryapollenites sp.,exact,Caryapollenites,YES,circle,,,False
D8401_A_R_2024_01_18_15_32_42_Alaska,/rhf/allocations/dsci435/smithsonian_full_sp26/raw/D8401_A_R_2024_01_18_15_32_42_Alaska.ndpi,/rhf/allocations/dsci435/smithsonian_full_sp26/raw/D8401_A_R_2024_01_18_15_32_42_Alaska.ndpi.ndpa,2,1,Bisaccate,Bisaccate,exact,Bisaccate,YES,circle,,,False
D8401_A_R_2024_01_18_15_32_42_Alaska,/rhf/allocations/dsci435/smithsonian_full_sp26/raw/D8401_A_R_2024_01_18_15_32_42_Alaska.ndpi,/rhf/allocations/dsci435/smithsonian_full_sp26/raw/D8401_A_R_2024_01_18_15_32_42_Alaska.ndpi.ndpa,3,2,Bisaccate,Bisaccate,exact,Bisaccate,YES,circle,,,False
D8401_A_R_2024_01_18_15_32_42_Alaska,/rhf/allocations/dsci435/smithsonian_full_sp26/raw/D8401_A_R_2024_01_18_15_32_42_Alaska.ndpi,/rhf/allocations/dsci435/smithsonian_full_sp26/raw/D8401_A_R_2024_01_18_15_32_42_Alaska.ndpi.ndpa,4,3,Bisaccate,Bisaccate,exact,Bisaccate,YES,circle,,,False
D8401_A_R_2024_01_18_15_32_42_Alaska,/rhf/allocations/dsci435/smithsonian_full_sp26/raw/D8401_A_R_2024_01_18_15_32_42_Alaska.ndpi,/rhf/allocations/dsci435/smithsonian_full_sp26/raw/D8401_A_R_2024_01_18_15_32_42_Alaska.ndpi.ndpa,5,4,Bisaccate,Bisaccate,exact,Bisaccate,YES,circle,,,False
D8401_A_R_2024_01_18_15_32_42_Alaska,/rhf/allocations/dsci435/smithsonian_full_sp26/raw/D8401_A_R_2024_01_18_15_32_42_Alaska.ndpi,/rhf/allocations/dsci435/smithsonian_full_sp26/raw/D8401_A_R_2024_01_18_15_32_42_Alaska.ndpi.ndpa,6,5,Bisaccate,Bisaccate,exact,Bisaccate,YES,circle,,,False
D8401_A_R_2024_01_18_15_32_42_Alaska,/rhf/allocations/dsci435/smithsonian_full_sp26/raw/D8401_A_R_2024_01_18_15_32_42_Alaska.ndpi,/rhf/allocations/dsci435/smithsonian_full_sp26/raw/D8401_A_R_2024_01_18_15_32_42_Alaska.ndpi.ndpa,8,7,Bisaccate,Bisaccate,exact,Bisaccate,YES,circle,,,False
D8401_A_R_2024_01_18_15_32_42_Alaska,/rhf/allocations/dsci435/smithsonian_full_sp26/raw/D8401_A_R_2024_01_18_15_32_42_Alaska.ndpi,/rhf/allocations/dsci435/smithsonian_full_sp26/raw/D8401_A_R_2024_01_18_15_32_42_Alaska.ndpi.ndpa,9,8,Bisaccate,Bisaccate,exact,Bisaccate,YES,circle,,,False
D8401_A_R_2024_01_18_15_32_42_Alaska,/rhf/allocations/dsci435/smithsonian_full_sp26/raw/D8401_A_R_2024_01_18_15_32_42_Alaska.ndpi,/rhf/allocations/dsci435/smithsonian_full_sp26/raw/D8401_A_R_2024_01_18_15_32_42_Alaska.ndpi.ndpa,10,9,Bisaccate,Bisaccate,exact,Bisaccate,YES,circle,,,False
D8401_A_R_2024_01_18_15_32_42_Alaska,/rhf/allocations/dsci435/smithsonian_full_sp26/raw/D8401_A_R_2024_01_18_15_32_42_Alaska.ndpi,/rhf/allocations/dsci435/smithsonian_full_sp26/raw/D8401_A_R_2024_01_18_15_32_42_Alaska.ndpi.ndpa,11,10,Bisaccate,Bisaccate,exact,Bisaccate,YES,circle,,,False
D8401_A_R_2024_01_18_15_32_42_Alaska,/rhf/allocations/dsci435/smithsonian_full_sp26/raw/D8401_A_R_2024_01_18_15_32_42_Alaska.ndpi,/rhf/allocations/dsci435/smithsonian_full_sp26/raw/D8401_A_R_2024_01_18_15_32_42_Alaska.ndpi.ndpa,12,11,Bisaccate,Bisaccate,exact,Bisaccate,YES,circle,,,False
D8401_A_R_2024_01_18_15_32_42_Alaska,/rhf/allocations/dsci435/smithsonian_full_sp26/raw/D8401_A_R_2024_01_18_15_32_42_Alaska.ndpi,/rhf/allocations/dsci435/smithsonian_full_sp26/raw/D8401_A_R_2024_01_18_15_32_42_Alaska.ndpi.ndpa,13,12,Bisaccate,Bisaccate,exact,Bisaccate,YES,circle,,,False
D8401_A_R_2024_01_18_15_32_42_Alaska,/rhf/allocations/dsci435/smithsonian_full_sp26/raw/D8401_A_R_2024_01_18_15_32_42_Alaska.ndpi,/rhf/allocations/dsci435/smithsonian_full_sp26/raw/D8401_A_R_2024_01_18_15_32_42_Alaska.ndpi.ndpa,14,13,Bisaccate,Bisaccate,exact,Bisaccate,YES,circle,,,False
D8401_A_R_2024_01_18_15_32_42_Alaska,/rhf/allocations/dsci435/smithsonian_full_sp26/raw/D8401_A_R_2024_01_18_15_32_42_Alaska.ndpi,/rhf/allocations/dsci435/smithsonian_full_sp26/raw/D8401_A_R_2024_01_18_15_32_42_Alaska.ndpi.ndpa,15,14,Bisaccate,Bisaccate,exact,Bisaccate,YES,circle,,,False
D8401_A_R_2024_01_18_15_32_42_Alaska,/rhf/allocations/dsci435/smithsonian_full_sp26/raw/D8401_A_R_2024_01_18_15_32_42_Alaska.ndpi,/rhf/allocations/dsci435/smithsonian_full_sp26/raw/D8401_A_R_2024_01_18_15_32_42_Alaska.ndpi.ndpa,16,15,Bisaccate,Bisaccate,exact,Bisaccate,YES,circle,,,False
D8401_A_R_2024_01_18_15_32_42_Alaska,/rhf/allocations/dsci435/smithsonian_full_sp26/raw/D8401_A_R_2024_01_18_15_32_42_Alaska.ndpi,/rhf/allocations/dsci435/smithsonian_full_sp26/raw/D8401_A_R_2024_01_18_15_32_42_Alaska.ndpi.ndpa,17,16,Bisaccate,Bisaccate,exact,Bisaccate,YES,circle,,,False
D8401_A_R_2024_01_18_15_32_42_Alaska,/rhf/allocations/dsci435/smithsonian_full_sp26/raw/D8401_A_R_2024_01_18_15_32_42_Alaska.ndpi,/rhf/allocations/dsci435/smithsonian_full_sp26/raw/D8401_A_R_2024_01_18_15_32_42_Alaska.ndpi.ndpa,18,17,Bisaccate,Bisaccate,exact,Bisaccate,YES,circle,,,False
D8401_A_R_2024_01_18_15_32_42_Alaska,/rhf/allocations/dsci435/smithsonian_full_sp26/raw/D8401_A_R_2024_01_18_15_32_42_Alaska.ndpi,/rhf/allocations/dsci435/smithsonian_full_sp26/raw/D8401_A_R_2024_01_18_15_32_42_Alaska.ndpi.ndpa,19,18,Ericipites,Ericipites sp.,exact,Ericipites,YES,circle,,,False
D8401_A_R_2024_01_18_15_32_42_Alaska,/rhf/allocations/dsci435/smithsonian_full_sp26/raw/D8401_A_R_2024_01_18_15_32_42_Alaska.ndpi,/rhf/allocations/dsci435/smithsonian_full_sp26/raw/D8401_A_R_2024_01_18_15_32_42_Alaska.ndpi.ndpa,20,19,Bisaccate,Bisaccate,exact,Bisaccate,YES,circle,,,False
D8401_A_R_2024_01_18_15_32_42_Alaska,/rhf/allocations/dsci435/smithsonian_full_sp26/raw/D8401_A_R_2024_01_18_15_32_42_Alaska.ndpi,/rhf/allocations/dsci435/smithsonian_full_sp26/raw/D8401_A_R_2024_01_18_15_32_42_Alaska.ndpi.ndpa,21,20,Bisaccate,Bisaccate,exact,Bisaccate,YES,circle,,,False
D8401_A_R_2024_01_18_15_32_42_Alaska,/rhf/allocations/dsci435/smithsonian_full_sp26/raw/D8401_A_R_2024_01_18_15_32_42_Alaska.ndpi,/rhf/allocations/dsci435/smithsonian_full_sp26/raw/D8401_A_R_2024_01_18_15_32_42_Alaska.ndpi.ndpa,22,21,Bisaccate,Bisaccate,exact,Bisaccate,YES,circle,,,False
D8401_A_R_2024_01_18_15_32_42_Alaska,/rhf/allocations/dsci435/smithsonian_full_sp26/raw/D8401_A_R_2024_01_18_15_32_42_Alaska.ndpi,/rhf/allocations/dsci435/smithsonian_full_sp26/raw/D8401_A_R_2024_01_18_15_32_42_Alaska.ndpi.ndpa,23,22,Ericipites,Ericipites sp.,exact,Ericipites,YES,circle,,,False
D8401_A_R_2024_01_18_15_32_42_Alaska,/rhf/allocations/dsci435/smithsonian_full_sp26/raw/D8401_A_R_2024_01_18_15_32_42_Alaska.ndpi,/rhf/allocations/dsci435/smithsonian_full_sp26/raw/D8401_A_R_2024_01_18_15_32_42_Alaska.ndpi.ndpa,24,23,Bisaccate,Bisaccate,exact,Bisaccate,YES,circle,,,False
D8401_A_R_2024_01_18_15_32_42_Alaska,/rhf/allocations/dsci435/smithsonian_full_sp26/raw/D8401_A_R_2024_01_18_15_32_42_Alaska.ndpi,/rhf/allocations/dsci435/smithsonian_full_sp26/raw/D8401_A_R_2024_01_18_15_32_42_Alaska.ndpi.ndpa,25,24,Bisaccate,Bisaccate,exact,Bisaccate,YES,circle,,,False
D8401_A_R_2024_01_18_15_32_42_Alaska,/rhf/allocations/dsci435/smithsonian_full_sp26/raw/D8401_A_R_2024_01_18_15_32_42_Alaska.ndpi,/rhf/allocations/dsci435/smithsonian_full_sp26/raw/D8401_A_R_2024_01_18_15_32_42_Alaska.ndpi.ndpa,26,25,Bisaccate,Bisaccate,exact,Bisaccate,YES,circle,,,False
D8401_A_R_2024_01_18_15_32_42_Alaska,/rhf/allocations/dsci435/smithsonian_full_sp26/raw/D8401_A_R_2024_01_18_15_32_42_Alaska.ndpi,/rhf/allocations/dsci435/smithsonian_full_sp26/raw/D8401_A_R_2024_01_18_15_32_42_Alaska.ndpi.ndpa,27,26,Bisaccate,Bisaccate,exact,Bisaccate,YES,circle,,,False
D8401_A_R_2024_01_18_15_32_42_Alaska,/rhf/allocations/dsci435/smithsonian_full_sp26/raw/D8401_A_R_2024_01_18_15_32_42_Alaska.ndpi,/rhf/allocations/dsci435/smithsonian_full_sp26/raw/D8401_A_R_2024_01_18_15_32_42_Alaska.ndpi.ndpa,28,27,Illexpollenites,Illexpollenites sp.,exact,Illexpollenites,YES,circle,,,False
D8401_A_R_2024_01_18_15_32_42_Alaska,/rhf/allocations/dsci435/smithsonian_full_sp26/raw/D8401_A_R_2024_01_18_15_32_42_Alaska.ndpi,/rhf/allocations/dsci435/smithsonian_full_sp26/raw/D8401_A_R_2024_01_18_15_32_42_Alaska.ndpi.ndpa,30,29,Ericipites,Ericipites sp.,exact,Ericipites,YES,circle,,,False
C_418058_W_Nassichuk_R_2025_01_21_14_59_16_Alaska,/rhf/allocations/dsci435/smithsonian_full_sp26/raw/Images_with_annotations_for_CNN_training/C_418058_W_Nassichuk_R_2025_01_21_14_59_16_Alaska.ndpi,/rhf/allocations/dsci435/smithsonian_full_sp26/raw/Images_with_annotations_for_CNN_training/C_418058_W_Nassichuk_R_2025_01_21_14_59_16_Alaska.ndpi.ndpa,42,41,Betulaceae,Betulaceae,exact,Betulaceae,YES,circle,,,False
C_418058_W_Nassichuk_R_2025_01_21_14_59_16_Alaska,/rhf/allocations/dsci435/smithsonian_full_sp26/raw/Images_with_annotations_for_CNN_training/C_418058_W_Nassichuk_R_2025_01_21_14_59_16_Alaska.ndpi,/rhf/allocations/dsci435/smithsonian_full_sp26/raw/Images_with_annotations_for_CNN_training/C_418058_W_Nassichuk_R_2025_01_21_14_59_16_Alaska.ndpi.ndpa,94,93,Alnipollenites,Alnipollenites verus,provisional_alias,Alnipollenites sp.,YES,circle,,,False
C_418070_W_Nassichuk_R_2025_01_21_14_17_12_Alaska,/rhf/allocations/dsci435/smithsonian_full_sp26/raw/Images_with_annotations_for_CNN_training/C_418070_W_Nassichuk_R_2025_01_21_14_17_12_Alaska.ndpi,/rhf/allocations/dsci435/smithsonian_full_sp26/raw/Images_with_annotations_for_CNN_training/C_418070_W_Nassichuk_R_2025_01_21_14_17_12_Alaska.ndpi.ndpa,2,1,Bipol,Bisaccate,exact,Bipol,YES,circle,,,False
C_418070_W_Nassichuk_R_2025_01_21_14_17_12_Alaska,/rhf/allocations/dsci435/smithsonian_full_sp26/raw/Images_with_annotations_for_CNN_training/C_418070_W_Nassichuk_R_2025_01_21_14_17_12_Alaska.ndpi,/rhf/allocations/dsci435/smithsonian_full_sp26/raw/Images_with_annotations_for_CNN_training/C_418070_W_Nassichuk_R_2025_01_21_14_17_12_Alaska.ndpi.ndpa,4,3,Betulaceae,Betulaceae,exact,Betulaceae,YES,circle,,,False
C_418070_W_Nassichuk_R_2025_01_21_14_17_12_Alaska,/rhf/allocations/dsci435/smithsonian_full_sp26/raw/Images_with_annotations_for_CNN_training/C_418070_W_Nassichuk_R_2025_01_21_14_17_12_Alaska.ndpi,/rhf/allocations/dsci435/smithsonian_full_sp26/raw/Images_with_annotations_for_CNN_training/C_418070_W_Nassichuk_R_2025_01_21_14_17_12_Alaska.ndpi.ndpa,11,10,Betulaceae,Betulaceae,exact,Betulaceae,YES,circle,,,False
C_418070_W_Nassichuk_R_2025_01_21_14_17_12_Alaska,/rhf/allocations/dsci435/smithsonian_full_sp26/raw/Images_with_annotations_for_CNN_training/C_418070_W_Nassichuk_R_2025_01_21_14_17_12_Alaska.ndpi,/rhf/allocations/dsci435/smithsonian_full_sp26/raw/Images_with_annotations_for_CNN_training/C_418070_W_Nassichuk_R_2025_01_21_14_17_12_Alaska.ndpi.ndpa,12,11,Betulaceae,Betulaceae,exact,Betulaceae,YES,circle,,,False
C_418070_W_Nassichuk_R_2025_01_21_14_17_12_Alaska,/rhf/allocations/dsci435/smithsonian_full_sp26/raw/Images_with_annotations_for_CNN_training/C_418070_W_Nassichuk_R_2025_01_21_14_17_12_Alaska.ndpi,/rhf/allocations/dsci435/smithsonian_full_sp26/raw/Images_with_annotations_for_CNN_training/C_418070_W_Nassichuk_R_2025_01_21_14_17_12_Alaska.ndpi.ndpa,22,21,Bipol,Bisaccate,exact,Bipol,YES,circle,,,False
C_418070_W_Nassichuk_R_2025_01_21_14_17_12_Alaska,/rhf/allocations/dsci435/smithsonian_full_sp26/raw/Images_with_annotations_for_CNN_training/C_418070_W_Nassichuk_R_2025_01_21_14_17_12_Alaska.ndpi,/rhf/allocations/dsci435/smithsonian_full_sp26/raw/Images_with_annotations_for_CNN_training/C_418070_W_Nassichuk_R_2025_01_21_14_17_12_Alaska.ndpi.ndpa,27,26,Bipol,Bisaccate,exact,Bipol,YES,circle,,,False
C_418070_W_Nassichuk_R_2025_01_21_14_17_12_Alaska,/rhf/allocations/dsci435/smithsonian_full_sp26/raw/Images_with_annotations_for_CNN_training/C_418070_W_Nassichuk_R_2025_01_21_14_17_12_Alaska.ndpi,/rhf/allocations/dsci435/smithsonian_full_sp26/raw/Images_with_annotations_for_CNN_training/C_418070_W_Nassichuk_R_2025_01_21_14_17_12_Alaska.ndpi.ndpa,69,68,Bipol,Bisaccate,exact,Bipol,YES,circle,,,False
C_418070_W_Nassichuk_R_2025_01_21_14_17_12_Alaska,/rhf/allocations/dsci435/smithsonian_full_sp26/raw/Images_with_annotations_for_CNN_training/C_418070_W_Nassichuk_R_2025_01_21_14_17_12_Alaska.ndpi,/rhf/allocations/dsci435/smithsonian_full_sp26/raw/Images_with_annotations_for_CNN_training/C_418070_W_Nassichuk_R_2025_01_21_14_17_12_Alaska.ndpi.ndpa,106,105,Bipol,Bisaccate,exact,Bipol,YES,circle,,,False
C_418070_W_Nassichuk_R_2025_01_21_14_17_12_Alaska,/rhf/allocations/dsci435/smithsonian_full_sp26/raw/Images_with_annotations_for_CNN_training/C_418070_W_Nassichuk_R_2025_01_21_14_17_12_Alaska.ndpi,/rhf/allocations/dsci435/smithsonian_full_sp26/raw/Images_with_annotations_for_CNN_training/C_418070_W_Nassichuk_R_2025_01_21_14_17_12_Alaska.ndpi.ndpa,134,133,Bipol,Bisaccate,exact,Bipol,YES,circle,,,False
C_418080_W_Nassichuk_L_2025_01_14_19_14_58_Alaska,/rhf/allocations/dsci435/smithsonian_full_sp26/raw/Images_with_annotations_for_CNN_training/C_418080_W_Nassichuk_L_2025_01_14_19_14_58_Alaska.ndpi,/rhf/allocations/dsci435/smithsonian_full_sp26/raw/Images_with_annotations_for_CNN_training/C_418080_W_Nassichuk_L_2025_01_14_19_14_58_Alaska.ndpi.ndpa,2,1,Bipol,Bisaccate,exact,Bipol,YES,circle,,,False
C_418080_W_Nassichuk_L_2025_01_14_19_14_58_Alaska,/rhf/allocations/dsci435/smithsonian_full_sp26/raw/Images_with_annotations_for_CNN_training/C_418080_W_Nassichuk_L_2025_01_14_19_14_58_Alaska.ndpi,/rhf/allocations/dsci435/smithsonian_full_sp26/raw/Images_with_annotations_for_CNN_training/C_418080_W_Nassichuk_L_2025_01_14_19_14_58_Alaska.ndpi.ndpa,3,2,Bipol,Bisaccate,exact,Bipol,YES,circle,,,False
C_418080_W_Nassichuk_L_2025_01_14_19_14_58_Alaska,/rhf/allocations/dsci435/smithsonian_full_sp26/raw/Images_with_annotations_for_CNN_training/C_418080_W_Nassichuk_L_2025_01_14_19_14_58_Alaska.ndpi,/rhf/allocations/dsci435/smithsonian_full_sp26/raw/Images_with_annotations_for_CNN_training/C_418080_W_Nassichuk_L_2025_01_14_19_14_58_Alaska.ndpi.ndpa,4,3,Bipol,Bisaccate,exact,Bipol,YES,circle,,,False
C_418080_W_Nassichuk_L_2025_01_14_19_14_58_Alaska,/rhf/allocations/dsci435/smithsonian_full_sp26/raw/Images_with_annotations_for_CNN_training/C_418080_W_Nassichuk_L_2025_01_14_19_14_58_Alaska.ndpi,/rhf/allocations/dsci435/smithsonian_full_sp26/raw/Images_with_annotations_for_CNN_training/C_418080_W_Nassichuk_L_2025_01_14_19_14_58_Alaska.ndpi.ndpa,5,4,Bipol,Bisaccate,exact,Bipol,YES,circle,,,False
C_418080_W_Nassichuk_L_2025_01_14_19_14_58_Alaska,/rhf/allocations/dsci435/smithsonian_full_sp26/raw/Images_with_annotations_for_CNN_training/C_418080_W_Nassichuk_L_2025_01_14_19_14_58_Alaska.ndpi,/rhf/allocations/dsci435/smithsonian_full_sp26/raw/Images_with_annotations_for_CNN_training/C_418080_W_Nassichuk_L_2025_01_14_19_14_58_Alaska.ndpi.ndpa,6,5,Bipol,Bisaccate,exact,Bipol,YES,circle,,,False
C_418080_W_Nassichuk_L_2025_01_14_19_14_58_Alaska,/rhf/allocations/dsci435/smithsonian_full_sp26/raw/Images_with_annotations_for_CNN_training/C_418080_W_Nassichuk_L_2025_01_14_19_14_58_Alaska.ndpi,/rhf/allocations/dsci435/smithsonian_full_sp26/raw/Images_with_annotations_for_CNN_training/C_418080_W_Nassichuk_L_2025_01_14_19_14_58_Alaska.ndpi.ndpa,10,9,Bipol,Bisaccate,exact,Bipol,YES,circle,,,False
C_418080_W_Nassichuk_L_2025_01_14_19_14_58_Alaska,/rhf/allocations/dsci435/smithsonian_full_sp26/raw/Images_with_annotations_for_CNN_training/C_418080_W_Nassichuk_L_2025_01_14_19_14_58_Alaska.ndpi,/rhf/allocations/dsci435/smithsonian_full_sp26/raw/Images_with_annotations_for_CNN_training/C_418080_W_Nassichuk_L_2025_01_14_19_14_58_Alaska.ndpi.ndpa,29,28,Momipites,Momipites sp,exact,Momipites,YES,circle,,,False
C_418080_W_Nassichuk_L_2025_01_14_19_14_58_Alaska,/rhf/allocations/dsci435/smithsonian_full_sp26/raw/Images_with_annotations_for_CNN_training/C_418080_W_Nassichuk_L_2025_01_14_19_14_58_Alaska.ndpi,/rhf/allocations/dsci435/smithsonian_full_sp26/raw/Images_with_annotations_for_CNN_training/C_418080_W_Nassichuk_L_2025_01_14_19_14_58_Alaska.ndpi.ndpa,31,30,Bipol,Bisaccate,exact,Bipol,YES,circle,,,False
C_418080_W_Nassichuk_L_2025_01_14_19_14_58_Alaska,/rhf/allocations/dsci435/smithsonian_full_sp26/raw/Images_with_annotations_for_CNN_training/C_418080_W_Nassichuk_L_2025_01_14_19_14_58_Alaska.ndpi,/rhf/allocations/dsci435/smithsonian_full_sp26/raw/Images_with_annotations_for_CNN_training/C_418080_W_Nassichuk_L_2025_01_14_19_14_58_Alaska.ndpi.ndpa,53,52,Bipol,Bisaccate,exact,Bipol,YES,circle,,,False
C_418080_W_Nassichuk_L_2025_01_14_19_14_58_Alaska,/rhf/allocations/dsci435/smithsonian_full_sp26/raw/Images_with_annotations_for_CNN_training/C_418080_W_Nassichuk_L_2025_01_14_19_14_58_Alaska.ndpi,/rhf/allocations/dsci435/smithsonian_full_sp26/raw/Images_with_annotations_for_CNN_training/C_418080_W_Nassichuk_L_2025_01_14_19_14_58_Alaska.ndpi.ndpa,89,88,Caryapollenites,Caryapollenites sp.,exact,Caryapollenites,YES,circle,,,False
C_418080_W_Nassichuk_L_2025_01_14_19_14_58_Alaska,/rhf/allocations/dsci435/smithsonian_full_sp26/raw/Images_with_annotations_for_CNN_training/C_418080_W_Nassichuk_L_2025_01_14_19_14_58_Alaska.ndpi,/rhf/allocations/dsci435/smithsonian_full_sp26/raw/Images_with_annotations_for_CNN_training/C_418080_W_Nassichuk_L_2025_01_14_19_14_58_Alaska.ndpi.ndpa,104,103,Momipites,Momipites sp,exact,Momipites,YES,circle,,,False
C_418080_W_Nassichuk_L_2025_01_14_19_14_58_Alaska,/rhf/allocations/dsci435/smithsonian_full_sp26/raw/Images_with_annotations_for_CNN_training/C_418080_W_Nassichuk_L_2025_01_14_19_14_58_Alaska.ndpi,/rhf/allocations/dsci435/smithsonian_full_sp26/raw/Images_with_annotations_for_CNN_training/C_418080_W_Nassichuk_L_2025_01_14_19_14_58_Alaska.ndpi.ndpa,127,126,Momipites,Momipites sp,exact,Momipites,YES,circle,,,False
C_418081_W_Nassichuk_R_2025_01_21_12_58_10_Alaska,/rhf/allocations/dsci435/smithsonian_full_sp26/raw/Images_with_annotations_for_CNN_training/C_418081_W_Nassichuk_R_2025_01_21_12_58_10_Alaska.ndpi,/rhf/allocations/dsci435/smithsonian_full_sp26/raw/Images_with_annotations_for_CNN_training/C_418081_W_Nassichuk_R_2025_01_21_12_58_10_Alaska.ndpi.ndpa,10,8,Momipites,Momipites sp,exact,Momipites,YES,circle,,,False
C_418081_W_Nassichuk_R_2025_01_21_12_58_10_Alaska,/rhf/allocations/dsci435/smithsonian_full_sp26/raw/Images_with_annotations_for_CNN_training/C_418081_W_Nassichuk_R_2025_01_21_12_58_10_Alaska.ndpi,/rhf/allocations/dsci435/smithsonian_full_sp26/raw/Images_with_annotations_for_CNN_training/C_418081_W_Nassichuk_R_2025_01_21_12_58_10_Alaska.ndpi.ndpa,17,15,Alnipollenites,Alnipollenites verus,provisional_alias,Alnipollenites sp.,YES,circle,,,False
C_418081_W_Nassichuk_R_2025_01_21_12_58_10_Alaska,/rhf/allocations/dsci435/smithsonian_full_sp26/raw/Images_with_annotations_for_CNN_training/C_418081_W_Nassichuk_R_2025_01_21_12_58_10_Alaska.ndpi,/rhf/allocations/dsci435/smithsonian_full_sp26/raw/Images_with_annotations_for_CNN_training/C_418081_W_Nassichuk_R_2025_01_21_12_58_10_Alaska.ndpi.ndpa,44,42,Momipites,Momipites sp,exact,Momipites,YES,circle,,,False
C_418081_W_Nassichuk_R_2025_01_21_12_58_10_Alaska,/rhf/allocations/dsci435/smithsonian_full_sp26/raw/Images_with_annotations_for_CNN_training/C_418081_W_Nassichuk_R_2025_01_21_12_58_10_Alaska.ndpi,/rhf/allocations/dsci435/smithsonian_full_sp26/raw/Images_with_annotations_for_CNN_training/C_418081_W_Nassichuk_R_2025_01_21_12_58_10_Alaska.ndpi.ndpa,56,54,Alnipollenites,Alnipollenites verus,provisional_alias,Alnipollenites sp.,YES,circle,,,False
C_418081_W_Nassichuk_R_2025_01_21_12_58_10_Alaska,/rhf/allocations/dsci435/smithsonian_full_sp26/raw/Images_with_annotations_for_CNN_training/C_418081_W_Nassichuk_R_2025_01_21_12_58_10_Alaska.ndpi,/rhf/allocations/dsci435/smithsonian_full_sp26/raw/Images_with_annotations_for_CNN_training/C_418081_W_Nassichuk_R_2025_01_21_12_58_10_Alaska.ndpi.ndpa,114,112,Alnipollenites,Alnipollenites verus,provisional_alias,Alnipollenites sp.,YES,circle,,,False
C_418081_W_Nassichuk_R_2025_01_21_12_58_10_Alaska,/rhf/allocations/dsci435/smithsonian_full_sp26/raw/Images_with_annotations_for_CNN_training/C_418081_W_Nassichuk_R_2025_01_21_12_58_10_Alaska.ndpi,/rhf/allocations/dsci435/smithsonian_full_sp26/raw/Images_with_annotations_for_CNN_training/C_418081_W_Nassichuk_R_2025_01_21_12_58_10_Alaska.ndpi.ndpa,128,126,Momipites,Momipites sp,exact,Momipites,YES,circle,,,False
C_418107_W_Nassichuk_R_2025_01_21_11_16_25_Alaska,/rhf/allocations/dsci435/smithsonian_full_sp26/raw/Images_with_annotations_for_CNN_training/C_418107_W_Nassichuk_R_2025_01_21_11_16_25_Alaska.ndpi,/rhf/allocations/dsci435/smithsonian_full_sp26/raw/Images_with_annotations_for_CNN_training/C_418107_W_Nassichuk_R_2025_01_21_11_16_25_Alaska.ndpi.ndpa,15,14,Alnipollenites,Alnipollenites verus,provisional_alias,Alnipollenites sp.,YES,circle,,,False
C_418107_W_Nassichuk_R_2025_01_21_11_16_25_Alaska,/rhf/allocations/dsci435/smithsonian_full_sp26/raw/Images_with_annotations_for_CNN_training/C_418107_W_Nassichuk_R_2025_01_21_11_16_25_Alaska.ndpi,/rhf/allocations/dsci435/smithsonian_full_sp26/raw/Images_with_annotations_for_CNN_training/C_418107_W_Nassichuk_R_2025_01_21_11_16_25_Alaska.ndpi.ndpa,24,23,Alnipollenites,Alnipollenites verus,provisional_alias,Alnipollenites sp.,YES,circle,,,False
C_418107_W_Nassichuk_R_2025_01_21_11_16_25_Alaska,/rhf/allocations/dsci435/smithsonian_full_sp26/raw/Images_with_annotations_for_CNN_training/C_418107_W_Nassichuk_R_2025_01_21_11_16_25_Alaska.ndpi,/rhf/allocations/dsci435/smithsonian_full_sp26/raw/Images_with_annotations_for_CNN_training/C_418107_W_Nassichuk_R_2025_01_21_11_16_25_Alaska.ndpi.ndpa,25,24,Alnipollenites,Alnipollenites verus,provisional_alias,Alnipollenites sp.,YES,circle,,,False
C_418107_W_Nassichuk_R_2025_01_21_11_16_25_Alaska,/rhf/allocations/dsci435/smithsonian_full_sp26/raw/Images_with_annotations_for_CNN_training/C_418107_W_Nassichuk_R_2025_01_21_11_16_25_Alaska.ndpi,/rhf/allocations/dsci435/smithsonian_full_sp26/raw/Images_with_annotations_for_CNN_training/C_418107_W_Nassichuk_R_2025_01_21_11_16_25_Alaska.ndpi.ndpa,53,52,Bipol,Bisaccate,exact,Bipol,YES,circle,,,False
C_418107_W_Nassichuk_R_2025_01_21_11_16_25_Alaska,/rhf/allocations/dsci435/smithsonian_full_sp26/raw/Images_with_annotations_for_CNN_training/C_418107_W_Nassichuk_R_2025_01_21_11_16_25_Alaska.ndpi,/rhf/allocations/dsci435/smithsonian_full_sp26/raw/Images_with_annotations_for_CNN_training/C_418107_W_Nassichuk_R_2025_01_21_11_16_25_Alaska.ndpi.ndpa,62,61,Alnipollenites,Alnipollenites verus,provisional_alias,Alnipollenites sp.,YES,circle,,,False
C_418114_W_Nassichuk_L_2025_01_14_16_15_48_Alaska,/rhf/allocations/dsci435/smithsonian_full_sp26/raw/Images_with_annotations_for_CNN_training/C_418114_W_Nassichuk_L_2025_01_14_16_15_48_Alaska.ndpi,/rhf/allocations/dsci435/smithsonian_full_sp26/raw/Images_with_annotations_for_CNN_training/C_418114_W_Nassichuk_L_2025_01_14_16_15_48_Alaska.ndpi.ndpa,2,1,Bipol,Bisaccate,exact,Bipol,YES,circle,,,False
C_418114_W_Nassichuk_L_2025_01_14_16_15_48_Alaska,/rhf/allocations/dsci435/smithsonian_full_sp26/raw/Images_with_annotations_for_CNN_training/C_418114_W_Nassichuk_L_2025_01_14_16_15_48_Alaska.ndpi,/rhf/allocations/dsci435/smithsonian_full_sp26/raw/Images_with_annotations_for_CNN_training/C_418114_W_Nassichuk_L_2025_01_14_16_15_48_Alaska.ndpi.ndpa,12,11,Bipol,Bisaccate,exact,Bipol,YES,circle,,,False
C_418114_W_Nassichuk_L_2025_01_14_16_15_48_Alaska,/rhf/allocations/dsci435/smithsonian_full_sp26/raw/Images_with_annotations_for_CNN_training/C_418114_W_Nassichuk_L_2025_01_14_16_15_48_Alaska.ndpi,/rhf/allocations/dsci435/smithsonian_full_sp26/raw/Images_with_annotations_for_CNN_training/C_418114_W_Nassichuk_L_2025_01_14_16_15_48_Alaska.ndpi.ndpa,29,28,Bipol,Bisaccate,exact,Bipol,YES,circle,,,False
C_418114_W_Nassichuk_L_2025_01_14_16_15_48_Alaska,/rhf/allocations/dsci435/smithsonian_full_sp26/raw/Images_with_annotations_for_CNN_training/C_418114_W_Nassichuk_L_2025_01_14_16_15_48_Alaska.ndpi,/rhf/allocations/dsci435/smithsonian_full_sp26/raw/Images_with_annotations_for_CNN_training/C_418114_W_Nassichuk_L_2025_01_14_16_15_48_Alaska.ndpi.ndpa,48,47,Bipol,Bisaccate,exact,Bipol,YES,circle,,,False
C_418114_W_Nassichuk_L_2025_01_14_16_15_48_Alaska,/rhf/allocations/dsci435/smithsonian_full_sp26/raw/Images_with_annotations_for_CNN_training/C_418114_W_Nassichuk_L_2025_01_14_16_15_48_Alaska.ndpi,/rhf/allocations/dsci435/smithsonian_full_sp26/raw/Images_with_annotations_for_CNN_training/C_418114_W_Nassichuk_L_2025_01_14_16_15_48_Alaska.ndpi.ndpa,54,53,Alnipollenites,Alnipollenites verus,provisional_alias,Alnipollenites sp.,YES,circle,,,False
C_418114_W_Nassichuk_L_2025_01_14_16_15_48_Alaska,/rhf/allocations/dsci435/smithsonian_full_sp26/raw/Images_with_annotations_for_CNN_training/C_418114_W_Nassichuk_L_2025_01_14_16_15_48_Alaska.ndpi,/rhf/allocations/dsci435/smithsonian_full_sp26/raw/Images_with_annotations_for_CNN_training/C_418114_W_Nassichuk_L_2025_01_14_16_15_48_Alaska.ndpi.ndpa,84,83,Alnipollenites,Alnipollenites verus,provisional_alias,Alnipollenites sp.,YES,circle,,,False
C_418114_W_Nassichuk_L_2025_01_14_16_15_48_Alaska,/rhf/allocations/dsci435/smithsonian_full_sp26/raw/Images_with_annotations_for_CNN_training/C_418114_W_Nassichuk_L_2025_01_14_16_15_48_Alaska.ndpi,/rhf/allocations/dsci435/smithsonian_full_sp26/raw/Images_with_annotations_for_CNN_training/C_418114_W_Nassichuk_L_2025_01_14_16_15_48_Alaska.ndpi.ndpa,118,117,Bipol,Bisaccate,exact,Bipol,YES,circle,,,False
C_418114_W_Nassichuk_L_2025_01_14_16_15_48_Alaska,/rhf/allocations/dsci435/smithsonian_full_sp26/raw/Images_with_annotations_for_CNN_training/C_418114_W_Nassichuk_L_2025_01_14_16_15_48_Alaska.ndpi,/rhf/allocations/dsci435/smithsonian_full_sp26/raw/Images_with_annotations_for_CNN_training/C_418114_W_Nassichuk_L_2025_01_14_16_15_48_Alaska.ndpi.ndpa,120,119,Alnipollenites,Alnipollenites verus,provisional_alias,Alnipollenites sp.,YES,circle,,,False
C_418114_W_Nassichuk_L_2025_01_14_16_15_48_Alaska,/rhf/allocations/dsci435/smithsonian_full_sp26/raw/Images_with_annotations_for_CNN_training/C_418114_W_Nassichuk_L_2025_01_14_16_15_48_Alaska.ndpi,/rhf/allocations/dsci435/smithsonian_full_sp26/raw/Images_with_annotations_for_CNN_training/C_418114_W_Nassichuk_L_2025_01_14_16_15_48_Alaska.ndpi.ndpa,121,120,Alnipollenites,Alnipollenites verus,provisional_alias,Alnipollenites sp.,YES,circle,,,False
C_418114_W_Nassichuk_L_2025_01_14_16_15_48_Alaska,/rhf/allocations/dsci435/smithsonian_full_sp26/raw/Images_with_annotations_for_CNN_training/C_418114_W_Nassichuk_L_2025_01_14_16_15_48_Alaska.ndpi,/rhf/allocations/dsci435/smithsonian_full_sp26/raw/Images_with_annotations_for_CNN_training/C_418114_W_Nassichuk_L_2025_01_14_16_15_48_Alaska.ndpi.ndpa,138,137,Alnipollenites,Alnipollenites verus,provisional_alias,Alnipollenites sp.,YES,circle,,,False
C_418114_W_Nassichuk_L_2025_01_14_16_15_48_Alaska,/rhf/allocations/dsci435/smithsonian_full_sp26/raw/Images_with_annotations_for_CNN_training/C_418114_W_Nassichuk_L_2025_01_14_16_15_48_Alaska.ndpi,/rhf/allocations/dsci435/smithsonian_full_sp26/raw/Images_with_annotations_for_CNN_training/C_418114_W_Nassichuk_L_2025_01_14_16_15_48_Alaska.ndpi.ndpa,139,138,Bipol,Bisaccate,exact,Bipol,YES,circle,,,False
C_418114_W_Nassichuk_L_2025_01_14_16_15_48_Alaska,/rhf/allocations/dsci435/smithsonian_full_sp26/raw/Images_with_annotations_for_CNN_training/C_418114_W_Nassichuk_L_2025_01_14_16_15_48_Alaska.ndpi,/rhf/allocations/dsci435/smithsonian_full_sp26/raw/Images_with_annotations_for_CNN_training/C_418114_W_Nassichuk_L_2025_01_14_16_15_48_Alaska.ndpi.ndpa,153,152,Alnipollenites,Alnipollenites verus,provisional_alias,Alnipollenites sp.,YES,circle,,,False
C_418114_W_Nassichuk_L_2025_01_14_16_15_48_Alaska,/rhf/allocations/dsci435/smithsonian_full_sp26/raw/Images_with_annotations_for_CNN_training/C_418114_W_Nassichuk_L_2025_01_14_16_15_48_Alaska.ndpi,/rhf/allocations/dsci435/smithsonian_full_sp26/raw/Images_with_annotations_for_CNN_training/C_418114_W_Nassichuk_L_2025_01_14_16_15_48_Alaska.ndpi.ndpa,156,155,Bipol,Bisaccate,exact,Bipol,YES,circle,,,False
C_418114_W_Nassichuk_L_2025_01_14_16_15_48_Alaska,/rhf/allocations/dsci435/smithsonian_full_sp26/raw/Images_with_annotations_for_CNN_training/C_418114_W_Nassichuk_L_2025_01_14_16_15_48_Alaska.ndpi,/rhf/allocations/dsci435/smithsonian_full_sp26/raw/Images_with_annotations_for_CNN_training/C_418114_W_Nassichuk_L_2025_01_14_16_15_48_Alaska.ndpi.ndpa,172,171,Bipol,Bisaccate,exact,Bipol,YES,circle,,,False
C_418114_W_Nassichuk_L_2025_01_14_16_15_48_Alaska,/rhf/allocations/dsci435/smithsonian_full_sp26/raw/Images_with_annotations_for_CNN_training/C_418114_W_Nassichuk_L_2025_01_14_16_15_48_Alaska.ndpi,/rhf/allocations/dsci435/smithsonian_full_sp26/raw/Images_with_annotations_for_CNN_training/C_418114_W_Nassichuk_L_2025_01_14_16_15_48_Alaska.ndpi.ndpa,185,184,Alnipollenites,Alnipollenites verus,provisional_alias,Alnipollenites sp.,YES,circle,,,False
C_418114_W_Nassichuk_L_2025_01_14_16_15_48_Alaska,/rhf/allocations/dsci435/smithsonian_full_sp26/raw/Images_with_annotations_for_CNN_training/C_418114_W_Nassichuk_L_2025_01_14_16_15_48_Alaska.ndpi,/rhf/allocations/dsci435/smithsonian_full_sp26/raw/Images_with_annotations_for_CNN_training/C_418114_W_Nassichuk_L_2025_01_14_16_15_48_Alaska.ndpi.ndpa,200,199,Ericipites,Ericipites sp.,exact,Ericipites,YES,circle,,,False
C_418114_W_Nassichuk_L_2025_01_14_16_15_48_Alaska,/rhf/allocations/dsci435/smithsonian_full_sp26/raw/Images_with_annotations_for_CNN_training/C_418114_W_Nassichuk_L_2025_01_14_16_15_48_Alaska.ndpi,/rhf/allocations/dsci435/smithsonian_full_sp26/raw/Images_with_annotations_for_CNN_training/C_418114_W_Nassichuk_L_2025_01_14_16_15_48_Alaska.ndpi.ndpa,201,200,Alnipollenites,Alnipollenites verus,provisional_alias,Alnipollenites sp.,YES,circle,,,False
C_418114_W_Nassichuk_L_2025_01_14_16_15_48_Alaska,/rhf/allocations/dsci435/smithsonian_full_sp26/raw/Images_with_annotations_for_CNN_training/C_418114_W_Nassichuk_L_2025_01_14_16_15_48_Alaska.ndpi,/rhf/allocations/dsci435/smithsonian_full_sp26/raw/Images_with_annotations_for_CNN_training/C_418114_W_Nassichuk_L_2025_01_14_16_15_48_Alaska.ndpi.ndpa,215,214,Bipol,Bisaccate,exact,Bipol,YES,circle,,,False
C_418114_W_Nassichuk_L_2025_01_14_16_15_48_Alaska,/rhf/allocations/dsci435/smithsonian_full_sp26/raw/Images_with_annotations_for_CNN_training/C_418114_W_Nassichuk_L_2025_01_14_16_15_48_Alaska.ndpi,/rhf/allocations/dsci435/smithsonian_full_sp26/raw/Images_with_annotations_for_CNN_training/C_418114_W_Nassichuk_L_2025_01_14_16_15_48_Alaska.ndpi.ndpa,218,217,Alnipollenites,Alnipollenites verus,provisional_alias,Alnipollenites sp.,YES,circle,,,False
C_418114_W_Nassichuk_L_2025_01_14_16_15_48_Alaska,/rhf/allocations/dsci435/smithsonian_full_sp26/raw/Images_with_annotations_for_CNN_training/C_418114_W_Nassichuk_L_2025_01_14_16_15_48_Alaska.ndpi,/rhf/allocations/dsci435/smithsonian_full_sp26/raw/Images_with_annotations_for_CNN_training/C_418114_W_Nassichuk_L_2025_01_14_16_15_48_Alaska.ndpi.ndpa,244,243,Alnipollenites,Alnipollenites verus,provisional_alias,Alnipollenites sp.,YES,circle,,,False
C_418114_W_Nassichuk_L_2025_01_14_16_15_48_Alaska,/rhf/allocations/dsci435/smithsonian_full_sp26/raw/Images_with_annotations_for_CNN_training/C_418114_W_Nassichuk_L_2025_01_14_16_15_48_Alaska.ndpi,/rhf/allocations/dsci435/smithsonian_full_sp26/raw/Images_with_annotations_for_CNN_training/C_418114_W_Nassichuk_L_2025_01_14_16_15_48_Alaska.ndpi.ndpa,249,248,Alnipollenites,Alnipollenites verus,provisional_alias,Alnipollenites sp.,YES,circle,,,False
C_418114_W_Nassichuk_L_2025_01_14_16_15_48_Alaska,/rhf/allocations/dsci435/smithsonian_full_sp26/raw/Images_with_annotations_for_CNN_training/C_418114_W_Nassichuk_L_2025_01_14_16_15_48_Alaska.ndpi,/rhf/allocations/dsci435/smithsonian_full_sp26/raw/Images_with_annotations_for_CNN_training/C_418114_W_Nassichuk_L_2025_01_14_16_15_48_Alaska.ndpi.ndpa,250,249,Bipol,Bisaccate,exact,Bipol,YES,circle,,,False
D1821_1_L_2024_01_22_16_22_31_New_Mex,/rhf/allocations/dsci435/smithsonian_full_sp26/raw/Images_with_annotations_for_CNN_training/D1821_1_L_2024_01_22_16_22_31_New_Mex.ndpi,/rhf/allocations/dsci435/smithsonian_full_sp26/raw/Images_with_annotations_for_CNN_training/D1821_1_L_2024_01_22_16_22_31_New_Mex.ndpi.ndpa,5,4,Momipites,Momipites sp,exact,Momipites,YES,circle,,,False
D1821_1_L_2024_01_22_16_22_31_New_Mex,/rhf/allocations/dsci435/smithsonian_full_sp26/raw/Images_with_annotations_for_CNN_training/D1821_1_L_2024_01_22_16_22_31_New_Mex.ndpi,/rhf/allocations/dsci435/smithsonian_full_sp26/raw/Images_with_annotations_for_CNN_training/D1821_1_L_2024_01_22_16_22_31_New_Mex.ndpi.ndpa,6,5,Bipol,Bisaccate,exact,Bipol,YES,circle,,,False
D1821_1_L_2024_01_22_16_22_31_New_Mex,/rhf/allocations/dsci435/smithsonian_full_sp26/raw/Images_with_annotations_for_CNN_training/D1821_1_L_2024_01_22_16_22_31_New_Mex.ndpi,/rhf/allocations/dsci435/smithsonian_full_sp26/raw/Images_with_annotations_for_CNN_training/D1821_1_L_2024_01_22_16_22_31_New_Mex.ndpi.ndpa,26,25,Bipol,Bisaccate,exact,Bipol,YES,circle,,,False
D1821_1_L_2024_01_22_16_22_31_New_Mex,/rhf/allocations/dsci435/smithsonian_full_sp26/raw/Images_with_annotations_for_CNN_training/D1821_1_L_2024_01_22_16_22_31_New_Mex.ndpi,/rhf/allocations/dsci435/smithsonian_full_sp26/raw/Images_with_annotations_for_CNN_training/D1821_1_L_2024_01_22_16_22_31_New_Mex.ndpi.ndpa,28,27,Bipol,Bisaccate,exact,Bipol,YES,circle,,,False
D1821_1_L_2024_01_22_16_22_31_New_Mex,/rhf/allocations/dsci435/smithsonian_full_sp26/raw/Images_with_annotations_for_CNN_training/D1821_1_L_2024_01_22_16_22_31_New_Mex.ndpi,/rhf/allocations/dsci435/smithsonian_full_sp26/raw/Images_with_annotations_for_CNN_training/D1821_1_L_2024_01_22_16_22_31_New_Mex.ndpi.ndpa,42,41,Bipol,Bisaccate,exact,Bipol,YES,circle,,,False
D1821_1_L_2024_01_22_16_22_31_New_Mex,/rhf/allocations/dsci435/smithsonian_full_sp26/raw/Images_with_annotations_for_CNN_training/D1821_1_L_2024_01_22_16_22_31_New_Mex.ndpi,/rhf/allocations/dsci435/smithsonian_full_sp26/raw/Images_with_annotations_for_CNN_training/D1821_1_L_2024_01_22_16_22_31_New_Mex.ndpi.ndpa,51,50,Bipol,Bisaccate,exact,Bipol,YES,circle,,,False
D1821_1_L_2024_01_22_16_22_31_New_Mex,/rhf/allocations/dsci435/smithsonian_full_sp26/raw/Images_with_annotations_for_CNN_training/D1821_1_L_2024_01_22_16_22_31_New_Mex.ndpi,/rhf/allocations/dsci435/smithsonian_full_sp26/raw/Images_with_annotations_for_CNN_training/D1821_1_L_2024_01_22_16_22_31_New_Mex.ndpi.ndpa,52,51,Bipol,Bisaccate,exact,Bipol,YES,circle,,,False
D1821_1_L_2024_01_22_16_22_31_New_Mex,/rhf/allocations/dsci435/smithsonian_full_sp26/raw/Images_with_annotations_for_CNN_training/D1821_1_L_2024_01_22_16_22_31_New_Mex.ndpi,/rhf/allocations/dsci435/smithsonian_full_sp26/raw/Images_with_annotations_for_CNN_training/D1821_1_L_2024_01_22_16_22_31_New_Mex.ndpi.ndpa,61,60,Bipol,Bisaccate,exact,Bipol,YES,circle,,,False
D1910_2024_02_29_12_46_52_Wyoming,/rhf/allocations/dsci435/smithsonian_full_sp26/raw/Images_with_annotations_for_CNN_training/D1910_2024_02_29_12_46_52_Wyoming.ndpi,/rhf/allocations/dsci435/smithsonian_full_sp26/raw/Images_with_annotations_for_CNN_training/D1910_2024_02_29_12_46_52_Wyoming.ndpi.ndpa,27,26,Bipol,Bisaccate,exact,Bipol,YES,circle,,,False
D1910_2024_02_29_12_46_52_Wyoming,/rhf/allocations/dsci435/smithsonian_full_sp26/raw/Images_with_annotations_for_CNN_training/D1910_2024_02_29_12_46_52_Wyoming.ndpi,/rhf/allocations/dsci435/smithsonian_full_sp26/raw/Images_with_annotations_for_CNN_training/D1910_2024_02_29_12_46_52_Wyoming.ndpi.ndpa,39,38,Platycarya platycarioides,Platycarya platycarioides,exact,Platycarya platycarioides,YES,circle,,,False
D1911_1_2024_02_29_18_10_06_Wyoming,/rhf/allocations/dsci435/smithsonian_full_sp26/raw/Images_with_annotations_for_CNN_training/D1911_1_2024_02_29_18_10_06_Wyoming.ndpi,/rhf/allocations/dsci435/smithsonian_full_sp26/raw/Images_with_annotations_for_CNN_training/D1911_1_2024_02_29_18_10_06_Wyoming.ndpi.ndpa,65,64,Bombacacidites,Bombacacidites sp.,provisional_alias,Bombacacidites sp.,YES,circle,,,False
D3094-1_R_2024_02_20_17_15_37_Colorado,/rhf/allocations/dsci435/smithsonian_full_sp26/raw/Images_with_annotations_for_CNN_training/D3094-1_R_2024_02_20_17_15_37_Colorado.ndpi,/rhf/allocations/dsci435/smithsonian_full_sp26/raw/Images_with_annotations_for_CNN_training/D3094-1_R_2024_02_20_17_15_37_Colorado.ndpi.ndpa,58,56,Momipites,Momipites sp,exact,Momipites,YES,circle,,,False
D3094-1_R_2024_02_20_17_15_37_Colorado,/rhf/allocations/dsci435/smithsonian_full_sp26/raw/Images_with_annotations_for_CNN_training/D3094-1_R_2024_02_20_17_15_37_Colorado.ndpi,/rhf/allocations/dsci435/smithsonian_full_sp26/raw/Images_with_annotations_for_CNN_training/D3094-1_R_2024_02_20_17_15_37_Colorado.ndpi.ndpa,71,69,Betulaceae,Betulaceae,exact,Betulaceae,YES,circle,,,False
D3094-1_R_2024_02_20_17_15_37_Colorado,/rhf/allocations/dsci435/smithsonian_full_sp26/raw/Images_with_annotations_for_CNN_training/D3094-1_R_2024_02_20_17_15_37_Colorado.ndpi,/rhf/allocations/dsci435/smithsonian_full_sp26/raw/Images_with_annotations_for_CNN_training/D3094-1_R_2024_02_20_17_15_37_Colorado.ndpi.ndpa,91,89,Betulaceae,Betulaceae,exact,Betulaceae,YES,circle,,,False
D3094-1_R_2024_02_20_17_15_37_Colorado,/rhf/allocations/dsci435/smithsonian_full_sp26/raw/Images_with_annotations_for_CNN_training/D3094-1_R_2024_02_20_17_15_37_Colorado.ndpi,/rhf/allocations/dsci435/smithsonian_full_sp26/raw/Images_with_annotations_for_CNN_training/D3094-1_R_2024_02_20_17_15_37_Colorado.ndpi.ndpa,97,95,Caryapollenites,Caryapollenites sp.,exact,Caryapollenites,YES,circle,,,False
D3094-1_R_2024_02_20_17_15_37_Colorado,/rhf/allocations/dsci435/smithsonian_full_sp26/raw/Images_with_annotations_for_CNN_training/D3094-1_R_2024_02_20_17_15_37_Colorado.ndpi,/rhf/allocations/dsci435/smithsonian_full_sp26/raw/Images_with_annotations_for_CNN_training/D3094-1_R_2024_02_20_17_15_37_Colorado.ndpi.ndpa,145,143,Bipol,Bisaccate,exact,Bipol,YES,circle,,,False
D3094_1_L_2024_02_20_11_32_26_Colorado,/rhf/allocations/dsci435/smithsonian_full_sp26/raw/Images_with_annotations_for_CNN_training/D3094_1_L_2024_02_20_11_32_26_Colorado.ndpi,/rhf/allocations/dsci435/smithsonian_full_sp26/raw/Images_with_annotations_for_CNN_training/D3094_1_L_2024_02_20_11_32_26_Colorado.ndpi.ndpa,24,23,Momipites,Momipites sp,exact,Momipites,YES,circle,,,False
D3094_1_L_2024_02_20_11_32_26_Colorado,/rhf/allocations/dsci435/smithsonian_full_sp26/raw/Images_with_annotations_for_CNN_training/D3094_1_L_2024_02_20_11_32_26_Colorado.ndpi,/rhf/allocations/dsci435/smithsonian_full_sp26/raw/Images_with_annotations_for_CNN_training/D3094_1_L_2024_02_20_11_32_26_Colorado.ndpi.ndpa,25,24,Platycarya platycarioides,Platycarya platycarioides,exact,Platycarya platycarioides,YES,circle,,,False
D3094_1_L_2024_02_20_11_32_26_Colorado,/rhf/allocations/dsci435/smithsonian_full_sp26/raw/Images_with_annotations_for_CNN_training/D3094_1_L_2024_02_20_11_32_26_Colorado.ndpi,/rhf/allocations/dsci435/smithsonian_full_sp26/raw/Images_with_annotations_for_CNN_training/D3094_1_L_2024_02_20_11_32_26_Colorado.ndpi.ndpa,26,25,Caryapollenites,Caryapollenites sp.,exact,Caryapollenites,YES,circle,,,False
D3094_1_L_2024_02_20_11_32_26_Colorado,/rhf/allocations/dsci435/smithsonian_full_sp26/raw/Images_with_annotations_for_CNN_training/D3094_1_L_2024_02_20_11_32_26_Colorado.ndpi,/rhf/allocations/dsci435/smithsonian_full_sp26/raw/Images_with_annotations_for_CNN_training/D3094_1_L_2024_02_20_11_32_26_Colorado.ndpi.ndpa,27,26,Platycaryapollenites swasticoides,Platycaryapollenites swasticoidus,provisional_alias,Platycaryapollenites swasticoidus,YES,circle,,,False
D3094_1_L_2024_02_20_11_32_26_Colorado,/rhf/allocations/dsci435/smithsonian_full_sp26/raw/Images_with_annotations_for_CNN_training/D3094_1_L_2024_02_20_11_32_26_Colorado.ndpi,/rhf/allocations/dsci435/smithsonian_full_sp26/raw/Images_with_annotations_for_CNN_training/D3094_1_L_2024_02_20_11_32_26_Colorado.ndpi.ndpa,49,48,Momipites,Momipites sp,exact,Momipites,YES,circle,,,False
D3094_1_L_2024_02_20_11_32_26_Colorado,/rhf/allocations/dsci435/smithsonian_full_sp26/raw/Images_with_annotations_for_CNN_training/D3094_1_L_2024_02_20_11_32_26_Colorado.ndpi,/rhf/allocations/dsci435/smithsonian_full_sp26/raw/Images_with_annotations_for_CNN_training/D3094_1_L_2024_02_20_11_32_26_Colorado.ndpi.ndpa,61,60,Caryapollenites,Caryapollenites sp.,exact,Caryapollenites,YES,circle,,,False
D3094_1_L_2024_02_20_11_32_26_Colorado,/rhf/allocations/dsci435/smithsonian_full_sp26/raw/Images_with_annotations_for_CNN_training/D3094_1_L_2024_02_20_11_32_26_Colorado.ndpi,/rhf/allocations/dsci435/smithsonian_full_sp26/raw/Images_with_annotations_for_CNN_training/D3094_1_L_2024_02_20_11_32_26_Colorado.ndpi.ndpa,72,71,Arecipites,Arecipites sp.,provisional_alias,Arecipites sp.,YES,circle,,,False
D3094_1_L_2024_02_20_11_32_26_Colorado,/rhf/allocations/dsci435/smithsonian_full_sp26/raw/Images_with_annotations_for_CNN_training/D3094_1_L_2024_02_20_11_32_26_Colorado.ndpi,/rhf/allocations/dsci435/smithsonian_full_sp26/raw/Images_with_annotations_for_CNN_training/D3094_1_L_2024_02_20_11_32_26_Colorado.ndpi.ndpa,87,86,Caryapollenites,Caryapollenites sp.,exact,Caryapollenites,YES,circle,,,False
D3094_1_L_2024_02_20_11_32_26_Colorado,/rhf/allocations/dsci435/smithsonian_full_sp26/raw/Images_with_annotations_for_CNN_training/D3094_1_L_2024_02_20_11_32_26_Colorado.ndpi,/rhf/allocations/dsci435/smithsonian_full_sp26/raw/Images_with_annotations_for_CNN_training/D3094_1_L_2024_02_20_11_32_26_Colorado.ndpi.ndpa,88,87,Platycarya platycarioides,Platycarya platycarioides,exact,Platycarya platycarioides,YES,circle,,,False
D3094_1_L_2024_02_20_11_32_26_Colorado,/rhf/allocations/dsci435/smithsonian_full_sp26/raw/Images_with_annotations_for_CNN_training/D3094_1_L_2024_02_20_11_32_26_Colorado.ndpi,/rhf/allocations/dsci435/smithsonian_full_sp26/raw/Images_with_annotations_for_CNN_training/D3094_1_L_2024_02_20_11_32_26_Colorado.ndpi.ndpa,92,91,Platycarya platycarioides,Platycarya platycarioides,exact,Platycarya platycarioides,YES,circle,,,False
D3094_1_L_2024_02_20_11_32_26_Colorado,/rhf/allocations/dsci435/smithsonian_full_sp26/raw/Images_with_annotations_for_CNN_training/D3094_1_L_2024_02_20_11_32_26_Colorado.ndpi,/rhf/allocations/dsci435/smithsonian_full_sp26/raw/Images_with_annotations_for_CNN_training/D3094_1_L_2024_02_20_11_32_26_Colorado.ndpi.ndpa,93,92,Platycarya platycarioides,Platycarya platycarioides,exact,Platycarya platycarioides,YES,circle,,,False
D3094_1_L_2024_02_20_11_32_26_Colorado,/rhf/allocations/dsci435/smithsonian_full_sp26/raw/Images_with_annotations_for_CNN_training/D3094_1_L_2024_02_20_11_32_26_Colorado.ndpi,/rhf/allocations/dsci435/smithsonian_full_sp26/raw/Images_with_annotations_for_CNN_training/D3094_1_L_2024_02_20_11_32_26_Colorado.ndpi.ndpa,94,93,Caryapollenites,Caryapollenites sp.,exact,Caryapollenites,YES,circle,,,False
D3094_1_L_2024_02_20_11_32_26_Colorado,/rhf/allocations/dsci435/smithsonian_full_sp26/raw/Images_with_annotations_for_CNN_training/D3094_1_L_2024_02_20_11_32_26_Colorado.ndpi,/rhf/allocations/dsci435/smithsonian_full_sp26/raw/Images_with_annotations_for_CNN_training/D3094_1_L_2024_02_20_11_32_26_Colorado.ndpi.ndpa,97,96,Platycarya platycarioides,Platycarya platycarioides,exact,Platycarya platycarioides,YES,circle,,,False
D3202-D-1_R_2024_02_21_13_01_51_Louisiana,/rhf/allocations/dsci435/smithsonian_full_sp26/raw/Images_with_annotations_for_CNN_training/D3202-D-1_R_2024_02_21_13_01_51_Louisiana.ndpi,/rhf/allocations/dsci435/smithsonian_full_sp26/raw/Images_with_annotations_for_CNN_training/D3202-D-1_R_2024_02_21_13_01_51_Louisiana.ndpi.ndpa,71,70,Momipites,Momipites sp,exact,Momipites,YES,circle,,,False
D3202_C_L_2024_02_20_12_31_51_Louisiana,/rhf/allocations/dsci435/smithsonian_full_sp26/raw/Images_with_annotations_for_CNN_training/D3202_C_L_2024_02_20_12_31_51_Louisiana.ndpi,/rhf/allocations/dsci435/smithsonian_full_sp26/raw/Images_with_annotations_for_CNN_training/D3202_C_L_2024_02_20_12_31_51_Louisiana.ndpi.ndpa,13,12,Cicatricosisporites,Cicatricosisporites sp.,exact,Cicatricosisporites,YES,circle,,,False
D3202_C_L_2024_02_20_12_31_51_Louisiana,/rhf/allocations/dsci435/smithsonian_full_sp26/raw/Images_with_annotations_for_CNN_training/D3202_C_L_2024_02_20_12_31_51_Louisiana.ndpi,/rhf/allocations/dsci435/smithsonian_full_sp26/raw/Images_with_annotations_for_CNN_training/D3202_C_L_2024_02_20_12_31_51_Louisiana.ndpi.ndpa,40,39,Momipites,Momipites sp,exact,Momipites,YES,circle,,,False
D3202_C_L_2024_02_20_12_31_51_Louisiana,/rhf/allocations/dsci435/smithsonian_full_sp26/raw/Images_with_annotations_for_CNN_training/D3202_C_L_2024_02_20_12_31_51_Louisiana.ndpi,/rhf/allocations/dsci435/smithsonian_full_sp26/raw/Images_with_annotations_for_CNN_training/D3202_C_L_2024_02_20_12_31_51_Louisiana.ndpi.ndpa,83,82,Cicatricosisporites,Cicatricosisporites sp.,exact,Cicatricosisporites,YES,circle,,,False
D3202_C_R_2024_02_20_18_12_34_Kentucky,/rhf/allocations/dsci435/smithsonian_full_sp26/raw/Images_with_annotations_for_CNN_training/D3202_C_R_2024_02_20_18_12_34_Kentucky.ndpi,/rhf/allocations/dsci435/smithsonian_full_sp26/raw/Images_with_annotations_for_CNN_training/D3202_C_R_2024_02_20_18_12_34_Kentucky.ndpi.ndpa,32,29,Momipites wyomingensis,Momipites wyomingensis,exact,Momipites wyomingensis,YES,circle,,,False
D3202_C_R_2024_02_20_18_12_34_Kentucky,/rhf/allocations/dsci435/smithsonian_full_sp26/raw/Images_with_annotations_for_CNN_training/D3202_C_R_2024_02_20_18_12_34_Kentucky.ndpi,/rhf/allocations/dsci435/smithsonian_full_sp26/raw/Images_with_annotations_for_CNN_training/D3202_C_R_2024_02_20_18_12_34_Kentucky.ndpi.ndpa,37,34,Bisaccate pollen,Bisaccate,exact,Bisaccate pollen,YES,circle,,,False
D3202_C_R_2024_02_20_18_12_34_Kentucky,/rhf/allocations/dsci435/smithsonian_full_sp26/raw/Images_with_annotations_for_CNN_training/D3202_C_R_2024_02_20_18_12_34_Kentucky.ndpi,/rhf/allocations/dsci435/smithsonian_full_sp26/raw/Images_with_annotations_for_CNN_training/D3202_C_R_2024_02_20_18_12_34_Kentucky.ndpi.ndpa,43,40,Momipites,Momipites sp,exact,Momipites,YES,circle,,,False
D3202_C_R_2024_02_20_18_12_34_Kentucky,/rhf/allocations/dsci435/smithsonian_full_sp26/raw/Images_with_annotations_for_CNN_training/D3202_C_R_2024_02_20_18_12_34_Kentucky.ndpi,/rhf/allocations/dsci435/smithsonian_full_sp26/raw/Images_with_annotations_for_CNN_training/D3202_C_R_2024_02_20_18_12_34_Kentucky.ndpi.ndpa,73,69,Momipites,Momipites sp,exact,Momipites,YES,circle,,,False
D3202_C_R_2024_02_20_18_12_34_Kentucky,/rhf/allocations/dsci435/smithsonian_full_sp26/raw/Images_with_annotations_for_CNN_training/D3202_C_R_2024_02_20_18_12_34_Kentucky.ndpi,/rhf/allocations/dsci435/smithsonian_full_sp26/raw/Images_with_annotations_for_CNN_training/D3202_C_R_2024_02_20_18_12_34_Kentucky.ndpi.ndpa,78,74,Cicatricosisporites dorogensis,Cicatricosisporites sp.,exact,Cicatricosisporites dorogensis,YES,circle,,,False
D3202_C_R_2024_02_20_18_12_34_Kentucky,/rhf/allocations/dsci435/smithsonian_full_sp26/raw/Images_with_annotations_for_CNN_training/D3202_C_R_2024_02_20_18_12_34_Kentucky.ndpi,/rhf/allocations/dsci435/smithsonian_full_sp26/raw/Images_with_annotations_for_CNN_training/D3202_C_R_2024_02_20_18_12_34_Kentucky.ndpi.ndpa,79,75,Cicatricosisporites dorogensis,Cicatricosisporites sp.,exact,Cicatricosisporites dorogensis,YES,circle,,,False
D3202_C_R_2024_02_20_18_12_34_Kentucky,/rhf/allocations/dsci435/smithsonian_full_sp26/raw/Images_with_annotations_for_CNN_training/D3202_C_R_2024_02_20_18_12_34_Kentucky.ndpi,/rhf/allocations/dsci435/smithsonian_full_sp26/raw/Images_with_annotations_for_CNN_training/D3202_C_R_2024_02_20_18_12_34_Kentucky.ndpi.ndpa,91,86,Caryapollenites,Caryapollenites sp.,exact,Caryapollenites,YES,circle,,,False
D3202_C_R_2024_02_20_18_12_34_Kentucky,/rhf/allocations/dsci435/smithsonian_full_sp26/raw/Images_with_annotations_for_CNN_training/D3202_C_R_2024_02_20_18_12_34_Kentucky.ndpi,/rhf/allocations/dsci435/smithsonian_full_sp26/raw/Images_with_annotations_for_CNN_training/D3202_C_R_2024_02_20_18_12_34_Kentucky.ndpi.ndpa,96,91,Momipites,Momipites sp,exact,Momipites,YES,circle,,,False
D3202_C_R_2024_02_20_18_12_34_Kentucky,/rhf/allocations/dsci435/smithsonian_full_sp26/raw/Images_with_annotations_for_CNN_training/D3202_C_R_2024_02_20_18_12_34_Kentucky.ndpi,/rhf/allocations/dsci435/smithsonian_full_sp26/raw/Images_with_annotations_for_CNN_training/D3202_C_R_2024_02_20_18_12_34_Kentucky.ndpi.ndpa,124,119,Momipites,Momipites sp,exact,Momipites,YES,circle,,,False
D3202_C_R_2024_02_20_18_12_34_Kentucky,/rhf/allocations/dsci435/smithsonian_full_sp26/raw/Images_with_annotations_for_CNN_training/D3202_C_R_2024_02_20_18_12_34_Kentucky.ndpi,/rhf/allocations/dsci435/smithsonian_full_sp26/raw/Images_with_annotations_for_CNN_training/D3202_C_R_2024_02_20_18_12_34_Kentucky.ndpi.ndpa,139,134,Momipites,Momipites sp,exact,Momipites,YES,circle,,,False
D3266-1_L_2024_02_01_13_49_20_Mississippi,/rhf/allocations/dsci435/smithsonian_full_sp26/raw/Images_with_annotations_for_CNN_training/D3266-1_L_2024_02_01_13_49_20_Mississippi.ndpi,/rhf/allocations/dsci435/smithsonian_full_sp26/raw/Images_with_annotations_for_CNN_training/D3266-1_L_2024_02_01_13_49_20_Mississippi.ndpi.ndpa,31,29,Momipites,Momipites sp,exact,Momipites,YES,circle,,,False
D3266-1_L_2024_02_01_13_49_20_Mississippi,/rhf/allocations/dsci435/smithsonian_full_sp26/raw/Images_with_annotations_for_CNN_training/D3266-1_L_2024_02_01_13_49_20_Mississippi.ndpi,/rhf/allocations/dsci435/smithsonian_full_sp26/raw/Images_with_annotations_for_CNN_training/D3266-1_L_2024_02_01_13_49_20_Mississippi.ndpi.ndpa,39,37,Momipites,Momipites sp,exact,Momipites,YES,circle,,,False
D3266-1_L_2024_02_01_13_49_20_Mississippi,/rhf/allocations/dsci435/smithsonian_full_sp26/raw/Images_with_annotations_for_CNN_training/D3266-1_L_2024_02_01_13_49_20_Mississippi.ndpi,/rhf/allocations/dsci435/smithsonian_full_sp26/raw/Images_with_annotations_for_CNN_training/D3266-1_L_2024_02_01_13_49_20_Mississippi.ndpi.ndpa,46,44,Momipites,Momipites sp,exact,Momipites,YES,circle,,,False
D3268_A-2_L_2024_02_01_12_52_49_Alabama,/rhf/allocations/dsci435/smithsonian_full_sp26/raw/Images_with_annotations_for_CNN_training/D3268_A-2_L_2024_02_01_12_52_49_Alabama.ndpi,/rhf/allocations/dsci435/smithsonian_full_sp26/raw/Images_with_annotations_for_CNN_training/D3268_A-2_L_2024_02_01_12_52_49_Alabama.ndpi.ndpa,37,36,Betulaceae,Betulaceae,exact,Betulaceae,YES,circle,,,False
D3283-2_2024_02_06_15_37_28_Kentucky,/rhf/allocations/dsci435/smithsonian_full_sp26/raw/Images_with_annotations_for_CNN_training/D3283-2_2024_02_06_15_37_28_Kentucky.ndpi,/rhf/allocations/dsci435/smithsonian_full_sp26/raw/Images_with_annotations_for_CNN_training/D3283-2_2024_02_06_15_37_28_Kentucky.ndpi.ndpa,2,1,Bisaccate pollen,Bisaccate,exact,Bisaccate pollen,YES,circle,,Broken,False
D3283-2_2024_02_06_15_37_28_Kentucky,/rhf/allocations/dsci435/smithsonian_full_sp26/raw/Images_with_annotations_for_CNN_training/D3283-2_2024_02_06_15_37_28_Kentucky.ndpi,/rhf/allocations/dsci435/smithsonian_full_sp26/raw/Images_with_annotations_for_CNN_training/D3283-2_2024_02_06_15_37_28_Kentucky.ndpi.ndpa,25,22,Monosulcites,Monocolpites sp.,exact,Monosulcites,YES,circle,,,False
D3283-2_2024_02_06_15_37_28_Kentucky,/rhf/allocations/dsci435/smithsonian_full_sp26/raw/Images_with_annotations_for_CNN_training/D3283-2_2024_02_06_15_37_28_Kentucky.ndpi,/rhf/allocations/dsci435/smithsonian_full_sp26/raw/Images_with_annotations_for_CNN_training/D3283-2_2024_02_06_15_37_28_Kentucky.ndpi.ndpa,28,25,Arecipites,Arecipites sp.,provisional_alias,Arecipites sp.,YES,circle,,,False
D3283-2_2024_02_06_15_37_28_Kentucky,/rhf/allocations/dsci435/smithsonian_full_sp26/raw/Images_with_annotations_for_CNN_training/D3283-2_2024_02_06_15_37_28_Kentucky.ndpi,/rhf/allocations/dsci435/smithsonian_full_sp26/raw/Images_with_annotations_for_CNN_training/D3283-2_2024_02_06_15_37_28_Kentucky.ndpi.ndpa,45,42,Trilete,Psilatriletes sp.,exact,Trilete,YES,circle,,,False
D3283-2_2024_02_06_15_37_28_Kentucky,/rhf/allocations/dsci435/smithsonian_full_sp26/raw/Images_with_annotations_for_CNN_training/D3283-2_2024_02_06_15_37_28_Kentucky.ndpi,/rhf/allocations/dsci435/smithsonian_full_sp26/raw/Images_with_annotations_for_CNN_training/D3283-2_2024_02_06_15_37_28_Kentucky.ndpi.ndpa,54,51,Monosulcites,Monocolpites sp.,exact,Monosulcites,YES,circle,,,False
D3283-2_2024_02_06_15_37_28_Kentucky,/rhf/allocations/dsci435/smithsonian_full_sp26/raw/Images_with_annotations_for_CNN_training/D3283-2_2024_02_06_15_37_28_Kentucky.ndpi,/rhf/allocations/dsci435/smithsonian_full_sp26/raw/Images_with_annotations_for_CNN_training/D3283-2_2024_02_06_15_37_28_Kentucky.ndpi.ndpa,60,57,Monosulcites,Monocolpites sp.,exact,Monosulcites,YES,circle,,,False
D3407-2_L_2024_02_20_13_28_48_Texas,/rhf/allocations/dsci435/smithsonian_full_sp26/raw/Images_with_annotations_for_CNN_training/D3407-2_L_2024_02_20_13_28_48_Texas.ndpi,/rhf/allocations/dsci435/smithsonian_full_sp26/raw/Images_with_annotations_for_CNN_training/D3407-2_L_2024_02_20_13_28_48_Texas.ndpi.ndpa,5,4,Momipites,Momipites sp,exact,Momipites,YES,circle,,,False
D3407-2_L_2024_02_20_13_28_48_Texas,/rhf/allocations/dsci435/smithsonian_full_sp26/raw/Images_with_annotations_for_CNN_training/D3407-2_L_2024_02_20_13_28_48_Texas.ndpi,/rhf/allocations/dsci435/smithsonian_full_sp26/raw/Images_with_annotations_for_CNN_training/D3407-2_L_2024_02_20_13_28_48_Texas.ndpi.ndpa,10,9,Momipites,Momipites sp,exact,Momipites,YES,circle,,,False
D3407-2_L_2024_02_20_13_28_48_Texas,/rhf/allocations/dsci435/smithsonian_full_sp26/raw/Images_with_annotations_for_CNN_training/D3407-2_L_2024_02_20_13_28_48_Texas.ndpi,/rhf/allocations/dsci435/smithsonian_full_sp26/raw/Images_with_annotations_for_CNN_training/D3407-2_L_2024_02_20_13_28_48_Texas.ndpi.ndpa,11,10,Momipites,Momipites sp,exact,Momipites,YES,circle,,,False
D3407-2_L_2024_02_20_13_28_48_Texas,/rhf/allocations/dsci435/smithsonian_full_sp26/raw/Images_with_annotations_for_CNN_training/D3407-2_L_2024_02_20_13_28_48_Texas.ndpi,/rhf/allocations/dsci435/smithsonian_full_sp26/raw/Images_with_annotations_for_CNN_training/D3407-2_L_2024_02_20_13_28_48_Texas.ndpi.ndpa,14,13,Momipites,Momipites sp,exact,Momipites,YES,circle,,,False
D3407-2_L_2024_02_20_13_28_48_Texas,/rhf/allocations/dsci435/smithsonian_full_sp26/raw/Images_with_annotations_for_CNN_training/D3407-2_L_2024_02_20_13_28_48_Texas.ndpi,/rhf/allocations/dsci435/smithsonian_full_sp26/raw/Images_with_annotations_for_CNN_training/D3407-2_L_2024_02_20_13_28_48_Texas.ndpi.ndpa,16,15,Momipites,Momipites sp,exact,Momipites,YES,circle,,,False
D3407-2_L_2024_02_20_13_28_48_Texas,/rhf/allocations/dsci435/smithsonian_full_sp26/raw/Images_with_annotations_for_CNN_training/D3407-2_L_2024_02_20_13_28_48_Texas.ndpi,/rhf/allocations/dsci435/smithsonian_full_sp26/raw/Images_with_annotations_for_CNN_training/D3407-2_L_2024_02_20_13_28_48_Texas.ndpi.ndpa,18,17,Momipites,Momipites sp,exact,Momipites,YES,circle,,,False
D3407-2_L_2024_02_20_13_28_48_Texas,/rhf/allocations/dsci435/smithsonian_full_sp26/raw/Images_with_annotations_for_CNN_training/D3407-2_L_2024_02_20_13_28_48_Texas.ndpi,/rhf/allocations/dsci435/smithsonian_full_sp26/raw/Images_with_annotations_for_CNN_training/D3407-2_L_2024_02_20_13_28_48_Texas.ndpi.ndpa,24,23,Momipites,Momipites sp,exact,Momipites,YES,circle,,,False
D3407-2_L_2024_02_20_13_28_48_Texas,/rhf/allocations/dsci435/smithsonian_full_sp26/raw/Images_with_annotations_for_CNN_training/D3407-2_L_2024_02_20_13_28_48_Texas.ndpi,/rhf/allocations/dsci435/smithsonian_full_sp26/raw/Images_with_annotations_for_CNN_training/D3407-2_L_2024_02_20_13_28_48_Texas.ndpi.ndpa,27,26,Momipites,Momipites sp,exact,Momipites,YES,circle,,,False
D3407-2_L_2024_02_20_13_28_48_Texas,/rhf/allocations/dsci435/smithsonian_full_sp26/raw/Images_with_annotations_for_CNN_training/D3407-2_L_2024_02_20_13_28_48_Texas.ndpi,/rhf/allocations/dsci435/smithsonian_full_sp26/raw/Images_with_annotations_for_CNN_training/D3407-2_L_2024_02_20_13_28_48_Texas.ndpi.ndpa,42,41,Momipites,Momipites sp,exact,Momipites,YES,circle,,,False
D3407-2_L_2024_02_20_13_28_48_Texas,/rhf/allocations/dsci435/smithsonian_full_sp26/raw/Images_with_annotations_for_CNN_training/D3407-2_L_2024_02_20_13_28_48_Texas.ndpi,/rhf/allocations/dsci435/smithsonian_full_sp26/raw/Images_with_annotations_for_CNN_training/D3407-2_L_2024_02_20_13_28_48_Texas.ndpi.ndpa,46,45,Momipites,Momipites sp,exact,Momipites,YES,circle,,,False
D3407-2_L_2024_02_20_13_28_48_Texas,/rhf/allocations/dsci435/smithsonian_full_sp26/raw/Images_with_annotations_for_CNN_training/D3407-2_L_2024_02_20_13_28_48_Texas.ndpi,/rhf/allocations/dsci435/smithsonian_full_sp26/raw/Images_with_annotations_for_CNN_training/D3407-2_L_2024_02_20_13_28_48_Texas.ndpi.ndpa,47,46,Momipites,Momipites sp,exact,Momipites,YES,circle,,,False
D3407-2_L_2024_02_20_13_28_48_Texas,/rhf/allocations/dsci435/smithsonian_full_sp26/raw/Images_with_annotations_for_CNN_training/D3407-2_L_2024_02_20_13_28_48_Texas.ndpi,/rhf/allocations/dsci435/smithsonian_full_sp26/raw/Images_with_annotations_for_CNN_training/D3407-2_L_2024_02_20_13_28_48_Texas.ndpi.ndpa,48,47,Momipites,Momipites sp,exact,Momipites,YES,circle,,,False
D3407-2_L_2024_02_20_13_28_48_Texas,/rhf/allocations/dsci435/smithsonian_full_sp26/raw/Images_with_annotations_for_CNN_training/D3407-2_L_2024_02_20_13_28_48_Texas.ndpi,/rhf/allocations/dsci435/smithsonian_full_sp26/raw/Images_with_annotations_for_CNN_training/D3407-2_L_2024_02_20_13_28_48_Texas.ndpi.ndpa,51,50,Momipites,Momipites sp,exact,Momipites,YES,circle,,,False
D3407-2_L_2024_02_20_13_28_48_Texas,/rhf/allocations/dsci435/smithsonian_full_sp26/raw/Images_with_annotations_for_CNN_training/D3407-2_L_2024_02_20_13_28_48_Texas.ndpi,/rhf/allocations/dsci435/smithsonian_full_sp26/raw/Images_with_annotations_for_CNN_training/D3407-2_L_2024_02_20_13_28_48_Texas.ndpi.ndpa,58,57,Momipites,Momipites sp,exact,Momipites,YES,circle,,,False
D3407-2_L_2024_02_20_13_28_48_Texas,/rhf/allocations/dsci435/smithsonian_full_sp26/raw/Images_with_annotations_for_CNN_training/D3407-2_L_2024_02_20_13_28_48_Texas.ndpi,/rhf/allocations/dsci435/smithsonian_full_sp26/raw/Images_with_annotations_for_CNN_training/D3407-2_L_2024_02_20_13_28_48_Texas.ndpi.ndpa,62,61,Momipites,Momipites sp,exact,Momipites,YES,circle,,,False
D3407-2_L_2024_02_20_13_28_48_Texas,/rhf/allocations/dsci435/smithsonian_full_sp26/raw/Images_with_annotations_for_CNN_training/D3407-2_L_2024_02_20_13_28_48_Texas.ndpi,/rhf/allocations/dsci435/smithsonian_full_sp26/raw/Images_with_annotations_for_CNN_training/D3407-2_L_2024_02_20_13_28_48_Texas.ndpi.ndpa,67,66,Momipites,Momipites sp,exact,Momipites,YES,circle,,,False
D3407-2_L_2024_02_20_13_28_48_Texas,/rhf/allocations/dsci435/smithsonian_full_sp26/raw/Images_with_annotations_for_CNN_training/D3407-2_L_2024_02_20_13_28_48_Texas.ndpi,/rhf/allocations/dsci435/smithsonian_full_sp26/raw/Images_with_annotations_for_CNN_training/D3407-2_L_2024_02_20_13_28_48_Texas.ndpi.ndpa,72,71,Momipites,Momipites sp,exact,Momipites,YES,circle,,,False
D3407-2_L_2024_02_20_13_28_48_Texas,/rhf/allocations/dsci435/smithsonian_full_sp26/raw/Images_with_annotations_for_CNN_training/D3407-2_L_2024_02_20_13_28_48_Texas.ndpi,/rhf/allocations/dsci435/smithsonian_full_sp26/raw/Images_with_annotations_for_CNN_training/D3407-2_L_2024_02_20_13_28_48_Texas.ndpi.ndpa,74,73,Momipites,Momipites sp,exact,Momipites,YES,circle,,,False
D3407-2_L_2024_02_20_13_28_48_Texas,/rhf/allocations/dsci435/smithsonian_full_sp26/raw/Images_with_annotations_for_CNN_training/D3407-2_L_2024_02_20_13_28_48_Texas.ndpi,/rhf/allocations/dsci435/smithsonian_full_sp26/raw/Images_with_annotations_for_CNN_training/D3407-2_L_2024_02_20_13_28_48_Texas.ndpi.ndpa,75,74,Momipites,Momipites sp,exact,Momipites,YES,circle,,,False
D3407-2_L_2024_02_20_13_28_48_Texas,/rhf/allocations/dsci435/smithsonian_full_sp26/raw/Images_with_annotations_for_CNN_training/D3407-2_L_2024_02_20_13_28_48_Texas.ndpi,/rhf/allocations/dsci435/smithsonian_full_sp26/raw/Images_with_annotations_for_CNN_training/D3407-2_L_2024_02_20_13_28_48_Texas.ndpi.ndpa,83,82,Momipites,Momipites sp,exact,Momipites,YES,circle,,,False
D3407-2_L_2024_02_20_13_28_48_Texas,/rhf/allocations/dsci435/smithsonian_full_sp26/raw/Images_with_annotations_for_CNN_training/D3407-2_L_2024_02_20_13_28_48_Texas.ndpi,/rhf/allocations/dsci435/smithsonian_full_sp26/raw/Images_with_annotations_for_CNN_training/D3407-2_L_2024_02_20_13_28_48_Texas.ndpi.ndpa,86,85,Momipites,Momipites sp,exact,Momipites,YES,circle,,,False
D3407-2_L_2024_02_20_13_28_48_Texas,/rhf/allocations/dsci435/smithsonian_full_sp26/raw/Images_with_annotations_for_CNN_training/D3407-2_L_2024_02_20_13_28_48_Texas.ndpi,/rhf/allocations/dsci435/smithsonian_full_sp26/raw/Images_with_annotations_for_CNN_training/D3407-2_L_2024_02_20_13_28_48_Texas.ndpi.ndpa,96,95,Momipites,Momipites sp,exact,Momipites,YES,circle,,,False
D3407-2_L_2024_02_20_13_28_48_Texas,/rhf/allocations/dsci435/smithsonian_full_sp26/raw/Images_with_annotations_for_CNN_training/D3407-2_L_2024_02_20_13_28_48_Texas.ndpi,/rhf/allocations/dsci435/smithsonian_full_sp26/raw/Images_with_annotations_for_CNN_training/D3407-2_L_2024_02_20_13_28_48_Texas.ndpi.ndpa,110,109,Momipites,Momipites sp,exact,Momipites,YES,circle,,,False
D3407-2_L_2024_02_20_13_28_48_Texas,/rhf/allocations/dsci435/smithsonian_full_sp26/raw/Images_with_annotations_for_CNN_training/D3407-2_L_2024_02_20_13_28_48_Texas.ndpi,/rhf/allocations/dsci435/smithsonian_full_sp26/raw/Images_with_annotations_for_CNN_training/D3407-2_L_2024_02_20_13_28_48_Texas.ndpi.ndpa,113,112,Momipites,Momipites sp,exact,Momipites,YES,circle,,,False
D3408-1_L_2024_02_20_13_47_16_Texas,/rhf/allocations/dsci435/smithsonian_full_sp26/raw/Images_with_annotations_for_CNN_training/D3408-1_L_2024_02_20_13_47_16_Texas.ndpi,/rhf/allocations/dsci435/smithsonian_full_sp26/raw/Images_with_annotations_for_CNN_training/D3408-1_L_2024_02_20_13_47_16_Texas.ndpi.ndpa,2,1,Momipites,Momipites sp,exact,Momipites,YES,circle,,,False
D3408-1_L_2024_02_20_13_47_16_Texas,/rhf/allocations/dsci435/smithsonian_full_sp26/raw/Images_with_annotations_for_CNN_training/D3408-1_L_2024_02_20_13_47_16_Texas.ndpi,/rhf/allocations/dsci435/smithsonian_full_sp26/raw/Images_with_annotations_for_CNN_training/D3408-1_L_2024_02_20_13_47_16_Texas.ndpi.ndpa,7,6,Cicatricosisporites dorogensis,Cicatricosisporites sp.,exact,Cicatricosisporites dorogensis,YES,circle,,,False
D3408-1_L_2024_02_20_13_47_16_Texas,/rhf/allocations/dsci435/smithsonian_full_sp26/raw/Images_with_annotations_for_CNN_training/D3408-1_L_2024_02_20_13_47_16_Texas.ndpi,/rhf/allocations/dsci435/smithsonian_full_sp26/raw/Images_with_annotations_for_CNN_training/D3408-1_L_2024_02_20_13_47_16_Texas.ndpi.ndpa,8,7,Monocolpites,Monocolpites sp.,exact,Monocolpites,YES,circle,,,False
D3408-1_L_2024_02_20_13_47_16_Texas,/rhf/allocations/dsci435/smithsonian_full_sp26/raw/Images_with_annotations_for_CNN_training/D3408-1_L_2024_02_20_13_47_16_Texas.ndpi,/rhf/allocations/dsci435/smithsonian_full_sp26/raw/Images_with_annotations_for_CNN_training/D3408-1_L_2024_02_20_13_47_16_Texas.ndpi.ndpa,9,8,Momipites,Momipites sp,exact,Momipites,YES,circle,,,False
D3408-1_L_2024_02_20_13_47_16_Texas,/rhf/allocations/dsci435/smithsonian_full_sp26/raw/Images_with_annotations_for_CNN_training/D3408-1_L_2024_02_20_13_47_16_Texas.ndpi,/rhf/allocations/dsci435/smithsonian_full_sp26/raw/Images_with_annotations_for_CNN_training/D3408-1_L_2024_02_20_13_47_16_Texas.ndpi.ndpa,10,9,Momipites,Momipites sp,exact,Momipites,YES,circle,,,False
D3408-1_L_2024_02_20_13_47_16_Texas,/rhf/allocations/dsci435/smithsonian_full_sp26/raw/Images_with_annotations_for_CNN_training/D3408-1_L_2024_02_20_13_47_16_Texas.ndpi,/rhf/allocations/dsci435/smithsonian_full_sp26/raw/Images_with_annotations_for_CNN_training/D3408-1_L_2024_02_20_13_47_16_Texas.ndpi.ndpa,21,20,Momipites,Momipites sp,exact,Momipites,YES,circle,,,False
D3408-1_L_2024_02_20_13_47_16_Texas,/rhf/allocations/dsci435/smithsonian_full_sp26/raw/Images_with_annotations_for_CNN_training/D3408-1_L_2024_02_20_13_47_16_Texas.ndpi,/rhf/allocations/dsci435/smithsonian_full_sp26/raw/Images_with_annotations_for_CNN_training/D3408-1_L_2024_02_20_13_47_16_Texas.ndpi.ndpa,29,28,Momipites,Momipites sp,exact,Momipites,YES,circle,,,False
D3408-1_L_2024_02_20_13_47_16_Texas,/rhf/allocations/dsci435/smithsonian_full_sp26/raw/Images_with_annotations_for_CNN_training/D3408-1_L_2024_02_20_13_47_16_Texas.ndpi,/rhf/allocations/dsci435/smithsonian_full_sp26/raw/Images_with_annotations_for_CNN_training/D3408-1_L_2024_02_20_13_47_16_Texas.ndpi.ndpa,31,30,Momipites,Momipites sp,exact,Momipites,YES,circle,,,False
D3408-1_L_2024_02_20_13_47_16_Texas,/rhf/allocations/dsci435/smithsonian_full_sp26/raw/Images_with_annotations_for_CNN_training/D3408-1_L_2024_02_20_13_47_16_Texas.ndpi,/rhf/allocations/dsci435/smithsonian_full_sp26/raw/Images_with_annotations_for_CNN_training/D3408-1_L_2024_02_20_13_47_16_Texas.ndpi.ndpa,32,31,Momipites,Momipites sp,exact,Momipites,YES,circle,,,False
D3408-1_L_2024_02_20_13_47_16_Texas,/rhf/allocations/dsci435/smithsonian_full_sp26/raw/Images_with_annotations_for_CNN_training/D3408-1_L_2024_02_20_13_47_16_Texas.ndpi,/rhf/allocations/dsci435/smithsonian_full_sp26/raw/Images_with_annotations_for_CNN_training/D3408-1_L_2024_02_20_13_47_16_Texas.ndpi.ndpa,40,39,Cicatricosisporites,Cicatricosisporites sp.,exact,Cicatricosisporites,YES,circle,,,False
D3408-1_L_2024_02_20_13_47_16_Texas,/rhf/allocations/dsci435/smithsonian_full_sp26/raw/Images_with_annotations_for_CNN_training/D3408-1_L_2024_02_20_13_47_16_Texas.ndpi,/rhf/allocations/dsci435/smithsonian_full_sp26/raw/Images_with_annotations_for_CNN_training/D3408-1_L_2024_02_20_13_47_16_Texas.ndpi.ndpa,42,41,Momipites,Momipites sp,exact,Momipites,YES,circle,,,False
D3408-1_L_2024_02_20_13_47_16_Texas,/rhf/allocations/dsci435/smithsonian_full_sp26/raw/Images_with_annotations_for_CNN_training/D3408-1_L_2024_02_20_13_47_16_Texas.ndpi,/rhf/allocations/dsci435/smithsonian_full_sp26/raw/Images_with_annotations_for_CNN_training/D3408-1_L_2024_02_20_13_47_16_Texas.ndpi.ndpa,50,49,Momipites,Momipites sp,exact,Momipites,YES,circle,,,False
D3408-1_L_2024_02_20_13_47_16_Texas,/rhf/allocations/dsci435/smithsonian_full_sp26/raw/Images_with_annotations_for_CNN_training/D3408-1_L_2024_02_20_13_47_16_Texas.ndpi,/rhf/allocations/dsci435/smithsonian_full_sp26/raw/Images_with_annotations_for_CNN_training/D3408-1_L_2024_02_20_13_47_16_Texas.ndpi.ndpa,63,62,Momipites,Momipites sp,exact,Momipites,YES,circle,,,False
D3408-1_L_2024_02_20_13_47_16_Texas,/rhf/allocations/dsci435/smithsonian_full_sp26/raw/Images_with_annotations_for_CNN_training/D3408-1_L_2024_02_20_13_47_16_Texas.ndpi,/rhf/allocations/dsci435/smithsonian_full_sp26/raw/Images_with_annotations_for_CNN_training/D3408-1_L_2024_02_20_13_47_16_Texas.ndpi.ndpa,80,79,Momipites,Momipites sp,exact,Momipites,YES,circle,,,False
D3408-1_L_2024_02_20_13_47_16_Texas,/rhf/allocations/dsci435/smithsonian_full_sp26/raw/Images_with_annotations_for_CNN_training/D3408-1_L_2024_02_20_13_47_16_Texas.ndpi,/rhf/allocations/dsci435/smithsonian_full_sp26/raw/Images_with_annotations_for_CNN_training/D3408-1_L_2024_02_20_13_47_16_Texas.ndpi.ndpa,83,82,Cicatricosisporites,Cicatricosisporites sp.,exact,Cicatricosisporites,YES,circle,,,False
D3408-1_L_2024_02_20_13_47_16_Texas,/rhf/allocations/dsci435/smithsonian_full_sp26/raw/Images_with_annotations_for_CNN_training/D3408-1_L_2024_02_20_13_47_16_Texas.ndpi,/rhf/allocations/dsci435/smithsonian_full_sp26/raw/Images_with_annotations_for_CNN_training/D3408-1_L_2024_02_20_13_47_16_Texas.ndpi.ndpa,90,89,Momipites,Momipites sp,exact,Momipites,YES,circle,,,False
D3408-1_L_2024_02_20_13_47_16_Texas,/rhf/allocations/dsci435/smithsonian_full_sp26/raw/Images_with_annotations_for_CNN_training/D3408-1_L_2024_02_20_13_47_16_Texas.ndpi,/rhf/allocations/dsci435/smithsonian_full_sp26/raw/Images_with_annotations_for_CNN_training/D3408-1_L_2024_02_20_13_47_16_Texas.ndpi.ndpa,111,110,Momipites,Momipites sp,exact,Momipites,YES,circle,,,False
D3408-1_L_2024_02_20_13_47_16_Texas,/rhf/allocations/dsci435/smithsonian_full_sp26/raw/Images_with_annotations_for_CNN_training/D3408-1_L_2024_02_20_13_47_16_Texas.ndpi,/rhf/allocations/dsci435/smithsonian_full_sp26/raw/Images_with_annotations_for_CNN_training/D3408-1_L_2024_02_20_13_47_16_Texas.ndpi.ndpa,114,113,Momipites,Momipites sp,exact,Momipites,YES,circle,,,False
D3408-1_L_2024_02_20_13_47_16_Texas,/rhf/allocations/dsci435/smithsonian_full_sp26/raw/Images_with_annotations_for_CNN_training/D3408-1_L_2024_02_20_13_47_16_Texas.ndpi,/rhf/allocations/dsci435/smithsonian_full_sp26/raw/Images_with_annotations_for_CNN_training/D3408-1_L_2024_02_20_13_47_16_Texas.ndpi.ndpa,118,117,Momipites,Momipites sp,exact,Momipites,YES,circle,,,False
D3408-1_L_2024_02_20_13_47_16_Texas,/rhf/allocations/dsci435/smithsonian_full_sp26/raw/Images_with_annotations_for_CNN_training/D3408-1_L_2024_02_20_13_47_16_Texas.ndpi,/rhf/allocations/dsci435/smithsonian_full_sp26/raw/Images_with_annotations_for_CNN_training/D3408-1_L_2024_02_20_13_47_16_Texas.ndpi.ndpa,122,121,Momipites,Momipites sp,exact,Momipites,YES,circle,,,False
D3408-1_L_2024_02_20_13_47_16_Texas,/rhf/allocations/dsci435/smithsonian_full_sp26/raw/Images_with_annotations_for_CNN_training/D3408-1_L_2024_02_20_13_47_16_Texas.ndpi,/rhf/allocations/dsci435/smithsonian_full_sp26/raw/Images_with_annotations_for_CNN_training/D3408-1_L_2024_02_20_13_47_16_Texas.ndpi.ndpa,134,133,Momipites,Momipites sp,exact,Momipites,YES,circle,,,False
D3408-1_L_2024_02_20_13_47_16_Texas,/rhf/allocations/dsci435/smithsonian_full_sp26/raw/Images_with_annotations_for_CNN_training/D3408-1_L_2024_02_20_13_47_16_Texas.ndpi,/rhf/allocations/dsci435/smithsonian_full_sp26/raw/Images_with_annotations_for_CNN_training/D3408-1_L_2024_02_20_13_47_16_Texas.ndpi.ndpa,139,138,Momipites,Momipites sp,exact,Momipites,YES,circle,,,False
D3408-1_L_2024_02_20_13_47_16_Texas,/rhf/allocations/dsci435/smithsonian_full_sp26/raw/Images_with_annotations_for_CNN_training/D3408-1_L_2024_02_20_13_47_16_Texas.ndpi,/rhf/allocations/dsci435/smithsonian_full_sp26/raw/Images_with_annotations_for_CNN_training/D3408-1_L_2024_02_20_13_47_16_Texas.ndpi.ndpa,140,139,Momipites,Momipites sp,exact,Momipites,YES,circle,,,False
D3408-1_L_2024_02_20_13_47_16_Texas,/rhf/allocations/dsci435/smithsonian_full_sp26/raw/Images_with_annotations_for_CNN_training/D3408-1_L_2024_02_20_13_47_16_Texas.ndpi,/rhf/allocations/dsci435/smithsonian_full_sp26/raw/Images_with_annotations_for_CNN_training/D3408-1_L_2024_02_20_13_47_16_Texas.ndpi.ndpa,143,142,Momipites,Momipites sp,exact,Momipites,YES,circle,,,False
D3408-1_L_2024_02_20_13_47_16_Texas,/rhf/allocations/dsci435/smithsonian_full_sp26/raw/Images_with_annotations_for_CNN_training/D3408-1_L_2024_02_20_13_47_16_Texas.ndpi,/rhf/allocations/dsci435/smithsonian_full_sp26/raw/Images_with_annotations_for_CNN_training/D3408-1_L_2024_02_20_13_47_16_Texas.ndpi.ndpa,160,159,Momipites,Momipites sp,exact,Momipites,YES,circle,,,False
D3408-1_L_2024_02_20_13_47_16_Texas,/rhf/allocations/dsci435/smithsonian_full_sp26/raw/Images_with_annotations_for_CNN_training/D3408-1_L_2024_02_20_13_47_16_Texas.ndpi,/rhf/allocations/dsci435/smithsonian_full_sp26/raw/Images_with_annotations_for_CNN_training/D3408-1_L_2024_02_20_13_47_16_Texas.ndpi.ndpa,161,160,Momipites,Momipites sp,exact,Momipites,YES,circle,,,False
D3408-1_L_2024_02_20_13_47_16_Texas,/rhf/allocations/dsci435/smithsonian_full_sp26/raw/Images_with_annotations_for_CNN_training/D3408-1_L_2024_02_20_13_47_16_Texas.ndpi,/rhf/allocations/dsci435/smithsonian_full_sp26/raw/Images_with_annotations_for_CNN_training/D3408-1_L_2024_02_20_13_47_16_Texas.ndpi.ndpa,165,164,Momipites,Momipites sp,exact,Momipites,YES,circle,,,False
D3408-1_L_2024_02_20_13_47_16_Texas,/rhf/allocations/dsci435/smithsonian_full_sp26/raw/Images_with_annotations_for_CNN_training/D3408-1_L_2024_02_20_13_47_16_Texas.ndpi,/rhf/allocations/dsci435/smithsonian_full_sp26/raw/Images_with_annotations_for_CNN_training/D3408-1_L_2024_02_20_13_47_16_Texas.ndpi.ndpa,167,166,Momipites,Momipites sp,exact,Momipites,YES,circle,,,False
D3408-1_L_2024_02_20_13_47_16_Texas,/rhf/allocations/dsci435/smithsonian_full_sp26/raw/Images_with_annotations_for_CNN_training/D3408-1_L_2024_02_20_13_47_16_Texas.ndpi,/rhf/allocations/dsci435/smithsonian_full_sp26/raw/Images_with_annotations_for_CNN_training/D3408-1_L_2024_02_20_13_47_16_Texas.ndpi.ndpa,178,177,Momipites,Momipites sp,exact,Momipites,YES,circle,,,False
D3408-1_L_2024_02_20_13_47_16_Texas,/rhf/allocations/dsci435/smithsonian_full_sp26/raw/Images_with_annotations_for_CNN_training/D3408-1_L_2024_02_20_13_47_16_Texas.ndpi,/rhf/allocations/dsci435/smithsonian_full_sp26/raw/Images_with_annotations_for_CNN_training/D3408-1_L_2024_02_20_13_47_16_Texas.ndpi.ndpa,182,181,Momipites,Momipites sp,exact,Momipites,YES,circle,,,False
D3408-1_L_2024_02_20_13_47_16_Texas,/rhf/allocations/dsci435/smithsonian_full_sp26/raw/Images_with_annotations_for_CNN_training/D3408-1_L_2024_02_20_13_47_16_Texas.ndpi,/rhf/allocations/dsci435/smithsonian_full_sp26/raw/Images_with_annotations_for_CNN_training/D3408-1_L_2024_02_20_13_47_16_Texas.ndpi.ndpa,185,184,Momipites,Momipites sp,exact,Momipites,YES,circle,,,False
D3408-1_L_2024_02_20_13_47_16_Texas,/rhf/allocations/dsci435/smithsonian_full_sp26/raw/Images_with_annotations_for_CNN_training/D3408-1_L_2024_02_20_13_47_16_Texas.ndpi,/rhf/allocations/dsci435/smithsonian_full_sp26/raw/Images_with_annotations_for_CNN_training/D3408-1_L_2024_02_20_13_47_16_Texas.ndpi.ndpa,193,192,Momipites,Momipites sp,exact,Momipites,YES,circle,,,False
D3408-1_L_2024_02_20_13_47_16_Texas,/rhf/allocations/dsci435/smithsonian_full_sp26/raw/Images_with_annotations_for_CNN_training/D3408-1_L_2024_02_20_13_47_16_Texas.ndpi,/rhf/allocations/dsci435/smithsonian_full_sp26/raw/Images_with_annotations_for_CNN_training/D3408-1_L_2024_02_20_13_47_16_Texas.ndpi.ndpa,194,193,Momipites,Momipites sp,exact,Momipites,YES,circle,,,False
D3408-1_L_2024_02_20_13_47_16_Texas,/rhf/allocations/dsci435/smithsonian_full_sp26/raw/Images_with_annotations_for_CNN_training/D3408-1_L_2024_02_20_13_47_16_Texas.ndpi,/rhf/allocations/dsci435/smithsonian_full_sp26/raw/Images_with_annotations_for_CNN_training/D3408-1_L_2024_02_20_13_47_16_Texas.ndpi.ndpa,209,208,Cicatricosisporites,Cicatricosisporites sp.,exact,Cicatricosisporites,YES,circle,,,False
D3408-1_L_2024_02_20_13_47_16_Texas,/rhf/allocations/dsci435/smithsonian_full_sp26/raw/Images_with_annotations_for_CNN_training/D3408-1_L_2024_02_20_13_47_16_Texas.ndpi,/rhf/allocations/dsci435/smithsonian_full_sp26/raw/Images_with_annotations_for_CNN_training/D3408-1_L_2024_02_20_13_47_16_Texas.ndpi.ndpa,211,210,Momipites,Momipites sp,exact,Momipites,YES,circle,,,False
D3408-1_L_2024_02_20_13_47_16_Texas,/rhf/allocations/dsci435/smithsonian_full_sp26/raw/Images_with_annotations_for_CNN_training/D3408-1_L_2024_02_20_13_47_16_Texas.ndpi,/rhf/allocations/dsci435/smithsonian_full_sp26/raw/Images_with_annotations_for_CNN_training/D3408-1_L_2024_02_20_13_47_16_Texas.ndpi.ndpa,212,211,Momipites,Momipites sp,exact,Momipites,YES,circle,,,False
D3408-1_L_2024_02_20_13_47_16_Texas,/rhf/allocations/dsci435/smithsonian_full_sp26/raw/Images_with_annotations_for_CNN_training/D3408-1_L_2024_02_20_13_47_16_Texas.ndpi,/rhf/allocations/dsci435/smithsonian_full_sp26/raw/Images_with_annotations_for_CNN_training/D3408-1_L_2024_02_20_13_47_16_Texas.ndpi.ndpa,226,225,Momipites,Momipites sp,exact,Momipites,YES,circle,,,False
D3408-1_L_2024_02_20_13_47_16_Texas,/rhf/allocations/dsci435/smithsonian_full_sp26/raw/Images_with_annotations_for_CNN_training/D3408-1_L_2024_02_20_13_47_16_Texas.ndpi,/rhf/allocations/dsci435/smithsonian_full_sp26/raw/Images_with_annotations_for_CNN_training/D3408-1_L_2024_02_20_13_47_16_Texas.ndpi.ndpa,233,232,Momipites,Momipites sp,exact,Momipites,YES,circle,,,False
D3408-1_L_2024_02_20_13_47_16_Texas,/rhf/allocations/dsci435/smithsonian_full_sp26/raw/Images_with_annotations_for_CNN_training/D3408-1_L_2024_02_20_13_47_16_Texas.ndpi,/rhf/allocations/dsci435/smithsonian_full_sp26/raw/Images_with_annotations_for_CNN_training/D3408-1_L_2024_02_20_13_47_16_Texas.ndpi.ndpa,235,234,Momipites,Momipites sp,exact,Momipites,YES,circle,,,False
D3408-1_L_2024_02_20_13_47_16_Texas,/rhf/allocations/dsci435/smithsonian_full_sp26/raw/Images_with_annotations_for_CNN_training/D3408-1_L_2024_02_20_13_47_16_Texas.ndpi,/rhf/allocations/dsci435/smithsonian_full_sp26/raw/Images_with_annotations_for_CNN_training/D3408-1_L_2024_02_20_13_47_16_Texas.ndpi.ndpa,236,235,Momipites,Momipites sp,exact,Momipites,YES,circle,,,False
D3408-1_L_2024_02_20_13_47_16_Texas,/rhf/allocations/dsci435/smithsonian_full_sp26/raw/Images_with_annotations_for_CNN_training/D3408-1_L_2024_02_20_13_47_16_Texas.ndpi,/rhf/allocations/dsci435/smithsonian_full_sp26/raw/Images_with_annotations_for_CNN_training/D3408-1_L_2024_02_20_13_47_16_Texas.ndpi.ndpa,237,236,Momipites,Momipites sp,exact,Momipites,YES,circle,,,False
D3408-1_L_2024_02_20_13_47_16_Texas,/rhf/allocations/dsci435/smithsonian_full_sp26/raw/Images_with_annotations_for_CNN_training/D3408-1_L_2024_02_20_13_47_16_Texas.ndpi,/rhf/allocations/dsci435/smithsonian_full_sp26/raw/Images_with_annotations_for_CNN_training/D3408-1_L_2024_02_20_13_47_16_Texas.ndpi.ndpa,241,240,Momipites,Momipites sp,exact,Momipites,YES,circle,,,False
D3408-1_L_2024_02_20_13_47_16_Texas,/rhf/allocations/dsci435/smithsonian_full_sp26/raw/Images_with_annotations_for_CNN_training/D3408-1_L_2024_02_20_13_47_16_Texas.ndpi,/rhf/allocations/dsci435/smithsonian_full_sp26/raw/Images_with_annotations_for_CNN_training/D3408-1_L_2024_02_20_13_47_16_Texas.ndpi.ndpa,245,244,Cicatricosisporites,Cicatricosisporites sp.,exact,Cicatricosisporites,YES,circle,,,False
D3408-1_L_2024_02_20_13_47_16_Texas,/rhf/allocations/dsci435/smithsonian_full_sp26/raw/Images_with_annotations_for_CNN_training/D3408-1_L_2024_02_20_13_47_16_Texas.ndpi,/rhf/allocations/dsci435/smithsonian_full_sp26/raw/Images_with_annotations_for_CNN_training/D3408-1_L_2024_02_20_13_47_16_Texas.ndpi.ndpa,250,249,Momipites,Momipites sp,exact,Momipites,YES,circle,,,False
D3408-1_L_2024_02_20_13_47_16_Texas,/rhf/allocations/dsci435/smithsonian_full_sp26/raw/Images_with_annotations_for_CNN_training/D3408-1_L_2024_02_20_13_47_16_Texas.ndpi,/rhf/allocations/dsci435/smithsonian_full_sp26/raw/Images_with_annotations_for_CNN_training/D3408-1_L_2024_02_20_13_47_16_Texas.ndpi.ndpa,262,261,Momipites,Momipites sp,exact,Momipites,YES,circle,,,False
D3408-1_L_2024_02_20_13_47_16_Texas,/rhf/allocations/dsci435/smithsonian_full_sp26/raw/Images_with_annotations_for_CNN_training/D3408-1_L_2024_02_20_13_47_16_Texas.ndpi,/rhf/allocations/dsci435/smithsonian_full_sp26/raw/Images_with_annotations_for_CNN_training/D3408-1_L_2024_02_20_13_47_16_Texas.ndpi.ndpa,271,270,Momipites,Momipites sp,exact,Momipites,YES,circle,,,False
D3408-1_L_2024_02_20_13_47_16_Texas,/rhf/allocations/dsci435/smithsonian_full_sp26/raw/Images_with_annotations_for_CNN_training/D3408-1_L_2024_02_20_13_47_16_Texas.ndpi,/rhf/allocations/dsci435/smithsonian_full_sp26/raw/Images_with_annotations_for_CNN_training/D3408-1_L_2024_02_20_13_47_16_Texas.ndpi.ndpa,276,275,Momipites,Momipites sp,exact,Momipites,YES,circle,,,False
D3408-1_L_2024_02_20_13_47_16_Texas,/rhf/allocations/dsci435/smithsonian_full_sp26/raw/Images_with_annotations_for_CNN_training/D3408-1_L_2024_02_20_13_47_16_Texas.ndpi,/rhf/allocations/dsci435/smithsonian_full_sp26/raw/Images_with_annotations_for_CNN_training/D3408-1_L_2024_02_20_13_47_16_Texas.ndpi.ndpa,282,281,Momipites,Momipites sp,exact,Momipites,YES,circle,,,False
D3408-1_L_2024_02_20_13_47_16_Texas,/rhf/allocations/dsci435/smithsonian_full_sp26/raw/Images_with_annotations_for_CNN_training/D3408-1_L_2024_02_20_13_47_16_Texas.ndpi,/rhf/allocations/dsci435/smithsonian_full_sp26/raw/Images_with_annotations_for_CNN_training/D3408-1_L_2024_02_20_13_47_16_Texas.ndpi.ndpa,285,284,Momipites,Momipites sp,exact,Momipites,YES,circle,,,False
D3408-1_L_2024_02_20_13_47_16_Texas,/rhf/allocations/dsci435/smithsonian_full_sp26/raw/Images_with_annotations_for_CNN_training/D3408-1_L_2024_02_20_13_47_16_Texas.ndpi,/rhf/allocations/dsci435/smithsonian_full_sp26/raw/Images_with_annotations_for_CNN_training/D3408-1_L_2024_02_20_13_47_16_Texas.ndpi.ndpa,286,285,Momipites,Momipites sp,exact,Momipites,YES,circle,,,False
D3408-1_L_2024_02_20_13_47_16_Texas,/rhf/allocations/dsci435/smithsonian_full_sp26/raw/Images_with_annotations_for_CNN_training/D3408-1_L_2024_02_20_13_47_16_Texas.ndpi,/rhf/allocations/dsci435/smithsonian_full_sp26/raw/Images_with_annotations_for_CNN_training/D3408-1_L_2024_02_20_13_47_16_Texas.ndpi.ndpa,288,287,Cicatricosisporites dorogensis,Cicatricosisporites sp.,exact,Cicatricosisporites dorogensis,YES,circle,,,False
D3408-1_L_2024_02_20_13_47_16_Texas,/rhf/allocations/dsci435/smithsonian_full_sp26/raw/Images_with_annotations_for_CNN_training/D3408-1_L_2024_02_20_13_47_16_Texas.ndpi,/rhf/allocations/dsci435/smithsonian_full_sp26/raw/Images_with_annotations_for_CNN_training/D3408-1_L_2024_02_20_13_47_16_Texas.ndpi.ndpa,295,294,Momipites,Momipites sp,exact,Momipites,YES,circle,,,False
D3408-1_L_2024_02_20_13_47_16_Texas,/rhf/allocations/dsci435/smithsonian_full_sp26/raw/Images_with_annotations_for_CNN_training/D3408-1_L_2024_02_20_13_47_16_Texas.ndpi,/rhf/allocations/dsci435/smithsonian_full_sp26/raw/Images_with_annotations_for_CNN_training/D3408-1_L_2024_02_20_13_47_16_Texas.ndpi.ndpa,302,301,Momipites,Momipites sp,exact,Momipites,YES,circle,,,False
D3408-1_L_2024_02_20_13_47_16_Texas,/rhf/allocations/dsci435/smithsonian_full_sp26/raw/Images_with_annotations_for_CNN_training/D3408-1_L_2024_02_20_13_47_16_Texas.ndpi,/rhf/allocations/dsci435/smithsonian_full_sp26/raw/Images_with_annotations_for_CNN_training/D3408-1_L_2024_02_20_13_47_16_Texas.ndpi.ndpa,305,304,Momipites,Momipites sp,exact,Momipites,YES,circle,,,False
D3408-1_L_2024_02_20_13_47_16_Texas,/rhf/allocations/dsci435/smithsonian_full_sp26/raw/Images_with_annotations_for_CNN_training/D3408-1_L_2024_02_20_13_47_16_Texas.ndpi,/rhf/allocations/dsci435/smithsonian_full_sp26/raw/Images_with_annotations_for_CNN_training/D3408-1_L_2024_02_20_13_47_16_Texas.ndpi.ndpa,306,305,Momipites,Momipites sp,exact,Momipites,YES,circle,,,False
D3408-1_L_2024_02_20_13_47_16_Texas,/rhf/allocations/dsci435/smithsonian_full_sp26/raw/Images_with_annotations_for_CNN_training/D3408-1_L_2024_02_20_13_47_16_Texas.ndpi,/rhf/allocations/dsci435/smithsonian_full_sp26/raw/Images_with_annotations_for_CNN_training/D3408-1_L_2024_02_20_13_47_16_Texas.ndpi.ndpa,308,307,Momipites,Momipites sp,exact,Momipites,YES,circle,,,False
D3408-1_L_2024_02_20_13_47_16_Texas,/rhf/allocations/dsci435/smithsonian_full_sp26/raw/Images_with_annotations_for_CNN_training/D3408-1_L_2024_02_20_13_47_16_Texas.ndpi,/rhf/allocations/dsci435/smithsonian_full_sp26/raw/Images_with_annotations_for_CNN_training/D3408-1_L_2024_02_20_13_47_16_Texas.ndpi.ndpa,309,308,Momipites,Momipites sp,exact,Momipites,YES,circle,,,False
D3408-1_L_2024_02_20_13_47_16_Texas,/rhf/allocations/dsci435/smithsonian_full_sp26/raw/Images_with_annotations_for_CNN_training/D3408-1_L_2024_02_20_13_47_16_Texas.ndpi,/rhf/allocations/dsci435/smithsonian_full_sp26/raw/Images_with_annotations_for_CNN_training/D3408-1_L_2024_02_20_13_47_16_Texas.ndpi.ndpa,323,322,Momipites,Momipites sp,exact,Momipites,YES,circle,,,False
D3408-1_L_2024_02_20_13_47_16_Texas,/rhf/allocations/dsci435/smithsonian_full_sp26/raw/Images_with_annotations_for_CNN_training/D3408-1_L_2024_02_20_13_47_16_Texas.ndpi,/rhf/allocations/dsci435/smithsonian_full_sp26/raw/Images_with_annotations_for_CNN_training/D3408-1_L_2024_02_20_13_47_16_Texas.ndpi.ndpa,327,326,Momipites,Momipites sp,exact,Momipites,YES,circle,,,False
D3408-1_L_2024_02_20_13_47_16_Texas,/rhf/allocations/dsci435/smithsonian_full_sp26/raw/Images_with_annotations_for_CNN_training/D3408-1_L_2024_02_20_13_47_16_Texas.ndpi,/rhf/allocations/dsci435/smithsonian_full_sp26/raw/Images_with_annotations_for_CNN_training/D3408-1_L_2024_02_20_13_47_16_Texas.ndpi.ndpa,332,331,Momipites,Momipites sp,exact,Momipites,YES,circle,,,False
D3408-1_L_2024_02_20_13_47_16_Texas,/rhf/allocations/dsci435/smithsonian_full_sp26/raw/Images_with_annotations_for_CNN_training/D3408-1_L_2024_02_20_13_47_16_Texas.ndpi,/rhf/allocations/dsci435/smithsonian_full_sp26/raw/Images_with_annotations_for_CNN_training/D3408-1_L_2024_02_20_13_47_16_Texas.ndpi.ndpa,351,350,Momipites,Momipites sp,exact,Momipites,YES,circle,,,False
D3408-1_L_2024_02_20_13_47_16_Texas,/rhf/allocations/dsci435/smithsonian_full_sp26/raw/Images_with_annotations_for_CNN_training/D3408-1_L_2024_02_20_13_47_16_Texas.ndpi,/rhf/allocations/dsci435/smithsonian_full_sp26/raw/Images_with_annotations_for_CNN_training/D3408-1_L_2024_02_20_13_47_16_Texas.ndpi.ndpa,354,353,Momipites,Momipites sp,exact,Momipites,YES,circle,,,False
D3408-1_L_2024_02_20_13_47_16_Texas,/rhf/allocations/dsci435/smithsonian_full_sp26/raw/Images_with_annotations_for_CNN_training/D3408-1_L_2024_02_20_13_47_16_Texas.ndpi,/rhf/allocations/dsci435/smithsonian_full_sp26/raw/Images_with_annotations_for_CNN_training/D3408-1_L_2024_02_20_13_47_16_Texas.ndpi.ndpa,361,360,Momipites,Momipites sp,exact,Momipites,YES,circle,,,False
D3408-1_L_2024_02_20_13_47_16_Texas,/rhf/allocations/dsci435/smithsonian_full_sp26/raw/Images_with_annotations_for_CNN_training/D3408-1_L_2024_02_20_13_47_16_Texas.ndpi,/rhf/allocations/dsci435/smithsonian_full_sp26/raw/Images_with_annotations_for_CNN_training/D3408-1_L_2024_02_20_13_47_16_Texas.ndpi.ndpa,362,361,Momipites,Momipites sp,exact,Momipites,YES,circle,,,False
D3408-1_L_2024_02_20_13_47_16_Texas,/rhf/allocations/dsci435/smithsonian_full_sp26/raw/Images_with_annotations_for_CNN_training/D3408-1_L_2024_02_20_13_47_16_Texas.ndpi,/rhf/allocations/dsci435/smithsonian_full_sp26/raw/Images_with_annotations_for_CNN_training/D3408-1_L_2024_02_20_13_47_16_Texas.ndpi.ndpa,365,364,Momipites,Momipites sp,exact,Momipites,YES,circle,,,False
D3408-1_L_2024_02_20_13_47_16_Texas,/rhf/allocations/dsci435/smithsonian_full_sp26/raw/Images_with_annotations_for_CNN_training/D3408-1_L_2024_02_20_13_47_16_Texas.ndpi,/rhf/allocations/dsci435/smithsonian_full_sp26/raw/Images_with_annotations_for_CNN_training/D3408-1_L_2024_02_20_13_47_16_Texas.ndpi.ndpa,394,393,Cicatricosisporites,Cicatricosisporites sp.,exact,Cicatricosisporites,YES,circle,,,False
D3408-1_L_2024_02_20_13_47_16_Texas,/rhf/allocations/dsci435/smithsonian_full_sp26/raw/Images_with_annotations_for_CNN_training/D3408-1_L_2024_02_20_13_47_16_Texas.ndpi,/rhf/allocations/dsci435/smithsonian_full_sp26/raw/Images_with_annotations_for_CNN_training/D3408-1_L_2024_02_20_13_47_16_Texas.ndpi.ndpa,400,399,Momipites,Momipites sp,exact,Momipites,YES,circle,,,False
D3408-1_L_2024_02_20_13_47_16_Texas,/rhf/allocations/dsci435/smithsonian_full_sp26/raw/Images_with_annotations_for_CNN_training/D3408-1_L_2024_02_20_13_47_16_Texas.ndpi,/rhf/allocations/dsci435/smithsonian_full_sp26/raw/Images_with_annotations_for_CNN_training/D3408-1_L_2024_02_20_13_47_16_Texas.ndpi.ndpa,401,400,Momipites,Momipites sp,exact,Momipites,YES,circle,,,False
D3408-1_L_2024_02_20_13_47_16_Texas,/rhf/allocations/dsci435/smithsonian_full_sp26/raw/Images_with_annotations_for_CNN_training/D3408-1_L_2024_02_20_13_47_16_Texas.ndpi,/rhf/allocations/dsci435/smithsonian_full_sp26/raw/Images_with_annotations_for_CNN_training/D3408-1_L_2024_02_20_13_47_16_Texas.ndpi.ndpa,404,403,Momipites,Momipites sp,exact,Momipites,YES,circle,,,False
D3408-1_L_2024_02_20_13_47_16_Texas,/rhf/allocations/dsci435/smithsonian_full_sp26/raw/Images_with_annotations_for_CNN_training/D3408-1_L_2024_02_20_13_47_16_Texas.ndpi,/rhf/allocations/dsci435/smithsonian_full_sp26/raw/Images_with_annotations_for_CNN_training/D3408-1_L_2024_02_20_13_47_16_Texas.ndpi.ndpa,411,410,Momipites,Momipites sp,exact,Momipites,YES,circle,,,False
D3408-1_L_2024_02_20_13_47_16_Texas,/rhf/allocations/dsci435/smithsonian_full_sp26/raw/Images_with_annotations_for_CNN_training/D3408-1_L_2024_02_20_13_47_16_Texas.ndpi,/rhf/allocations/dsci435/smithsonian_full_sp26/raw/Images_with_annotations_for_CNN_training/D3408-1_L_2024_02_20_13_47_16_Texas.ndpi.ndpa,425,424,Momipites,Momipites sp,exact,Momipites,YES,circle,,,False
D3408-1_L_2024_02_20_13_47_16_Texas,/rhf/allocations/dsci435/smithsonian_full_sp26/raw/Images_with_annotations_for_CNN_training/D3408-1_L_2024_02_20_13_47_16_Texas.ndpi,/rhf/allocations/dsci435/smithsonian_full_sp26/raw/Images_with_annotations_for_CNN_training/D3408-1_L_2024_02_20_13_47_16_Texas.ndpi.ndpa,427,426,Momipites,Momipites sp,exact,Momipites,YES,circle,,,False
D3408-1_L_2024_02_20_13_47_16_Texas,/rhf/allocations/dsci435/smithsonian_full_sp26/raw/Images_with_annotations_for_CNN_training/D3408-1_L_2024_02_20_13_47_16_Texas.ndpi,/rhf/allocations/dsci435/smithsonian_full_sp26/raw/Images_with_annotations_for_CNN_training/D3408-1_L_2024_02_20_13_47_16_Texas.ndpi.ndpa,428,427,Momipites,Momipites sp,exact,Momipites,YES,circle,,,False
D3408-1_L_2024_02_20_13_47_16_Texas,/rhf/allocations/dsci435/smithsonian_full_sp26/raw/Images_with_annotations_for_CNN_training/D3408-1_L_2024_02_20_13_47_16_Texas.ndpi,/rhf/allocations/dsci435/smithsonian_full_sp26/raw/Images_with_annotations_for_CNN_training/D3408-1_L_2024_02_20_13_47_16_Texas.ndpi.ndpa,435,434,Momipites,Momipites sp,exact,Momipites,YES,circle,,,False
D3408-1_L_2024_02_20_13_47_16_Texas,/rhf/allocations/dsci435/smithsonian_full_sp26/raw/Images_with_annotations_for_CNN_training/D3408-1_L_2024_02_20_13_47_16_Texas.ndpi,/rhf/allocations/dsci435/smithsonian_full_sp26/raw/Images_with_annotations_for_CNN_training/D3408-1_L_2024_02_20_13_47_16_Texas.ndpi.ndpa,436,435,Momipites,Momipites sp,exact,Momipites,YES,circle,,,False
D3408-1_L_2024_02_20_13_47_16_Texas,/rhf/allocations/dsci435/smithsonian_full_sp26/raw/Images_with_annotations_for_CNN_training/D3408-1_L_2024_02_20_13_47_16_Texas.ndpi,/rhf/allocations/dsci435/smithsonian_full_sp26/raw/Images_with_annotations_for_CNN_training/D3408-1_L_2024_02_20_13_47_16_Texas.ndpi.ndpa,437,436,Momipites,Momipites sp,exact,Momipites,YES,circle,,,False
D3408-1_L_2024_02_20_13_47_16_Texas,/rhf/allocations/dsci435/smithsonian_full_sp26/raw/Images_with_annotations_for_CNN_training/D3408-1_L_2024_02_20_13_47_16_Texas.ndpi,/rhf/allocations/dsci435/smithsonian_full_sp26/raw/Images_with_annotations_for_CNN_training/D3408-1_L_2024_02_20_13_47_16_Texas.ndpi.ndpa,440,439,Momipites,Momipites sp,exact,Momipites,YES,circle,,,False
D3408-1_L_2024_02_20_13_47_16_Texas,/rhf/allocations/dsci435/smithsonian_full_sp26/raw/Images_with_annotations_for_CNN_training/D3408-1_L_2024_02_20_13_47_16_Texas.ndpi,/rhf/allocations/dsci435/smithsonian_full_sp26/raw/Images_with_annotations_for_CNN_training/D3408-1_L_2024_02_20_13_47_16_Texas.ndpi.ndpa,445,444,Cicatricosisporites,Cicatricosisporites sp.,exact,Cicatricosisporites,YES,circle,,,False
D3408-1_L_2024_02_20_13_47_16_Texas,/rhf/allocations/dsci435/smithsonian_full_sp26/raw/Images_with_annotations_for_CNN_training/D3408-1_L_2024_02_20_13_47_16_Texas.ndpi,/rhf/allocations/dsci435/smithsonian_full_sp26/raw/Images_with_annotations_for_CNN_training/D3408-1_L_2024_02_20_13_47_16_Texas.ndpi.ndpa,454,453,Momipites,Momipites sp,exact,Momipites,YES,circle,,,False
D3408-1_L_2024_02_20_13_47_16_Texas,/rhf/allocations/dsci435/smithsonian_full_sp26/raw/Images_with_annotations_for_CNN_training/D3408-1_L_2024_02_20_13_47_16_Texas.ndpi,/rhf/allocations/dsci435/smithsonian_full_sp26/raw/Images_with_annotations_for_CNN_training/D3408-1_L_2024_02_20_13_47_16_Texas.ndpi.ndpa,459,458,Momipites,Momipites sp,exact,Momipites,YES,circle,,,False
D3408_1_R_2024_02_20_19_10_35_Texas,/rhf/allocations/dsci435/smithsonian_full_sp26/raw/Images_with_annotations_for_CNN_training/D3408_1_R_2024_02_20_19_10_35_Texas.ndpi,/rhf/allocations/dsci435/smithsonian_full_sp26/raw/Images_with_annotations_for_CNN_training/D3408_1_R_2024_02_20_19_10_35_Texas.ndpi.ndpa,2,1,Cicatricosisporites,Cicatricosisporites sp.,exact,Cicatricosisporites,YES,circle,,Fern spores,False
D3408_1_R_2024_02_20_19_10_35_Texas,/rhf/allocations/dsci435/smithsonian_full_sp26/raw/Images_with_annotations_for_CNN_training/D3408_1_R_2024_02_20_19_10_35_Texas.ndpi,/rhf/allocations/dsci435/smithsonian_full_sp26/raw/Images_with_annotations_for_CNN_training/D3408_1_R_2024_02_20_19_10_35_Texas.ndpi.ndpa,3,2,Momipites,Momipites sp,exact,Momipites,YES,circle,,,False
D3408_1_R_2024_02_20_19_10_35_Texas,/rhf/allocations/dsci435/smithsonian_full_sp26/raw/Images_with_annotations_for_CNN_training/D3408_1_R_2024_02_20_19_10_35_Texas.ndpi,/rhf/allocations/dsci435/smithsonian_full_sp26/raw/Images_with_annotations_for_CNN_training/D3408_1_R_2024_02_20_19_10_35_Texas.ndpi.ndpa,4,3,Deltoidospora,Psilatriletes sp.,exact,Deltoidospora,YES,circle,,,False
D3408_1_R_2024_02_20_19_10_35_Texas,/rhf/allocations/dsci435/smithsonian_full_sp26/raw/Images_with_annotations_for_CNN_training/D3408_1_R_2024_02_20_19_10_35_Texas.ndpi,/rhf/allocations/dsci435/smithsonian_full_sp26/raw/Images_with_annotations_for_CNN_training/D3408_1_R_2024_02_20_19_10_35_Texas.ndpi.ndpa,7,5,Cicatricosisporites,Cicatricosisporites sp.,exact,Cicatricosisporites,YES,circle,,,False
D3408_1_R_2024_02_20_19_10_35_Texas,/rhf/allocations/dsci435/smithsonian_full_sp26/raw/Images_with_annotations_for_CNN_training/D3408_1_R_2024_02_20_19_10_35_Texas.ndpi,/rhf/allocations/dsci435/smithsonian_full_sp26/raw/Images_with_annotations_for_CNN_training/D3408_1_R_2024_02_20_19_10_35_Texas.ndpi.ndpa,8,6,Illexpollenites,Illexpollenites sp.,exact,Illexpollenites,YES,circle,,,False
D3408_1_R_2024_02_20_19_10_35_Texas,/rhf/allocations/dsci435/smithsonian_full_sp26/raw/Images_with_annotations_for_CNN_training/D3408_1_R_2024_02_20_19_10_35_Texas.ndpi,/rhf/allocations/dsci435/smithsonian_full_sp26/raw/Images_with_annotations_for_CNN_training/D3408_1_R_2024_02_20_19_10_35_Texas.ndpi.ndpa,9,7,Cicatricosisporites,Cicatricosisporites sp.,exact,Cicatricosisporites,YES,circle,,,False
D3408_1_R_2024_02_20_19_10_35_Texas,/rhf/allocations/dsci435/smithsonian_full_sp26/raw/Images_with_annotations_for_CNN_training/D3408_1_R_2024_02_20_19_10_35_Texas.ndpi,/rhf/allocations/dsci435/smithsonian_full_sp26/raw/Images_with_annotations_for_CNN_training/D3408_1_R_2024_02_20_19_10_35_Texas.ndpi.ndpa,10,8,Cicatricosisporites,Cicatricosisporites sp.,exact,Cicatricosisporites,YES,circle,,,False
D3408_1_R_2024_02_20_19_10_35_Texas,/rhf/allocations/dsci435/smithsonian_full_sp26/raw/Images_with_annotations_for_CNN_training/D3408_1_R_2024_02_20_19_10_35_Texas.ndpi,/rhf/allocations/dsci435/smithsonian_full_sp26/raw/Images_with_annotations_for_CNN_training/D3408_1_R_2024_02_20_19_10_35_Texas.ndpi.ndpa,13,11,Momipites,Momipites sp,exact,Momipites,YES,circle,,,False
D3408_1_R_2024_02_20_19_10_35_Texas,/rhf/allocations/dsci435/smithsonian_full_sp26/raw/Images_with_annotations_for_CNN_training/D3408_1_R_2024_02_20_19_10_35_Texas.ndpi,/rhf/allocations/dsci435/smithsonian_full_sp26/raw/Images_with_annotations_for_CNN_training/D3408_1_R_2024_02_20_19_10_35_Texas.ndpi.ndpa,24,22,Momipites,Momipites sp,exact,Momipites,YES,circle,,,False
D3408_1_R_2024_02_20_19_10_35_Texas,/rhf/allocations/dsci435/smithsonian_full_sp26/raw/Images_with_annotations_for_CNN_training/D3408_1_R_2024_02_20_19_10_35_Texas.ndpi,/rhf/allocations/dsci435/smithsonian_full_sp26/raw/Images_with_annotations_for_CNN_training/D3408_1_R_2024_02_20_19_10_35_Texas.ndpi.ndpa,25,23,Monosulcites,Monocolpites sp.,exact,Monosulcites,YES,circle,,,False
D3408_1_R_2024_02_20_19_10_35_Texas,/rhf/allocations/dsci435/smithsonian_full_sp26/raw/Images_with_annotations_for_CNN_training/D3408_1_R_2024_02_20_19_10_35_Texas.ndpi,/rhf/allocations/dsci435/smithsonian_full_sp26/raw/Images_with_annotations_for_CNN_training/D3408_1_R_2024_02_20_19_10_35_Texas.ndpi.ndpa,26,24,Momipites,Momipites sp,exact,Momipites,YES,circle,,,False
D3408_1_R_2024_02_20_19_10_35_Texas,/rhf/allocations/dsci435/smithsonian_full_sp26/raw/Images_with_annotations_for_CNN_training/D3408_1_R_2024_02_20_19_10_35_Texas.ndpi,/rhf/allocations/dsci435/smithsonian_full_sp26/raw/Images_with_annotations_for_CNN_training/D3408_1_R_2024_02_20_19_10_35_Texas.ndpi.ndpa,28,26,Momipites,Momipites sp,exact,Momipites,YES,circle,,,False
D3408_1_R_2024_02_20_19_10_35_Texas,/rhf/allocations/dsci435/smithsonian_full_sp26/raw/Images_with_annotations_for_CNN_training/D3408_1_R_2024_02_20_19_10_35_Texas.ndpi,/rhf/allocations/dsci435/smithsonian_full_sp26/raw/Images_with_annotations_for_CNN_training/D3408_1_R_2024_02_20_19_10_35_Texas.ndpi.ndpa,34,32,Momipites,Momipites sp,exact,Momipites,YES,circle,,,False
D3408_1_R_2024_02_20_19_10_35_Texas,/rhf/allocations/dsci435/smithsonian_full_sp26/raw/Images_with_annotations_for_CNN_training/D3408_1_R_2024_02_20_19_10_35_Texas.ndpi,/rhf/allocations/dsci435/smithsonian_full_sp26/raw/Images_with_annotations_for_CNN_training/D3408_1_R_2024_02_20_19_10_35_Texas.ndpi.ndpa,36,34,Monosulcites,Monocolpites sp.,exact,Monosulcites,YES,circle,,,False
D3408_1_R_2024_02_20_19_10_35_Texas,/rhf/allocations/dsci435/smithsonian_full_sp26/raw/Images_with_annotations_for_CNN_training/D3408_1_R_2024_02_20_19_10_35_Texas.ndpi,/rhf/allocations/dsci435/smithsonian_full_sp26/raw/Images_with_annotations_for_CNN_training/D3408_1_R_2024_02_20_19_10_35_Texas.ndpi.ndpa,42,40,Monosulcites,Monocolpites sp.,exact,Monosulcites,YES,circle,,,False
D3408_1_R_2024_02_20_19_10_35_Texas,/rhf/allocations/dsci435/smithsonian_full_sp26/raw/Images_with_annotations_for_CNN_training/D3408_1_R_2024_02_20_19_10_35_Texas.ndpi,/rhf/allocations/dsci435/smithsonian_full_sp26/raw/Images_with_annotations_for_CNN_training/D3408_1_R_2024_02_20_19_10_35_Texas.ndpi.ndpa,45,43,Momipites,Momipites sp,exact,Momipites,YES,circle,,,False
D3408_1_R_2024_02_20_19_10_35_Texas,/rhf/allocations/dsci435/smithsonian_full_sp26/raw/Images_with_annotations_for_CNN_training/D3408_1_R_2024_02_20_19_10_35_Texas.ndpi,/rhf/allocations/dsci435/smithsonian_full_sp26/raw/Images_with_annotations_for_CNN_training/D3408_1_R_2024_02_20_19_10_35_Texas.ndpi.ndpa,46,44,Momipites,Momipites sp,exact,Momipites,YES,circle,,,False
D3408_1_R_2024_02_20_19_10_35_Texas,/rhf/allocations/dsci435/smithsonian_full_sp26/raw/Images_with_annotations_for_CNN_training/D3408_1_R_2024_02_20_19_10_35_Texas.ndpi,/rhf/allocations/dsci435/smithsonian_full_sp26/raw/Images_with_annotations_for_CNN_training/D3408_1_R_2024_02_20_19_10_35_Texas.ndpi.ndpa,52,50,Momipites,Momipites sp,exact,Momipites,YES,circle,,,False
D3408_1_R_2024_02_20_19_10_35_Texas,/rhf/allocations/dsci435/smithsonian_full_sp26/raw/Images_with_annotations_for_CNN_training/D3408_1_R_2024_02_20_19_10_35_Texas.ndpi,/rhf/allocations/dsci435/smithsonian_full_sp26/raw/Images_with_annotations_for_CNN_training/D3408_1_R_2024_02_20_19_10_35_Texas.ndpi.ndpa,61,59,Momipites,Momipites sp,exact,Momipites,YES,circle,,,False
D3408_1_R_2024_02_20_19_10_35_Texas,/rhf/allocations/dsci435/smithsonian_full_sp26/raw/Images_with_annotations_for_CNN_training/D3408_1_R_2024_02_20_19_10_35_Texas.ndpi,/rhf/allocations/dsci435/smithsonian_full_sp26/raw/Images_with_annotations_for_CNN_training/D3408_1_R_2024_02_20_19_10_35_Texas.ndpi.ndpa,65,63,Momipites,Momipites sp,exact,Momipites,YES,circle,,,False
D3408_1_R_2024_02_20_19_10_35_Texas,/rhf/allocations/dsci435/smithsonian_full_sp26/raw/Images_with_annotations_for_CNN_training/D3408_1_R_2024_02_20_19_10_35_Texas.ndpi,/rhf/allocations/dsci435/smithsonian_full_sp26/raw/Images_with_annotations_for_CNN_training/D3408_1_R_2024_02_20_19_10_35_Texas.ndpi.ndpa,66,64,Monosulcites,Monocolpites sp.,exact,Monosulcites,YES,circle,,,False
D3408_1_R_2024_02_20_19_10_35_Texas,/rhf/allocations/dsci435/smithsonian_full_sp26/raw/Images_with_annotations_for_CNN_training/D3408_1_R_2024_02_20_19_10_35_Texas.ndpi,/rhf/allocations/dsci435/smithsonian_full_sp26/raw/Images_with_annotations_for_CNN_training/D3408_1_R_2024_02_20_19_10_35_Texas.ndpi.ndpa,68,66,Momipites,Momipites sp,exact,Momipites,YES,circle,,,False
D3408_1_R_2024_02_20_19_10_35_Texas,/rhf/allocations/dsci435/smithsonian_full_sp26/raw/Images_with_annotations_for_CNN_training/D3408_1_R_2024_02_20_19_10_35_Texas.ndpi,/rhf/allocations/dsci435/smithsonian_full_sp26/raw/Images_with_annotations_for_CNN_training/D3408_1_R_2024_02_20_19_10_35_Texas.ndpi.ndpa,71,69,Arecipites,Arecipites sp.,provisional_alias,Arecipites sp.,YES,circle,,,False
D3408_1_R_2024_02_20_19_10_35_Texas,/rhf/allocations/dsci435/smithsonian_full_sp26/raw/Images_with_annotations_for_CNN_training/D3408_1_R_2024_02_20_19_10_35_Texas.ndpi,/rhf/allocations/dsci435/smithsonian_full_sp26/raw/Images_with_annotations_for_CNN_training/D3408_1_R_2024_02_20_19_10_35_Texas.ndpi.ndpa,76,74,Monosulcites,Monocolpites sp.,exact,Monosulcites,YES,circle,,,False
D3408_1_R_2024_02_20_19_10_35_Texas,/rhf/allocations/dsci435/smithsonian_full_sp26/raw/Images_with_annotations_for_CNN_training/D3408_1_R_2024_02_20_19_10_35_Texas.ndpi,/rhf/allocations/dsci435/smithsonian_full_sp26/raw/Images_with_annotations_for_CNN_training/D3408_1_R_2024_02_20_19_10_35_Texas.ndpi.ndpa,79,77,Monosulcites,Monocolpites sp.,exact,Monosulcites,YES,circle,,,False
D3408_1_R_2024_02_20_19_10_35_Texas,/rhf/allocations/dsci435/smithsonian_full_sp26/raw/Images_with_annotations_for_CNN_training/D3408_1_R_2024_02_20_19_10_35_Texas.ndpi,/rhf/allocations/dsci435/smithsonian_full_sp26/raw/Images_with_annotations_for_CNN_training/D3408_1_R_2024_02_20_19_10_35_Texas.ndpi.ndpa,83,80,Momipites,Momipites sp,exact,Momipites,YES,circle,,,False
D3408_1_R_2024_02_20_19_10_35_Texas,/rhf/allocations/dsci435/smithsonian_full_sp26/raw/Images_with_annotations_for_CNN_training/D3408_1_R_2024_02_20_19_10_35_Texas.ndpi,/rhf/allocations/dsci435/smithsonian_full_sp26/raw/Images_with_annotations_for_CNN_training/D3408_1_R_2024_02_20_19_10_35_Texas.ndpi.ndpa,84,81,Caryapollenites,Caryapollenites sp.,exact,Caryapollenites,YES,circle,,,False
D3408_1_R_2024_02_20_19_10_35_Texas,/rhf/allocations/dsci435/smithsonian_full_sp26/raw/Images_with_annotations_for_CNN_training/D3408_1_R_2024_02_20_19_10_35_Texas.ndpi,/rhf/allocations/dsci435/smithsonian_full_sp26/raw/Images_with_annotations_for_CNN_training/D3408_1_R_2024_02_20_19_10_35_Texas.ndpi.ndpa,85,82,Momipites,Momipites sp,exact,Momipites,YES,circle,,,False
D3408_1_R_2024_02_20_19_10_35_Texas,/rhf/allocations/dsci435/smithsonian_full_sp26/raw/Images_with_annotations_for_CNN_training/D3408_1_R_2024_02_20_19_10_35_Texas.ndpi,/rhf/allocations/dsci435/smithsonian_full_sp26/raw/Images_with_annotations_for_CNN_training/D3408_1_R_2024_02_20_19_10_35_Texas.ndpi.ndpa,90,87,Tetracolporopollenites,Tetracolporopollenites sp.,provisional_alias,Tetracolporopollenites sp.,YES,circle,,,False
D3408_1_R_2024_02_20_19_10_35_Texas,/rhf/allocations/dsci435/smithsonian_full_sp26/raw/Images_with_annotations_for_CNN_training/D3408_1_R_2024_02_20_19_10_35_Texas.ndpi,/rhf/allocations/dsci435/smithsonian_full_sp26/raw/Images_with_annotations_for_CNN_training/D3408_1_R_2024_02_20_19_10_35_Texas.ndpi.ndpa,92,89,Caryapollenites,Caryapollenites sp.,exact,Caryapollenites,YES,circle,,,False
D3408_1_R_2024_02_20_19_10_35_Texas,/rhf/allocations/dsci435/smithsonian_full_sp26/raw/Images_with_annotations_for_CNN_training/D3408_1_R_2024_02_20_19_10_35_Texas.ndpi,/rhf/allocations/dsci435/smithsonian_full_sp26/raw/Images_with_annotations_for_CNN_training/D3408_1_R_2024_02_20_19_10_35_Texas.ndpi.ndpa,93,90,Momipites,Momipites sp,exact,Momipites,YES,circle,,,False
D3408_1_R_2024_02_20_19_10_35_Texas,/rhf/allocations/dsci435/smithsonian_full_sp26/raw/Images_with_annotations_for_CNN_training/D3408_1_R_2024_02_20_19_10_35_Texas.ndpi,/rhf/allocations/dsci435/smithsonian_full_sp26/raw/Images_with_annotations_for_CNN_training/D3408_1_R_2024_02_20_19_10_35_Texas.ndpi.ndpa,97,94,Momipites,Momipites sp,exact,Momipites,YES,circle,,,False
D3408_1_R_2024_02_20_19_10_35_Texas,/rhf/allocations/dsci435/smithsonian_full_sp26/raw/Images_with_annotations_for_CNN_training/D3408_1_R_2024_02_20_19_10_35_Texas.ndpi,/rhf/allocations/dsci435/smithsonian_full_sp26/raw/Images_with_annotations_for_CNN_training/D3408_1_R_2024_02_20_19_10_35_Texas.ndpi.ndpa,98,95,Monosulcites,Monocolpites sp.,exact,Monosulcites,YES,circle,,,False
D3408_1_R_2024_02_20_19_10_35_Texas,/rhf/allocations/dsci435/smithsonian_full_sp26/raw/Images_with_annotations_for_CNN_training/D3408_1_R_2024_02_20_19_10_35_Texas.ndpi,/rhf/allocations/dsci435/smithsonian_full_sp26/raw/Images_with_annotations_for_CNN_training/D3408_1_R_2024_02_20_19_10_35_Texas.ndpi.ndpa,99,96,Momipites,Momipites sp,exact,Momipites,YES,circle,,,False
D3408_1_R_2024_02_20_19_10_35_Texas,/rhf/allocations/dsci435/smithsonian_full_sp26/raw/Images_with_annotations_for_CNN_training/D3408_1_R_2024_02_20_19_10_35_Texas.ndpi,/rhf/allocations/dsci435/smithsonian_full_sp26/raw/Images_with_annotations_for_CNN_training/D3408_1_R_2024_02_20_19_10_35_Texas.ndpi.ndpa,103,100,Arecipites,Arecipites sp.,provisional_alias,Arecipites sp.,YES,circle,,,False
D3408_1_R_2024_02_20_19_10_35_Texas,/rhf/allocations/dsci435/smithsonian_full_sp26/raw/Images_with_annotations_for_CNN_training/D3408_1_R_2024_02_20_19_10_35_Texas.ndpi,/rhf/allocations/dsci435/smithsonian_full_sp26/raw/Images_with_annotations_for_CNN_training/D3408_1_R_2024_02_20_19_10_35_Texas.ndpi.ndpa,104,101,Monosulcites,Monocolpites sp.,exact,Monosulcites,YES,circle,,,False
D3408_1_R_2024_02_20_19_10_35_Texas,/rhf/allocations/dsci435/smithsonian_full_sp26/raw/Images_with_annotations_for_CNN_training/D3408_1_R_2024_02_20_19_10_35_Texas.ndpi,/rhf/allocations/dsci435/smithsonian_full_sp26/raw/Images_with_annotations_for_CNN_training/D3408_1_R_2024_02_20_19_10_35_Texas.ndpi.ndpa,106,103,Momipites,Momipites sp,exact,Momipites,YES,circle,,,False
D3408_1_R_2024_02_20_19_10_35_Texas,/rhf/allocations/dsci435/smithsonian_full_sp26/raw/Images_with_annotations_for_CNN_training/D3408_1_R_2024_02_20_19_10_35_Texas.ndpi,/rhf/allocations/dsci435/smithsonian_full_sp26/raw/Images_with_annotations_for_CNN_training/D3408_1_R_2024_02_20_19_10_35_Texas.ndpi.ndpa,107,104,Liliacidites,Arecipites sp.,provisional_alias,Liliacidites sp.,YES,circle,,,False
D3408_1_R_2024_02_20_19_10_35_Texas,/rhf/allocations/dsci435/smithsonian_full_sp26/raw/Images_with_annotations_for_CNN_training/D3408_1_R_2024_02_20_19_10_35_Texas.ndpi,/rhf/allocations/dsci435/smithsonian_full_sp26/raw/Images_with_annotations_for_CNN_training/D3408_1_R_2024_02_20_19_10_35_Texas.ndpi.ndpa,109,106,Tetracolporopollenites,Tetracolporopollenites sp.,provisional_alias,Tetracolporopollenites sp.,YES,circle,,,False
D3408_1_R_2024_02_20_19_10_35_Texas,/rhf/allocations/dsci435/smithsonian_full_sp26/raw/Images_with_annotations_for_CNN_training/D3408_1_R_2024_02_20_19_10_35_Texas.ndpi,/rhf/allocations/dsci435/smithsonian_full_sp26/raw/Images_with_annotations_for_CNN_training/D3408_1_R_2024_02_20_19_10_35_Texas.ndpi.ndpa,111,108,Momipites,Momipites sp,exact,Momipites,YES,circle,,,False
D3408_1_R_2024_02_20_19_10_35_Texas,/rhf/allocations/dsci435/smithsonian_full_sp26/raw/Images_with_annotations_for_CNN_training/D3408_1_R_2024_02_20_19_10_35_Texas.ndpi,/rhf/allocations/dsci435/smithsonian_full_sp26/raw/Images_with_annotations_for_CNN_training/D3408_1_R_2024_02_20_19_10_35_Texas.ndpi.ndpa,113,110,Momipites,Momipites sp,exact,Momipites,YES,circle,,,False
D3408_1_R_2024_02_20_19_10_35_Texas,/rhf/allocations/dsci435/smithsonian_full_sp26/raw/Images_with_annotations_for_CNN_training/D3408_1_R_2024_02_20_19_10_35_Texas.ndpi,/rhf/allocations/dsci435/smithsonian_full_sp26/raw/Images_with_annotations_for_CNN_training/D3408_1_R_2024_02_20_19_10_35_Texas.ndpi.ndpa,114,111,Momipites,Momipites sp,exact,Momipites,YES,circle,,,False
D3408_1_R_2024_02_20_19_10_35_Texas,/rhf/allocations/dsci435/smithsonian_full_sp26/raw/Images_with_annotations_for_CNN_training/D3408_1_R_2024_02_20_19_10_35_Texas.ndpi,/rhf/allocations/dsci435/smithsonian_full_sp26/raw/Images_with_annotations_for_CNN_training/D3408_1_R_2024_02_20_19_10_35_Texas.ndpi.ndpa,115,112,Momipites,Momipites sp,exact,Momipites,YES,circle,,,False
D3408_1_R_2024_02_20_19_10_35_Texas,/rhf/allocations/dsci435/smithsonian_full_sp26/raw/Images_with_annotations_for_CNN_training/D3408_1_R_2024_02_20_19_10_35_Texas.ndpi,/rhf/allocations/dsci435/smithsonian_full_sp26/raw/Images_with_annotations_for_CNN_training/D3408_1_R_2024_02_20_19_10_35_Texas.ndpi.ndpa,117,114,Illexpollenites,Illexpollenites sp.,exact,Illexpollenites,YES,circle,,,False
D3408_1_R_2024_02_20_19_10_35_Texas,/rhf/allocations/dsci435/smithsonian_full_sp26/raw/Images_with_annotations_for_CNN_training/D3408_1_R_2024_02_20_19_10_35_Texas.ndpi,/rhf/allocations/dsci435/smithsonian_full_sp26/raw/Images_with_annotations_for_CNN_training/D3408_1_R_2024_02_20_19_10_35_Texas.ndpi.ndpa,119,116,Momipites,Momipites sp,exact,Momipites,YES,circle,,,False
D3408_1_R_2024_02_20_19_10_35_Texas,/rhf/allocations/dsci435/smithsonian_full_sp26/raw/Images_with_annotations_for_CNN_training/D3408_1_R_2024_02_20_19_10_35_Texas.ndpi,/rhf/allocations/dsci435/smithsonian_full_sp26/raw/Images_with_annotations_for_CNN_training/D3408_1_R_2024_02_20_19_10_35_Texas.ndpi.ndpa,121,118,Monocolpites,Monocolpites sp.,exact,Monocolpites,YES,circle,,,False
D3408_1_R_2024_02_20_19_10_35_Texas,/rhf/allocations/dsci435/smithsonian_full_sp26/raw/Images_with_annotations_for_CNN_training/D3408_1_R_2024_02_20_19_10_35_Texas.ndpi,/rhf/allocations/dsci435/smithsonian_full_sp26/raw/Images_with_annotations_for_CNN_training/D3408_1_R_2024_02_20_19_10_35_Texas.ndpi.ndpa,122,119,Monocolpites,Monocolpites sp.,exact,Monocolpites,YES,circle,,,False
D3408_1_R_2024_02_20_19_10_35_Texas,/rhf/allocations/dsci435/smithsonian_full_sp26/raw/Images_with_annotations_for_CNN_training/D3408_1_R_2024_02_20_19_10_35_Texas.ndpi,/rhf/allocations/dsci435/smithsonian_full_sp26/raw/Images_with_annotations_for_CNN_training/D3408_1_R_2024_02_20_19_10_35_Texas.ndpi.ndpa,123,120,Monocolpites,Monocolpites sp.,exact,Monocolpites,YES,circle,,,False
D3408_1_R_2024_02_20_19_10_35_Texas,/rhf/allocations/dsci435/smithsonian_full_sp26/raw/Images_with_annotations_for_CNN_training/D3408_1_R_2024_02_20_19_10_35_Texas.ndpi,/rhf/allocations/dsci435/smithsonian_full_sp26/raw/Images_with_annotations_for_CNN_training/D3408_1_R_2024_02_20_19_10_35_Texas.ndpi.ndpa,127,124,Tetracolporopollenites,Tetracolporopollenites sp.,provisional_alias,Tetracolporopollenites sp.,YES,circle,,,False
D3408_1_R_2024_02_20_19_10_35_Texas,/rhf/allocations/dsci435/smithsonian_full_sp26/raw/Images_with_annotations_for_CNN_training/D3408_1_R_2024_02_20_19_10_35_Texas.ndpi,/rhf/allocations/dsci435/smithsonian_full_sp26/raw/Images_with_annotations_for_CNN_training/D3408_1_R_2024_02_20_19_10_35_Texas.ndpi.ndpa,137,134,Momipites,Momipites sp,exact,Momipites,YES,circle,,,False
D3408_1_R_2024_02_20_19_10_35_Texas,/rhf/allocations/dsci435/smithsonian_full_sp26/raw/Images_with_annotations_for_CNN_training/D3408_1_R_2024_02_20_19_10_35_Texas.ndpi,/rhf/allocations/dsci435/smithsonian_full_sp26/raw/Images_with_annotations_for_CNN_training/D3408_1_R_2024_02_20_19_10_35_Texas.ndpi.ndpa,140,137,Momipites,Momipites sp,exact,Momipites,YES,circle,,,False
D3408_1_R_2024_02_20_19_10_35_Texas,/rhf/allocations/dsci435/smithsonian_full_sp26/raw/Images_with_annotations_for_CNN_training/D3408_1_R_2024_02_20_19_10_35_Texas.ndpi,/rhf/allocations/dsci435/smithsonian_full_sp26/raw/Images_with_annotations_for_CNN_training/D3408_1_R_2024_02_20_19_10_35_Texas.ndpi.ndpa,141,138,Monosulcites,Monocolpites sp.,exact,Monosulcites,YES,circle,,,False
D3408_1_R_2024_02_20_19_10_35_Texas,/rhf/allocations/dsci435/smithsonian_full_sp26/raw/Images_with_annotations_for_CNN_training/D3408_1_R_2024_02_20_19_10_35_Texas.ndpi,/rhf/allocations/dsci435/smithsonian_full_sp26/raw/Images_with_annotations_for_CNN_training/D3408_1_R_2024_02_20_19_10_35_Texas.ndpi.ndpa,144,141,Monocolpites,Monocolpites sp.,exact,Monocolpites,YES,circle,,,False
D3408_1_R_2024_02_20_19_10_35_Texas,/rhf/allocations/dsci435/smithsonian_full_sp26/raw/Images_with_annotations_for_CNN_training/D3408_1_R_2024_02_20_19_10_35_Texas.ndpi,/rhf/allocations/dsci435/smithsonian_full_sp26/raw/Images_with_annotations_for_CNN_training/D3408_1_R_2024_02_20_19_10_35_Texas.ndpi.ndpa,150,147,Monocolpites,Monocolpites sp.,exact,Monocolpites,YES,circle,,,False
D3408_1_R_2024_02_20_19_10_35_Texas,/rhf/allocations/dsci435/smithsonian_full_sp26/raw/Images_with_annotations_for_CNN_training/D3408_1_R_2024_02_20_19_10_35_Texas.ndpi,/rhf/allocations/dsci435/smithsonian_full_sp26/raw/Images_with_annotations_for_CNN_training/D3408_1_R_2024_02_20_19_10_35_Texas.ndpi.ndpa,174,171,Momipites,Momipites sp,exact,Momipites,YES,circle,,,False
D3408_1_R_2024_02_20_19_10_35_Texas,/rhf/allocations/dsci435/smithsonian_full_sp26/raw/Images_with_annotations_for_CNN_training/D3408_1_R_2024_02_20_19_10_35_Texas.ndpi,/rhf/allocations/dsci435/smithsonian_full_sp26/raw/Images_with_annotations_for_CNN_training/D3408_1_R_2024_02_20_19_10_35_Texas.ndpi.ndpa,182,179,Momipites,Momipites sp,exact,Momipites,YES,circle,,,False
D3408_1_R_2024_02_20_19_10_35_Texas,/rhf/allocations/dsci435/smithsonian_full_sp26/raw/Images_with_annotations_for_CNN_training/D3408_1_R_2024_02_20_19_10_35_Texas.ndpi,/rhf/allocations/dsci435/smithsonian_full_sp26/raw/Images_with_annotations_for_CNN_training/D3408_1_R_2024_02_20_19_10_35_Texas.ndpi.ndpa,185,182,Monocolpites,Monocolpites sp.,exact,Monocolpites,YES,circle,,,False
D3408_1_R_2024_02_20_19_10_35_Texas,/rhf/allocations/dsci435/smithsonian_full_sp26/raw/Images_with_annotations_for_CNN_training/D3408_1_R_2024_02_20_19_10_35_Texas.ndpi,/rhf/allocations/dsci435/smithsonian_full_sp26/raw/Images_with_annotations_for_CNN_training/D3408_1_R_2024_02_20_19_10_35_Texas.ndpi.ndpa,188,185,Momipites,Momipites sp,exact,Momipites,YES,circle,,,False
D3408_1_R_2024_02_20_19_10_35_Texas,/rhf/allocations/dsci435/smithsonian_full_sp26/raw/Images_with_annotations_for_CNN_training/D3408_1_R_2024_02_20_19_10_35_Texas.ndpi,/rhf/allocations/dsci435/smithsonian_full_sp26/raw/Images_with_annotations_for_CNN_training/D3408_1_R_2024_02_20_19_10_35_Texas.ndpi.ndpa,195,192,Momipites,Momipites sp,exact,Momipites,YES,circle,,,False
D3408_1_R_2024_02_20_19_10_35_Texas,/rhf/allocations/dsci435/smithsonian_full_sp26/raw/Images_with_annotations_for_CNN_training/D3408_1_R_2024_02_20_19_10_35_Texas.ndpi,/rhf/allocations/dsci435/smithsonian_full_sp26/raw/Images_with_annotations_for_CNN_training/D3408_1_R_2024_02_20_19_10_35_Texas.ndpi.ndpa,214,210,Cicatricosisporites,Cicatricosisporites sp.,exact,Cicatricosisporites,YES,circle,,,False
D3408_1_R_2024_02_20_19_10_35_Texas,/rhf/allocations/dsci435/smithsonian_full_sp26/raw/Images_with_annotations_for_CNN_training/D3408_1_R_2024_02_20_19_10_35_Texas.ndpi,/rhf/allocations/dsci435/smithsonian_full_sp26/raw/Images_with_annotations_for_CNN_training/D3408_1_R_2024_02_20_19_10_35_Texas.ndpi.ndpa,216,212,Momipites,Momipites sp,exact,Momipites,YES,circle,,,False
D3408_1_R_2024_02_20_19_10_35_Texas,/rhf/allocations/dsci435/smithsonian_full_sp26/raw/Images_with_annotations_for_CNN_training/D3408_1_R_2024_02_20_19_10_35_Texas.ndpi,/rhf/allocations/dsci435/smithsonian_full_sp26/raw/Images_with_annotations_for_CNN_training/D3408_1_R_2024_02_20_19_10_35_Texas.ndpi.ndpa,221,217,Momipites,Momipites sp,exact,Momipites,YES,circle,,,False
D3408_1_R_2024_02_20_19_10_35_Texas,/rhf/allocations/dsci435/smithsonian_full_sp26/raw/Images_with_annotations_for_CNN_training/D3408_1_R_2024_02_20_19_10_35_Texas.ndpi,/rhf/allocations/dsci435/smithsonian_full_sp26/raw/Images_with_annotations_for_CNN_training/D3408_1_R_2024_02_20_19_10_35_Texas.ndpi.ndpa,237,233,Momipites,Momipites sp,exact,Momipites,YES,circle,,,False
D3408_1_R_2024_02_20_19_10_35_Texas,/rhf/allocations/dsci435/smithsonian_full_sp26/raw/Images_with_annotations_for_CNN_training/D3408_1_R_2024_02_20_19_10_35_Texas.ndpi,/rhf/allocations/dsci435/smithsonian_full_sp26/raw/Images_with_annotations_for_CNN_training/D3408_1_R_2024_02_20_19_10_35_Texas.ndpi.ndpa,256,252,Momipites,Momipites sp,exact,Momipites,YES,circle,,,False
D3408_1_R_2024_02_20_19_10_35_Texas,/rhf/allocations/dsci435/smithsonian_full_sp26/raw/Images_with_annotations_for_CNN_training/D3408_1_R_2024_02_20_19_10_35_Texas.ndpi,/rhf/allocations/dsci435/smithsonian_full_sp26/raw/Images_with_annotations_for_CNN_training/D3408_1_R_2024_02_20_19_10_35_Texas.ndpi.ndpa,257,253,Monolete,Laevigatosporites sp.,exact,Monolete,YES,circle,,,False
D3408_1_R_2024_02_20_19_10_35_Texas,/rhf/allocations/dsci435/smithsonian_full_sp26/raw/Images_with_annotations_for_CNN_training/D3408_1_R_2024_02_20_19_10_35_Texas.ndpi,/rhf/allocations/dsci435/smithsonian_full_sp26/raw/Images_with_annotations_for_CNN_training/D3408_1_R_2024_02_20_19_10_35_Texas.ndpi.ndpa,258,254,Caryapollenites,Caryapollenites sp.,exact,Caryapollenites,YES,circle,,,False
D3408_1_R_2024_02_20_19_10_35_Texas,/rhf/allocations/dsci435/smithsonian_full_sp26/raw/Images_with_annotations_for_CNN_training/D3408_1_R_2024_02_20_19_10_35_Texas.ndpi,/rhf/allocations/dsci435/smithsonian_full_sp26/raw/Images_with_annotations_for_CNN_training/D3408_1_R_2024_02_20_19_10_35_Texas.ndpi.ndpa,261,257,Momipites,Momipites sp,exact,Momipites,YES,circle,,,False
D3408_1_R_2024_02_20_19_10_35_Texas,/rhf/allocations/dsci435/smithsonian_full_sp26/raw/Images_with_annotations_for_CNN_training/D3408_1_R_2024_02_20_19_10_35_Texas.ndpi,/rhf/allocations/dsci435/smithsonian_full_sp26/raw/Images_with_annotations_for_CNN_training/D3408_1_R_2024_02_20_19_10_35_Texas.ndpi.ndpa,264,260,Momipites,Momipites sp,exact,Momipites,YES,circle,,,False
D3408_1_R_2024_02_20_19_10_35_Texas,/rhf/allocations/dsci435/smithsonian_full_sp26/raw/Images_with_annotations_for_CNN_training/D3408_1_R_2024_02_20_19_10_35_Texas.ndpi,/rhf/allocations/dsci435/smithsonian_full_sp26/raw/Images_with_annotations_for_CNN_training/D3408_1_R_2024_02_20_19_10_35_Texas.ndpi.ndpa,271,267,Momipites,Momipites sp,exact,Momipites,YES,circle,,,False
D3408_1_R_2024_02_20_19_10_35_Texas,/rhf/allocations/dsci435/smithsonian_full_sp26/raw/Images_with_annotations_for_CNN_training/D3408_1_R_2024_02_20_19_10_35_Texas.ndpi,/rhf/allocations/dsci435/smithsonian_full_sp26/raw/Images_with_annotations_for_CNN_training/D3408_1_R_2024_02_20_19_10_35_Texas.ndpi.ndpa,281,277,Momipites,Momipites sp,exact,Momipites,YES,circle,,,False
D3408_1_R_2024_02_20_19_10_35_Texas,/rhf/allocations/dsci435/smithsonian_full_sp26/raw/Images_with_annotations_for_CNN_training/D3408_1_R_2024_02_20_19_10_35_Texas.ndpi,/rhf/allocations/dsci435/smithsonian_full_sp26/raw/Images_with_annotations_for_CNN_training/D3408_1_R_2024_02_20_19_10_35_Texas.ndpi.ndpa,286,282,Momipites,Momipites sp,exact,Momipites,YES,circle,,,False
D3408_1_R_2024_02_20_19_10_35_Texas,/rhf/allocations/dsci435/smithsonian_full_sp26/raw/Images_with_annotations_for_CNN_training/D3408_1_R_2024_02_20_19_10_35_Texas.ndpi,/rhf/allocations/dsci435/smithsonian_full_sp26/raw/Images_with_annotations_for_CNN_training/D3408_1_R_2024_02_20_19_10_35_Texas.ndpi.ndpa,289,285,Momipites,Momipites sp,exact,Momipites,YES,circle,,,False
D3408_1_R_2024_02_20_19_10_35_Texas,/rhf/allocations/dsci435/smithsonian_full_sp26/raw/Images_with_annotations_for_CNN_training/D3408_1_R_2024_02_20_19_10_35_Texas.ndpi,/rhf/allocations/dsci435/smithsonian_full_sp26/raw/Images_with_annotations_for_CNN_training/D3408_1_R_2024_02_20_19_10_35_Texas.ndpi.ndpa,301,297,Momipites,Momipites sp,exact,Momipites,YES,circle,,,False
D3408_1_R_2024_02_20_19_10_35_Texas,/rhf/allocations/dsci435/smithsonian_full_sp26/raw/Images_with_annotations_for_CNN_training/D3408_1_R_2024_02_20_19_10_35_Texas.ndpi,/rhf/allocations/dsci435/smithsonian_full_sp26/raw/Images_with_annotations_for_CNN_training/D3408_1_R_2024_02_20_19_10_35_Texas.ndpi.ndpa,310,306,Momipites,Momipites sp,exact,Momipites,YES,circle,,,False
D3408_1_R_2024_02_20_19_10_35_Texas,/rhf/allocations/dsci435/smithsonian_full_sp26/raw/Images_with_annotations_for_CNN_training/D3408_1_R_2024_02_20_19_10_35_Texas.ndpi,/rhf/allocations/dsci435/smithsonian_full_sp26/raw/Images_with_annotations_for_CNN_training/D3408_1_R_2024_02_20_19_10_35_Texas.ndpi.ndpa,311,307,Momipites,Momipites sp,exact,Momipites,YES,circle,,,False
D3408_1_R_2024_02_20_19_10_35_Texas,/rhf/allocations/dsci435/smithsonian_full_sp26/raw/Images_with_annotations_for_CNN_training/D3408_1_R_2024_02_20_19_10_35_Texas.ndpi,/rhf/allocations/dsci435/smithsonian_full_sp26/raw/Images_with_annotations_for_CNN_training/D3408_1_R_2024_02_20_19_10_35_Texas.ndpi.ndpa,312,308,Momipites,Momipites sp,exact,Momipites,YES,circle,,,False
D3408_1_R_2024_02_20_19_10_35_Texas,/rhf/allocations/dsci435/smithsonian_full_sp26/raw/Images_with_annotations_for_CNN_training/D3408_1_R_2024_02_20_19_10_35_Texas.ndpi,/rhf/allocations/dsci435/smithsonian_full_sp26/raw/Images_with_annotations_for_CNN_training/D3408_1_R_2024_02_20_19_10_35_Texas.ndpi.ndpa,313,309,Retipollenites,Retipollenites sp.,exact,Retipollenites,YES,circle,,,False
D3408_1_R_2024_02_20_19_10_35_Texas,/rhf/allocations/dsci435/smithsonian_full_sp26/raw/Images_with_annotations_for_CNN_training/D3408_1_R_2024_02_20_19_10_35_Texas.ndpi,/rhf/allocations/dsci435/smithsonian_full_sp26/raw/Images_with_annotations_for_CNN_training/D3408_1_R_2024_02_20_19_10_35_Texas.ndpi.ndpa,314,310,Momipites,Momipites sp,exact,Momipites,YES,circle,,,False
D3408_1_R_2024_02_20_19_10_35_Texas,/rhf/allocations/dsci435/smithsonian_full_sp26/raw/Images_with_annotations_for_CNN_training/D3408_1_R_2024_02_20_19_10_35_Texas.ndpi,/rhf/allocations/dsci435/smithsonian_full_sp26/raw/Images_with_annotations_for_CNN_training/D3408_1_R_2024_02_20_19_10_35_Texas.ndpi.ndpa,316,312,Monocolpites,Monocolpites sp.,exact,Monocolpites,YES,circle,,,False
D3408_1_R_2024_02_20_19_10_35_Texas,/rhf/allocations/dsci435/smithsonian_full_sp26/raw/Images_with_annotations_for_CNN_training/D3408_1_R_2024_02_20_19_10_35_Texas.ndpi,/rhf/allocations/dsci435/smithsonian_full_sp26/raw/Images_with_annotations_for_CNN_training/D3408_1_R_2024_02_20_19_10_35_Texas.ndpi.ndpa,327,322,Momipites,Momipites sp,exact,Momipites,YES,circle,,,False
D3408_1_R_2024_02_20_19_10_35_Texas,/rhf/allocations/dsci435/smithsonian_full_sp26/raw/Images_with_annotations_for_CNN_training/D3408_1_R_2024_02_20_19_10_35_Texas.ndpi,/rhf/allocations/dsci435/smithsonian_full_sp26/raw/Images_with_annotations_for_CNN_training/D3408_1_R_2024_02_20_19_10_35_Texas.ndpi.ndpa,330,325,Caryapollenites,Caryapollenites sp.,exact,Caryapollenites,YES,circle,,,False
D3408_1_R_2024_02_20_19_10_35_Texas,/rhf/allocations/dsci435/smithsonian_full_sp26/raw/Images_with_annotations_for_CNN_training/D3408_1_R_2024_02_20_19_10_35_Texas.ndpi,/rhf/allocations/dsci435/smithsonian_full_sp26/raw/Images_with_annotations_for_CNN_training/D3408_1_R_2024_02_20_19_10_35_Texas.ndpi.ndpa,331,326,Caryapollenites,Caryapollenites sp.,exact,Caryapollenites,YES,circle,,,False
D3408_1_R_2024_02_20_19_10_35_Texas,/rhf/allocations/dsci435/smithsonian_full_sp26/raw/Images_with_annotations_for_CNN_training/D3408_1_R_2024_02_20_19_10_35_Texas.ndpi,/rhf/allocations/dsci435/smithsonian_full_sp26/raw/Images_with_annotations_for_CNN_training/D3408_1_R_2024_02_20_19_10_35_Texas.ndpi.ndpa,335,330,Caryapollenites,Caryapollenites sp.,exact,Caryapollenites,YES,circle,,,False
D3408_1_R_2024_02_20_19_10_35_Texas,/rhf/allocations/dsci435/smithsonian_full_sp26/raw/Images_with_annotations_for_CNN_training/D3408_1_R_2024_02_20_19_10_35_Texas.ndpi,/rhf/allocations/dsci435/smithsonian_full_sp26/raw/Images_with_annotations_for_CNN_training/D3408_1_R_2024_02_20_19_10_35_Texas.ndpi.ndpa,338,333,Momipites,Momipites sp,exact,Momipites,YES,circle,,,False
D3408_1_R_2024_02_20_19_10_35_Texas,/rhf/allocations/dsci435/smithsonian_full_sp26/raw/Images_with_annotations_for_CNN_training/D3408_1_R_2024_02_20_19_10_35_Texas.ndpi,/rhf/allocations/dsci435/smithsonian_full_sp26/raw/Images_with_annotations_for_CNN_training/D3408_1_R_2024_02_20_19_10_35_Texas.ndpi.ndpa,354,349,Caryapollenites,Caryapollenites sp.,exact,Caryapollenites,YES,circle,,,False
D3408_1_R_2024_02_20_19_10_35_Texas,/rhf/allocations/dsci435/smithsonian_full_sp26/raw/Images_with_annotations_for_CNN_training/D3408_1_R_2024_02_20_19_10_35_Texas.ndpi,/rhf/allocations/dsci435/smithsonian_full_sp26/raw/Images_with_annotations_for_CNN_training/D3408_1_R_2024_02_20_19_10_35_Texas.ndpi.ndpa,355,350,Momipites,Momipites sp,exact,Momipites,YES,circle,,,False
D3408_1_R_2024_02_20_19_10_35_Texas,/rhf/allocations/dsci435/smithsonian_full_sp26/raw/Images_with_annotations_for_CNN_training/D3408_1_R_2024_02_20_19_10_35_Texas.ndpi,/rhf/allocations/dsci435/smithsonian_full_sp26/raw/Images_with_annotations_for_CNN_training/D3408_1_R_2024_02_20_19_10_35_Texas.ndpi.ndpa,356,351,Liliacidites,Arecipites sp.,provisional_alias,Liliacidites sp.,YES,circle,,,False
D3516-A_1_L_2024_02_20_12_51_02_Montana,/rhf/allocations/dsci435/smithsonian_full_sp26/raw/Images_with_annotations_for_CNN_training/D3516-A_1_L_2024_02_20_12_51_02_Montana.ndpi,/rhf/allocations/dsci435/smithsonian_full_sp26/raw/Images_with_annotations_for_CNN_training/D3516-A_1_L_2024_02_20_12_51_02_Montana.ndpi.ndpa,12,11,Bipol,Bisaccate,exact,Bipol,YES,circle,,,False
D3516-A_1_L_2024_02_20_12_51_02_Montana,/rhf/allocations/dsci435/smithsonian_full_sp26/raw/Images_with_annotations_for_CNN_training/D3516-A_1_L_2024_02_20_12_51_02_Montana.ndpi,/rhf/allocations/dsci435/smithsonian_full_sp26/raw/Images_with_annotations_for_CNN_training/D3516-A_1_L_2024_02_20_12_51_02_Montana.ndpi.ndpa,14,13,Bipol,Bisaccate,exact,Bipol,YES,circle,,,False
D3516-A_1_L_2024_02_20_12_51_02_Montana,/rhf/allocations/dsci435/smithsonian_full_sp26/raw/Images_with_annotations_for_CNN_training/D3516-A_1_L_2024_02_20_12_51_02_Montana.ndpi,/rhf/allocations/dsci435/smithsonian_full_sp26/raw/Images_with_annotations_for_CNN_training/D3516-A_1_L_2024_02_20_12_51_02_Montana.ndpi.ndpa,15,14,Bipol,Bisaccate,exact,Bipol,YES,circle,,,False
D3516-A_1_L_2024_02_20_12_51_02_Montana,/rhf/allocations/dsci435/smithsonian_full_sp26/raw/Images_with_annotations_for_CNN_training/D3516-A_1_L_2024_02_20_12_51_02_Montana.ndpi,/rhf/allocations/dsci435/smithsonian_full_sp26/raw/Images_with_annotations_for_CNN_training/D3516-A_1_L_2024_02_20_12_51_02_Montana.ndpi.ndpa,31,30,Bombacacidites,Bombacacidites sp.,provisional_alias,Bombacacidites sp.,YES,circle,,,False
D3516-A_1_L_2024_02_20_12_51_02_Montana,/rhf/allocations/dsci435/smithsonian_full_sp26/raw/Images_with_annotations_for_CNN_training/D3516-A_1_L_2024_02_20_12_51_02_Montana.ndpi,/rhf/allocations/dsci435/smithsonian_full_sp26/raw/Images_with_annotations_for_CNN_training/D3516-A_1_L_2024_02_20_12_51_02_Montana.ndpi.ndpa,45,44,Bipol,Bisaccate,exact,Bipol,YES,circle,,,False
D3516-A_1_L_2024_02_20_12_51_02_Montana,/rhf/allocations/dsci435/smithsonian_full_sp26/raw/Images_with_annotations_for_CNN_training/D3516-A_1_L_2024_02_20_12_51_02_Montana.ndpi,/rhf/allocations/dsci435/smithsonian_full_sp26/raw/Images_with_annotations_for_CNN_training/D3516-A_1_L_2024_02_20_12_51_02_Montana.ndpi.ndpa,49,48,Bipol,Bisaccate,exact,Bipol,YES,circle,,,False
D3516-A_1_L_2024_02_20_12_51_02_Montana,/rhf/allocations/dsci435/smithsonian_full_sp26/raw/Images_with_annotations_for_CNN_training/D3516-A_1_L_2024_02_20_12_51_02_Montana.ndpi,/rhf/allocations/dsci435/smithsonian_full_sp26/raw/Images_with_annotations_for_CNN_training/D3516-A_1_L_2024_02_20_12_51_02_Montana.ndpi.ndpa,50,49,Bipol,Bisaccate,exact,Bipol,YES,circle,,,False
D3516-A_1_L_2024_02_20_12_51_02_Montana,/rhf/allocations/dsci435/smithsonian_full_sp26/raw/Images_with_annotations_for_CNN_training/D3516-A_1_L_2024_02_20_12_51_02_Montana.ndpi,/rhf/allocations/dsci435/smithsonian_full_sp26/raw/Images_with_annotations_for_CNN_training/D3516-A_1_L_2024_02_20_12_51_02_Montana.ndpi.ndpa,53,52,Bipol,Bisaccate,exact,Bipol,YES,circle,,,False
D3516-A_1_L_2024_02_20_12_51_02_Montana,/rhf/allocations/dsci435/smithsonian_full_sp26/raw/Images_with_annotations_for_CNN_training/D3516-A_1_L_2024_02_20_12_51_02_Montana.ndpi,/rhf/allocations/dsci435/smithsonian_full_sp26/raw/Images_with_annotations_for_CNN_training/D3516-A_1_L_2024_02_20_12_51_02_Montana.ndpi.ndpa,61,60,Bipol,Bisaccate,exact,Bipol,YES,circle,,,False
D3516-A_1_R_2024_02_20_18_31_40_Montana,/rhf/allocations/dsci435/smithsonian_full_sp26/raw/Images_with_annotations_for_CNN_training/D3516-A_1_R_2024_02_20_18_31_40_Montana.ndpi,/rhf/allocations/dsci435/smithsonian_full_sp26/raw/Images_with_annotations_for_CNN_training/D3516-A_1_R_2024_02_20_18_31_40_Montana.ndpi.ndpa,3,2,Bipol,Bisaccate,exact,Bipol,YES,circle,,,False
D3516-A_1_R_2024_02_20_18_31_40_Montana,/rhf/allocations/dsci435/smithsonian_full_sp26/raw/Images_with_annotations_for_CNN_training/D3516-A_1_R_2024_02_20_18_31_40_Montana.ndpi,/rhf/allocations/dsci435/smithsonian_full_sp26/raw/Images_with_annotations_for_CNN_training/D3516-A_1_R_2024_02_20_18_31_40_Montana.ndpi.ndpa,11,10,Bipol,Bisaccate,exact,Bipol,YES,circle,,,False
D3516-A_1_R_2024_02_20_18_31_40_Montana,/rhf/allocations/dsci435/smithsonian_full_sp26/raw/Images_with_annotations_for_CNN_training/D3516-A_1_R_2024_02_20_18_31_40_Montana.ndpi,/rhf/allocations/dsci435/smithsonian_full_sp26/raw/Images_with_annotations_for_CNN_training/D3516-A_1_R_2024_02_20_18_31_40_Montana.ndpi.ndpa,28,27,Bipol,Bisaccate,exact,Bipol,YES,circle,,,False
D3516-A_1_R_2024_02_20_18_31_40_Montana,/rhf/allocations/dsci435/smithsonian_full_sp26/raw/Images_with_annotations_for_CNN_training/D3516-A_1_R_2024_02_20_18_31_40_Montana.ndpi,/rhf/allocations/dsci435/smithsonian_full_sp26/raw/Images_with_annotations_for_CNN_training/D3516-A_1_R_2024_02_20_18_31_40_Montana.ndpi.ndpa,30,29,Bipol,Bisaccate,exact,Bipol,YES,circle,,,False
D3516-A_1_R_2024_02_20_18_31_40_Montana,/rhf/allocations/dsci435/smithsonian_full_sp26/raw/Images_with_annotations_for_CNN_training/D3516-A_1_R_2024_02_20_18_31_40_Montana.ndpi,/rhf/allocations/dsci435/smithsonian_full_sp26/raw/Images_with_annotations_for_CNN_training/D3516-A_1_R_2024_02_20_18_31_40_Montana.ndpi.ndpa,31,30,Bipol,Bisaccate,exact,Bipol,YES,circle,,,False
D3516-A_1_R_2024_02_20_18_31_40_Montana,/rhf/allocations/dsci435/smithsonian_full_sp26/raw/Images_with_annotations_for_CNN_training/D3516-A_1_R_2024_02_20_18_31_40_Montana.ndpi,/rhf/allocations/dsci435/smithsonian_full_sp26/raw/Images_with_annotations_for_CNN_training/D3516-A_1_R_2024_02_20_18_31_40_Montana.ndpi.ndpa,34,33,Bipol,Bisaccate,exact,Bipol,YES,circle,,,False
D3516-A_1_R_2024_02_20_18_31_40_Montana,/rhf/allocations/dsci435/smithsonian_full_sp26/raw/Images_with_annotations_for_CNN_training/D3516-A_1_R_2024_02_20_18_31_40_Montana.ndpi,/rhf/allocations/dsci435/smithsonian_full_sp26/raw/Images_with_annotations_for_CNN_training/D3516-A_1_R_2024_02_20_18_31_40_Montana.ndpi.ndpa,37,36,Bipol,Bisaccate,exact,Bipol,YES,circle,,,False
D3516-A_1_R_2024_02_20_18_31_40_Montana,/rhf/allocations/dsci435/smithsonian_full_sp26/raw/Images_with_annotations_for_CNN_training/D3516-A_1_R_2024_02_20_18_31_40_Montana.ndpi,/rhf/allocations/dsci435/smithsonian_full_sp26/raw/Images_with_annotations_for_CNN_training/D3516-A_1_R_2024_02_20_18_31_40_Montana.ndpi.ndpa,41,40,Bipol,Bisaccate,exact,Bipol,YES,circle,,,False
D3516-A_1_R_2024_02_20_18_31_40_Montana,/rhf/allocations/dsci435/smithsonian_full_sp26/raw/Images_with_annotations_for_CNN_training/D3516-A_1_R_2024_02_20_18_31_40_Montana.ndpi,/rhf/allocations/dsci435/smithsonian_full_sp26/raw/Images_with_annotations_for_CNN_training/D3516-A_1_R_2024_02_20_18_31_40_Montana.ndpi.ndpa,45,44,Bipol,Bisaccate,exact,Bipol,YES,circle,,,False
D3516-A_1_R_2024_02_20_18_31_40_Montana,/rhf/allocations/dsci435/smithsonian_full_sp26/raw/Images_with_annotations_for_CNN_training/D3516-A_1_R_2024_02_20_18_31_40_Montana.ndpi,/rhf/allocations/dsci435/smithsonian_full_sp26/raw/Images_with_annotations_for_CNN_training/D3516-A_1_R_2024_02_20_18_31_40_Montana.ndpi.ndpa,48,47,Bipol,Bisaccate,exact,Bipol,YES,circle,,,False
D3516-A_1_R_2024_02_20_18_31_40_Montana,/rhf/allocations/dsci435/smithsonian_full_sp26/raw/Images_with_annotations_for_CNN_training/D3516-A_1_R_2024_02_20_18_31_40_Montana.ndpi,/rhf/allocations/dsci435/smithsonian_full_sp26/raw/Images_with_annotations_for_CNN_training/D3516-A_1_R_2024_02_20_18_31_40_Montana.ndpi.ndpa,51,50,Bipol,Bisaccate,exact,Bipol,YES,circle,,,False
D3516-B_2_L_2024_02_20_14_24_29_Montana,/rhf/allocations/dsci435/smithsonian_full_sp26/raw/Images_with_annotations_for_CNN_training/D3516-B_2_L_2024_02_20_14_24_29_Montana.ndpi,/rhf/allocations/dsci435/smithsonian_full_sp26/raw/Images_with_annotations_for_CNN_training/D3516-B_2_L_2024_02_20_14_24_29_Montana.ndpi.ndpa,17,16,Bipol,Bisaccate,exact,Bipol,YES,circle,,,False
D3516-B_2_L_2024_02_20_14_24_29_Montana,/rhf/allocations/dsci435/smithsonian_full_sp26/raw/Images_with_annotations_for_CNN_training/D3516-B_2_L_2024_02_20_14_24_29_Montana.ndpi,/rhf/allocations/dsci435/smithsonian_full_sp26/raw/Images_with_annotations_for_CNN_training/D3516-B_2_L_2024_02_20_14_24_29_Montana.ndpi.ndpa,27,26,Bipol,Bisaccate,exact,Bipol,YES,circle,,,False
D3516-B_2_L_2024_02_20_14_24_29_Montana,/rhf/allocations/dsci435/smithsonian_full_sp26/raw/Images_with_annotations_for_CNN_training/D3516-B_2_L_2024_02_20_14_24_29_Montana.ndpi,/rhf/allocations/dsci435/smithsonian_full_sp26/raw/Images_with_annotations_for_CNN_training/D3516-B_2_L_2024_02_20_14_24_29_Montana.ndpi.ndpa,45,44,Bipol,Bisaccate,exact,Bipol,YES,circle,,,False
D3516-B_2_L_2024_02_20_14_24_29_Montana,/rhf/allocations/dsci435/smithsonian_full_sp26/raw/Images_with_annotations_for_CNN_training/D3516-B_2_L_2024_02_20_14_24_29_Montana.ndpi,/rhf/allocations/dsci435/smithsonian_full_sp26/raw/Images_with_annotations_for_CNN_training/D3516-B_2_L_2024_02_20_14_24_29_Montana.ndpi.ndpa,51,50,Bipol,Bisaccate,exact,Bipol,YES,circle,,,False
D3516-B_2_L_2024_02_20_14_24_29_Montana,/rhf/allocations/dsci435/smithsonian_full_sp26/raw/Images_with_annotations_for_CNN_training/D3516-B_2_L_2024_02_20_14_24_29_Montana.ndpi,/rhf/allocations/dsci435/smithsonian_full_sp26/raw/Images_with_annotations_for_CNN_training/D3516-B_2_L_2024_02_20_14_24_29_Montana.ndpi.ndpa,55,54,Bombacacidites,Bombacacidites sp.,provisional_alias,Bombacacidites sp.,YES,circle,,,False
D3516-B_2_L_2024_02_20_14_24_29_Montana,/rhf/allocations/dsci435/smithsonian_full_sp26/raw/Images_with_annotations_for_CNN_training/D3516-B_2_L_2024_02_20_14_24_29_Montana.ndpi,/rhf/allocations/dsci435/smithsonian_full_sp26/raw/Images_with_annotations_for_CNN_training/D3516-B_2_L_2024_02_20_14_24_29_Montana.ndpi.ndpa,57,56,Ericipites,Ericipites sp.,exact,Ericipites,YES,circle,,,False
D3516-B_2_L_2024_02_20_14_24_29_Montana,/rhf/allocations/dsci435/smithsonian_full_sp26/raw/Images_with_annotations_for_CNN_training/D3516-B_2_L_2024_02_20_14_24_29_Montana.ndpi,/rhf/allocations/dsci435/smithsonian_full_sp26/raw/Images_with_annotations_for_CNN_training/D3516-B_2_L_2024_02_20_14_24_29_Montana.ndpi.ndpa,73,72,Bipol,Bisaccate,exact,Bipol,YES,circle,,,False
D3516-B_2_L_2024_02_20_14_24_29_Montana,/rhf/allocations/dsci435/smithsonian_full_sp26/raw/Images_with_annotations_for_CNN_training/D3516-B_2_L_2024_02_20_14_24_29_Montana.ndpi,/rhf/allocations/dsci435/smithsonian_full_sp26/raw/Images_with_annotations_for_CNN_training/D3516-B_2_L_2024_02_20_14_24_29_Montana.ndpi.ndpa,78,77,Bipol,Bisaccate,exact,Bipol,YES,circle,,,False
D3846_L_2024_02_20_11_51_22_N_Dakota,/rhf/allocations/dsci435/smithsonian_full_sp26/raw/Images_with_annotations_for_CNN_training/D3846_L_2024_02_20_11_51_22_N_Dakota.ndpi,/rhf/allocations/dsci435/smithsonian_full_sp26/raw/Images_with_annotations_for_CNN_training/D3846_L_2024_02_20_11_51_22_N_Dakota.ndpi.ndpa,5,4,Bipol,Bisaccate,exact,Bipol,YES,circle,,,False
D3846_L_2024_02_20_11_51_22_N_Dakota,/rhf/allocations/dsci435/smithsonian_full_sp26/raw/Images_with_annotations_for_CNN_training/D3846_L_2024_02_20_11_51_22_N_Dakota.ndpi,/rhf/allocations/dsci435/smithsonian_full_sp26/raw/Images_with_annotations_for_CNN_training/D3846_L_2024_02_20_11_51_22_N_Dakota.ndpi.ndpa,13,11,Bipol,Bisaccate,exact,Bipol,YES,circle,,,False
D3846_L_2024_02_20_11_51_22_N_Dakota,/rhf/allocations/dsci435/smithsonian_full_sp26/raw/Images_with_annotations_for_CNN_training/D3846_L_2024_02_20_11_51_22_N_Dakota.ndpi,/rhf/allocations/dsci435/smithsonian_full_sp26/raw/Images_with_annotations_for_CNN_training/D3846_L_2024_02_20_11_51_22_N_Dakota.ndpi.ndpa,14,12,Trilete,Psilatriletes sp.,exact,Trilete,YES,circle,,,False
D3846_L_2024_02_20_11_51_22_N_Dakota,/rhf/allocations/dsci435/smithsonian_full_sp26/raw/Images_with_annotations_for_CNN_training/D3846_L_2024_02_20_11_51_22_N_Dakota.ndpi,/rhf/allocations/dsci435/smithsonian_full_sp26/raw/Images_with_annotations_for_CNN_training/D3846_L_2024_02_20_11_51_22_N_Dakota.ndpi.ndpa,17,15,Trilete,Psilatriletes sp.,exact,Trilete,YES,circle,,,False
D3846_L_2024_02_20_11_51_22_N_Dakota,/rhf/allocations/dsci435/smithsonian_full_sp26/raw/Images_with_annotations_for_CNN_training/D3846_L_2024_02_20_11_51_22_N_Dakota.ndpi,/rhf/allocations/dsci435/smithsonian_full_sp26/raw/Images_with_annotations_for_CNN_training/D3846_L_2024_02_20_11_51_22_N_Dakota.ndpi.ndpa,24,22,Bipol,Bisaccate,exact,Bipol,YES,circle,,,False
D3869-1_L_2024_02_20_12_12_54_Wyoming,/rhf/allocations/dsci435/smithsonian_full_sp26/raw/Images_with_annotations_for_CNN_training/D3869-1_L_2024_02_20_12_12_54_Wyoming.ndpi,/rhf/allocations/dsci435/smithsonian_full_sp26/raw/Images_with_annotations_for_CNN_training/D3869-1_L_2024_02_20_12_12_54_Wyoming.ndpi.ndpa,3,2,Bipol,Bisaccate,exact,Bipol,YES,circle,,,False
D3869-1_L_2024_02_20_12_12_54_Wyoming,/rhf/allocations/dsci435/smithsonian_full_sp26/raw/Images_with_annotations_for_CNN_training/D3869-1_L_2024_02_20_12_12_54_Wyoming.ndpi,/rhf/allocations/dsci435/smithsonian_full_sp26/raw/Images_with_annotations_for_CNN_training/D3869-1_L_2024_02_20_12_12_54_Wyoming.ndpi.ndpa,12,11,Bipol,Bisaccate,exact,Bipol,YES,circle,,,False
D3869-1_L_2024_02_20_12_12_54_Wyoming,/rhf/allocations/dsci435/smithsonian_full_sp26/raw/Images_with_annotations_for_CNN_training/D3869-1_L_2024_02_20_12_12_54_Wyoming.ndpi,/rhf/allocations/dsci435/smithsonian_full_sp26/raw/Images_with_annotations_for_CNN_training/D3869-1_L_2024_02_20_12_12_54_Wyoming.ndpi.ndpa,13,12,Bipol,Bisaccate,exact,Bipol,YES,circle,,,False
D3869-1_L_2024_02_20_12_12_54_Wyoming,/rhf/allocations/dsci435/smithsonian_full_sp26/raw/Images_with_annotations_for_CNN_training/D3869-1_L_2024_02_20_12_12_54_Wyoming.ndpi,/rhf/allocations/dsci435/smithsonian_full_sp26/raw/Images_with_annotations_for_CNN_training/D3869-1_L_2024_02_20_12_12_54_Wyoming.ndpi.ndpa,16,15,Bipol,Bisaccate,exact,Bipol,YES,circle,,,False
D3869-1_L_2024_02_20_12_12_54_Wyoming,/rhf/allocations/dsci435/smithsonian_full_sp26/raw/Images_with_annotations_for_CNN_training/D3869-1_L_2024_02_20_12_12_54_Wyoming.ndpi,/rhf/allocations/dsci435/smithsonian_full_sp26/raw/Images_with_annotations_for_CNN_training/D3869-1_L_2024_02_20_12_12_54_Wyoming.ndpi.ndpa,19,18,Bipol,Bisaccate,exact,Bipol,YES,circle,,,False
D3869-1_L_2024_02_20_12_12_54_Wyoming,/rhf/allocations/dsci435/smithsonian_full_sp26/raw/Images_with_annotations_for_CNN_training/D3869-1_L_2024_02_20_12_12_54_Wyoming.ndpi,/rhf/allocations/dsci435/smithsonian_full_sp26/raw/Images_with_annotations_for_CNN_training/D3869-1_L_2024_02_20_12_12_54_Wyoming.ndpi.ndpa,23,22,Bipol,Bisaccate,exact,Bipol,YES,circle,,,False
D3869-1_L_2024_02_20_12_12_54_Wyoming,/rhf/allocations/dsci435/smithsonian_full_sp26/raw/Images_with_annotations_for_CNN_training/D3869-1_L_2024_02_20_12_12_54_Wyoming.ndpi,/rhf/allocations/dsci435/smithsonian_full_sp26/raw/Images_with_annotations_for_CNN_training/D3869-1_L_2024_02_20_12_12_54_Wyoming.ndpi.ndpa,24,23,Bipol,Bisaccate,exact,Bipol,YES,circle,,,False
D3869-1_L_2024_02_20_12_12_54_Wyoming,/rhf/allocations/dsci435/smithsonian_full_sp26/raw/Images_with_annotations_for_CNN_training/D3869-1_L_2024_02_20_12_12_54_Wyoming.ndpi,/rhf/allocations/dsci435/smithsonian_full_sp26/raw/Images_with_annotations_for_CNN_training/D3869-1_L_2024_02_20_12_12_54_Wyoming.ndpi.ndpa,27,26,Bipol,Bisaccate,exact,Bipol,YES,circle,,,False
D3869-1_L_2024_02_20_12_12_54_Wyoming,/rhf/allocations/dsci435/smithsonian_full_sp26/raw/Images_with_annotations_for_CNN_training/D3869-1_L_2024_02_20_12_12_54_Wyoming.ndpi,/rhf/allocations/dsci435/smithsonian_full_sp26/raw/Images_with_annotations_for_CNN_training/D3869-1_L_2024_02_20_12_12_54_Wyoming.ndpi.ndpa,28,27,Bipol,Bisaccate,exact,Bipol,YES,circle,,,False
D3869-1_L_2024_02_20_12_12_54_Wyoming,/rhf/allocations/dsci435/smithsonian_full_sp26/raw/Images_with_annotations_for_CNN_training/D3869-1_L_2024_02_20_12_12_54_Wyoming.ndpi,/rhf/allocations/dsci435/smithsonian_full_sp26/raw/Images_with_annotations_for_CNN_training/D3869-1_L_2024_02_20_12_12_54_Wyoming.ndpi.ndpa,29,28,Bipol,Bisaccate,exact,Bipol,YES,circle,,,False
D3869-1_L_2024_02_20_12_12_54_Wyoming,/rhf/allocations/dsci435/smithsonian_full_sp26/raw/Images_with_annotations_for_CNN_training/D3869-1_L_2024_02_20_12_12_54_Wyoming.ndpi,/rhf/allocations/dsci435/smithsonian_full_sp26/raw/Images_with_annotations_for_CNN_training/D3869-1_L_2024_02_20_12_12_54_Wyoming.ndpi.ndpa,30,29,Bipol,Bisaccate,exact,Bipol,YES,circle,,,False
D3869-1_L_2024_02_20_12_12_54_Wyoming,/rhf/allocations/dsci435/smithsonian_full_sp26/raw/Images_with_annotations_for_CNN_training/D3869-1_L_2024_02_20_12_12_54_Wyoming.ndpi,/rhf/allocations/dsci435/smithsonian_full_sp26/raw/Images_with_annotations_for_CNN_training/D3869-1_L_2024_02_20_12_12_54_Wyoming.ndpi.ndpa,31,30,Bipol,Bisaccate,exact,Bipol,YES,circle,,,False
D3869-1_L_2024_02_20_12_12_54_Wyoming,/rhf/allocations/dsci435/smithsonian_full_sp26/raw/Images_with_annotations_for_CNN_training/D3869-1_L_2024_02_20_12_12_54_Wyoming.ndpi,/rhf/allocations/dsci435/smithsonian_full_sp26/raw/Images_with_annotations_for_CNN_training/D3869-1_L_2024_02_20_12_12_54_Wyoming.ndpi.ndpa,33,32,Bipol,Bisaccate,exact,Bipol,YES,circle,,,False
D3869-1_L_2024_02_20_12_12_54_Wyoming,/rhf/allocations/dsci435/smithsonian_full_sp26/raw/Images_with_annotations_for_CNN_training/D3869-1_L_2024_02_20_12_12_54_Wyoming.ndpi,/rhf/allocations/dsci435/smithsonian_full_sp26/raw/Images_with_annotations_for_CNN_training/D3869-1_L_2024_02_20_12_12_54_Wyoming.ndpi.ndpa,34,33,Bipol,Bisaccate,exact,Bipol,YES,circle,,,False
D3869-1_L_2024_02_20_12_12_54_Wyoming,/rhf/allocations/dsci435/smithsonian_full_sp26/raw/Images_with_annotations_for_CNN_training/D3869-1_L_2024_02_20_12_12_54_Wyoming.ndpi,/rhf/allocations/dsci435/smithsonian_full_sp26/raw/Images_with_annotations_for_CNN_training/D3869-1_L_2024_02_20_12_12_54_Wyoming.ndpi.ndpa,36,35,Bipol,Bisaccate,exact,Bipol,YES,circle,,,False
D3869-1_L_2024_02_20_12_12_54_Wyoming,/rhf/allocations/dsci435/smithsonian_full_sp26/raw/Images_with_annotations_for_CNN_training/D3869-1_L_2024_02_20_12_12_54_Wyoming.ndpi,/rhf/allocations/dsci435/smithsonian_full_sp26/raw/Images_with_annotations_for_CNN_training/D3869-1_L_2024_02_20_12_12_54_Wyoming.ndpi.ndpa,37,36,Bipol,Bisaccate,exact,Bipol,YES,circle,,,False
D3869-1_L_2024_02_20_12_12_54_Wyoming,/rhf/allocations/dsci435/smithsonian_full_sp26/raw/Images_with_annotations_for_CNN_training/D3869-1_L_2024_02_20_12_12_54_Wyoming.ndpi,/rhf/allocations/dsci435/smithsonian_full_sp26/raw/Images_with_annotations_for_CNN_training/D3869-1_L_2024_02_20_12_12_54_Wyoming.ndpi.ndpa,39,38,Bipol,Bisaccate,exact,Bipol,YES,circle,,,False
D3869-1_L_2024_02_20_12_12_54_Wyoming,/rhf/allocations/dsci435/smithsonian_full_sp26/raw/Images_with_annotations_for_CNN_training/D3869-1_L_2024_02_20_12_12_54_Wyoming.ndpi,/rhf/allocations/dsci435/smithsonian_full_sp26/raw/Images_with_annotations_for_CNN_training/D3869-1_L_2024_02_20_12_12_54_Wyoming.ndpi.ndpa,47,46,Bipol,Bisaccate,exact,Bipol,YES,circle,,,False
D3869-1_L_2024_02_20_12_12_54_Wyoming,/rhf/allocations/dsci435/smithsonian_full_sp26/raw/Images_with_annotations_for_CNN_training/D3869-1_L_2024_02_20_12_12_54_Wyoming.ndpi,/rhf/allocations/dsci435/smithsonian_full_sp26/raw/Images_with_annotations_for_CNN_training/D3869-1_L_2024_02_20_12_12_54_Wyoming.ndpi.ndpa,48,47,Bipol,Bisaccate,exact,Bipol,YES,circle,,,False
D3869-1_L_2024_02_20_12_12_54_Wyoming,/rhf/allocations/dsci435/smithsonian_full_sp26/raw/Images_with_annotations_for_CNN_training/D3869-1_L_2024_02_20_12_12_54_Wyoming.ndpi,/rhf/allocations/dsci435/smithsonian_full_sp26/raw/Images_with_annotations_for_CNN_training/D3869-1_L_2024_02_20_12_12_54_Wyoming.ndpi.ndpa,53,52,Bipol,Bisaccate,exact,Bipol,YES,circle,,,False
D3869-1_L_2024_02_20_12_12_54_Wyoming,/rhf/allocations/dsci435/smithsonian_full_sp26/raw/Images_with_annotations_for_CNN_training/D3869-1_L_2024_02_20_12_12_54_Wyoming.ndpi,/rhf/allocations/dsci435/smithsonian_full_sp26/raw/Images_with_annotations_for_CNN_training/D3869-1_L_2024_02_20_12_12_54_Wyoming.ndpi.ndpa,59,58,Bipol,Bisaccate,exact,Bipol,YES,circle,,,False
D3869-1_L_2024_02_20_12_12_54_Wyoming,/rhf/allocations/dsci435/smithsonian_full_sp26/raw/Images_with_annotations_for_CNN_training/D3869-1_L_2024_02_20_12_12_54_Wyoming.ndpi,/rhf/allocations/dsci435/smithsonian_full_sp26/raw/Images_with_annotations_for_CNN_training/D3869-1_L_2024_02_20_12_12_54_Wyoming.ndpi.ndpa,63,62,Bipol,Bisaccate,exact,Bipol,YES,circle,,,False
D3869-1_R_2024_02_20_17_53_41_Wyoming,/rhf/allocations/dsci435/smithsonian_full_sp26/raw/Images_with_annotations_for_CNN_training/D3869-1_R_2024_02_20_17_53_41_Wyoming.ndpi,/rhf/allocations/dsci435/smithsonian_full_sp26/raw/Images_with_annotations_for_CNN_training/D3869-1_R_2024_02_20_17_53_41_Wyoming.ndpi.ndpa,3,2,Bipol,Bisaccate,exact,Bipol,YES,circle,,,False
D3869-1_R_2024_02_20_17_53_41_Wyoming,/rhf/allocations/dsci435/smithsonian_full_sp26/raw/Images_with_annotations_for_CNN_training/D3869-1_R_2024_02_20_17_53_41_Wyoming.ndpi,/rhf/allocations/dsci435/smithsonian_full_sp26/raw/Images_with_annotations_for_CNN_training/D3869-1_R_2024_02_20_17_53_41_Wyoming.ndpi.ndpa,4,3,Bipol,Bisaccate,exact,Bipol,YES,circle,,,False
D3869-1_R_2024_02_20_17_53_41_Wyoming,/rhf/allocations/dsci435/smithsonian_full_sp26/raw/Images_with_annotations_for_CNN_training/D3869-1_R_2024_02_20_17_53_41_Wyoming.ndpi,/rhf/allocations/dsci435/smithsonian_full_sp26/raw/Images_with_annotations_for_CNN_training/D3869-1_R_2024_02_20_17_53_41_Wyoming.ndpi.ndpa,5,4,Bipol,Bisaccate,exact,Bipol,YES,circle,,,False
D3869-1_R_2024_02_20_17_53_41_Wyoming,/rhf/allocations/dsci435/smithsonian_full_sp26/raw/Images_with_annotations_for_CNN_training/D3869-1_R_2024_02_20_17_53_41_Wyoming.ndpi,/rhf/allocations/dsci435/smithsonian_full_sp26/raw/Images_with_annotations_for_CNN_training/D3869-1_R_2024_02_20_17_53_41_Wyoming.ndpi.ndpa,6,5,Bipol,Bisaccate,exact,Bipol,YES,circle,,,False
D3869-1_R_2024_02_20_17_53_41_Wyoming,/rhf/allocations/dsci435/smithsonian_full_sp26/raw/Images_with_annotations_for_CNN_training/D3869-1_R_2024_02_20_17_53_41_Wyoming.ndpi,/rhf/allocations/dsci435/smithsonian_full_sp26/raw/Images_with_annotations_for_CNN_training/D3869-1_R_2024_02_20_17_53_41_Wyoming.ndpi.ndpa,7,6,Bipol,Bisaccate,exact,Bipol,YES,circle,,,False
D3869-1_R_2024_02_20_17_53_41_Wyoming,/rhf/allocations/dsci435/smithsonian_full_sp26/raw/Images_with_annotations_for_CNN_training/D3869-1_R_2024_02_20_17_53_41_Wyoming.ndpi,/rhf/allocations/dsci435/smithsonian_full_sp26/raw/Images_with_annotations_for_CNN_training/D3869-1_R_2024_02_20_17_53_41_Wyoming.ndpi.ndpa,8,7,Bipol,Bisaccate,exact,Bipol,YES,circle,,,False
D3869-1_R_2024_02_20_17_53_41_Wyoming,/rhf/allocations/dsci435/smithsonian_full_sp26/raw/Images_with_annotations_for_CNN_training/D3869-1_R_2024_02_20_17_53_41_Wyoming.ndpi,/rhf/allocations/dsci435/smithsonian_full_sp26/raw/Images_with_annotations_for_CNN_training/D3869-1_R_2024_02_20_17_53_41_Wyoming.ndpi.ndpa,9,8,Bipol,Bisaccate,exact,Bipol,YES,circle,,,False
D3869-1_R_2024_02_20_17_53_41_Wyoming,/rhf/allocations/dsci435/smithsonian_full_sp26/raw/Images_with_annotations_for_CNN_training/D3869-1_R_2024_02_20_17_53_41_Wyoming.ndpi,/rhf/allocations/dsci435/smithsonian_full_sp26/raw/Images_with_annotations_for_CNN_training/D3869-1_R_2024_02_20_17_53_41_Wyoming.ndpi.ndpa,10,9,Bipol,Bisaccate,exact,Bipol,YES,circle,,,False
D3869-1_R_2024_02_20_17_53_41_Wyoming,/rhf/allocations/dsci435/smithsonian_full_sp26/raw/Images_with_annotations_for_CNN_training/D3869-1_R_2024_02_20_17_53_41_Wyoming.ndpi,/rhf/allocations/dsci435/smithsonian_full_sp26/raw/Images_with_annotations_for_CNN_training/D3869-1_R_2024_02_20_17_53_41_Wyoming.ndpi.ndpa,11,10,Bipol,Bisaccate,exact,Bipol,YES,circle,,,False
D3869-1_R_2024_02_20_17_53_41_Wyoming,/rhf/allocations/dsci435/smithsonian_full_sp26/raw/Images_with_annotations_for_CNN_training/D3869-1_R_2024_02_20_17_53_41_Wyoming.ndpi,/rhf/allocations/dsci435/smithsonian_full_sp26/raw/Images_with_annotations_for_CNN_training/D3869-1_R_2024_02_20_17_53_41_Wyoming.ndpi.ndpa,12,11,Bipol,Bisaccate,exact,Bipol,YES,circle,,,False
D3869-1_R_2024_02_20_17_53_41_Wyoming,/rhf/allocations/dsci435/smithsonian_full_sp26/raw/Images_with_annotations_for_CNN_training/D3869-1_R_2024_02_20_17_53_41_Wyoming.ndpi,/rhf/allocations/dsci435/smithsonian_full_sp26/raw/Images_with_annotations_for_CNN_training/D3869-1_R_2024_02_20_17_53_41_Wyoming.ndpi.ndpa,13,12,Bipol,Bisaccate,exact,Bipol,YES,circle,,,False
D3869-1_R_2024_02_20_17_53_41_Wyoming,/rhf/allocations/dsci435/smithsonian_full_sp26/raw/Images_with_annotations_for_CNN_training/D3869-1_R_2024_02_20_17_53_41_Wyoming.ndpi,/rhf/allocations/dsci435/smithsonian_full_sp26/raw/Images_with_annotations_for_CNN_training/D3869-1_R_2024_02_20_17_53_41_Wyoming.ndpi.ndpa,14,13,Bipol,Bisaccate,exact,Bipol,YES,circle,,,False
D3869-1_R_2024_02_20_17_53_41_Wyoming,/rhf/allocations/dsci435/smithsonian_full_sp26/raw/Images_with_annotations_for_CNN_training/D3869-1_R_2024_02_20_17_53_41_Wyoming.ndpi,/rhf/allocations/dsci435/smithsonian_full_sp26/raw/Images_with_annotations_for_CNN_training/D3869-1_R_2024_02_20_17_53_41_Wyoming.ndpi.ndpa,15,14,Bipol,Bisaccate,exact,Bipol,YES,circle,,,False
D3869-1_R_2024_02_20_17_53_41_Wyoming,/rhf/allocations/dsci435/smithsonian_full_sp26/raw/Images_with_annotations_for_CNN_training/D3869-1_R_2024_02_20_17_53_41_Wyoming.ndpi,/rhf/allocations/dsci435/smithsonian_full_sp26/raw/Images_with_annotations_for_CNN_training/D3869-1_R_2024_02_20_17_53_41_Wyoming.ndpi.ndpa,16,15,Bipol,Bisaccate,exact,Bipol,YES,circle,,,False
D3869-1_R_2024_02_20_17_53_41_Wyoming,/rhf/allocations/dsci435/smithsonian_full_sp26/raw/Images_with_annotations_for_CNN_training/D3869-1_R_2024_02_20_17_53_41_Wyoming.ndpi,/rhf/allocations/dsci435/smithsonian_full_sp26/raw/Images_with_annotations_for_CNN_training/D3869-1_R_2024_02_20_17_53_41_Wyoming.ndpi.ndpa,28,27,Bipol,Bisaccate,exact,Bipol,YES,circle,,,False
D3869-1_R_2024_02_20_17_53_41_Wyoming,/rhf/allocations/dsci435/smithsonian_full_sp26/raw/Images_with_annotations_for_CNN_training/D3869-1_R_2024_02_20_17_53_41_Wyoming.ndpi,/rhf/allocations/dsci435/smithsonian_full_sp26/raw/Images_with_annotations_for_CNN_training/D3869-1_R_2024_02_20_17_53_41_Wyoming.ndpi.ndpa,30,29,Bipol,Bisaccate,exact,Bipol,YES,circle,,,False
D3869-1_R_2024_02_20_17_53_41_Wyoming,/rhf/allocations/dsci435/smithsonian_full_sp26/raw/Images_with_annotations_for_CNN_training/D3869-1_R_2024_02_20_17_53_41_Wyoming.ndpi,/rhf/allocations/dsci435/smithsonian_full_sp26/raw/Images_with_annotations_for_CNN_training/D3869-1_R_2024_02_20_17_53_41_Wyoming.ndpi.ndpa,33,32,Bipol,Bisaccate,exact,Bipol,YES,circle,,,False
D3869-1_R_2024_02_20_17_53_41_Wyoming,/rhf/allocations/dsci435/smithsonian_full_sp26/raw/Images_with_annotations_for_CNN_training/D3869-1_R_2024_02_20_17_53_41_Wyoming.ndpi,/rhf/allocations/dsci435/smithsonian_full_sp26/raw/Images_with_annotations_for_CNN_training/D3869-1_R_2024_02_20_17_53_41_Wyoming.ndpi.ndpa,36,35,Bipol,Bisaccate,exact,Bipol,YES,circle,,,False
D3869-1_R_2024_02_20_17_53_41_Wyoming,/rhf/allocations/dsci435/smithsonian_full_sp26/raw/Images_with_annotations_for_CNN_training/D3869-1_R_2024_02_20_17_53_41_Wyoming.ndpi,/rhf/allocations/dsci435/smithsonian_full_sp26/raw/Images_with_annotations_for_CNN_training/D3869-1_R_2024_02_20_17_53_41_Wyoming.ndpi.ndpa,39,38,Bipol,Bisaccate,exact,Bipol,YES,circle,,,False
D3869-1_R_2024_02_20_17_53_41_Wyoming,/rhf/allocations/dsci435/smithsonian_full_sp26/raw/Images_with_annotations_for_CNN_training/D3869-1_R_2024_02_20_17_53_41_Wyoming.ndpi,/rhf/allocations/dsci435/smithsonian_full_sp26/raw/Images_with_annotations_for_CNN_training/D3869-1_R_2024_02_20_17_53_41_Wyoming.ndpi.ndpa,40,39,Bipol,Bisaccate,exact,Bipol,YES,circle,,,False
D3869-1_R_2024_02_20_17_53_41_Wyoming,/rhf/allocations/dsci435/smithsonian_full_sp26/raw/Images_with_annotations_for_CNN_training/D3869-1_R_2024_02_20_17_53_41_Wyoming.ndpi,/rhf/allocations/dsci435/smithsonian_full_sp26/raw/Images_with_annotations_for_CNN_training/D3869-1_R_2024_02_20_17_53_41_Wyoming.ndpi.ndpa,41,40,Bipol,Bisaccate,exact,Bipol,YES,circle,,,False
D3869-1_R_2024_02_20_17_53_41_Wyoming,/rhf/allocations/dsci435/smithsonian_full_sp26/raw/Images_with_annotations_for_CNN_training/D3869-1_R_2024_02_20_17_53_41_Wyoming.ndpi,/rhf/allocations/dsci435/smithsonian_full_sp26/raw/Images_with_annotations_for_CNN_training/D3869-1_R_2024_02_20_17_53_41_Wyoming.ndpi.ndpa,42,41,Bipol,Bisaccate,exact,Bipol,YES,circle,,,False
D3869-1_R_2024_02_20_17_53_41_Wyoming,/rhf/allocations/dsci435/smithsonian_full_sp26/raw/Images_with_annotations_for_CNN_training/D3869-1_R_2024_02_20_17_53_41_Wyoming.ndpi,/rhf/allocations/dsci435/smithsonian_full_sp26/raw/Images_with_annotations_for_CNN_training/D3869-1_R_2024_02_20_17_53_41_Wyoming.ndpi.ndpa,43,42,Bipol,Bisaccate,exact,Bipol,YES,circle,,,False
D3869-1_R_2024_02_20_17_53_41_Wyoming,/rhf/allocations/dsci435/smithsonian_full_sp26/raw/Images_with_annotations_for_CNN_training/D3869-1_R_2024_02_20_17_53_41_Wyoming.ndpi,/rhf/allocations/dsci435/smithsonian_full_sp26/raw/Images_with_annotations_for_CNN_training/D3869-1_R_2024_02_20_17_53_41_Wyoming.ndpi.ndpa,44,43,Bipol,Bisaccate,exact,Bipol,YES,circle,,,False
D3869-1_R_2024_02_20_17_53_41_Wyoming,/rhf/allocations/dsci435/smithsonian_full_sp26/raw/Images_with_annotations_for_CNN_training/D3869-1_R_2024_02_20_17_53_41_Wyoming.ndpi,/rhf/allocations/dsci435/smithsonian_full_sp26/raw/Images_with_annotations_for_CNN_training/D3869-1_R_2024_02_20_17_53_41_Wyoming.ndpi.ndpa,45,44,Bipol,Bisaccate,exact,Bipol,YES,circle,,,False
D3869-1_R_2024_02_20_17_53_41_Wyoming,/rhf/allocations/dsci435/smithsonian_full_sp26/raw/Images_with_annotations_for_CNN_training/D3869-1_R_2024_02_20_17_53_41_Wyoming.ndpi,/rhf/allocations/dsci435/smithsonian_full_sp26/raw/Images_with_annotations_for_CNN_training/D3869-1_R_2024_02_20_17_53_41_Wyoming.ndpi.ndpa,46,45,Bipol,Bisaccate,exact,Bipol,YES,circle,,,False
D3869-1_R_2024_02_20_17_53_41_Wyoming,/rhf/allocations/dsci435/smithsonian_full_sp26/raw/Images_with_annotations_for_CNN_training/D3869-1_R_2024_02_20_17_53_41_Wyoming.ndpi,/rhf/allocations/dsci435/smithsonian_full_sp26/raw/Images_with_annotations_for_CNN_training/D3869-1_R_2024_02_20_17_53_41_Wyoming.ndpi.ndpa,47,46,Bipol,Bisaccate,exact,Bipol,YES,circle,,,False
D3869-1_R_2024_02_20_17_53_41_Wyoming,/rhf/allocations/dsci435/smithsonian_full_sp26/raw/Images_with_annotations_for_CNN_training/D3869-1_R_2024_02_20_17_53_41_Wyoming.ndpi,/rhf/allocations/dsci435/smithsonian_full_sp26/raw/Images_with_annotations_for_CNN_training/D3869-1_R_2024_02_20_17_53_41_Wyoming.ndpi.ndpa,48,47,Bipol,Bisaccate,exact,Bipol,YES,circle,,,False
D3869-1_R_2024_02_20_17_53_41_Wyoming,/rhf/allocations/dsci435/smithsonian_full_sp26/raw/Images_with_annotations_for_CNN_training/D3869-1_R_2024_02_20_17_53_41_Wyoming.ndpi,/rhf/allocations/dsci435/smithsonian_full_sp26/raw/Images_with_annotations_for_CNN_training/D3869-1_R_2024_02_20_17_53_41_Wyoming.ndpi.ndpa,49,48,Bipol,Bisaccate,exact,Bipol,YES,circle,,,False
D3869-1_R_2024_02_20_17_53_41_Wyoming,/rhf/allocations/dsci435/smithsonian_full_sp26/raw/Images_with_annotations_for_CNN_training/D3869-1_R_2024_02_20_17_53_41_Wyoming.ndpi,/rhf/allocations/dsci435/smithsonian_full_sp26/raw/Images_with_annotations_for_CNN_training/D3869-1_R_2024_02_20_17_53_41_Wyoming.ndpi.ndpa,50,49,Bipol,Bisaccate,exact,Bipol,YES,circle,,,False
D3869-1_R_2024_02_20_17_53_41_Wyoming,/rhf/allocations/dsci435/smithsonian_full_sp26/raw/Images_with_annotations_for_CNN_training/D3869-1_R_2024_02_20_17_53_41_Wyoming.ndpi,/rhf/allocations/dsci435/smithsonian_full_sp26/raw/Images_with_annotations_for_CNN_training/D3869-1_R_2024_02_20_17_53_41_Wyoming.ndpi.ndpa,51,50,Bipol,Bisaccate,exact,Bipol,YES,circle,,,False
D3869-1_R_2024_02_20_17_53_41_Wyoming,/rhf/allocations/dsci435/smithsonian_full_sp26/raw/Images_with_annotations_for_CNN_training/D3869-1_R_2024_02_20_17_53_41_Wyoming.ndpi,/rhf/allocations/dsci435/smithsonian_full_sp26/raw/Images_with_annotations_for_CNN_training/D3869-1_R_2024_02_20_17_53_41_Wyoming.ndpi.ndpa,52,51,Bipol,Bisaccate,exact,Bipol,YES,circle,,,False
D3869-1_R_2024_02_20_17_53_41_Wyoming,/rhf/allocations/dsci435/smithsonian_full_sp26/raw/Images_with_annotations_for_CNN_training/D3869-1_R_2024_02_20_17_53_41_Wyoming.ndpi,/rhf/allocations/dsci435/smithsonian_full_sp26/raw/Images_with_annotations_for_CNN_training/D3869-1_R_2024_02_20_17_53_41_Wyoming.ndpi.ndpa,83,82,Bipol,Bisaccate,exact,Bipol,YES,circle,,,False
D4191_I_L_2024_02_06_12_10_36_Kentucky,/rhf/allocations/dsci435/smithsonian_full_sp26/raw/Images_with_annotations_for_CNN_training/D4191_I_L_2024_02_06_12_10_36_Kentucky.ndpi,/rhf/allocations/dsci435/smithsonian_full_sp26/raw/Images_with_annotations_for_CNN_training/D4191_I_L_2024_02_06_12_10_36_Kentucky.ndpi.ndpa,19,17,Bisaccate ,Bisaccate,exact,Bisaccate,YES,circle,,,False
D4200_2_2024_02_06_12_29_47_Wyoming,/rhf/allocations/dsci435/smithsonian_full_sp26/raw/Images_with_annotations_for_CNN_training/D4200_2_2024_02_06_12_29_47_Wyoming.ndpi,/rhf/allocations/dsci435/smithsonian_full_sp26/raw/Images_with_annotations_for_CNN_training/D4200_2_2024_02_06_12_29_47_Wyoming.ndpi.ndpa,17,16,Momipites,Momipites sp,exact,Momipites,YES,circle,,,False
D4220-A_L_2024-02-06_11_51_42_Maryland,/rhf/allocations/dsci435/smithsonian_full_sp26/raw/Images_with_annotations_for_CNN_training/D4220-A_L_2024-02-06_11_51_42_Maryland.ndpi,/rhf/allocations/dsci435/smithsonian_full_sp26/raw/Images_with_annotations_for_CNN_training/D4220-A_L_2024-02-06_11_51_42_Maryland.ndpi.ndpa,12,11,Bisaccate,Bisaccate,exact,Bisaccate,YES,circle,,,False
D4220-A_L_2024-02-06_11_51_42_Maryland,/rhf/allocations/dsci435/smithsonian_full_sp26/raw/Images_with_annotations_for_CNN_training/D4220-A_L_2024-02-06_11_51_42_Maryland.ndpi,/rhf/allocations/dsci435/smithsonian_full_sp26/raw/Images_with_annotations_for_CNN_training/D4220-A_L_2024-02-06_11_51_42_Maryland.ndpi.ndpa,17,16,Bisaccate,Bisaccate,exact,Bisaccate,YES,circle,,,False
D4220_A_L_2024_02_06_11_51_42_Maryland,/rhf/allocations/dsci435/smithsonian_full_sp26/raw/Images_with_annotations_for_CNN_training/D4220_A_L_2024_02_06_11_51_42_Maryland.ndpi,/rhf/allocations/dsci435/smithsonian_full_sp26/raw/Images_with_annotations_for_CNN_training/D4220_A_L_2024_02_06_11_51_42_Maryland.ndpi.ndpa,8,6,Illexpollenites,Illexpollenites sp.,exact,Illexpollenites,YES,circle,,,False
D4220_A_L_2024_02_06_11_51_42_Maryland,/rhf/allocations/dsci435/smithsonian_full_sp26/raw/Images_with_annotations_for_CNN_training/D4220_A_L_2024_02_06_11_51_42_Maryland.ndpi,/rhf/allocations/dsci435/smithsonian_full_sp26/raw/Images_with_annotations_for_CNN_training/D4220_A_L_2024_02_06_11_51_42_Maryland.ndpi.ndpa,12,10,Bisaccate pollen,Bisaccate,exact,Bisaccate pollen,YES,circle,,,False
D4220_A_L_2024_02_06_11_51_42_Maryland,/rhf/allocations/dsci435/smithsonian_full_sp26/raw/Images_with_annotations_for_CNN_training/D4220_A_L_2024_02_06_11_51_42_Maryland.ndpi,/rhf/allocations/dsci435/smithsonian_full_sp26/raw/Images_with_annotations_for_CNN_training/D4220_A_L_2024_02_06_11_51_42_Maryland.ndpi.ndpa,17,15,Bisaccate pollen,Bisaccate,exact,Bisaccate pollen,YES,circle,,,False
D4354_3_R_2024_02_05_12_39_12_Arkansas,/rhf/allocations/dsci435/smithsonian_full_sp26/raw/Images_with_annotations_for_CNN_training/D4354_3_R_2024_02_05_12_39_12_Arkansas.ndpi,/rhf/allocations/dsci435/smithsonian_full_sp26/raw/Images_with_annotations_for_CNN_training/D4354_3_R_2024_02_05_12_39_12_Arkansas.ndpi.ndpa,28,27,Caryapollenites,Caryapollenites sp.,exact,Caryapollenites,YES,circle,,,False
D4354_3_R_2024_02_05_12_39_12_Arkansas,/rhf/allocations/dsci435/smithsonian_full_sp26/raw/Images_with_annotations_for_CNN_training/D4354_3_R_2024_02_05_12_39_12_Arkansas.ndpi,/rhf/allocations/dsci435/smithsonian_full_sp26/raw/Images_with_annotations_for_CNN_training/D4354_3_R_2024_02_05_12_39_12_Arkansas.ndpi.ndpa,29,28,Caryapollenites,Caryapollenites sp.,exact,Caryapollenites,YES,circle,,,False
D4354_3_R_2024_02_05_12_39_12_Arkansas,/rhf/allocations/dsci435/smithsonian_full_sp26/raw/Images_with_annotations_for_CNN_training/D4354_3_R_2024_02_05_12_39_12_Arkansas.ndpi,/rhf/allocations/dsci435/smithsonian_full_sp26/raw/Images_with_annotations_for_CNN_training/D4354_3_R_2024_02_05_12_39_12_Arkansas.ndpi.ndpa,30,29,Arecipites reticulatus,Arecipites sp.,exact,Arecipites reticulatus,YES,circle,,,False
D4354_3_R_2024_02_05_12_39_12_Arkansas,/rhf/allocations/dsci435/smithsonian_full_sp26/raw/Images_with_annotations_for_CNN_training/D4354_3_R_2024_02_05_12_39_12_Arkansas.ndpi,/rhf/allocations/dsci435/smithsonian_full_sp26/raw/Images_with_annotations_for_CNN_training/D4354_3_R_2024_02_05_12_39_12_Arkansas.ndpi.ndpa,40,39,Monolete,Laevigatosporites sp.,exact,Monolete,YES,circle,,,False
D4354_3_R_2024_02_05_12_39_12_Arkansas,/rhf/allocations/dsci435/smithsonian_full_sp26/raw/Images_with_annotations_for_CNN_training/D4354_3_R_2024_02_05_12_39_12_Arkansas.ndpi,/rhf/allocations/dsci435/smithsonian_full_sp26/raw/Images_with_annotations_for_CNN_training/D4354_3_R_2024_02_05_12_39_12_Arkansas.ndpi.ndpa,42,41,Caryapollenites,Caryapollenites sp.,exact,Caryapollenites,YES,circle,,,False
D4354_3_R_2024_02_05_12_39_12_Arkansas,/rhf/allocations/dsci435/smithsonian_full_sp26/raw/Images_with_annotations_for_CNN_training/D4354_3_R_2024_02_05_12_39_12_Arkansas.ndpi,/rhf/allocations/dsci435/smithsonian_full_sp26/raw/Images_with_annotations_for_CNN_training/D4354_3_R_2024_02_05_12_39_12_Arkansas.ndpi.ndpa,48,47,Triletes,Psilatriletes sp.,exact,Triletes,YES,circle,,,False
D4919-A_1_L_2024_02_01_14_07_43_Georgia,/rhf/allocations/dsci435/smithsonian_full_sp26/raw/Images_with_annotations_for_CNN_training/D4919-A_1_L_2024_02_01_14_07_43_Georgia.ndpi,/rhf/allocations/dsci435/smithsonian_full_sp26/raw/Images_with_annotations_for_CNN_training/D4919-A_1_L_2024_02_01_14_07_43_Georgia.ndpi.ndpa,4,3,Monocolpites,Monocolpites sp.,exact,Monocolpites,YES,circle,,,False
D4919-A_1_L_2024_02_01_14_07_43_Georgia,/rhf/allocations/dsci435/smithsonian_full_sp26/raw/Images_with_annotations_for_CNN_training/D4919-A_1_L_2024_02_01_14_07_43_Georgia.ndpi,/rhf/allocations/dsci435/smithsonian_full_sp26/raw/Images_with_annotations_for_CNN_training/D4919-A_1_L_2024_02_01_14_07_43_Georgia.ndpi.ndpa,7,6,Monocolpites,Monocolpites sp.,exact,Monocolpites,YES,circle,,,False
D4919-A_1_L_2024_02_01_14_07_43_Georgia,/rhf/allocations/dsci435/smithsonian_full_sp26/raw/Images_with_annotations_for_CNN_training/D4919-A_1_L_2024_02_01_14_07_43_Georgia.ndpi,/rhf/allocations/dsci435/smithsonian_full_sp26/raw/Images_with_annotations_for_CNN_training/D4919-A_1_L_2024_02_01_14_07_43_Georgia.ndpi.ndpa,25,24,Betulaceae,Betulaceae,exact,Betulaceae,YES,circle,,,False
D4919-A_1_L_2024_02_01_14_07_43_Georgia,/rhf/allocations/dsci435/smithsonian_full_sp26/raw/Images_with_annotations_for_CNN_training/D4919-A_1_L_2024_02_01_14_07_43_Georgia.ndpi,/rhf/allocations/dsci435/smithsonian_full_sp26/raw/Images_with_annotations_for_CNN_training/D4919-A_1_L_2024_02_01_14_07_43_Georgia.ndpi.ndpa,32,31,Monocolpites,Monocolpites sp.,exact,Monocolpites,YES,circle,,,False
D4919-A_1_L_2024_02_01_14_07_43_Georgia,/rhf/allocations/dsci435/smithsonian_full_sp26/raw/Images_with_annotations_for_CNN_training/D4919-A_1_L_2024_02_01_14_07_43_Georgia.ndpi,/rhf/allocations/dsci435/smithsonian_full_sp26/raw/Images_with_annotations_for_CNN_training/D4919-A_1_L_2024_02_01_14_07_43_Georgia.ndpi.ndpa,37,36,Cicatricosisporites,Cicatricosisporites sp.,exact,Cicatricosisporites,YES,circle,,,False
D4919-A_1_L_2024_02_01_14_07_43_Georgia,/rhf/allocations/dsci435/smithsonian_full_sp26/raw/Images_with_annotations_for_CNN_training/D4919-A_1_L_2024_02_01_14_07_43_Georgia.ndpi,/rhf/allocations/dsci435/smithsonian_full_sp26/raw/Images_with_annotations_for_CNN_training/D4919-A_1_L_2024_02_01_14_07_43_Georgia.ndpi.ndpa,51,50,Monocolpites,Monocolpites sp.,exact,Monocolpites,YES,circle,,,False
D4919-A_1_L_2024_02_01_14_07_43_Georgia,/rhf/allocations/dsci435/smithsonian_full_sp26/raw/Images_with_annotations_for_CNN_training/D4919-A_1_L_2024_02_01_14_07_43_Georgia.ndpi,/rhf/allocations/dsci435/smithsonian_full_sp26/raw/Images_with_annotations_for_CNN_training/D4919-A_1_L_2024_02_01_14_07_43_Georgia.ndpi.ndpa,54,53,Monocolpites,Monocolpites sp.,exact,Monocolpites,YES,circle,,,False
D5151-B-1_L_2024_02_02_15_31_05_Tennessee,/rhf/allocations/dsci435/smithsonian_full_sp26/raw/Images_with_annotations_for_CNN_training/D5151-B-1_L_2024_02_02_15_31_05_Tennessee.ndpi,/rhf/allocations/dsci435/smithsonian_full_sp26/raw/Images_with_annotations_for_CNN_training/D5151-B-1_L_2024_02_02_15_31_05_Tennessee.ndpi.ndpa,17,16,Momipites,Momipites sp,exact,Momipites,YES,circle,,,False
D5151-B-1_L_2024_02_02_15_31_05_Tennessee,/rhf/allocations/dsci435/smithsonian_full_sp26/raw/Images_with_annotations_for_CNN_training/D5151-B-1_L_2024_02_02_15_31_05_Tennessee.ndpi,/rhf/allocations/dsci435/smithsonian_full_sp26/raw/Images_with_annotations_for_CNN_training/D5151-B-1_L_2024_02_02_15_31_05_Tennessee.ndpi.ndpa,19,18,Momipites,Momipites sp,exact,Momipites,YES,circle,,,False
D5151-B-1_L_2024_02_02_15_31_05_Tennessee,/rhf/allocations/dsci435/smithsonian_full_sp26/raw/Images_with_annotations_for_CNN_training/D5151-B-1_L_2024_02_02_15_31_05_Tennessee.ndpi,/rhf/allocations/dsci435/smithsonian_full_sp26/raw/Images_with_annotations_for_CNN_training/D5151-B-1_L_2024_02_02_15_31_05_Tennessee.ndpi.ndpa,66,65,Momipites,Momipites sp,exact,Momipites,YES,circle,,,False
D5151-B-1_L_2024_02_02_15_31_05_Tennessee,/rhf/allocations/dsci435/smithsonian_full_sp26/raw/Images_with_annotations_for_CNN_training/D5151-B-1_L_2024_02_02_15_31_05_Tennessee.ndpi,/rhf/allocations/dsci435/smithsonian_full_sp26/raw/Images_with_annotations_for_CNN_training/D5151-B-1_L_2024_02_02_15_31_05_Tennessee.ndpi.ndpa,67,66,Momipites,Momipites sp,exact,Momipites,YES,circle,,,False
D5151-B-1_L_2024_02_02_15_31_05_Tennessee,/rhf/allocations/dsci435/smithsonian_full_sp26/raw/Images_with_annotations_for_CNN_training/D5151-B-1_L_2024_02_02_15_31_05_Tennessee.ndpi,/rhf/allocations/dsci435/smithsonian_full_sp26/raw/Images_with_annotations_for_CNN_training/D5151-B-1_L_2024_02_02_15_31_05_Tennessee.ndpi.ndpa,87,86,Momipites,Momipites sp,exact,Momipites,YES,circle,,,False
D5151-B-1_L_2024_02_02_15_31_05_Tennessee,/rhf/allocations/dsci435/smithsonian_full_sp26/raw/Images_with_annotations_for_CNN_training/D5151-B-1_L_2024_02_02_15_31_05_Tennessee.ndpi,/rhf/allocations/dsci435/smithsonian_full_sp26/raw/Images_with_annotations_for_CNN_training/D5151-B-1_L_2024_02_02_15_31_05_Tennessee.ndpi.ndpa,97,96,Momipites,Momipites sp,exact,Momipites,YES,circle,,,False
D5151-B-1_L_2024_02_02_15_31_05_Tennessee,/rhf/allocations/dsci435/smithsonian_full_sp26/raw/Images_with_annotations_for_CNN_training/D5151-B-1_L_2024_02_02_15_31_05_Tennessee.ndpi,/rhf/allocations/dsci435/smithsonian_full_sp26/raw/Images_with_annotations_for_CNN_training/D5151-B-1_L_2024_02_02_15_31_05_Tennessee.ndpi.ndpa,118,117,Momipites,Momipites sp,exact,Momipites,YES,circle,,,False
D5151-B-1_L_2024_02_02_15_31_05_Tennessee,/rhf/allocations/dsci435/smithsonian_full_sp26/raw/Images_with_annotations_for_CNN_training/D5151-B-1_L_2024_02_02_15_31_05_Tennessee.ndpi,/rhf/allocations/dsci435/smithsonian_full_sp26/raw/Images_with_annotations_for_CNN_training/D5151-B-1_L_2024_02_02_15_31_05_Tennessee.ndpi.ndpa,141,140,Momipites,Momipites sp,exact,Momipites,YES,circle,,,False
D5151-B-1_L_2024_02_02_15_31_05_Tennessee,/rhf/allocations/dsci435/smithsonian_full_sp26/raw/Images_with_annotations_for_CNN_training/D5151-B-1_L_2024_02_02_15_31_05_Tennessee.ndpi,/rhf/allocations/dsci435/smithsonian_full_sp26/raw/Images_with_annotations_for_CNN_training/D5151-B-1_L_2024_02_02_15_31_05_Tennessee.ndpi.ndpa,156,155,Momipites,Momipites sp,exact,Momipites,YES,circle,,,False
D5151-B-1_L_2024_02_02_15_31_05_Tennessee,/rhf/allocations/dsci435/smithsonian_full_sp26/raw/Images_with_annotations_for_CNN_training/D5151-B-1_L_2024_02_02_15_31_05_Tennessee.ndpi,/rhf/allocations/dsci435/smithsonian_full_sp26/raw/Images_with_annotations_for_CNN_training/D5151-B-1_L_2024_02_02_15_31_05_Tennessee.ndpi.ndpa,163,162,Momipites,Momipites sp,exact,Momipites,YES,circle,,,False
D5151-B-1_L_2024_02_02_15_31_05_Tennessee,/rhf/allocations/dsci435/smithsonian_full_sp26/raw/Images_with_annotations_for_CNN_training/D5151-B-1_L_2024_02_02_15_31_05_Tennessee.ndpi,/rhf/allocations/dsci435/smithsonian_full_sp26/raw/Images_with_annotations_for_CNN_training/D5151-B-1_L_2024_02_02_15_31_05_Tennessee.ndpi.ndpa,175,174,Monocolpites,Monocolpites sp.,exact,Monocolpites,YES,circle,,,False
D5151-B-1_L_2024_02_02_15_31_05_Tennessee,/rhf/allocations/dsci435/smithsonian_full_sp26/raw/Images_with_annotations_for_CNN_training/D5151-B-1_L_2024_02_02_15_31_05_Tennessee.ndpi,/rhf/allocations/dsci435/smithsonian_full_sp26/raw/Images_with_annotations_for_CNN_training/D5151-B-1_L_2024_02_02_15_31_05_Tennessee.ndpi.ndpa,179,178,Momipites,Momipites sp,exact,Momipites,YES,circle,,,False
D5151-B-1_L_2024_02_02_15_31_05_Tennessee,/rhf/allocations/dsci435/smithsonian_full_sp26/raw/Images_with_annotations_for_CNN_training/D5151-B-1_L_2024_02_02_15_31_05_Tennessee.ndpi,/rhf/allocations/dsci435/smithsonian_full_sp26/raw/Images_with_annotations_for_CNN_training/D5151-B-1_L_2024_02_02_15_31_05_Tennessee.ndpi.ndpa,180,179,Momipites,Momipites sp,exact,Momipites,YES,circle,,,False
D5151-B-1_L_2024_02_02_15_31_05_Tennessee,/rhf/allocations/dsci435/smithsonian_full_sp26/raw/Images_with_annotations_for_CNN_training/D5151-B-1_L_2024_02_02_15_31_05_Tennessee.ndpi,/rhf/allocations/dsci435/smithsonian_full_sp26/raw/Images_with_annotations_for_CNN_training/D5151-B-1_L_2024_02_02_15_31_05_Tennessee.ndpi.ndpa,199,198,Momipites,Momipites sp,exact,Momipites,YES,circle,,,False
D5151-B-1_L_2024_02_02_15_31_05_Tennessee,/rhf/allocations/dsci435/smithsonian_full_sp26/raw/Images_with_annotations_for_CNN_training/D5151-B-1_L_2024_02_02_15_31_05_Tennessee.ndpi,/rhf/allocations/dsci435/smithsonian_full_sp26/raw/Images_with_annotations_for_CNN_training/D5151-B-1_L_2024_02_02_15_31_05_Tennessee.ndpi.ndpa,215,214,Momipites,Momipites sp,exact,Momipites,YES,circle,,,False
D5151-B-1_L_2024_02_02_15_31_05_Tennessee,/rhf/allocations/dsci435/smithsonian_full_sp26/raw/Images_with_annotations_for_CNN_training/D5151-B-1_L_2024_02_02_15_31_05_Tennessee.ndpi,/rhf/allocations/dsci435/smithsonian_full_sp26/raw/Images_with_annotations_for_CNN_training/D5151-B-1_L_2024_02_02_15_31_05_Tennessee.ndpi.ndpa,245,244,Momipites,Momipites sp,exact,Momipites,YES,circle,,,False
D5151-B-1_L_2024_02_02_15_31_05_Tennessee,/rhf/allocations/dsci435/smithsonian_full_sp26/raw/Images_with_annotations_for_CNN_training/D5151-B-1_L_2024_02_02_15_31_05_Tennessee.ndpi,/rhf/allocations/dsci435/smithsonian_full_sp26/raw/Images_with_annotations_for_CNN_training/D5151-B-1_L_2024_02_02_15_31_05_Tennessee.ndpi.ndpa,256,255,Momipites,Momipites sp,exact,Momipites,YES,circle,,,False
D5542_1_L_2024_02_06_10_55_26_Colorado,/rhf/allocations/dsci435/smithsonian_full_sp26/raw/Images_with_annotations_for_CNN_training/D5542_1_L_2024_02_06_10_55_26_Colorado.ndpi,/rhf/allocations/dsci435/smithsonian_full_sp26/raw/Images_with_annotations_for_CNN_training/D5542_1_L_2024_02_06_10_55_26_Colorado.ndpi.ndpa,2,1,Ulmipollenites undulosus,Ulmipollenites sp.,provisional_alias,Ulmipollenites sp. | Ulmipollenites tricostatus,YES,circle,,,False
D5542_1_L_2024_02_06_10_55_26_Colorado,/rhf/allocations/dsci435/smithsonian_full_sp26/raw/Images_with_annotations_for_CNN_training/D5542_1_L_2024_02_06_10_55_26_Colorado.ndpi,/rhf/allocations/dsci435/smithsonian_full_sp26/raw/Images_with_annotations_for_CNN_training/D5542_1_L_2024_02_06_10_55_26_Colorado.ndpi.ndpa,12,11,Ulmipollenites,Ulmipollenites sp.,provisional_alias,Ulmipollenites sp.,YES,circle,,,False
D5542_1_L_2024_02_06_10_55_26_Colorado,/rhf/allocations/dsci435/smithsonian_full_sp26/raw/Images_with_annotations_for_CNN_training/D5542_1_L_2024_02_06_10_55_26_Colorado.ndpi,/rhf/allocations/dsci435/smithsonian_full_sp26/raw/Images_with_annotations_for_CNN_training/D5542_1_L_2024_02_06_10_55_26_Colorado.ndpi.ndpa,15,14,Caryapollenites,Caryapollenites sp.,exact,Caryapollenites,YES,circle,,,False
D5542_1_L_2024_02_06_10_55_26_Colorado,/rhf/allocations/dsci435/smithsonian_full_sp26/raw/Images_with_annotations_for_CNN_training/D5542_1_L_2024_02_06_10_55_26_Colorado.ndpi,/rhf/allocations/dsci435/smithsonian_full_sp26/raw/Images_with_annotations_for_CNN_training/D5542_1_L_2024_02_06_10_55_26_Colorado.ndpi.ndpa,36,35,Bombacacidites,Bombacacidites sp.,provisional_alias,Bombacacidites sp.,YES,circle,,,False
D5542_1_L_2024_02_06_10_55_26_Colorado,/rhf/allocations/dsci435/smithsonian_full_sp26/raw/Images_with_annotations_for_CNN_training/D5542_1_L_2024_02_06_10_55_26_Colorado.ndpi,/rhf/allocations/dsci435/smithsonian_full_sp26/raw/Images_with_annotations_for_CNN_training/D5542_1_L_2024_02_06_10_55_26_Colorado.ndpi.ndpa,52,51,Caryapollenites,Caryapollenites sp.,exact,Caryapollenites,YES,circle,,,False
D5542_1_L_2024_02_06_10_55_26_Colorado,/rhf/allocations/dsci435/smithsonian_full_sp26/raw/Images_with_annotations_for_CNN_training/D5542_1_L_2024_02_06_10_55_26_Colorado.ndpi,/rhf/allocations/dsci435/smithsonian_full_sp26/raw/Images_with_annotations_for_CNN_training/D5542_1_L_2024_02_06_10_55_26_Colorado.ndpi.ndpa,53,52,Caryapollenites,Caryapollenites sp.,exact,Caryapollenites,YES,circle,,,False
D5542_1_R_2024_02_06_14_21_49_Colorado,/rhf/allocations/dsci435/smithsonian_full_sp26/raw/Images_with_annotations_for_CNN_training/D5542_1_R_2024_02_06_14_21_49_Colorado.ndpi,/rhf/allocations/dsci435/smithsonian_full_sp26/raw/Images_with_annotations_for_CNN_training/D5542_1_R_2024_02_06_14_21_49_Colorado.ndpi.ndpa,6,5,Momipites,Momipites sp,exact,Momipites,YES,circle,,,False
D5542_1_R_2024_02_06_14_21_49_Colorado,/rhf/allocations/dsci435/smithsonian_full_sp26/raw/Images_with_annotations_for_CNN_training/D5542_1_R_2024_02_06_14_21_49_Colorado.ndpi,/rhf/allocations/dsci435/smithsonian_full_sp26/raw/Images_with_annotations_for_CNN_training/D5542_1_R_2024_02_06_14_21_49_Colorado.ndpi.ndpa,16,15,Trilete,Psilatriletes sp.,exact,Trilete,YES,circle,,,False
D5542_1_R_2024_02_06_14_21_49_Colorado,/rhf/allocations/dsci435/smithsonian_full_sp26/raw/Images_with_annotations_for_CNN_training/D5542_1_R_2024_02_06_14_21_49_Colorado.ndpi,/rhf/allocations/dsci435/smithsonian_full_sp26/raw/Images_with_annotations_for_CNN_training/D5542_1_R_2024_02_06_14_21_49_Colorado.ndpi.ndpa,46,45,Momipites,Momipites sp,exact,Momipites,YES,circle,,,False
D5542_1_R_2024_02_06_14_21_49_Colorado,/rhf/allocations/dsci435/smithsonian_full_sp26/raw/Images_with_annotations_for_CNN_training/D5542_1_R_2024_02_06_14_21_49_Colorado.ndpi,/rhf/allocations/dsci435/smithsonian_full_sp26/raw/Images_with_annotations_for_CNN_training/D5542_1_R_2024_02_06_14_21_49_Colorado.ndpi.ndpa,53,52,Trilete,Psilatriletes sp.,exact,Trilete,YES,circle,,,False
D5542_1_R_2024_02_06_14_21_49_Colorado,/rhf/allocations/dsci435/smithsonian_full_sp26/raw/Images_with_annotations_for_CNN_training/D5542_1_R_2024_02_06_14_21_49_Colorado.ndpi,/rhf/allocations/dsci435/smithsonian_full_sp26/raw/Images_with_annotations_for_CNN_training/D5542_1_R_2024_02_06_14_21_49_Colorado.ndpi.ndpa,65,64,Momipites,Momipites sp,exact,Momipites,YES,circle,,,False
D5542_1_R_2024_02_06_14_21_49_Colorado,/rhf/allocations/dsci435/smithsonian_full_sp26/raw/Images_with_annotations_for_CNN_training/D5542_1_R_2024_02_06_14_21_49_Colorado.ndpi,/rhf/allocations/dsci435/smithsonian_full_sp26/raw/Images_with_annotations_for_CNN_training/D5542_1_R_2024_02_06_14_21_49_Colorado.ndpi.ndpa,74,73,Bipol,Bisaccate,exact,Bipol,YES,circle,,,False
D5542_1_R_2024_02_06_14_21_49_Colorado,/rhf/allocations/dsci435/smithsonian_full_sp26/raw/Images_with_annotations_for_CNN_training/D5542_1_R_2024_02_06_14_21_49_Colorado.ndpi,/rhf/allocations/dsci435/smithsonian_full_sp26/raw/Images_with_annotations_for_CNN_training/D5542_1_R_2024_02_06_14_21_49_Colorado.ndpi.ndpa,86,85,Caryapollenites,Caryapollenites sp.,exact,Caryapollenites,YES,circle,,,False
D5542_1_R_2024_02_06_14_21_49_Colorado,/rhf/allocations/dsci435/smithsonian_full_sp26/raw/Images_with_annotations_for_CNN_training/D5542_1_R_2024_02_06_14_21_49_Colorado.ndpi,/rhf/allocations/dsci435/smithsonian_full_sp26/raw/Images_with_annotations_for_CNN_training/D5542_1_R_2024_02_06_14_21_49_Colorado.ndpi.ndpa,103,102,Momipites,Momipites sp,exact,Momipites,YES,circle,,,False
D5542_1_R_2024_02_06_14_21_49_Colorado,/rhf/allocations/dsci435/smithsonian_full_sp26/raw/Images_with_annotations_for_CNN_training/D5542_1_R_2024_02_06_14_21_49_Colorado.ndpi,/rhf/allocations/dsci435/smithsonian_full_sp26/raw/Images_with_annotations_for_CNN_training/D5542_1_R_2024_02_06_14_21_49_Colorado.ndpi.ndpa,107,106,Momipites,Momipites sp,exact,Momipites,YES,circle,,,False
D5542_1_R_2024_02_06_14_21_49_Colorado,/rhf/allocations/dsci435/smithsonian_full_sp26/raw/Images_with_annotations_for_CNN_training/D5542_1_R_2024_02_06_14_21_49_Colorado.ndpi,/rhf/allocations/dsci435/smithsonian_full_sp26/raw/Images_with_annotations_for_CNN_training/D5542_1_R_2024_02_06_14_21_49_Colorado.ndpi.ndpa,109,108,Momipites,Momipites sp,exact,Momipites,YES,circle,,,False
D5609_L_2024_03_01_11_15_57_Alaska,/rhf/allocations/dsci435/smithsonian_full_sp26/raw/Images_with_annotations_for_CNN_training/D5609_L_2024_03_01_11_15_57_Alaska.ndpi,/rhf/allocations/dsci435/smithsonian_full_sp26/raw/Images_with_annotations_for_CNN_training/D5609_L_2024_03_01_11_15_57_Alaska.ndpi.ndpa,4,3,Betulaceae,Betulaceae,exact,Betulaceae,YES,circle,,,False
D5609_L_2024_03_01_11_15_57_Alaska,/rhf/allocations/dsci435/smithsonian_full_sp26/raw/Images_with_annotations_for_CNN_training/D5609_L_2024_03_01_11_15_57_Alaska.ndpi,/rhf/allocations/dsci435/smithsonian_full_sp26/raw/Images_with_annotations_for_CNN_training/D5609_L_2024_03_01_11_15_57_Alaska.ndpi.ndpa,12,11,Bipol,Bisaccate,exact,Bipol,YES,circle,,,False
D5609_L_2024_03_01_11_15_57_Alaska,/rhf/allocations/dsci435/smithsonian_full_sp26/raw/Images_with_annotations_for_CNN_training/D5609_L_2024_03_01_11_15_57_Alaska.ndpi,/rhf/allocations/dsci435/smithsonian_full_sp26/raw/Images_with_annotations_for_CNN_training/D5609_L_2024_03_01_11_15_57_Alaska.ndpi.ndpa,30,29,Bipol,Bisaccate,exact,Bipol,YES,circle,,,False
D5609_L_2024_03_01_11_15_57_Alaska,/rhf/allocations/dsci435/smithsonian_full_sp26/raw/Images_with_annotations_for_CNN_training/D5609_L_2024_03_01_11_15_57_Alaska.ndpi,/rhf/allocations/dsci435/smithsonian_full_sp26/raw/Images_with_annotations_for_CNN_training/D5609_L_2024_03_01_11_15_57_Alaska.ndpi.ndpa,32,31,Bipol,Bisaccate,exact,Bipol,YES,circle,,,False
D5609_L_2024_03_01_11_15_57_Alaska,/rhf/allocations/dsci435/smithsonian_full_sp26/raw/Images_with_annotations_for_CNN_training/D5609_L_2024_03_01_11_15_57_Alaska.ndpi,/rhf/allocations/dsci435/smithsonian_full_sp26/raw/Images_with_annotations_for_CNN_training/D5609_L_2024_03_01_11_15_57_Alaska.ndpi.ndpa,42,41,Bipol,Bisaccate,exact,Bipol,YES,circle,,,False
D5609_L_2024_03_01_11_15_57_Alaska,/rhf/allocations/dsci435/smithsonian_full_sp26/raw/Images_with_annotations_for_CNN_training/D5609_L_2024_03_01_11_15_57_Alaska.ndpi,/rhf/allocations/dsci435/smithsonian_full_sp26/raw/Images_with_annotations_for_CNN_training/D5609_L_2024_03_01_11_15_57_Alaska.ndpi.ndpa,50,49,Alnipollenites,Alnipollenites verus,provisional_alias,Alnipollenites sp.,YES,circle,,,False
D5609_L_2024_03_01_11_15_57_Alaska,/rhf/allocations/dsci435/smithsonian_full_sp26/raw/Images_with_annotations_for_CNN_training/D5609_L_2024_03_01_11_15_57_Alaska.ndpi,/rhf/allocations/dsci435/smithsonian_full_sp26/raw/Images_with_annotations_for_CNN_training/D5609_L_2024_03_01_11_15_57_Alaska.ndpi.ndpa,52,51,Bipol,Bisaccate,exact,Bipol,YES,circle,,,False
D5609_L_2024_03_01_11_15_57_Alaska,/rhf/allocations/dsci435/smithsonian_full_sp26/raw/Images_with_annotations_for_CNN_training/D5609_L_2024_03_01_11_15_57_Alaska.ndpi,/rhf/allocations/dsci435/smithsonian_full_sp26/raw/Images_with_annotations_for_CNN_training/D5609_L_2024_03_01_11_15_57_Alaska.ndpi.ndpa,57,56,Alnipollenites,Alnipollenites verus,provisional_alias,Alnipollenites sp.,YES,circle,,,False
D5609_L_2024_03_01_11_15_57_Alaska,/rhf/allocations/dsci435/smithsonian_full_sp26/raw/Images_with_annotations_for_CNN_training/D5609_L_2024_03_01_11_15_57_Alaska.ndpi,/rhf/allocations/dsci435/smithsonian_full_sp26/raw/Images_with_annotations_for_CNN_training/D5609_L_2024_03_01_11_15_57_Alaska.ndpi.ndpa,62,61,Bipol,Bisaccate,exact,Bipol,YES,circle,,,False
D5609_L_2024_03_01_11_15_57_Alaska,/rhf/allocations/dsci435/smithsonian_full_sp26/raw/Images_with_annotations_for_CNN_training/D5609_L_2024_03_01_11_15_57_Alaska.ndpi,/rhf/allocations/dsci435/smithsonian_full_sp26/raw/Images_with_annotations_for_CNN_training/D5609_L_2024_03_01_11_15_57_Alaska.ndpi.ndpa,71,70,Bipol,Bisaccate,exact,Bipol,YES,circle,,,False
D5609_L_2024_03_01_11_15_57_Alaska,/rhf/allocations/dsci435/smithsonian_full_sp26/raw/Images_with_annotations_for_CNN_training/D5609_L_2024_03_01_11_15_57_Alaska.ndpi,/rhf/allocations/dsci435/smithsonian_full_sp26/raw/Images_with_annotations_for_CNN_training/D5609_L_2024_03_01_11_15_57_Alaska.ndpi.ndpa,76,75,Bipol,Bisaccate,exact,Bipol,YES,circle,,,False
D5609_L_2024_03_01_11_15_57_Alaska,/rhf/allocations/dsci435/smithsonian_full_sp26/raw/Images_with_annotations_for_CNN_training/D5609_L_2024_03_01_11_15_57_Alaska.ndpi,/rhf/allocations/dsci435/smithsonian_full_sp26/raw/Images_with_annotations_for_CNN_training/D5609_L_2024_03_01_11_15_57_Alaska.ndpi.ndpa,77,76,Bipol,Bisaccate,exact,Bipol,YES,circle,,,False
D5609_L_2024_03_01_11_15_57_Alaska,/rhf/allocations/dsci435/smithsonian_full_sp26/raw/Images_with_annotations_for_CNN_training/D5609_L_2024_03_01_11_15_57_Alaska.ndpi,/rhf/allocations/dsci435/smithsonian_full_sp26/raw/Images_with_annotations_for_CNN_training/D5609_L_2024_03_01_11_15_57_Alaska.ndpi.ndpa,79,78,Bipol,Bisaccate,exact,Bipol,YES,circle,,,False
D5609_L_2024_03_01_11_15_57_Alaska,/rhf/allocations/dsci435/smithsonian_full_sp26/raw/Images_with_annotations_for_CNN_training/D5609_L_2024_03_01_11_15_57_Alaska.ndpi,/rhf/allocations/dsci435/smithsonian_full_sp26/raw/Images_with_annotations_for_CNN_training/D5609_L_2024_03_01_11_15_57_Alaska.ndpi.ndpa,83,82,Bipol,Bisaccate,exact,Bipol,YES,circle,,,False
D5609_L_2024_03_01_11_15_57_Alaska,/rhf/allocations/dsci435/smithsonian_full_sp26/raw/Images_with_annotations_for_CNN_training/D5609_L_2024_03_01_11_15_57_Alaska.ndpi,/rhf/allocations/dsci435/smithsonian_full_sp26/raw/Images_with_annotations_for_CNN_training/D5609_L_2024_03_01_11_15_57_Alaska.ndpi.ndpa,85,84,Bipol,Bisaccate,exact,Bipol,YES,circle,,,False
D5609_L_2024_03_01_11_15_57_Alaska,/rhf/allocations/dsci435/smithsonian_full_sp26/raw/Images_with_annotations_for_CNN_training/D5609_L_2024_03_01_11_15_57_Alaska.ndpi,/rhf/allocations/dsci435/smithsonian_full_sp26/raw/Images_with_annotations_for_CNN_training/D5609_L_2024_03_01_11_15_57_Alaska.ndpi.ndpa,86,85,Bipol,Bisaccate,exact,Bipol,YES,circle,,,False
D5609_L_2024_03_01_11_15_57_Alaska,/rhf/allocations/dsci435/smithsonian_full_sp26/raw/Images_with_annotations_for_CNN_training/D5609_L_2024_03_01_11_15_57_Alaska.ndpi,/rhf/allocations/dsci435/smithsonian_full_sp26/raw/Images_with_annotations_for_CNN_training/D5609_L_2024_03_01_11_15_57_Alaska.ndpi.ndpa,90,89,Bipol,Bisaccate,exact,Bipol,YES,circle,,,False
D5609_R_2024_03_01_15_10_09_Alaska,/rhf/allocations/dsci435/smithsonian_full_sp26/raw/Images_with_annotations_for_CNN_training/D5609_R_2024_03_01_15_10_09_Alaska.ndpi,/rhf/allocations/dsci435/smithsonian_full_sp26/raw/Images_with_annotations_for_CNN_training/D5609_R_2024_03_01_15_10_09_Alaska.ndpi.ndpa,6,1,Alnipollenites,Alnipollenites verus,provisional_alias,Alnipollenites sp.,YES,circle,,,False
D5609_R_2024_03_01_15_10_09_Alaska,/rhf/allocations/dsci435/smithsonian_full_sp26/raw/Images_with_annotations_for_CNN_training/D5609_R_2024_03_01_15_10_09_Alaska.ndpi,/rhf/allocations/dsci435/smithsonian_full_sp26/raw/Images_with_annotations_for_CNN_training/D5609_R_2024_03_01_15_10_09_Alaska.ndpi.ndpa,7,2,Bisaccate,Bisaccate,exact,Bisaccate,YES,circle,,Pinaceae,False
D5609_R_2024_03_01_15_10_09_Alaska,/rhf/allocations/dsci435/smithsonian_full_sp26/raw/Images_with_annotations_for_CNN_training/D5609_R_2024_03_01_15_10_09_Alaska.ndpi,/rhf/allocations/dsci435/smithsonian_full_sp26/raw/Images_with_annotations_for_CNN_training/D5609_R_2024_03_01_15_10_09_Alaska.ndpi.ndpa,41,32,Bipol,Bisaccate,exact,Bipol,YES,circle,,,False
D5609_R_2024_03_01_15_10_09_Alaska,/rhf/allocations/dsci435/smithsonian_full_sp26/raw/Images_with_annotations_for_CNN_training/D5609_R_2024_03_01_15_10_09_Alaska.ndpi,/rhf/allocations/dsci435/smithsonian_full_sp26/raw/Images_with_annotations_for_CNN_training/D5609_R_2024_03_01_15_10_09_Alaska.ndpi.ndpa,42,33,Bipol,Bisaccate,exact,Bipol,YES,circle,,,False
D5609_R_2024_03_01_15_10_09_Alaska,/rhf/allocations/dsci435/smithsonian_full_sp26/raw/Images_with_annotations_for_CNN_training/D5609_R_2024_03_01_15_10_09_Alaska.ndpi,/rhf/allocations/dsci435/smithsonian_full_sp26/raw/Images_with_annotations_for_CNN_training/D5609_R_2024_03_01_15_10_09_Alaska.ndpi.ndpa,44,35,Monocolpites,Monocolpites sp.,exact,Monocolpites,YES,circle,,Arecaceae,False
D5609_R_2024_03_01_15_10_09_Alaska,/rhf/allocations/dsci435/smithsonian_full_sp26/raw/Images_with_annotations_for_CNN_training/D5609_R_2024_03_01_15_10_09_Alaska.ndpi,/rhf/allocations/dsci435/smithsonian_full_sp26/raw/Images_with_annotations_for_CNN_training/D5609_R_2024_03_01_15_10_09_Alaska.ndpi.ndpa,50,41,Bipol,Bisaccate,exact,Bipol,YES,circle,,,False
D5609_R_2024_03_01_15_10_09_Alaska,/rhf/allocations/dsci435/smithsonian_full_sp26/raw/Images_with_annotations_for_CNN_training/D5609_R_2024_03_01_15_10_09_Alaska.ndpi,/rhf/allocations/dsci435/smithsonian_full_sp26/raw/Images_with_annotations_for_CNN_training/D5609_R_2024_03_01_15_10_09_Alaska.ndpi.ndpa,74,65,Bipol,Bisaccate,exact,Bipol,YES,circle,,,False
D5609_R_2024_03_01_15_10_09_Alaska,/rhf/allocations/dsci435/smithsonian_full_sp26/raw/Images_with_annotations_for_CNN_training/D5609_R_2024_03_01_15_10_09_Alaska.ndpi,/rhf/allocations/dsci435/smithsonian_full_sp26/raw/Images_with_annotations_for_CNN_training/D5609_R_2024_03_01_15_10_09_Alaska.ndpi.ndpa,75,66,Bipol,Bisaccate,exact,Bipol,YES,circle,,,False
D5609_R_2024_03_01_15_10_09_Alaska,/rhf/allocations/dsci435/smithsonian_full_sp26/raw/Images_with_annotations_for_CNN_training/D5609_R_2024_03_01_15_10_09_Alaska.ndpi,/rhf/allocations/dsci435/smithsonian_full_sp26/raw/Images_with_annotations_for_CNN_training/D5609_R_2024_03_01_15_10_09_Alaska.ndpi.ndpa,110,100,Bipol,Bisaccate,exact,Bipol,YES,circle,,,False
D5609_R_2024_03_01_15_10_09_Alaska,/rhf/allocations/dsci435/smithsonian_full_sp26/raw/Images_with_annotations_for_CNN_training/D5609_R_2024_03_01_15_10_09_Alaska.ndpi,/rhf/allocations/dsci435/smithsonian_full_sp26/raw/Images_with_annotations_for_CNN_training/D5609_R_2024_03_01_15_10_09_Alaska.ndpi.ndpa,120,110,Alnipollenites,Alnipollenites verus,provisional_alias,Alnipollenites sp.,YES,circle,,,False
D5609_R_2024_03_01_15_10_09_Alaska,/rhf/allocations/dsci435/smithsonian_full_sp26/raw/Images_with_annotations_for_CNN_training/D5609_R_2024_03_01_15_10_09_Alaska.ndpi,/rhf/allocations/dsci435/smithsonian_full_sp26/raw/Images_with_annotations_for_CNN_training/D5609_R_2024_03_01_15_10_09_Alaska.ndpi.ndpa,128,118,Momipites,Momipites sp,exact,Momipites,YES,circle,,,False
D5609_R_2024_03_01_15_10_09_Alaska,/rhf/allocations/dsci435/smithsonian_full_sp26/raw/Images_with_annotations_for_CNN_training/D5609_R_2024_03_01_15_10_09_Alaska.ndpi,/rhf/allocations/dsci435/smithsonian_full_sp26/raw/Images_with_annotations_for_CNN_training/D5609_R_2024_03_01_15_10_09_Alaska.ndpi.ndpa,139,129,Bipol,Bisaccate,exact,Bipol,YES,circle,,,False
D5609_R_2024_03_01_15_10_09_Alaska,/rhf/allocations/dsci435/smithsonian_full_sp26/raw/Images_with_annotations_for_CNN_training/D5609_R_2024_03_01_15_10_09_Alaska.ndpi,/rhf/allocations/dsci435/smithsonian_full_sp26/raw/Images_with_annotations_for_CNN_training/D5609_R_2024_03_01_15_10_09_Alaska.ndpi.ndpa,140,130,Bipol,Bisaccate,exact,Bipol,YES,circle,,,False
D5609_R_2024_03_01_15_10_09_Alaska,/rhf/allocations/dsci435/smithsonian_full_sp26/raw/Images_with_annotations_for_CNN_training/D5609_R_2024_03_01_15_10_09_Alaska.ndpi,/rhf/allocations/dsci435/smithsonian_full_sp26/raw/Images_with_annotations_for_CNN_training/D5609_R_2024_03_01_15_10_09_Alaska.ndpi.ndpa,148,138,Bipol,Bisaccate,exact,Bipol,YES,circle,,,False
D5825_L_2024_02_06_10_36_15_Utah,/rhf/allocations/dsci435/smithsonian_full_sp26/raw/Images_with_annotations_for_CNN_training/D5825_L_2024_02_06_10_36_15_Utah.ndpi,/rhf/allocations/dsci435/smithsonian_full_sp26/raw/Images_with_annotations_for_CNN_training/D5825_L_2024_02_06_10_36_15_Utah.ndpi.ndpa,2,1,Bipol,Bisaccate,exact,Bipol,YES,circle,,,False
D5825_L_2024_02_06_10_36_15_Utah,/rhf/allocations/dsci435/smithsonian_full_sp26/raw/Images_with_annotations_for_CNN_training/D5825_L_2024_02_06_10_36_15_Utah.ndpi,/rhf/allocations/dsci435/smithsonian_full_sp26/raw/Images_with_annotations_for_CNN_training/D5825_L_2024_02_06_10_36_15_Utah.ndpi.ndpa,3,2,Bipol,Bisaccate,exact,Bipol,YES,circle,,,False
D5825_L_2024_02_06_10_36_15_Utah,/rhf/allocations/dsci435/smithsonian_full_sp26/raw/Images_with_annotations_for_CNN_training/D5825_L_2024_02_06_10_36_15_Utah.ndpi,/rhf/allocations/dsci435/smithsonian_full_sp26/raw/Images_with_annotations_for_CNN_training/D5825_L_2024_02_06_10_36_15_Utah.ndpi.ndpa,4,3,Bipol,Bisaccate,exact,Bipol,YES,circle,,,False
D5825_L_2024_02_06_10_36_15_Utah,/rhf/allocations/dsci435/smithsonian_full_sp26/raw/Images_with_annotations_for_CNN_training/D5825_L_2024_02_06_10_36_15_Utah.ndpi,/rhf/allocations/dsci435/smithsonian_full_sp26/raw/Images_with_annotations_for_CNN_training/D5825_L_2024_02_06_10_36_15_Utah.ndpi.ndpa,5,4,Bipol,Bisaccate,exact,Bipol,YES,circle,,,False
D5825_L_2024_02_06_10_36_15_Utah,/rhf/allocations/dsci435/smithsonian_full_sp26/raw/Images_with_annotations_for_CNN_training/D5825_L_2024_02_06_10_36_15_Utah.ndpi,/rhf/allocations/dsci435/smithsonian_full_sp26/raw/Images_with_annotations_for_CNN_training/D5825_L_2024_02_06_10_36_15_Utah.ndpi.ndpa,6,5,Bipol,Bisaccate,exact,Bipol,YES,circle,,,False
D5825_L_2024_02_06_10_36_15_Utah,/rhf/allocations/dsci435/smithsonian_full_sp26/raw/Images_with_annotations_for_CNN_training/D5825_L_2024_02_06_10_36_15_Utah.ndpi,/rhf/allocations/dsci435/smithsonian_full_sp26/raw/Images_with_annotations_for_CNN_training/D5825_L_2024_02_06_10_36_15_Utah.ndpi.ndpa,7,6,Bipol,Bisaccate,exact,Bipol,YES,circle,,,False
D5825_L_2024_02_06_10_36_15_Utah,/rhf/allocations/dsci435/smithsonian_full_sp26/raw/Images_with_annotations_for_CNN_training/D5825_L_2024_02_06_10_36_15_Utah.ndpi,/rhf/allocations/dsci435/smithsonian_full_sp26/raw/Images_with_annotations_for_CNN_training/D5825_L_2024_02_06_10_36_15_Utah.ndpi.ndpa,10,9,Bipol,Bisaccate,exact,Bipol,YES,circle,,,False
D5825_L_2024_02_06_10_36_15_Utah,/rhf/allocations/dsci435/smithsonian_full_sp26/raw/Images_with_annotations_for_CNN_training/D5825_L_2024_02_06_10_36_15_Utah.ndpi,/rhf/allocations/dsci435/smithsonian_full_sp26/raw/Images_with_annotations_for_CNN_training/D5825_L_2024_02_06_10_36_15_Utah.ndpi.ndpa,11,10,Bipol,Bisaccate,exact,Bipol,YES,circle,,,False
D5825_L_2024_02_06_10_36_15_Utah,/rhf/allocations/dsci435/smithsonian_full_sp26/raw/Images_with_annotations_for_CNN_training/D5825_L_2024_02_06_10_36_15_Utah.ndpi,/rhf/allocations/dsci435/smithsonian_full_sp26/raw/Images_with_annotations_for_CNN_training/D5825_L_2024_02_06_10_36_15_Utah.ndpi.ndpa,12,11,Bipol,Bisaccate,exact,Bipol,YES,circle,,,False
D5825_L_2024_02_06_10_36_15_Utah,/rhf/allocations/dsci435/smithsonian_full_sp26/raw/Images_with_annotations_for_CNN_training/D5825_L_2024_02_06_10_36_15_Utah.ndpi,/rhf/allocations/dsci435/smithsonian_full_sp26/raw/Images_with_annotations_for_CNN_training/D5825_L_2024_02_06_10_36_15_Utah.ndpi.ndpa,13,12,Bipol,Bisaccate,exact,Bipol,YES,circle,,,False
D5825_L_2024_02_06_10_36_15_Utah,/rhf/allocations/dsci435/smithsonian_full_sp26/raw/Images_with_annotations_for_CNN_training/D5825_L_2024_02_06_10_36_15_Utah.ndpi,/rhf/allocations/dsci435/smithsonian_full_sp26/raw/Images_with_annotations_for_CNN_training/D5825_L_2024_02_06_10_36_15_Utah.ndpi.ndpa,14,13,Bipol,Bisaccate,exact,Bipol,YES,circle,,,False
D5825_L_2024_02_06_10_36_15_Utah,/rhf/allocations/dsci435/smithsonian_full_sp26/raw/Images_with_annotations_for_CNN_training/D5825_L_2024_02_06_10_36_15_Utah.ndpi,/rhf/allocations/dsci435/smithsonian_full_sp26/raw/Images_with_annotations_for_CNN_training/D5825_L_2024_02_06_10_36_15_Utah.ndpi.ndpa,15,14,Bipol,Bisaccate,exact,Bipol,YES,circle,,,False
D5825_L_2024_02_06_10_36_15_Utah,/rhf/allocations/dsci435/smithsonian_full_sp26/raw/Images_with_annotations_for_CNN_training/D5825_L_2024_02_06_10_36_15_Utah.ndpi,/rhf/allocations/dsci435/smithsonian_full_sp26/raw/Images_with_annotations_for_CNN_training/D5825_L_2024_02_06_10_36_15_Utah.ndpi.ndpa,17,16,Bipol,Bisaccate,exact,Bipol,YES,circle,,,False
D5825_L_2024_02_06_10_36_15_Utah,/rhf/allocations/dsci435/smithsonian_full_sp26/raw/Images_with_annotations_for_CNN_training/D5825_L_2024_02_06_10_36_15_Utah.ndpi,/rhf/allocations/dsci435/smithsonian_full_sp26/raw/Images_with_annotations_for_CNN_training/D5825_L_2024_02_06_10_36_15_Utah.ndpi.ndpa,18,17,Bipol,Bisaccate,exact,Bipol,YES,circle,,,False
D5825_L_2024_02_06_10_36_15_Utah,/rhf/allocations/dsci435/smithsonian_full_sp26/raw/Images_with_annotations_for_CNN_training/D5825_L_2024_02_06_10_36_15_Utah.ndpi,/rhf/allocations/dsci435/smithsonian_full_sp26/raw/Images_with_annotations_for_CNN_training/D5825_L_2024_02_06_10_36_15_Utah.ndpi.ndpa,19,18,Bipol,Bisaccate,exact,Bipol,YES,circle,,,False
D5825_L_2024_02_06_10_36_15_Utah,/rhf/allocations/dsci435/smithsonian_full_sp26/raw/Images_with_annotations_for_CNN_training/D5825_L_2024_02_06_10_36_15_Utah.ndpi,/rhf/allocations/dsci435/smithsonian_full_sp26/raw/Images_with_annotations_for_CNN_training/D5825_L_2024_02_06_10_36_15_Utah.ndpi.ndpa,21,20,Bipol,Bisaccate,exact,Bipol,YES,circle,,,False
D5825_L_2024_02_06_10_36_15_Utah,/rhf/allocations/dsci435/smithsonian_full_sp26/raw/Images_with_annotations_for_CNN_training/D5825_L_2024_02_06_10_36_15_Utah.ndpi,/rhf/allocations/dsci435/smithsonian_full_sp26/raw/Images_with_annotations_for_CNN_training/D5825_L_2024_02_06_10_36_15_Utah.ndpi.ndpa,24,23,Bipol,Bisaccate,exact,Bipol,YES,circle,,,False
D5825_L_2024_02_06_10_36_15_Utah,/rhf/allocations/dsci435/smithsonian_full_sp26/raw/Images_with_annotations_for_CNN_training/D5825_L_2024_02_06_10_36_15_Utah.ndpi,/rhf/allocations/dsci435/smithsonian_full_sp26/raw/Images_with_annotations_for_CNN_training/D5825_L_2024_02_06_10_36_15_Utah.ndpi.ndpa,25,24,Bipol,Bisaccate,exact,Bipol,YES,circle,,,False
D5825_L_2024_02_06_10_36_15_Utah,/rhf/allocations/dsci435/smithsonian_full_sp26/raw/Images_with_annotations_for_CNN_training/D5825_L_2024_02_06_10_36_15_Utah.ndpi,/rhf/allocations/dsci435/smithsonian_full_sp26/raw/Images_with_annotations_for_CNN_training/D5825_L_2024_02_06_10_36_15_Utah.ndpi.ndpa,26,25,Bipol,Bisaccate,exact,Bipol,YES,circle,,,False
D5825_L_2024_02_06_10_36_15_Utah,/rhf/allocations/dsci435/smithsonian_full_sp26/raw/Images_with_annotations_for_CNN_training/D5825_L_2024_02_06_10_36_15_Utah.ndpi,/rhf/allocations/dsci435/smithsonian_full_sp26/raw/Images_with_annotations_for_CNN_training/D5825_L_2024_02_06_10_36_15_Utah.ndpi.ndpa,28,27,Bipol,Bisaccate,exact,Bipol,YES,circle,,,False
D5825_L_2024_02_06_10_36_15_Utah,/rhf/allocations/dsci435/smithsonian_full_sp26/raw/Images_with_annotations_for_CNN_training/D5825_L_2024_02_06_10_36_15_Utah.ndpi,/rhf/allocations/dsci435/smithsonian_full_sp26/raw/Images_with_annotations_for_CNN_training/D5825_L_2024_02_06_10_36_15_Utah.ndpi.ndpa,29,28,Bipol,Bisaccate,exact,Bipol,YES,circle,,,False
D5825_L_2024_02_06_10_36_15_Utah,/rhf/allocations/dsci435/smithsonian_full_sp26/raw/Images_with_annotations_for_CNN_training/D5825_L_2024_02_06_10_36_15_Utah.ndpi,/rhf/allocations/dsci435/smithsonian_full_sp26/raw/Images_with_annotations_for_CNN_training/D5825_L_2024_02_06_10_36_15_Utah.ndpi.ndpa,30,29,Bipol,Bisaccate,exact,Bipol,YES,circle,,,False
D5825_L_2024_02_06_10_36_15_Utah,/rhf/allocations/dsci435/smithsonian_full_sp26/raw/Images_with_annotations_for_CNN_training/D5825_L_2024_02_06_10_36_15_Utah.ndpi,/rhf/allocations/dsci435/smithsonian_full_sp26/raw/Images_with_annotations_for_CNN_training/D5825_L_2024_02_06_10_36_15_Utah.ndpi.ndpa,31,30,Bipol,Bisaccate,exact,Bipol,YES,circle,,,False
D5825_L_2024_02_06_10_36_15_Utah,/rhf/allocations/dsci435/smithsonian_full_sp26/raw/Images_with_annotations_for_CNN_training/D5825_L_2024_02_06_10_36_15_Utah.ndpi,/rhf/allocations/dsci435/smithsonian_full_sp26/raw/Images_with_annotations_for_CNN_training/D5825_L_2024_02_06_10_36_15_Utah.ndpi.ndpa,32,31,Bipol,Bisaccate,exact,Bipol,YES,circle,,,False
D5825_L_2024_02_06_10_36_15_Utah,/rhf/allocations/dsci435/smithsonian_full_sp26/raw/Images_with_annotations_for_CNN_training/D5825_L_2024_02_06_10_36_15_Utah.ndpi,/rhf/allocations/dsci435/smithsonian_full_sp26/raw/Images_with_annotations_for_CNN_training/D5825_L_2024_02_06_10_36_15_Utah.ndpi.ndpa,34,33,Bipol,Bisaccate,exact,Bipol,YES,circle,,,False
D5825_L_2024_02_06_10_36_15_Utah,/rhf/allocations/dsci435/smithsonian_full_sp26/raw/Images_with_annotations_for_CNN_training/D5825_L_2024_02_06_10_36_15_Utah.ndpi,/rhf/allocations/dsci435/smithsonian_full_sp26/raw/Images_with_annotations_for_CNN_training/D5825_L_2024_02_06_10_36_15_Utah.ndpi.ndpa,35,34,Bipol,Bisaccate,exact,Bipol,YES,circle,,,False
D5825_L_2024_02_06_10_36_15_Utah,/rhf/allocations/dsci435/smithsonian_full_sp26/raw/Images_with_annotations_for_CNN_training/D5825_L_2024_02_06_10_36_15_Utah.ndpi,/rhf/allocations/dsci435/smithsonian_full_sp26/raw/Images_with_annotations_for_CNN_training/D5825_L_2024_02_06_10_36_15_Utah.ndpi.ndpa,37,36,Bipol,Bisaccate,exact,Bipol,YES,circle,,,False
D5825_L_2024_02_06_10_36_15_Utah,/rhf/allocations/dsci435/smithsonian_full_sp26/raw/Images_with_annotations_for_CNN_training/D5825_L_2024_02_06_10_36_15_Utah.ndpi,/rhf/allocations/dsci435/smithsonian_full_sp26/raw/Images_with_annotations_for_CNN_training/D5825_L_2024_02_06_10_36_15_Utah.ndpi.ndpa,38,37,Bipol,Bisaccate,exact,Bipol,YES,circle,,,False
D5825_L_2024_02_06_10_36_15_Utah,/rhf/allocations/dsci435/smithsonian_full_sp26/raw/Images_with_annotations_for_CNN_training/D5825_L_2024_02_06_10_36_15_Utah.ndpi,/rhf/allocations/dsci435/smithsonian_full_sp26/raw/Images_with_annotations_for_CNN_training/D5825_L_2024_02_06_10_36_15_Utah.ndpi.ndpa,39,38,Bipol,Bisaccate,exact,Bipol,YES,circle,,,False
D5825_L_2024_02_06_10_36_15_Utah,/rhf/allocations/dsci435/smithsonian_full_sp26/raw/Images_with_annotations_for_CNN_training/D5825_L_2024_02_06_10_36_15_Utah.ndpi,/rhf/allocations/dsci435/smithsonian_full_sp26/raw/Images_with_annotations_for_CNN_training/D5825_L_2024_02_06_10_36_15_Utah.ndpi.ndpa,40,39,Bipol,Bisaccate,exact,Bipol,YES,circle,,,False
D5825_L_2024_02_06_10_36_15_Utah,/rhf/allocations/dsci435/smithsonian_full_sp26/raw/Images_with_annotations_for_CNN_training/D5825_L_2024_02_06_10_36_15_Utah.ndpi,/rhf/allocations/dsci435/smithsonian_full_sp26/raw/Images_with_annotations_for_CNN_training/D5825_L_2024_02_06_10_36_15_Utah.ndpi.ndpa,41,40,Bipol,Bisaccate,exact,Bipol,YES,circle,,,False
D5825_L_2024_02_06_10_36_15_Utah,/rhf/allocations/dsci435/smithsonian_full_sp26/raw/Images_with_annotations_for_CNN_training/D5825_L_2024_02_06_10_36_15_Utah.ndpi,/rhf/allocations/dsci435/smithsonian_full_sp26/raw/Images_with_annotations_for_CNN_training/D5825_L_2024_02_06_10_36_15_Utah.ndpi.ndpa,42,41,Bipol,Bisaccate,exact,Bipol,YES,circle,,,False
D5825_L_2024_02_06_10_36_15_Utah,/rhf/allocations/dsci435/smithsonian_full_sp26/raw/Images_with_annotations_for_CNN_training/D5825_L_2024_02_06_10_36_15_Utah.ndpi,/rhf/allocations/dsci435/smithsonian_full_sp26/raw/Images_with_annotations_for_CNN_training/D5825_L_2024_02_06_10_36_15_Utah.ndpi.ndpa,43,42,Bipol,Bisaccate,exact,Bipol,YES,circle,,,False
D5825_L_2024_02_06_10_36_15_Utah,/rhf/allocations/dsci435/smithsonian_full_sp26/raw/Images_with_annotations_for_CNN_training/D5825_L_2024_02_06_10_36_15_Utah.ndpi,/rhf/allocations/dsci435/smithsonian_full_sp26/raw/Images_with_annotations_for_CNN_training/D5825_L_2024_02_06_10_36_15_Utah.ndpi.ndpa,44,43,Bipol,Bisaccate,exact,Bipol,YES,circle,,,False
D5825_L_2024_02_06_10_36_15_Utah,/rhf/allocations/dsci435/smithsonian_full_sp26/raw/Images_with_annotations_for_CNN_training/D5825_L_2024_02_06_10_36_15_Utah.ndpi,/rhf/allocations/dsci435/smithsonian_full_sp26/raw/Images_with_annotations_for_CNN_training/D5825_L_2024_02_06_10_36_15_Utah.ndpi.ndpa,45,44,Bipol,Bisaccate,exact,Bipol,YES,circle,,,False
D5825_L_2024_02_06_10_36_15_Utah,/rhf/allocations/dsci435/smithsonian_full_sp26/raw/Images_with_annotations_for_CNN_training/D5825_L_2024_02_06_10_36_15_Utah.ndpi,/rhf/allocations/dsci435/smithsonian_full_sp26/raw/Images_with_annotations_for_CNN_training/D5825_L_2024_02_06_10_36_15_Utah.ndpi.ndpa,46,45,Bipol,Bisaccate,exact,Bipol,YES,circle,,,False
D5825_L_2024_02_06_10_36_15_Utah,/rhf/allocations/dsci435/smithsonian_full_sp26/raw/Images_with_annotations_for_CNN_training/D5825_L_2024_02_06_10_36_15_Utah.ndpi,/rhf/allocations/dsci435/smithsonian_full_sp26/raw/Images_with_annotations_for_CNN_training/D5825_L_2024_02_06_10_36_15_Utah.ndpi.ndpa,49,48,Bipol,Bisaccate,exact,Bipol,YES,circle,,,False
D5825_L_2024_02_06_10_36_15_Utah,/rhf/allocations/dsci435/smithsonian_full_sp26/raw/Images_with_annotations_for_CNN_training/D5825_L_2024_02_06_10_36_15_Utah.ndpi,/rhf/allocations/dsci435/smithsonian_full_sp26/raw/Images_with_annotations_for_CNN_training/D5825_L_2024_02_06_10_36_15_Utah.ndpi.ndpa,55,54,Bipol,Bisaccate,exact,Bipol,YES,circle,,,False
D5825_L_2024_02_06_10_36_15_Utah,/rhf/allocations/dsci435/smithsonian_full_sp26/raw/Images_with_annotations_for_CNN_training/D5825_L_2024_02_06_10_36_15_Utah.ndpi,/rhf/allocations/dsci435/smithsonian_full_sp26/raw/Images_with_annotations_for_CNN_training/D5825_L_2024_02_06_10_36_15_Utah.ndpi.ndpa,56,55,Bipol,Bisaccate,exact,Bipol,YES,circle,,,False
D5825_L_2024_02_06_10_36_15_Utah,/rhf/allocations/dsci435/smithsonian_full_sp26/raw/Images_with_annotations_for_CNN_training/D5825_L_2024_02_06_10_36_15_Utah.ndpi,/rhf/allocations/dsci435/smithsonian_full_sp26/raw/Images_with_annotations_for_CNN_training/D5825_L_2024_02_06_10_36_15_Utah.ndpi.ndpa,57,56,Bipol,Bisaccate,exact,Bipol,YES,circle,,,False
D5825_L_2024_02_06_10_36_15_Utah,/rhf/allocations/dsci435/smithsonian_full_sp26/raw/Images_with_annotations_for_CNN_training/D5825_L_2024_02_06_10_36_15_Utah.ndpi,/rhf/allocations/dsci435/smithsonian_full_sp26/raw/Images_with_annotations_for_CNN_training/D5825_L_2024_02_06_10_36_15_Utah.ndpi.ndpa,60,59,Bipol,Bisaccate,exact,Bipol,YES,circle,,,False
D5825_L_2024_02_06_10_36_15_Utah,/rhf/allocations/dsci435/smithsonian_full_sp26/raw/Images_with_annotations_for_CNN_training/D5825_L_2024_02_06_10_36_15_Utah.ndpi,/rhf/allocations/dsci435/smithsonian_full_sp26/raw/Images_with_annotations_for_CNN_training/D5825_L_2024_02_06_10_36_15_Utah.ndpi.ndpa,61,60,Bipol,Bisaccate,exact,Bipol,YES,circle,,,False
D5825_L_2024_02_06_10_36_15_Utah,/rhf/allocations/dsci435/smithsonian_full_sp26/raw/Images_with_annotations_for_CNN_training/D5825_L_2024_02_06_10_36_15_Utah.ndpi,/rhf/allocations/dsci435/smithsonian_full_sp26/raw/Images_with_annotations_for_CNN_training/D5825_L_2024_02_06_10_36_15_Utah.ndpi.ndpa,62,61,Bipol,Bisaccate,exact,Bipol,YES,circle,,,False
D5825_R_2024_02_06_14_02_54_Utah,/rhf/allocations/dsci435/smithsonian_full_sp26/raw/Images_with_annotations_for_CNN_training/D5825_R_2024_02_06_14_02_54_Utah.ndpi,/rhf/allocations/dsci435/smithsonian_full_sp26/raw/Images_with_annotations_for_CNN_training/D5825_R_2024_02_06_14_02_54_Utah.ndpi.ndpa,3,2,Bipol,Bisaccate,exact,Bipol,YES,circle,,,False
D5825_R_2024_02_06_14_02_54_Utah,/rhf/allocations/dsci435/smithsonian_full_sp26/raw/Images_with_annotations_for_CNN_training/D5825_R_2024_02_06_14_02_54_Utah.ndpi,/rhf/allocations/dsci435/smithsonian_full_sp26/raw/Images_with_annotations_for_CNN_training/D5825_R_2024_02_06_14_02_54_Utah.ndpi.ndpa,4,3,Bipol,Bisaccate,exact,Bipol,YES,circle,,,False
D5825_R_2024_02_06_14_02_54_Utah,/rhf/allocations/dsci435/smithsonian_full_sp26/raw/Images_with_annotations_for_CNN_training/D5825_R_2024_02_06_14_02_54_Utah.ndpi,/rhf/allocations/dsci435/smithsonian_full_sp26/raw/Images_with_annotations_for_CNN_training/D5825_R_2024_02_06_14_02_54_Utah.ndpi.ndpa,5,4,Bipol,Bisaccate,exact,Bipol,YES,circle,,,False
D5825_R_2024_02_06_14_02_54_Utah,/rhf/allocations/dsci435/smithsonian_full_sp26/raw/Images_with_annotations_for_CNN_training/D5825_R_2024_02_06_14_02_54_Utah.ndpi,/rhf/allocations/dsci435/smithsonian_full_sp26/raw/Images_with_annotations_for_CNN_training/D5825_R_2024_02_06_14_02_54_Utah.ndpi.ndpa,9,8,Bipol,Bisaccate,exact,Bipol,YES,circle,,,False
D5825_R_2024_02_06_14_02_54_Utah,/rhf/allocations/dsci435/smithsonian_full_sp26/raw/Images_with_annotations_for_CNN_training/D5825_R_2024_02_06_14_02_54_Utah.ndpi,/rhf/allocations/dsci435/smithsonian_full_sp26/raw/Images_with_annotations_for_CNN_training/D5825_R_2024_02_06_14_02_54_Utah.ndpi.ndpa,11,10,Bipol,Bisaccate,exact,Bipol,YES,circle,,,False
D5825_R_2024_02_06_14_02_54_Utah,/rhf/allocations/dsci435/smithsonian_full_sp26/raw/Images_with_annotations_for_CNN_training/D5825_R_2024_02_06_14_02_54_Utah.ndpi,/rhf/allocations/dsci435/smithsonian_full_sp26/raw/Images_with_annotations_for_CNN_training/D5825_R_2024_02_06_14_02_54_Utah.ndpi.ndpa,13,11,Bipol,Bisaccate,exact,Bipol,YES,circle,,,False
D5825_R_2024_02_06_14_02_54_Utah,/rhf/allocations/dsci435/smithsonian_full_sp26/raw/Images_with_annotations_for_CNN_training/D5825_R_2024_02_06_14_02_54_Utah.ndpi,/rhf/allocations/dsci435/smithsonian_full_sp26/raw/Images_with_annotations_for_CNN_training/D5825_R_2024_02_06_14_02_54_Utah.ndpi.ndpa,14,12,Bipol,Bisaccate,exact,Bipol,YES,circle,,,False
D5825_R_2024_02_06_14_02_54_Utah,/rhf/allocations/dsci435/smithsonian_full_sp26/raw/Images_with_annotations_for_CNN_training/D5825_R_2024_02_06_14_02_54_Utah.ndpi,/rhf/allocations/dsci435/smithsonian_full_sp26/raw/Images_with_annotations_for_CNN_training/D5825_R_2024_02_06_14_02_54_Utah.ndpi.ndpa,18,16,Bipol,Bisaccate,exact,Bipol,YES,circle,,,False
D5825_R_2024_02_06_14_02_54_Utah,/rhf/allocations/dsci435/smithsonian_full_sp26/raw/Images_with_annotations_for_CNN_training/D5825_R_2024_02_06_14_02_54_Utah.ndpi,/rhf/allocations/dsci435/smithsonian_full_sp26/raw/Images_with_annotations_for_CNN_training/D5825_R_2024_02_06_14_02_54_Utah.ndpi.ndpa,19,17,Bipol,Bisaccate,exact,Bipol,YES,circle,,,False
D5825_R_2024_02_06_14_02_54_Utah,/rhf/allocations/dsci435/smithsonian_full_sp26/raw/Images_with_annotations_for_CNN_training/D5825_R_2024_02_06_14_02_54_Utah.ndpi,/rhf/allocations/dsci435/smithsonian_full_sp26/raw/Images_with_annotations_for_CNN_training/D5825_R_2024_02_06_14_02_54_Utah.ndpi.ndpa,20,18,Bipol,Bisaccate,exact,Bipol,YES,circle,,,False
D5825_R_2024_02_06_14_02_54_Utah,/rhf/allocations/dsci435/smithsonian_full_sp26/raw/Images_with_annotations_for_CNN_training/D5825_R_2024_02_06_14_02_54_Utah.ndpi,/rhf/allocations/dsci435/smithsonian_full_sp26/raw/Images_with_annotations_for_CNN_training/D5825_R_2024_02_06_14_02_54_Utah.ndpi.ndpa,24,22,Bipol,Bisaccate,exact,Bipol,YES,circle,,,False
D5825_R_2024_02_06_14_02_54_Utah,/rhf/allocations/dsci435/smithsonian_full_sp26/raw/Images_with_annotations_for_CNN_training/D5825_R_2024_02_06_14_02_54_Utah.ndpi,/rhf/allocations/dsci435/smithsonian_full_sp26/raw/Images_with_annotations_for_CNN_training/D5825_R_2024_02_06_14_02_54_Utah.ndpi.ndpa,25,23,Bipol,Bisaccate,exact,Bipol,YES,circle,,,False
D5825_R_2024_02_06_14_02_54_Utah,/rhf/allocations/dsci435/smithsonian_full_sp26/raw/Images_with_annotations_for_CNN_training/D5825_R_2024_02_06_14_02_54_Utah.ndpi,/rhf/allocations/dsci435/smithsonian_full_sp26/raw/Images_with_annotations_for_CNN_training/D5825_R_2024_02_06_14_02_54_Utah.ndpi.ndpa,26,24,Bipol,Bisaccate,exact,Bipol,YES,circle,,,False
D5825_R_2024_02_06_14_02_54_Utah,/rhf/allocations/dsci435/smithsonian_full_sp26/raw/Images_with_annotations_for_CNN_training/D5825_R_2024_02_06_14_02_54_Utah.ndpi,/rhf/allocations/dsci435/smithsonian_full_sp26/raw/Images_with_annotations_for_CNN_training/D5825_R_2024_02_06_14_02_54_Utah.ndpi.ndpa,27,25,Bipol,Bisaccate,exact,Bipol,YES,circle,,,False
D5825_R_2024_02_06_14_02_54_Utah,/rhf/allocations/dsci435/smithsonian_full_sp26/raw/Images_with_annotations_for_CNN_training/D5825_R_2024_02_06_14_02_54_Utah.ndpi,/rhf/allocations/dsci435/smithsonian_full_sp26/raw/Images_with_annotations_for_CNN_training/D5825_R_2024_02_06_14_02_54_Utah.ndpi.ndpa,28,26,Bipol,Bisaccate,exact,Bipol,YES,circle,,,False
D5825_R_2024_02_06_14_02_54_Utah,/rhf/allocations/dsci435/smithsonian_full_sp26/raw/Images_with_annotations_for_CNN_training/D5825_R_2024_02_06_14_02_54_Utah.ndpi,/rhf/allocations/dsci435/smithsonian_full_sp26/raw/Images_with_annotations_for_CNN_training/D5825_R_2024_02_06_14_02_54_Utah.ndpi.ndpa,29,27,Bipol,Bisaccate,exact,Bipol,YES,circle,,,False
D5825_R_2024_02_06_14_02_54_Utah,/rhf/allocations/dsci435/smithsonian_full_sp26/raw/Images_with_annotations_for_CNN_training/D5825_R_2024_02_06_14_02_54_Utah.ndpi,/rhf/allocations/dsci435/smithsonian_full_sp26/raw/Images_with_annotations_for_CNN_training/D5825_R_2024_02_06_14_02_54_Utah.ndpi.ndpa,30,28,Bipol,Bisaccate,exact,Bipol,YES,circle,,,False
D5825_R_2024_02_06_14_02_54_Utah,/rhf/allocations/dsci435/smithsonian_full_sp26/raw/Images_with_annotations_for_CNN_training/D5825_R_2024_02_06_14_02_54_Utah.ndpi,/rhf/allocations/dsci435/smithsonian_full_sp26/raw/Images_with_annotations_for_CNN_training/D5825_R_2024_02_06_14_02_54_Utah.ndpi.ndpa,31,29,Bipol,Bisaccate,exact,Bipol,YES,circle,,,False
D5825_R_2024_02_06_14_02_54_Utah,/rhf/allocations/dsci435/smithsonian_full_sp26/raw/Images_with_annotations_for_CNN_training/D5825_R_2024_02_06_14_02_54_Utah.ndpi,/rhf/allocations/dsci435/smithsonian_full_sp26/raw/Images_with_annotations_for_CNN_training/D5825_R_2024_02_06_14_02_54_Utah.ndpi.ndpa,32,30,Bipol,Bisaccate,exact,Bipol,YES,circle,,,False
D5825_R_2024_02_06_14_02_54_Utah,/rhf/allocations/dsci435/smithsonian_full_sp26/raw/Images_with_annotations_for_CNN_training/D5825_R_2024_02_06_14_02_54_Utah.ndpi,/rhf/allocations/dsci435/smithsonian_full_sp26/raw/Images_with_annotations_for_CNN_training/D5825_R_2024_02_06_14_02_54_Utah.ndpi.ndpa,33,31,Bipol,Bisaccate,exact,Bipol,YES,circle,,,False
D5825_R_2024_02_06_14_02_54_Utah,/rhf/allocations/dsci435/smithsonian_full_sp26/raw/Images_with_annotations_for_CNN_training/D5825_R_2024_02_06_14_02_54_Utah.ndpi,/rhf/allocations/dsci435/smithsonian_full_sp26/raw/Images_with_annotations_for_CNN_training/D5825_R_2024_02_06_14_02_54_Utah.ndpi.ndpa,34,32,Bipol,Bisaccate,exact,Bipol,YES,circle,,,False
D5825_R_2024_02_06_14_02_54_Utah,/rhf/allocations/dsci435/smithsonian_full_sp26/raw/Images_with_annotations_for_CNN_training/D5825_R_2024_02_06_14_02_54_Utah.ndpi,/rhf/allocations/dsci435/smithsonian_full_sp26/raw/Images_with_annotations_for_CNN_training/D5825_R_2024_02_06_14_02_54_Utah.ndpi.ndpa,35,33,Bipol,Bisaccate,exact,Bipol,YES,circle,,,False
D5825_R_2024_02_06_14_02_54_Utah,/rhf/allocations/dsci435/smithsonian_full_sp26/raw/Images_with_annotations_for_CNN_training/D5825_R_2024_02_06_14_02_54_Utah.ndpi,/rhf/allocations/dsci435/smithsonian_full_sp26/raw/Images_with_annotations_for_CNN_training/D5825_R_2024_02_06_14_02_54_Utah.ndpi.ndpa,36,34,Bipol,Bisaccate,exact,Bipol,YES,circle,,,False
D5825_R_2024_02_06_14_02_54_Utah,/rhf/allocations/dsci435/smithsonian_full_sp26/raw/Images_with_annotations_for_CNN_training/D5825_R_2024_02_06_14_02_54_Utah.ndpi,/rhf/allocations/dsci435/smithsonian_full_sp26/raw/Images_with_annotations_for_CNN_training/D5825_R_2024_02_06_14_02_54_Utah.ndpi.ndpa,39,37,Bipol,Bisaccate,exact,Bipol,YES,circle,,,False
D5825_R_2024_02_06_14_02_54_Utah,/rhf/allocations/dsci435/smithsonian_full_sp26/raw/Images_with_annotations_for_CNN_training/D5825_R_2024_02_06_14_02_54_Utah.ndpi,/rhf/allocations/dsci435/smithsonian_full_sp26/raw/Images_with_annotations_for_CNN_training/D5825_R_2024_02_06_14_02_54_Utah.ndpi.ndpa,41,39,Bipol,Bisaccate,exact,Bipol,YES,circle,,,False
D5825_R_2024_02_06_14_02_54_Utah,/rhf/allocations/dsci435/smithsonian_full_sp26/raw/Images_with_annotations_for_CNN_training/D5825_R_2024_02_06_14_02_54_Utah.ndpi,/rhf/allocations/dsci435/smithsonian_full_sp26/raw/Images_with_annotations_for_CNN_training/D5825_R_2024_02_06_14_02_54_Utah.ndpi.ndpa,44,42,Bipol,Bisaccate,exact,Bipol,YES,circle,,,False
D5825_R_2024_02_06_14_02_54_Utah,/rhf/allocations/dsci435/smithsonian_full_sp26/raw/Images_with_annotations_for_CNN_training/D5825_R_2024_02_06_14_02_54_Utah.ndpi,/rhf/allocations/dsci435/smithsonian_full_sp26/raw/Images_with_annotations_for_CNN_training/D5825_R_2024_02_06_14_02_54_Utah.ndpi.ndpa,45,43,Bipol,Bisaccate,exact,Bipol,YES,circle,,,False
D5825_R_2024_02_06_14_02_54_Utah,/rhf/allocations/dsci435/smithsonian_full_sp26/raw/Images_with_annotations_for_CNN_training/D5825_R_2024_02_06_14_02_54_Utah.ndpi,/rhf/allocations/dsci435/smithsonian_full_sp26/raw/Images_with_annotations_for_CNN_training/D5825_R_2024_02_06_14_02_54_Utah.ndpi.ndpa,47,45,Bipol,Bisaccate,exact,Bipol,YES,circle,,,False
D5825_R_2024_02_06_14_02_54_Utah,/rhf/allocations/dsci435/smithsonian_full_sp26/raw/Images_with_annotations_for_CNN_training/D5825_R_2024_02_06_14_02_54_Utah.ndpi,/rhf/allocations/dsci435/smithsonian_full_sp26/raw/Images_with_annotations_for_CNN_training/D5825_R_2024_02_06_14_02_54_Utah.ndpi.ndpa,49,47,Bipol,Bisaccate,exact,Bipol,YES,circle,,,False
D5825_R_2024_02_06_14_02_54_Utah,/rhf/allocations/dsci435/smithsonian_full_sp26/raw/Images_with_annotations_for_CNN_training/D5825_R_2024_02_06_14_02_54_Utah.ndpi,/rhf/allocations/dsci435/smithsonian_full_sp26/raw/Images_with_annotations_for_CNN_training/D5825_R_2024_02_06_14_02_54_Utah.ndpi.ndpa,52,50,Bipol,Bisaccate,exact,Bipol,YES,circle,,,False
D5825_R_2024_02_06_14_02_54_Utah,/rhf/allocations/dsci435/smithsonian_full_sp26/raw/Images_with_annotations_for_CNN_training/D5825_R_2024_02_06_14_02_54_Utah.ndpi,/rhf/allocations/dsci435/smithsonian_full_sp26/raw/Images_with_annotations_for_CNN_training/D5825_R_2024_02_06_14_02_54_Utah.ndpi.ndpa,54,52,Bipol,Bisaccate,exact,Bipol,YES,circle,,,False
D5825_R_2024_02_06_14_02_54_Utah,/rhf/allocations/dsci435/smithsonian_full_sp26/raw/Images_with_annotations_for_CNN_training/D5825_R_2024_02_06_14_02_54_Utah.ndpi,/rhf/allocations/dsci435/smithsonian_full_sp26/raw/Images_with_annotations_for_CNN_training/D5825_R_2024_02_06_14_02_54_Utah.ndpi.ndpa,55,53,Bipol,Bisaccate,exact,Bipol,YES,circle,,,False
D5825_R_2024_02_06_14_02_54_Utah,/rhf/allocations/dsci435/smithsonian_full_sp26/raw/Images_with_annotations_for_CNN_training/D5825_R_2024_02_06_14_02_54_Utah.ndpi,/rhf/allocations/dsci435/smithsonian_full_sp26/raw/Images_with_annotations_for_CNN_training/D5825_R_2024_02_06_14_02_54_Utah.ndpi.ndpa,57,55,Bipol,Bisaccate,exact,Bipol,YES,circle,,,False
D5825_R_2024_02_06_14_02_54_Utah,/rhf/allocations/dsci435/smithsonian_full_sp26/raw/Images_with_annotations_for_CNN_training/D5825_R_2024_02_06_14_02_54_Utah.ndpi,/rhf/allocations/dsci435/smithsonian_full_sp26/raw/Images_with_annotations_for_CNN_training/D5825_R_2024_02_06_14_02_54_Utah.ndpi.ndpa,58,56,Bipol,Bisaccate,exact,Bipol,YES,circle,,,False
D5825_R_2024_02_06_14_02_54_Utah,/rhf/allocations/dsci435/smithsonian_full_sp26/raw/Images_with_annotations_for_CNN_training/D5825_R_2024_02_06_14_02_54_Utah.ndpi,/rhf/allocations/dsci435/smithsonian_full_sp26/raw/Images_with_annotations_for_CNN_training/D5825_R_2024_02_06_14_02_54_Utah.ndpi.ndpa,59,57,Bipol,Bisaccate,exact,Bipol,YES,circle,,,False
D5825_R_2024_02_06_14_02_54_Utah,/rhf/allocations/dsci435/smithsonian_full_sp26/raw/Images_with_annotations_for_CNN_training/D5825_R_2024_02_06_14_02_54_Utah.ndpi,/rhf/allocations/dsci435/smithsonian_full_sp26/raw/Images_with_annotations_for_CNN_training/D5825_R_2024_02_06_14_02_54_Utah.ndpi.ndpa,63,61,Bipol,Bisaccate,exact,Bipol,YES,circle,,,False
D5825_R_2024_02_06_14_02_54_Utah,/rhf/allocations/dsci435/smithsonian_full_sp26/raw/Images_with_annotations_for_CNN_training/D5825_R_2024_02_06_14_02_54_Utah.ndpi,/rhf/allocations/dsci435/smithsonian_full_sp26/raw/Images_with_annotations_for_CNN_training/D5825_R_2024_02_06_14_02_54_Utah.ndpi.ndpa,64,62,Bipol,Bisaccate,exact,Bipol,YES,circle,,,False
D5825_R_2024_02_06_14_02_54_Utah,/rhf/allocations/dsci435/smithsonian_full_sp26/raw/Images_with_annotations_for_CNN_training/D5825_R_2024_02_06_14_02_54_Utah.ndpi,/rhf/allocations/dsci435/smithsonian_full_sp26/raw/Images_with_annotations_for_CNN_training/D5825_R_2024_02_06_14_02_54_Utah.ndpi.ndpa,65,63,Bipol,Bisaccate,exact,Bipol,YES,circle,,,False
D5825_R_2024_02_06_14_02_54_Utah,/rhf/allocations/dsci435/smithsonian_full_sp26/raw/Images_with_annotations_for_CNN_training/D5825_R_2024_02_06_14_02_54_Utah.ndpi,/rhf/allocations/dsci435/smithsonian_full_sp26/raw/Images_with_annotations_for_CNN_training/D5825_R_2024_02_06_14_02_54_Utah.ndpi.ndpa,66,64,Bipol,Bisaccate,exact,Bipol,YES,circle,,,False
D5825_R_2024_02_06_14_02_54_Utah,/rhf/allocations/dsci435/smithsonian_full_sp26/raw/Images_with_annotations_for_CNN_training/D5825_R_2024_02_06_14_02_54_Utah.ndpi,/rhf/allocations/dsci435/smithsonian_full_sp26/raw/Images_with_annotations_for_CNN_training/D5825_R_2024_02_06_14_02_54_Utah.ndpi.ndpa,68,66,Bipol,Bisaccate,exact,Bipol,YES,circle,,,False
D5825_R_2024_02_06_14_02_54_Utah,/rhf/allocations/dsci435/smithsonian_full_sp26/raw/Images_with_annotations_for_CNN_training/D5825_R_2024_02_06_14_02_54_Utah.ndpi,/rhf/allocations/dsci435/smithsonian_full_sp26/raw/Images_with_annotations_for_CNN_training/D5825_R_2024_02_06_14_02_54_Utah.ndpi.ndpa,69,67,Bipol,Bisaccate,exact,Bipol,YES,circle,,,False
D5825_R_2024_02_06_14_02_54_Utah,/rhf/allocations/dsci435/smithsonian_full_sp26/raw/Images_with_annotations_for_CNN_training/D5825_R_2024_02_06_14_02_54_Utah.ndpi,/rhf/allocations/dsci435/smithsonian_full_sp26/raw/Images_with_annotations_for_CNN_training/D5825_R_2024_02_06_14_02_54_Utah.ndpi.ndpa,70,68,Bipol,Bisaccate,exact,Bipol,YES,circle,,,False
D5825_R_2024_02_06_14_02_54_Utah,/rhf/allocations/dsci435/smithsonian_full_sp26/raw/Images_with_annotations_for_CNN_training/D5825_R_2024_02_06_14_02_54_Utah.ndpi,/rhf/allocations/dsci435/smithsonian_full_sp26/raw/Images_with_annotations_for_CNN_training/D5825_R_2024_02_06_14_02_54_Utah.ndpi.ndpa,71,69,Bipol,Bisaccate,exact,Bipol,YES,circle,,,False
D5825_R_2024_02_06_14_02_54_Utah,/rhf/allocations/dsci435/smithsonian_full_sp26/raw/Images_with_annotations_for_CNN_training/D5825_R_2024_02_06_14_02_54_Utah.ndpi,/rhf/allocations/dsci435/smithsonian_full_sp26/raw/Images_with_annotations_for_CNN_training/D5825_R_2024_02_06_14_02_54_Utah.ndpi.ndpa,74,72,Bipol,Bisaccate,exact,Bipol,YES,circle,,,False
D5964-1_L_2024_02_06_10_17_07_Wyoming,/rhf/allocations/dsci435/smithsonian_full_sp26/raw/Images_with_annotations_for_CNN_training/D5964-1_L_2024_02_06_10_17_07_Wyoming.ndpi,/rhf/allocations/dsci435/smithsonian_full_sp26/raw/Images_with_annotations_for_CNN_training/D5964-1_L_2024_02_06_10_17_07_Wyoming.ndpi.ndpa,26,25,Momipites,Momipites sp,exact,Momipites,YES,circle,,,False
D5964-1_L_2024_02_06_10_17_07_Wyoming,/rhf/allocations/dsci435/smithsonian_full_sp26/raw/Images_with_annotations_for_CNN_training/D5964-1_L_2024_02_06_10_17_07_Wyoming.ndpi,/rhf/allocations/dsci435/smithsonian_full_sp26/raw/Images_with_annotations_for_CNN_training/D5964-1_L_2024_02_06_10_17_07_Wyoming.ndpi.ndpa,40,39,Momipites,Momipites sp,exact,Momipites,YES,circle,,,False
D6627-A-2_L_2024_02_02_12_53_43_Arkansas,/rhf/allocations/dsci435/smithsonian_full_sp26/raw/Images_with_annotations_for_CNN_training/D6627-A-2_L_2024_02_02_12_53_43_Arkansas.ndpi,/rhf/allocations/dsci435/smithsonian_full_sp26/raw/Images_with_annotations_for_CNN_training/D6627-A-2_L_2024_02_02_12_53_43_Arkansas.ndpi.ndpa,8,7,Bipol,Bisaccate,exact,Bipol,YES,circle,,,False
D6627-A-2_R_2024_02_02_17_42_28_Arkansas,/rhf/allocations/dsci435/smithsonian_full_sp26/raw/Images_with_annotations_for_CNN_training/D6627-A-2_R_2024_02_02_17_42_28_Arkansas.ndpi,/rhf/allocations/dsci435/smithsonian_full_sp26/raw/Images_with_annotations_for_CNN_training/D6627-A-2_R_2024_02_02_17_42_28_Arkansas.ndpi.ndpa,15,13,Bipol,Bisaccate,exact,Bipol,YES,circle,,,False
D6627-A-2_R_2024_02_02_17_42_28_Arkansas,/rhf/allocations/dsci435/smithsonian_full_sp26/raw/Images_with_annotations_for_CNN_training/D6627-A-2_R_2024_02_02_17_42_28_Arkansas.ndpi,/rhf/allocations/dsci435/smithsonian_full_sp26/raw/Images_with_annotations_for_CNN_training/D6627-A-2_R_2024_02_02_17_42_28_Arkansas.ndpi.ndpa,30,28,Bipol,Bisaccate,exact,Bipol,YES,circle,,,False
D6627-A-2_R_2024_02_02_17_42_28_Arkansas,/rhf/allocations/dsci435/smithsonian_full_sp26/raw/Images_with_annotations_for_CNN_training/D6627-A-2_R_2024_02_02_17_42_28_Arkansas.ndpi,/rhf/allocations/dsci435/smithsonian_full_sp26/raw/Images_with_annotations_for_CNN_training/D6627-A-2_R_2024_02_02_17_42_28_Arkansas.ndpi.ndpa,94,92,Ericipites,Ericipites sp.,exact,Ericipites,YES,circle,,,False
D8401-A_L_2024_01_18_13_05_54_Alaska,/rhf/allocations/dsci435/smithsonian_full_sp26/raw/Images_with_annotations_for_CNN_training/D8401-A_L_2024_01_18_13_05_54_Alaska.ndpi,/rhf/allocations/dsci435/smithsonian_full_sp26/raw/Images_with_annotations_for_CNN_training/D8401-A_L_2024_01_18_13_05_54_Alaska.ndpi.ndpa,82,1,Juglans nigripites,Polyatriopollenites type,exact,Juglans nigripites,YES,circle,,,False
D8401-A_L_2024_01_18_13_05_54_Alaska,/rhf/allocations/dsci435/smithsonian_full_sp26/raw/Images_with_annotations_for_CNN_training/D8401-A_L_2024_01_18_13_05_54_Alaska.ndpi,/rhf/allocations/dsci435/smithsonian_full_sp26/raw/Images_with_annotations_for_CNN_training/D8401-A_L_2024_01_18_13_05_54_Alaska.ndpi.ndpa,90,5,Bipol,Bisaccate,exact,Bipol,YES,circle,,,False
D8401-A_L_2024_01_18_13_05_54_Alaska,/rhf/allocations/dsci435/smithsonian_full_sp26/raw/Images_with_annotations_for_CNN_training/D8401-A_L_2024_01_18_13_05_54_Alaska.ndpi,/rhf/allocations/dsci435/smithsonian_full_sp26/raw/Images_with_annotations_for_CNN_training/D8401-A_L_2024_01_18_13_05_54_Alaska.ndpi.ndpa,95,10,Ericipites longisulcatus,Ericipites sp.,provisional_alias,Ericipites | Ericipites sp.,YES,circle,,,False
D8401-A_L_2024_01_18_13_05_54_Alaska,/rhf/allocations/dsci435/smithsonian_full_sp26/raw/Images_with_annotations_for_CNN_training/D8401-A_L_2024_01_18_13_05_54_Alaska.ndpi,/rhf/allocations/dsci435/smithsonian_full_sp26/raw/Images_with_annotations_for_CNN_training/D8401-A_L_2024_01_18_13_05_54_Alaska.ndpi.ndpa,109,23,Momipites,Momipites sp,exact,Momipites,YES,circle,,,False
D8401-A_L_2024_01_18_13_05_54_Alaska,/rhf/allocations/dsci435/smithsonian_full_sp26/raw/Images_with_annotations_for_CNN_training/D8401-A_L_2024_01_18_13_05_54_Alaska.ndpi,/rhf/allocations/dsci435/smithsonian_full_sp26/raw/Images_with_annotations_for_CNN_training/D8401-A_L_2024_01_18_13_05_54_Alaska.ndpi.ndpa,112,26,Bipol,Bisaccate,exact,Bipol,YES,circle,,,False
D8401-A_L_2024_01_18_13_05_54_Alaska,/rhf/allocations/dsci435/smithsonian_full_sp26/raw/Images_with_annotations_for_CNN_training/D8401-A_L_2024_01_18_13_05_54_Alaska.ndpi,/rhf/allocations/dsci435/smithsonian_full_sp26/raw/Images_with_annotations_for_CNN_training/D8401-A_L_2024_01_18_13_05_54_Alaska.ndpi.ndpa,127,40,Bipol,Bisaccate,exact,Bipol,YES,circle,,,False
D8401-A_L_2024_01_18_13_05_54_Alaska,/rhf/allocations/dsci435/smithsonian_full_sp26/raw/Images_with_annotations_for_CNN_training/D8401-A_L_2024_01_18_13_05_54_Alaska.ndpi,/rhf/allocations/dsci435/smithsonian_full_sp26/raw/Images_with_annotations_for_CNN_training/D8401-A_L_2024_01_18_13_05_54_Alaska.ndpi.ndpa,129,42,Bipol,Bisaccate,exact,Bipol,YES,circle,,,False
D8401-A_L_2024_01_18_13_05_54_Alaska,/rhf/allocations/dsci435/smithsonian_full_sp26/raw/Images_with_annotations_for_CNN_training/D8401-A_L_2024_01_18_13_05_54_Alaska.ndpi,/rhf/allocations/dsci435/smithsonian_full_sp26/raw/Images_with_annotations_for_CNN_training/D8401-A_L_2024_01_18_13_05_54_Alaska.ndpi.ndpa,145,52,Ericipites longisulcatus,Ericipites sp.,provisional_alias,Ericipites | Ericipites sp.,YES,circle,,,False
D8401-A_L_2024_01_18_13_05_54_Alaska,/rhf/allocations/dsci435/smithsonian_full_sp26/raw/Images_with_annotations_for_CNN_training/D8401-A_L_2024_01_18_13_05_54_Alaska.ndpi,/rhf/allocations/dsci435/smithsonian_full_sp26/raw/Images_with_annotations_for_CNN_training/D8401-A_L_2024_01_18_13_05_54_Alaska.ndpi.ndpa,147,54,Bipol,Bisaccate,exact,Bipol,YES,circle,,,False
D8401-A_L_2024_01_18_13_05_54_Alaska,/rhf/allocations/dsci435/smithsonian_full_sp26/raw/Images_with_annotations_for_CNN_training/D8401-A_L_2024_01_18_13_05_54_Alaska.ndpi,/rhf/allocations/dsci435/smithsonian_full_sp26/raw/Images_with_annotations_for_CNN_training/D8401-A_L_2024_01_18_13_05_54_Alaska.ndpi.ndpa,149,56,Bipol,Bisaccate,exact,Bipol,YES,circle,,,False
D8401-A_L_2024_01_18_13_05_54_Alaska,/rhf/allocations/dsci435/smithsonian_full_sp26/raw/Images_with_annotations_for_CNN_training/D8401-A_L_2024_01_18_13_05_54_Alaska.ndpi,/rhf/allocations/dsci435/smithsonian_full_sp26/raw/Images_with_annotations_for_CNN_training/D8401-A_L_2024_01_18_13_05_54_Alaska.ndpi.ndpa,150,57,Bipol,Bisaccate,exact,Bipol,YES,circle,,,False
D8401-A_L_2024_01_18_13_05_54_Alaska,/rhf/allocations/dsci435/smithsonian_full_sp26/raw/Images_with_annotations_for_CNN_training/D8401-A_L_2024_01_18_13_05_54_Alaska.ndpi,/rhf/allocations/dsci435/smithsonian_full_sp26/raw/Images_with_annotations_for_CNN_training/D8401-A_L_2024_01_18_13_05_54_Alaska.ndpi.ndpa,152,59,Bipol,Bisaccate,exact,Bipol,YES,circle,,,False
D8401-A_L_2024_01_18_13_05_54_Alaska,/rhf/allocations/dsci435/smithsonian_full_sp26/raw/Images_with_annotations_for_CNN_training/D8401-A_L_2024_01_18_13_05_54_Alaska.ndpi,/rhf/allocations/dsci435/smithsonian_full_sp26/raw/Images_with_annotations_for_CNN_training/D8401-A_L_2024_01_18_13_05_54_Alaska.ndpi.ndpa,154,61,Ericipites longisulcatus,Ericipites sp.,provisional_alias,Ericipites | Ericipites sp.,YES,circle,,,False
D8401-A_L_2024_01_18_13_05_54_Alaska,/rhf/allocations/dsci435/smithsonian_full_sp26/raw/Images_with_annotations_for_CNN_training/D8401-A_L_2024_01_18_13_05_54_Alaska.ndpi,/rhf/allocations/dsci435/smithsonian_full_sp26/raw/Images_with_annotations_for_CNN_training/D8401-A_L_2024_01_18_13_05_54_Alaska.ndpi.ndpa,156,63,Bipol,Bisaccate,exact,Bipol,YES,circle,,,False
D8401-A_L_2024_01_18_13_05_54_Alaska,/rhf/allocations/dsci435/smithsonian_full_sp26/raw/Images_with_annotations_for_CNN_training/D8401-A_L_2024_01_18_13_05_54_Alaska.ndpi,/rhf/allocations/dsci435/smithsonian_full_sp26/raw/Images_with_annotations_for_CNN_training/D8401-A_L_2024_01_18_13_05_54_Alaska.ndpi.ndpa,159,66,Bipol,Bisaccate,exact,Bipol,YES,circle,,,False
D8401-A_L_2024_01_18_13_05_54_Alaska,/rhf/allocations/dsci435/smithsonian_full_sp26/raw/Images_with_annotations_for_CNN_training/D8401-A_L_2024_01_18_13_05_54_Alaska.ndpi,/rhf/allocations/dsci435/smithsonian_full_sp26/raw/Images_with_annotations_for_CNN_training/D8401-A_L_2024_01_18_13_05_54_Alaska.ndpi.ndpa,168,75,Bipol,Bisaccate,exact,Bipol,YES,circle,,,False
D8401-A_L_2024_01_18_13_05_54_Alaska,/rhf/allocations/dsci435/smithsonian_full_sp26/raw/Images_with_annotations_for_CNN_training/D8401-A_L_2024_01_18_13_05_54_Alaska.ndpi,/rhf/allocations/dsci435/smithsonian_full_sp26/raw/Images_with_annotations_for_CNN_training/D8401-A_L_2024_01_18_13_05_54_Alaska.ndpi.ndpa,169,76,Ericipites?,Ericipites sp.,provisional_alias,Ericipites | Ericipites sp.,YES,circle,,,False
D8401-A_L_2024_01_18_13_05_54_Alaska,/rhf/allocations/dsci435/smithsonian_full_sp26/raw/Images_with_annotations_for_CNN_training/D8401-A_L_2024_01_18_13_05_54_Alaska.ndpi,/rhf/allocations/dsci435/smithsonian_full_sp26/raw/Images_with_annotations_for_CNN_training/D8401-A_L_2024_01_18_13_05_54_Alaska.ndpi.ndpa,170,77,Bipol,Bisaccate,exact,Bipol,YES,circle,,,False
D8401-A_L_2024_01_18_13_05_54_Alaska,/rhf/allocations/dsci435/smithsonian_full_sp26/raw/Images_with_annotations_for_CNN_training/D8401-A_L_2024_01_18_13_05_54_Alaska.ndpi,/rhf/allocations/dsci435/smithsonian_full_sp26/raw/Images_with_annotations_for_CNN_training/D8401-A_L_2024_01_18_13_05_54_Alaska.ndpi.ndpa,180,87,Bipol,Bisaccate,exact,Bipol,YES,circle,,,False
D8401-A_L_2024_01_18_13_05_54_Alaska,/rhf/allocations/dsci435/smithsonian_full_sp26/raw/Images_with_annotations_for_CNN_training/D8401-A_L_2024_01_18_13_05_54_Alaska.ndpi,/rhf/allocations/dsci435/smithsonian_full_sp26/raw/Images_with_annotations_for_CNN_training/D8401-A_L_2024_01_18_13_05_54_Alaska.ndpi.ndpa,191,97,Bipol,Bisaccate,exact,Bipol,YES,circle,,,False
D8401-A_L_2024_01_18_13_05_54_Alaska,/rhf/allocations/dsci435/smithsonian_full_sp26/raw/Images_with_annotations_for_CNN_training/D8401-A_L_2024_01_18_13_05_54_Alaska.ndpi,/rhf/allocations/dsci435/smithsonian_full_sp26/raw/Images_with_annotations_for_CNN_training/D8401-A_L_2024_01_18_13_05_54_Alaska.ndpi.ndpa,197,103,Bipol,Bisaccate,exact,Bipol,YES,circle,,,False
D8401-A_L_2024_01_18_13_05_54_Alaska,/rhf/allocations/dsci435/smithsonian_full_sp26/raw/Images_with_annotations_for_CNN_training/D8401-A_L_2024_01_18_13_05_54_Alaska.ndpi,/rhf/allocations/dsci435/smithsonian_full_sp26/raw/Images_with_annotations_for_CNN_training/D8401-A_L_2024_01_18_13_05_54_Alaska.ndpi.ndpa,198,104,Bipol,Bisaccate,exact,Bipol,YES,circle,,,False
D8401-A_L_2024_01_18_13_05_54_Alaska,/rhf/allocations/dsci435/smithsonian_full_sp26/raw/Images_with_annotations_for_CNN_training/D8401-A_L_2024_01_18_13_05_54_Alaska.ndpi,/rhf/allocations/dsci435/smithsonian_full_sp26/raw/Images_with_annotations_for_CNN_training/D8401-A_L_2024_01_18_13_05_54_Alaska.ndpi.ndpa,209,115,Bipol,Bisaccate,exact,Bipol,YES,circle,,,False
D8401-A_L_2024_01_18_13_05_54_Alaska,/rhf/allocations/dsci435/smithsonian_full_sp26/raw/Images_with_annotations_for_CNN_training/D8401-A_L_2024_01_18_13_05_54_Alaska.ndpi,/rhf/allocations/dsci435/smithsonian_full_sp26/raw/Images_with_annotations_for_CNN_training/D8401-A_L_2024_01_18_13_05_54_Alaska.ndpi.ndpa,211,117,Bipol,Bisaccate,exact,Bipol,YES,circle,,,False
D8401-A_L_2024_01_18_13_05_54_Alaska,/rhf/allocations/dsci435/smithsonian_full_sp26/raw/Images_with_annotations_for_CNN_training/D8401-A_L_2024_01_18_13_05_54_Alaska.ndpi,/rhf/allocations/dsci435/smithsonian_full_sp26/raw/Images_with_annotations_for_CNN_training/D8401-A_L_2024_01_18_13_05_54_Alaska.ndpi.ndpa,222,128,Ericipites longisulcatus,Ericipites sp.,provisional_alias,Ericipites | Ericipites sp.,YES,circle,,,False
D8401-A_L_2024_01_18_13_05_54_Alaska,/rhf/allocations/dsci435/smithsonian_full_sp26/raw/Images_with_annotations_for_CNN_training/D8401-A_L_2024_01_18_13_05_54_Alaska.ndpi,/rhf/allocations/dsci435/smithsonian_full_sp26/raw/Images_with_annotations_for_CNN_training/D8401-A_L_2024_01_18_13_05_54_Alaska.ndpi.ndpa,226,132,Illexpollenites,Illexpollenites sp.,exact,Illexpollenites,YES,circle,,,False
D8401-A_L_2024_01_18_13_05_54_Alaska,/rhf/allocations/dsci435/smithsonian_full_sp26/raw/Images_with_annotations_for_CNN_training/D8401-A_L_2024_01_18_13_05_54_Alaska.ndpi,/rhf/allocations/dsci435/smithsonian_full_sp26/raw/Images_with_annotations_for_CNN_training/D8401-A_L_2024_01_18_13_05_54_Alaska.ndpi.ndpa,228,134,Alnipollenites,Alnipollenites verus,provisional_alias,Alnipollenites sp.,YES,circle,,,False
D8401-A_L_2024_01_18_13_05_54_Alaska,/rhf/allocations/dsci435/smithsonian_full_sp26/raw/Images_with_annotations_for_CNN_training/D8401-A_L_2024_01_18_13_05_54_Alaska.ndpi,/rhf/allocations/dsci435/smithsonian_full_sp26/raw/Images_with_annotations_for_CNN_training/D8401-A_L_2024_01_18_13_05_54_Alaska.ndpi.ndpa,230,136,Bipol,Bisaccate,exact,Bipol,YES,circle,,,False
D8401-A_L_2024_01_18_13_05_54_Alaska,/rhf/allocations/dsci435/smithsonian_full_sp26/raw/Images_with_annotations_for_CNN_training/D8401-A_L_2024_01_18_13_05_54_Alaska.ndpi,/rhf/allocations/dsci435/smithsonian_full_sp26/raw/Images_with_annotations_for_CNN_training/D8401-A_L_2024_01_18_13_05_54_Alaska.ndpi.ndpa,249,155,Ericipites longisulcatus,Ericipites sp.,provisional_alias,Ericipites | Ericipites sp.,YES,circle,,,False
D8401-A_L_2024_01_18_13_05_54_Alaska,/rhf/allocations/dsci435/smithsonian_full_sp26/raw/Images_with_annotations_for_CNN_training/D8401-A_L_2024_01_18_13_05_54_Alaska.ndpi,/rhf/allocations/dsci435/smithsonian_full_sp26/raw/Images_with_annotations_for_CNN_training/D8401-A_L_2024_01_18_13_05_54_Alaska.ndpi.ndpa,259,165,Bipol,Bisaccate,exact,Bipol,YES,circle,,,False
D8401-A_L_2024_01_18_13_05_54_Alaska,/rhf/allocations/dsci435/smithsonian_full_sp26/raw/Images_with_annotations_for_CNN_training/D8401-A_L_2024_01_18_13_05_54_Alaska.ndpi,/rhf/allocations/dsci435/smithsonian_full_sp26/raw/Images_with_annotations_for_CNN_training/D8401-A_L_2024_01_18_13_05_54_Alaska.ndpi.ndpa,264,170,Bipol,Bisaccate,exact,Bipol,YES,circle,,,False
D8401-A_L_2024_01_18_13_05_54_Alaska,/rhf/allocations/dsci435/smithsonian_full_sp26/raw/Images_with_annotations_for_CNN_training/D8401-A_L_2024_01_18_13_05_54_Alaska.ndpi,/rhf/allocations/dsci435/smithsonian_full_sp26/raw/Images_with_annotations_for_CNN_training/D8401-A_L_2024_01_18_13_05_54_Alaska.ndpi.ndpa,272,178,Bipol,Bisaccate,exact,Bipol,YES,circle,,,False
D8401-A_L_2024_01_18_13_05_54_Alaska,/rhf/allocations/dsci435/smithsonian_full_sp26/raw/Images_with_annotations_for_CNN_training/D8401-A_L_2024_01_18_13_05_54_Alaska.ndpi,/rhf/allocations/dsci435/smithsonian_full_sp26/raw/Images_with_annotations_for_CNN_training/D8401-A_L_2024_01_18_13_05_54_Alaska.ndpi.ndpa,287,193,Bipol,Bisaccate,exact,Bipol,YES,circle,,,False
D8401-A_L_2024_01_18_13_05_54_Alaska,/rhf/allocations/dsci435/smithsonian_full_sp26/raw/Images_with_annotations_for_CNN_training/D8401-A_L_2024_01_18_13_05_54_Alaska.ndpi,/rhf/allocations/dsci435/smithsonian_full_sp26/raw/Images_with_annotations_for_CNN_training/D8401-A_L_2024_01_18_13_05_54_Alaska.ndpi.ndpa,292,198,bipol,Bisaccate,exact,bipol,YES,circle,,,False
D8401-A_L_2024_01_18_13_05_54_Alaska,/rhf/allocations/dsci435/smithsonian_full_sp26/raw/Images_with_annotations_for_CNN_training/D8401-A_L_2024_01_18_13_05_54_Alaska.ndpi,/rhf/allocations/dsci435/smithsonian_full_sp26/raw/Images_with_annotations_for_CNN_training/D8401-A_L_2024_01_18_13_05_54_Alaska.ndpi.ndpa,302,208,Bipol,Bisaccate,exact,Bipol,YES,circle,,,False
D8401-A_L_2024_01_18_13_05_54_Alaska,/rhf/allocations/dsci435/smithsonian_full_sp26/raw/Images_with_annotations_for_CNN_training/D8401-A_L_2024_01_18_13_05_54_Alaska.ndpi,/rhf/allocations/dsci435/smithsonian_full_sp26/raw/Images_with_annotations_for_CNN_training/D8401-A_L_2024_01_18_13_05_54_Alaska.ndpi.ndpa,306,212,Bipol,Bisaccate,exact,Bipol,YES,circle,,,False
D8401-A_L_2024_01_18_13_05_54_Alaska,/rhf/allocations/dsci435/smithsonian_full_sp26/raw/Images_with_annotations_for_CNN_training/D8401-A_L_2024_01_18_13_05_54_Alaska.ndpi,/rhf/allocations/dsci435/smithsonian_full_sp26/raw/Images_with_annotations_for_CNN_training/D8401-A_L_2024_01_18_13_05_54_Alaska.ndpi.ndpa,315,221,Bombacacidites crassipites,Bombacacidites sp.,provisional_alias,Bombacacidites cf. annae | Bombacacidites sp.,YES,circle,,,False
D8401-A_L_2024_01_18_13_05_54_Alaska,/rhf/allocations/dsci435/smithsonian_full_sp26/raw/Images_with_annotations_for_CNN_training/D8401-A_L_2024_01_18_13_05_54_Alaska.ndpi,/rhf/allocations/dsci435/smithsonian_full_sp26/raw/Images_with_annotations_for_CNN_training/D8401-A_L_2024_01_18_13_05_54_Alaska.ndpi.ndpa,316,222,Alnipollenites,Alnipollenites verus,provisional_alias,Alnipollenites sp.,YES,circle,,,False
D8401-A_L_2024_01_18_13_05_54_Alaska,/rhf/allocations/dsci435/smithsonian_full_sp26/raw/Images_with_annotations_for_CNN_training/D8401-A_L_2024_01_18_13_05_54_Alaska.ndpi,/rhf/allocations/dsci435/smithsonian_full_sp26/raw/Images_with_annotations_for_CNN_training/D8401-A_L_2024_01_18_13_05_54_Alaska.ndpi.ndpa,322,227,Bipol,Bisaccate,exact,Bipol,YES,circle,,,False
D8401-A_L_2024_01_18_13_05_54_Alaska,/rhf/allocations/dsci435/smithsonian_full_sp26/raw/Images_with_annotations_for_CNN_training/D8401-A_L_2024_01_18_13_05_54_Alaska.ndpi,/rhf/allocations/dsci435/smithsonian_full_sp26/raw/Images_with_annotations_for_CNN_training/D8401-A_L_2024_01_18_13_05_54_Alaska.ndpi.ndpa,324,229,Betulaceae?,Betulaceae,provisional_alias,Betulaceae | Betulaceae sp.,YES,circle,,,False
D8401-A_L_2024_01_18_13_05_54_Alaska,/rhf/allocations/dsci435/smithsonian_full_sp26/raw/Images_with_annotations_for_CNN_training/D8401-A_L_2024_01_18_13_05_54_Alaska.ndpi,/rhf/allocations/dsci435/smithsonian_full_sp26/raw/Images_with_annotations_for_CNN_training/D8401-A_L_2024_01_18_13_05_54_Alaska.ndpi.ndpa,325,230,Bipol,Bisaccate,exact,Bipol,YES,circle,,,False
D8401-A_L_2024_01_18_13_05_54_Alaska,/rhf/allocations/dsci435/smithsonian_full_sp26/raw/Images_with_annotations_for_CNN_training/D8401-A_L_2024_01_18_13_05_54_Alaska.ndpi,/rhf/allocations/dsci435/smithsonian_full_sp26/raw/Images_with_annotations_for_CNN_training/D8401-A_L_2024_01_18_13_05_54_Alaska.ndpi.ndpa,328,233,Bipol,Bisaccate,exact,Bipol,YES,circle,,,False
D8401-A_L_2024_01_18_13_05_54_Alaska,/rhf/allocations/dsci435/smithsonian_full_sp26/raw/Images_with_annotations_for_CNN_training/D8401-A_L_2024_01_18_13_05_54_Alaska.ndpi,/rhf/allocations/dsci435/smithsonian_full_sp26/raw/Images_with_annotations_for_CNN_training/D8401-A_L_2024_01_18_13_05_54_Alaska.ndpi.ndpa,331,236,Bipol,Bisaccate,exact,Bipol,YES,circle,,,False
D8401-A_L_2024_01_18_13_05_54_Alaska,/rhf/allocations/dsci435/smithsonian_full_sp26/raw/Images_with_annotations_for_CNN_training/D8401-A_L_2024_01_18_13_05_54_Alaska.ndpi,/rhf/allocations/dsci435/smithsonian_full_sp26/raw/Images_with_annotations_for_CNN_training/D8401-A_L_2024_01_18_13_05_54_Alaska.ndpi.ndpa,332,237,Bipol,Bisaccate,exact,Bipol,YES,circle,,,False
D8401-A_L_2024_01_18_13_05_54_Alaska,/rhf/allocations/dsci435/smithsonian_full_sp26/raw/Images_with_annotations_for_CNN_training/D8401-A_L_2024_01_18_13_05_54_Alaska.ndpi,/rhf/allocations/dsci435/smithsonian_full_sp26/raw/Images_with_annotations_for_CNN_training/D8401-A_L_2024_01_18_13_05_54_Alaska.ndpi.ndpa,334,239,Bipol,Bisaccate,exact,Bipol,YES,circle,,,False
D8401-A_L_2024_01_18_13_05_54_Alaska,/rhf/allocations/dsci435/smithsonian_full_sp26/raw/Images_with_annotations_for_CNN_training/D8401-A_L_2024_01_18_13_05_54_Alaska.ndpi,/rhf/allocations/dsci435/smithsonian_full_sp26/raw/Images_with_annotations_for_CNN_training/D8401-A_L_2024_01_18_13_05_54_Alaska.ndpi.ndpa,341,246,Bipol,Bisaccate,exact,Bipol,YES,circle,,,False
D8401-A_L_2024_01_18_13_05_54_Alaska,/rhf/allocations/dsci435/smithsonian_full_sp26/raw/Images_with_annotations_for_CNN_training/D8401-A_L_2024_01_18_13_05_54_Alaska.ndpi,/rhf/allocations/dsci435/smithsonian_full_sp26/raw/Images_with_annotations_for_CNN_training/D8401-A_L_2024_01_18_13_05_54_Alaska.ndpi.ndpa,342,247,Bipol,Bisaccate,exact,Bipol,YES,circle,,,False
D8401-A_L_2024_01_18_13_05_54_Alaska,/rhf/allocations/dsci435/smithsonian_full_sp26/raw/Images_with_annotations_for_CNN_training/D8401-A_L_2024_01_18_13_05_54_Alaska.ndpi,/rhf/allocations/dsci435/smithsonian_full_sp26/raw/Images_with_annotations_for_CNN_training/D8401-A_L_2024_01_18_13_05_54_Alaska.ndpi.ndpa,355,260,Alnipollenites,Alnipollenites verus,provisional_alias,Alnipollenites sp.,YES,circle,,,False
D8401-A_L_2024_01_18_13_05_54_Alaska,/rhf/allocations/dsci435/smithsonian_full_sp26/raw/Images_with_annotations_for_CNN_training/D8401-A_L_2024_01_18_13_05_54_Alaska.ndpi,/rhf/allocations/dsci435/smithsonian_full_sp26/raw/Images_with_annotations_for_CNN_training/D8401-A_L_2024_01_18_13_05_54_Alaska.ndpi.ndpa,356,261,Bipol,Bisaccate,exact,Bipol,YES,circle,,,False
D8401-A_L_2024_01_18_13_05_54_Alaska,/rhf/allocations/dsci435/smithsonian_full_sp26/raw/Images_with_annotations_for_CNN_training/D8401-A_L_2024_01_18_13_05_54_Alaska.ndpi,/rhf/allocations/dsci435/smithsonian_full_sp26/raw/Images_with_annotations_for_CNN_training/D8401-A_L_2024_01_18_13_05_54_Alaska.ndpi.ndpa,363,268,Ericipites longisulcatus,Ericipites sp.,provisional_alias,Ericipites | Ericipites sp.,YES,circle,,,False
D8401-A_L_2024_01_18_13_05_54_Alaska,/rhf/allocations/dsci435/smithsonian_full_sp26/raw/Images_with_annotations_for_CNN_training/D8401-A_L_2024_01_18_13_05_54_Alaska.ndpi,/rhf/allocations/dsci435/smithsonian_full_sp26/raw/Images_with_annotations_for_CNN_training/D8401-A_L_2024_01_18_13_05_54_Alaska.ndpi.ndpa,369,274,Bipol,Bisaccate,exact,Bipol,YES,circle,,,False
D8401-A_L_2024_01_18_13_05_54_Alaska,/rhf/allocations/dsci435/smithsonian_full_sp26/raw/Images_with_annotations_for_CNN_training/D8401-A_L_2024_01_18_13_05_54_Alaska.ndpi,/rhf/allocations/dsci435/smithsonian_full_sp26/raw/Images_with_annotations_for_CNN_training/D8401-A_L_2024_01_18_13_05_54_Alaska.ndpi.ndpa,370,275,Ericipites longisulcatus,Ericipites sp.,provisional_alias,Ericipites | Ericipites sp.,YES,circle,,,False
D8401-A_L_2024_01_18_13_05_54_Alaska,/rhf/allocations/dsci435/smithsonian_full_sp26/raw/Images_with_annotations_for_CNN_training/D8401-A_L_2024_01_18_13_05_54_Alaska.ndpi,/rhf/allocations/dsci435/smithsonian_full_sp26/raw/Images_with_annotations_for_CNN_training/D8401-A_L_2024_01_18_13_05_54_Alaska.ndpi.ndpa,371,276,Ericipites longisulcatus,Ericipites sp.,provisional_alias,Ericipites | Ericipites sp.,YES,circle,,,False
D8401-A_L_2024_01_18_13_05_54_Alaska,/rhf/allocations/dsci435/smithsonian_full_sp26/raw/Images_with_annotations_for_CNN_training/D8401-A_L_2024_01_18_13_05_54_Alaska.ndpi,/rhf/allocations/dsci435/smithsonian_full_sp26/raw/Images_with_annotations_for_CNN_training/D8401-A_L_2024_01_18_13_05_54_Alaska.ndpi.ndpa,376,281,Bipol,Bisaccate,exact,Bipol,YES,circle,,,False
D8401-A_L_2024_01_18_13_05_54_Alaska,/rhf/allocations/dsci435/smithsonian_full_sp26/raw/Images_with_annotations_for_CNN_training/D8401-A_L_2024_01_18_13_05_54_Alaska.ndpi,/rhf/allocations/dsci435/smithsonian_full_sp26/raw/Images_with_annotations_for_CNN_training/D8401-A_L_2024_01_18_13_05_54_Alaska.ndpi.ndpa,377,282,Bipol,Bisaccate,exact,Bipol,YES,circle,,,False
D8401-A_L_2024_01_18_13_05_54_Alaska,/rhf/allocations/dsci435/smithsonian_full_sp26/raw/Images_with_annotations_for_CNN_training/D8401-A_L_2024_01_18_13_05_54_Alaska.ndpi,/rhf/allocations/dsci435/smithsonian_full_sp26/raw/Images_with_annotations_for_CNN_training/D8401-A_L_2024_01_18_13_05_54_Alaska.ndpi.ndpa,378,283,Ericipites longisulcatus,Ericipites sp.,provisional_alias,Ericipites | Ericipites sp.,YES,circle,,,False
D8401-A_L_2024_01_18_13_05_54_Alaska,/rhf/allocations/dsci435/smithsonian_full_sp26/raw/Images_with_annotations_for_CNN_training/D8401-A_L_2024_01_18_13_05_54_Alaska.ndpi,/rhf/allocations/dsci435/smithsonian_full_sp26/raw/Images_with_annotations_for_CNN_training/D8401-A_L_2024_01_18_13_05_54_Alaska.ndpi.ndpa,382,287,Bipol,Bisaccate,exact,Bipol,YES,circle,,,False
D8401-A_L_2024_01_18_13_05_54_Alaska,/rhf/allocations/dsci435/smithsonian_full_sp26/raw/Images_with_annotations_for_CNN_training/D8401-A_L_2024_01_18_13_05_54_Alaska.ndpi,/rhf/allocations/dsci435/smithsonian_full_sp26/raw/Images_with_annotations_for_CNN_training/D8401-A_L_2024_01_18_13_05_54_Alaska.ndpi.ndpa,386,291,Alnipollenites,Alnipollenites verus,provisional_alias,Alnipollenites sp.,YES,circle,,,False
D8401-A_L_2024_01_18_13_05_54_Alaska,/rhf/allocations/dsci435/smithsonian_full_sp26/raw/Images_with_annotations_for_CNN_training/D8401-A_L_2024_01_18_13_05_54_Alaska.ndpi,/rhf/allocations/dsci435/smithsonian_full_sp26/raw/Images_with_annotations_for_CNN_training/D8401-A_L_2024_01_18_13_05_54_Alaska.ndpi.ndpa,387,292,Bombacacidites sp.,Bombacacidites sp.,exact,Bombacacidites sp.,YES,circle,,,False
D8401-A_L_2024_01_18_13_05_54_Alaska,/rhf/allocations/dsci435/smithsonian_full_sp26/raw/Images_with_annotations_for_CNN_training/D8401-A_L_2024_01_18_13_05_54_Alaska.ndpi,/rhf/allocations/dsci435/smithsonian_full_sp26/raw/Images_with_annotations_for_CNN_training/D8401-A_L_2024_01_18_13_05_54_Alaska.ndpi.ndpa,390,295,Bipol,Bisaccate,exact,Bipol,YES,circle,,,False
D9151-A-2_L_2024_02_02_16_08_52_Texas,/rhf/allocations/dsci435/smithsonian_full_sp26/raw/Images_with_annotations_for_CNN_training/D9151-A-2_L_2024_02_02_16_08_52_Texas.ndpi,/rhf/allocations/dsci435/smithsonian_full_sp26/raw/Images_with_annotations_for_CNN_training/D9151-A-2_L_2024_02_02_16_08_52_Texas.ndpi.ndpa,68,66,Momipites,Momipites sp,exact,Momipites,YES,circle,,,False
D9151-A-2_L_2024_02_02_16_08_52_Texas,/rhf/allocations/dsci435/smithsonian_full_sp26/raw/Images_with_annotations_for_CNN_training/D9151-A-2_L_2024_02_02_16_08_52_Texas.ndpi,/rhf/allocations/dsci435/smithsonian_full_sp26/raw/Images_with_annotations_for_CNN_training/D9151-A-2_L_2024_02_02_16_08_52_Texas.ndpi.ndpa,175,173,Momipites,Momipites sp,exact,Momipites,YES,circle,,,False
D9151-A-2_L_2024_02_02_16_08_52_Texas,/rhf/allocations/dsci435/smithsonian_full_sp26/raw/Images_with_annotations_for_CNN_training/D9151-A-2_L_2024_02_02_16_08_52_Texas.ndpi,/rhf/allocations/dsci435/smithsonian_full_sp26/raw/Images_with_annotations_for_CNN_training/D9151-A-2_L_2024_02_02_16_08_52_Texas.ndpi.ndpa,176,174,Momipites,Momipites sp,exact,Momipites,YES,circle,,,False
D9151-A-2_L_2024_02_02_16_08_52_Texas,/rhf/allocations/dsci435/smithsonian_full_sp26/raw/Images_with_annotations_for_CNN_training/D9151-A-2_L_2024_02_02_16_08_52_Texas.ndpi,/rhf/allocations/dsci435/smithsonian_full_sp26/raw/Images_with_annotations_for_CNN_training/D9151-A-2_L_2024_02_02_16_08_52_Texas.ndpi.ndpa,316,314,Momipites,Momipites sp,exact,Momipites,YES,circle,,,False
D9151-A-2_L_2024_02_02_16_08_52_Texas,/rhf/allocations/dsci435/smithsonian_full_sp26/raw/Images_with_annotations_for_CNN_training/D9151-A-2_L_2024_02_02_16_08_52_Texas.ndpi,/rhf/allocations/dsci435/smithsonian_full_sp26/raw/Images_with_annotations_for_CNN_training/D9151-A-2_L_2024_02_02_16_08_52_Texas.ndpi.ndpa,464,462,Momipites,Momipites sp,exact,Momipites,YES,circle,,,False
D9151-A-2_L_2024_02_02_16_08_52_Texas,/rhf/allocations/dsci435/smithsonian_full_sp26/raw/Images_with_annotations_for_CNN_training/D9151-A-2_L_2024_02_02_16_08_52_Texas.ndpi,/rhf/allocations/dsci435/smithsonian_full_sp26/raw/Images_with_annotations_for_CNN_training/D9151-A-2_L_2024_02_02_16_08_52_Texas.ndpi.ndpa,483,481,Momipites,Momipites sp,exact,Momipites,YES,circle,,,False
D9151-A-2_L_2024_02_02_16_08_52_Texas,/rhf/allocations/dsci435/smithsonian_full_sp26/raw/Images_with_annotations_for_CNN_training/D9151-A-2_L_2024_02_02_16_08_52_Texas.ndpi,/rhf/allocations/dsci435/smithsonian_full_sp26/raw/Images_with_annotations_for_CNN_training/D9151-A-2_L_2024_02_02_16_08_52_Texas.ndpi.ndpa,645,643,Momipites,Momipites sp,exact,Momipites,YES,circle,,,False
D9151-A-2_L_2024_02_02_16_08_52_Texas,/rhf/allocations/dsci435/smithsonian_full_sp26/raw/Images_with_annotations_for_CNN_training/D9151-A-2_L_2024_02_02_16_08_52_Texas.ndpi,/rhf/allocations/dsci435/smithsonian_full_sp26/raw/Images_with_annotations_for_CNN_training/D9151-A-2_L_2024_02_02_16_08_52_Texas.ndpi.ndpa,699,697,Momipites,Momipites sp,exact,Momipites,YES,circle,,,False
D9151-A-2_L_2024_02_02_16_08_52_Texas,/rhf/allocations/dsci435/smithsonian_full_sp26/raw/Images_with_annotations_for_CNN_training/D9151-A-2_L_2024_02_02_16_08_52_Texas.ndpi,/rhf/allocations/dsci435/smithsonian_full_sp26/raw/Images_with_annotations_for_CNN_training/D9151-A-2_L_2024_02_02_16_08_52_Texas.ndpi.ndpa,734,732,Momipites,Momipites sp,exact,Momipites,YES,circle,,,False
D9151-A-2_L_2024_02_02_16_08_52_Texas,/rhf/allocations/dsci435/smithsonian_full_sp26/raw/Images_with_annotations_for_CNN_training/D9151-A-2_L_2024_02_02_16_08_52_Texas.ndpi,/rhf/allocations/dsci435/smithsonian_full_sp26/raw/Images_with_annotations_for_CNN_training/D9151-A-2_L_2024_02_02_16_08_52_Texas.ndpi.ndpa,841,839,Momipites,Momipites sp,exact,Momipites,YES,circle,,,False
D9151-A-2_L_2024_02_02_16_08_52_Texas,/rhf/allocations/dsci435/smithsonian_full_sp26/raw/Images_with_annotations_for_CNN_training/D9151-A-2_L_2024_02_02_16_08_52_Texas.ndpi,/rhf/allocations/dsci435/smithsonian_full_sp26/raw/Images_with_annotations_for_CNN_training/D9151-A-2_L_2024_02_02_16_08_52_Texas.ndpi.ndpa,915,913,Momipites,Momipites sp,exact,Momipites,YES,circle,,,False
D9151-A-2_L_2024_02_02_16_08_52_Texas,/rhf/allocations/dsci435/smithsonian_full_sp26/raw/Images_with_annotations_for_CNN_training/D9151-A-2_L_2024_02_02_16_08_52_Texas.ndpi,/rhf/allocations/dsci435/smithsonian_full_sp26/raw/Images_with_annotations_for_CNN_training/D9151-A-2_L_2024_02_02_16_08_52_Texas.ndpi.ndpa,1030,1028,Momipites,Momipites sp,exact,Momipites,YES,circle,,,False
D9151-A-2_L_2024_02_02_16_08_52_Texas,/rhf/allocations/dsci435/smithsonian_full_sp26/raw/Images_with_annotations_for_CNN_training/D9151-A-2_L_2024_02_02_16_08_52_Texas.ndpi,/rhf/allocations/dsci435/smithsonian_full_sp26/raw/Images_with_annotations_for_CNN_training/D9151-A-2_L_2024_02_02_16_08_52_Texas.ndpi.ndpa,1044,1042,Momipites,Momipites sp,exact,Momipites,YES,circle,,,False
D9151-A-2_L_2024_02_02_16_08_52_Texas,/rhf/allocations/dsci435/smithsonian_full_sp26/raw/Images_with_annotations_for_CNN_training/D9151-A-2_L_2024_02_02_16_08_52_Texas.ndpi,/rhf/allocations/dsci435/smithsonian_full_sp26/raw/Images_with_annotations_for_CNN_training/D9151-A-2_L_2024_02_02_16_08_52_Texas.ndpi.ndpa,1141,1139,Momipites,Momipites sp,exact,Momipites,YES,circle,,,False
D9151-A-2_L_2024_02_02_16_08_52_Texas,/rhf/allocations/dsci435/smithsonian_full_sp26/raw/Images_with_annotations_for_CNN_training/D9151-A-2_L_2024_02_02_16_08_52_Texas.ndpi,/rhf/allocations/dsci435/smithsonian_full_sp26/raw/Images_with_annotations_for_CNN_training/D9151-A-2_L_2024_02_02_16_08_52_Texas.ndpi.ndpa,1153,1151,Momipites,Momipites sp,exact,Momipites,YES,circle,,,False
D9151-A-2_L_2024_02_02_16_08_52_Texas,/rhf/allocations/dsci435/smithsonian_full_sp26/raw/Images_with_annotations_for_CNN_training/D9151-A-2_L_2024_02_02_16_08_52_Texas.ndpi,/rhf/allocations/dsci435/smithsonian_full_sp26/raw/Images_with_annotations_for_CNN_training/D9151-A-2_L_2024_02_02_16_08_52_Texas.ndpi.ndpa,1259,1257,Momipites,Momipites sp,exact,Momipites,YES,circle,,,False
D9151-A-2_L_2024_02_02_16_08_52_Texas,/rhf/allocations/dsci435/smithsonian_full_sp26/raw/Images_with_annotations_for_CNN_training/D9151-A-2_L_2024_02_02_16_08_52_Texas.ndpi,/rhf/allocations/dsci435/smithsonian_full_sp26/raw/Images_with_annotations_for_CNN_training/D9151-A-2_L_2024_02_02_16_08_52_Texas.ndpi.ndpa,1276,1274,Momipites,Momipites sp,exact,Momipites,YES,circle,,,False
D9151-A-2_L_2024_02_02_16_08_52_Texas,/rhf/allocations/dsci435/smithsonian_full_sp26/raw/Images_with_annotations_for_CNN_training/D9151-A-2_L_2024_02_02_16_08_52_Texas.ndpi,/rhf/allocations/dsci435/smithsonian_full_sp26/raw/Images_with_annotations_for_CNN_training/D9151-A-2_L_2024_02_02_16_08_52_Texas.ndpi.ndpa,1278,1276,Momipites,Momipites sp,exact,Momipites,YES,circle,,,False
Giraffe_24_2_43_R_Giraffe_2025_01_14_10_06_00,/rhf/allocations/dsci435/smithsonian_full_sp26/raw/Images_with_annotations_for_CNN_training/Giraffe_24_2_43_R_Giraffe_2025_01_14_10_06_00.ndpi,/rhf/allocations/dsci435/smithsonian_full_sp26/raw/Images_with_annotations_for_CNN_training/Giraffe_24_2_43_R_Giraffe_2025_01_14_10_06_00.ndpi.ndpa,4,3,Alnipollenites,Alnipollenites verus,provisional_alias,Alnipollenites sp.,YES,circle,,,False
USNMPAL_792666_D1074_2024_01_26_10_32_56_N_Dakota,/rhf/allocations/dsci435/smithsonian_full_sp26/raw/Images_with_annotations_for_CNN_training/USNMPAL_792666_D1074_2024_01_26_10_32_56_N_Dakota.ndpi,/rhf/allocations/dsci435/smithsonian_full_sp26/raw/Images_with_annotations_for_CNN_training/USNMPAL_792666_D1074_2024_01_26_10_32_56_N_Dakota.ndpi.ndpa,2,1,Bisaccate pollen,Bisaccate,exact,Bisaccate pollen,YES,circle,,,False
USNMPAL_792666_D1074_2024_01_26_10_32_56_N_Dakota,/rhf/allocations/dsci435/smithsonian_full_sp26/raw/Images_with_annotations_for_CNN_training/USNMPAL_792666_D1074_2024_01_26_10_32_56_N_Dakota.ndpi,/rhf/allocations/dsci435/smithsonian_full_sp26/raw/Images_with_annotations_for_CNN_training/USNMPAL_792666_D1074_2024_01_26_10_32_56_N_Dakota.ndpi.ndpa,3,2,Bisaccate pollen,Bisaccate,exact,Bisaccate pollen,YES,circle,,,False
USNMPAL_792666_D1074_2024_01_26_10_32_56_N_Dakota,/rhf/allocations/dsci435/smithsonian_full_sp26/raw/Images_with_annotations_for_CNN_training/USNMPAL_792666_D1074_2024_01_26_10_32_56_N_Dakota.ndpi,/rhf/allocations/dsci435/smithsonian_full_sp26/raw/Images_with_annotations_for_CNN_training/USNMPAL_792666_D1074_2024_01_26_10_32_56_N_Dakota.ndpi.ndpa,12,11,Laevigatosporites sp.,Laevigatosporites sp.,exact,Laevigatosporites sp.,YES,circle,,,False
USNMPAL_792666_D1074_2024_01_26_10_32_56_N_Dakota,/rhf/allocations/dsci435/smithsonian_full_sp26/raw/Images_with_annotations_for_CNN_training/USNMPAL_792666_D1074_2024_01_26_10_32_56_N_Dakota.ndpi,/rhf/allocations/dsci435/smithsonian_full_sp26/raw/Images_with_annotations_for_CNN_training/USNMPAL_792666_D1074_2024_01_26_10_32_56_N_Dakota.ndpi.ndpa,16,15,Momipites,Momipites sp,exact,Momipites,YES,circle,,,False
USNMPAL_792666_D1074_2024_01_26_10_32_56_N_Dakota,/rhf/allocations/dsci435/smithsonian_full_sp26/raw/Images_with_annotations_for_CNN_training/USNMPAL_792666_D1074_2024_01_26_10_32_56_N_Dakota.ndpi,/rhf/allocations/dsci435/smithsonian_full_sp26/raw/Images_with_annotations_for_CNN_training/USNMPAL_792666_D1074_2024_01_26_10_32_56_N_Dakota.ndpi.ndpa,20,19,Laevigatosporites ovatus,Laevigatosporites sp.,provisional_alias,Laevigatosporites | Laevigatosporites sp.,YES,circle,,,False
USNMPAL_792666_D1074_2024_01_26_10_32_56_N_Dakota,/rhf/allocations/dsci435/smithsonian_full_sp26/raw/Images_with_annotations_for_CNN_training/USNMPAL_792666_D1074_2024_01_26_10_32_56_N_Dakota.ndpi,/rhf/allocations/dsci435/smithsonian_full_sp26/raw/Images_with_annotations_for_CNN_training/USNMPAL_792666_D1074_2024_01_26_10_32_56_N_Dakota.ndpi.ndpa,41,39,Bisaccate pollen,Bisaccate,exact,Bisaccate pollen,YES,circle,,,False
USNMPAL_792666_D1074_2024_01_26_10_32_56_N_Dakota,/rhf/allocations/dsci435/smithsonian_full_sp26/raw/Images_with_annotations_for_CNN_training/USNMPAL_792666_D1074_2024_01_26_10_32_56_N_Dakota.ndpi,/rhf/allocations/dsci435/smithsonian_full_sp26/raw/Images_with_annotations_for_CNN_training/USNMPAL_792666_D1074_2024_01_26_10_32_56_N_Dakota.ndpi.ndpa,45,43,Cyathidites,Psilatriletes sp.,exact,Cyathidites,YES,circle,,,False
USNMPAL_792668_D1091_2024_01_25_16_57_52_Tennessee,/rhf/allocations/dsci435/smithsonian_full_sp26/raw/Images_with_annotations_for_CNN_training/USNMPAL_792668_D1091_2024_01_25_16_57_52_Tennessee.ndpi,/rhf/allocations/dsci435/smithsonian_full_sp26/raw/Images_with_annotations_for_CNN_training/USNMPAL_792668_D1091_2024_01_25_16_57_52_Tennessee.ndpi.ndpa,2,1,Bisaccate pollen,Bisaccate,exact,Bisaccate pollen,YES,circle,,,False
USNMPAL_792668_D1091_2024_01_25_16_57_52_Tennessee,/rhf/allocations/dsci435/smithsonian_full_sp26/raw/Images_with_annotations_for_CNN_training/USNMPAL_792668_D1091_2024_01_25_16_57_52_Tennessee.ndpi,/rhf/allocations/dsci435/smithsonian_full_sp26/raw/Images_with_annotations_for_CNN_training/USNMPAL_792668_D1091_2024_01_25_16_57_52_Tennessee.ndpi.ndpa,10,9,Momipites,Momipites sp,exact,Momipites,YES,circle,,,False
USNMPAL_792668_D1091_2024_01_25_16_57_52_Tennessee,/rhf/allocations/dsci435/smithsonian_full_sp26/raw/Images_with_annotations_for_CNN_training/USNMPAL_792668_D1091_2024_01_25_16_57_52_Tennessee.ndpi,/rhf/allocations/dsci435/smithsonian_full_sp26/raw/Images_with_annotations_for_CNN_training/USNMPAL_792668_D1091_2024_01_25_16_57_52_Tennessee.ndpi.ndpa,15,14,Momipites,Momipites sp,exact,Momipites,YES,circle,,,False
USNMPAL_792668_D1091_2024_01_25_16_57_52_Tennessee,/rhf/allocations/dsci435/smithsonian_full_sp26/raw/Images_with_annotations_for_CNN_training/USNMPAL_792668_D1091_2024_01_25_16_57_52_Tennessee.ndpi,/rhf/allocations/dsci435/smithsonian_full_sp26/raw/Images_with_annotations_for_CNN_training/USNMPAL_792668_D1091_2024_01_25_16_57_52_Tennessee.ndpi.ndpa,25,24,Monocolpites,Monocolpites sp.,exact,Monocolpites,YES,circle,,,False
USNMPAL_792673_D1166_A_L_2023_11_09_12_47_47_Wyoming,/rhf/allocations/dsci435/smithsonian_full_sp26/raw/Images_with_annotations_for_CNN_training/USNMPAL_792673_D1166_A_L_2023_11_09_12_47_47_Wyoming.ndpi,/rhf/allocations/dsci435/smithsonian_full_sp26/raw/Images_with_annotations_for_CNN_training/USNMPAL_792673_D1166_A_L_2023_11_09_12_47_47_Wyoming.ndpi.ndpa,3,1,Monocolpites?,Monocolpites sp.,exact,Monocolpites?,YES,circle,,Arecaceae?,False
USNMPAL_792673_D1166_A_L_2023_11_09_12_47_47_Wyoming,/rhf/allocations/dsci435/smithsonian_full_sp26/raw/Images_with_annotations_for_CNN_training/USNMPAL_792673_D1166_A_L_2023_11_09_12_47_47_Wyoming.ndpi,/rhf/allocations/dsci435/smithsonian_full_sp26/raw/Images_with_annotations_for_CNN_training/USNMPAL_792673_D1166_A_L_2023_11_09_12_47_47_Wyoming.ndpi.ndpa,8,6,Momipites,Momipites sp,exact,Momipites,YES,circle,,,False
USNMPAL_792673_D1166_A_L_2023_11_09_12_47_47_Wyoming,/rhf/allocations/dsci435/smithsonian_full_sp26/raw/Images_with_annotations_for_CNN_training/USNMPAL_792673_D1166_A_L_2023_11_09_12_47_47_Wyoming.ndpi,/rhf/allocations/dsci435/smithsonian_full_sp26/raw/Images_with_annotations_for_CNN_training/USNMPAL_792673_D1166_A_L_2023_11_09_12_47_47_Wyoming.ndpi.ndpa,11,9,Momipites,Momipites sp,exact,Momipites,YES,circle,,,False
USNMPAL_792673_D1166_A_L_2023_11_09_12_47_47_Wyoming,/rhf/allocations/dsci435/smithsonian_full_sp26/raw/Images_with_annotations_for_CNN_training/USNMPAL_792673_D1166_A_L_2023_11_09_12_47_47_Wyoming.ndpi,/rhf/allocations/dsci435/smithsonian_full_sp26/raw/Images_with_annotations_for_CNN_training/USNMPAL_792673_D1166_A_L_2023_11_09_12_47_47_Wyoming.ndpi.ndpa,20,18,Momipites?,Momipites sp,exact,Momipites?,YES,circle,,,False
USNMPAL_792673_D1166_A_L_2023_11_09_12_47_47_Wyoming,/rhf/allocations/dsci435/smithsonian_full_sp26/raw/Images_with_annotations_for_CNN_training/USNMPAL_792673_D1166_A_L_2023_11_09_12_47_47_Wyoming.ndpi,/rhf/allocations/dsci435/smithsonian_full_sp26/raw/Images_with_annotations_for_CNN_training/USNMPAL_792673_D1166_A_L_2023_11_09_12_47_47_Wyoming.ndpi.ndpa,72,70,Momipites,Momipites sp,exact,Momipites,YES,circle,,,False
USNMPAL_792673_D1166_A_L_2023_11_09_12_47_47_Wyoming,/rhf/allocations/dsci435/smithsonian_full_sp26/raw/Images_with_annotations_for_CNN_training/USNMPAL_792673_D1166_A_L_2023_11_09_12_47_47_Wyoming.ndpi,/rhf/allocations/dsci435/smithsonian_full_sp26/raw/Images_with_annotations_for_CNN_training/USNMPAL_792673_D1166_A_L_2023_11_09_12_47_47_Wyoming.ndpi.ndpa,105,103,Momipites?,Momipites sp,exact,Momipites?,YES,circle,,,False
USNMPAL_792673_D1166_A_L_2023_11_09_12_47_47_Wyoming,/rhf/allocations/dsci435/smithsonian_full_sp26/raw/Images_with_annotations_for_CNN_training/USNMPAL_792673_D1166_A_L_2023_11_09_12_47_47_Wyoming.ndpi,/rhf/allocations/dsci435/smithsonian_full_sp26/raw/Images_with_annotations_for_CNN_training/USNMPAL_792673_D1166_A_L_2023_11_09_12_47_47_Wyoming.ndpi.ndpa,120,118,Ericipites,Ericipites sp.,exact,Ericipites,YES,circle,,,False
USNMPAL_792673_D1166_A_L_2023_11_09_12_47_47_Wyoming,/rhf/allocations/dsci435/smithsonian_full_sp26/raw/Images_with_annotations_for_CNN_training/USNMPAL_792673_D1166_A_L_2023_11_09_12_47_47_Wyoming.ndpi,/rhf/allocations/dsci435/smithsonian_full_sp26/raw/Images_with_annotations_for_CNN_training/USNMPAL_792673_D1166_A_L_2023_11_09_12_47_47_Wyoming.ndpi.ndpa,129,127,Liliacidites?,Arecipites sp.,provisional_alias,Liliacidites sp.,YES,circle,,,False
USNMPAL_792673_D1166_A_L_2023_11_09_12_47_47_Wyoming,/rhf/allocations/dsci435/smithsonian_full_sp26/raw/Images_with_annotations_for_CNN_training/USNMPAL_792673_D1166_A_L_2023_11_09_12_47_47_Wyoming.ndpi,/rhf/allocations/dsci435/smithsonian_full_sp26/raw/Images_with_annotations_for_CNN_training/USNMPAL_792673_D1166_A_L_2023_11_09_12_47_47_Wyoming.ndpi.ndpa,181,179, Caryapollenites veripites,Caryapollenites veripites,exact,Caryapollenites veripites,YES,circle,,,False
USNMPAL_792673_D1166_A_L_2023_11_09_12_47_47_Wyoming,/rhf/allocations/dsci435/smithsonian_full_sp26/raw/Images_with_annotations_for_CNN_training/USNMPAL_792673_D1166_A_L_2023_11_09_12_47_47_Wyoming.ndpi,/rhf/allocations/dsci435/smithsonian_full_sp26/raw/Images_with_annotations_for_CNN_training/USNMPAL_792673_D1166_A_L_2023_11_09_12_47_47_Wyoming.ndpi.ndpa,217,215,Momipites,Momipites sp,exact,Momipites,YES,circle,,,False
USNMPAL_792673_D1166_A_R_2023_11_09_15_17_21_Wyoming,/rhf/allocations/dsci435/smithsonian_full_sp26/raw/Images_with_annotations_for_CNN_training/USNMPAL_792673_D1166_A_R_2023_11_09_15_17_21_Wyoming.ndpi,/rhf/allocations/dsci435/smithsonian_full_sp26/raw/Images_with_annotations_for_CNN_training/USNMPAL_792673_D1166_A_R_2023_11_09_15_17_21_Wyoming.ndpi.ndpa,15,14,Momipites,Momipites sp,exact,Momipites,YES,circle,,,False
USNMPAL_792673_D1166_A_R_2023_11_09_15_17_21_Wyoming,/rhf/allocations/dsci435/smithsonian_full_sp26/raw/Images_with_annotations_for_CNN_training/USNMPAL_792673_D1166_A_R_2023_11_09_15_17_21_Wyoming.ndpi,/rhf/allocations/dsci435/smithsonian_full_sp26/raw/Images_with_annotations_for_CNN_training/USNMPAL_792673_D1166_A_R_2023_11_09_15_17_21_Wyoming.ndpi.ndpa,64,62,Momipites,Momipites sp,exact,Momipites,YES,circle,,,False
USNMPAL_792673_D1166_A_R_2023_11_09_15_17_21_Wyoming,/rhf/allocations/dsci435/smithsonian_full_sp26/raw/Images_with_annotations_for_CNN_training/USNMPAL_792673_D1166_A_R_2023_11_09_15_17_21_Wyoming.ndpi,/rhf/allocations/dsci435/smithsonian_full_sp26/raw/Images_with_annotations_for_CNN_training/USNMPAL_792673_D1166_A_R_2023_11_09_15_17_21_Wyoming.ndpi.ndpa,72,70,Psilamonocolpites,Monocolpites sp.,exact,Psilamonocolpites,YES,circle,,,False
USNMPAL_792673_D1166_A_R_2023_11_09_15_17_21_Wyoming,/rhf/allocations/dsci435/smithsonian_full_sp26/raw/Images_with_annotations_for_CNN_training/USNMPAL_792673_D1166_A_R_2023_11_09_15_17_21_Wyoming.ndpi,/rhf/allocations/dsci435/smithsonian_full_sp26/raw/Images_with_annotations_for_CNN_training/USNMPAL_792673_D1166_A_R_2023_11_09_15_17_21_Wyoming.ndpi.ndpa,114,112,Momipites,Momipites sp,exact,Momipites,YES,circle,,,False
USNMPAL_792673_D1166_A_R_2023_11_09_15_17_21_Wyoming,/rhf/allocations/dsci435/smithsonian_full_sp26/raw/Images_with_annotations_for_CNN_training/USNMPAL_792673_D1166_A_R_2023_11_09_15_17_21_Wyoming.ndpi,/rhf/allocations/dsci435/smithsonian_full_sp26/raw/Images_with_annotations_for_CNN_training/USNMPAL_792673_D1166_A_R_2023_11_09_15_17_21_Wyoming.ndpi.ndpa,116,114,Deltoidospora,Psilatriletes sp.,exact,Deltoidospora,YES,circle,,,False
USNMPAL_792715_D1298_L_2024_01_25_14_55_02_Wyoming,/rhf/allocations/dsci435/smithsonian_full_sp26/raw/Images_with_annotations_for_CNN_training/USNMPAL_792715_D1298_L_2024_01_25_14_55_02_Wyoming.ndpi,/rhf/allocations/dsci435/smithsonian_full_sp26/raw/Images_with_annotations_for_CNN_training/USNMPAL_792715_D1298_L_2024_01_25_14_55_02_Wyoming.ndpi.ndpa,2,1,Cyathidites,Psilatriletes sp.,exact,Cyathidites,YES,circle,,,False
USNMPAL_792715_D1298_L_2024_01_25_14_55_02_Wyoming,/rhf/allocations/dsci435/smithsonian_full_sp26/raw/Images_with_annotations_for_CNN_training/USNMPAL_792715_D1298_L_2024_01_25_14_55_02_Wyoming.ndpi,/rhf/allocations/dsci435/smithsonian_full_sp26/raw/Images_with_annotations_for_CNN_training/USNMPAL_792715_D1298_L_2024_01_25_14_55_02_Wyoming.ndpi.ndpa,3,2,Cyathidites,Psilatriletes sp.,exact,Cyathidites,YES,circle,,,False
USNMPAL_792715_D1298_L_2024_01_25_14_55_02_Wyoming,/rhf/allocations/dsci435/smithsonian_full_sp26/raw/Images_with_annotations_for_CNN_training/USNMPAL_792715_D1298_L_2024_01_25_14_55_02_Wyoming.ndpi,/rhf/allocations/dsci435/smithsonian_full_sp26/raw/Images_with_annotations_for_CNN_training/USNMPAL_792715_D1298_L_2024_01_25_14_55_02_Wyoming.ndpi.ndpa,4,3,Cyathidites,Psilatriletes sp.,exact,Cyathidites,YES,circle,,,False
USNMPAL_792715_D1298_L_2024_01_25_14_55_02_Wyoming,/rhf/allocations/dsci435/smithsonian_full_sp26/raw/Images_with_annotations_for_CNN_training/USNMPAL_792715_D1298_L_2024_01_25_14_55_02_Wyoming.ndpi,/rhf/allocations/dsci435/smithsonian_full_sp26/raw/Images_with_annotations_for_CNN_training/USNMPAL_792715_D1298_L_2024_01_25_14_55_02_Wyoming.ndpi.ndpa,6,5,Bisaccate pollen,Bisaccate,exact,Bisaccate pollen,YES,circle,,,False
USNMPAL_792715_D1298_L_2024_01_25_14_55_02_Wyoming,/rhf/allocations/dsci435/smithsonian_full_sp26/raw/Images_with_annotations_for_CNN_training/USNMPAL_792715_D1298_L_2024_01_25_14_55_02_Wyoming.ndpi,/rhf/allocations/dsci435/smithsonian_full_sp26/raw/Images_with_annotations_for_CNN_training/USNMPAL_792715_D1298_L_2024_01_25_14_55_02_Wyoming.ndpi.ndpa,52,51,Cyathidites,Psilatriletes sp.,exact,Cyathidites,YES,circle,,,False
USNMPAL_792717_D1350_L_2024_02_20_15_21_31_Oregon,/rhf/allocations/dsci435/smithsonian_full_sp26/raw/Images_with_annotations_for_CNN_training/USNMPAL_792717_D1350_L_2024_02_20_15_21_31_Oregon.ndpi,/rhf/allocations/dsci435/smithsonian_full_sp26/raw/Images_with_annotations_for_CNN_training/USNMPAL_792717_D1350_L_2024_02_20_15_21_31_Oregon.ndpi.ndpa,18,17,Cyathidites,Psilatriletes sp.,exact,Cyathidites,YES,circle,,,False
USNMPAL_792717_D1350_L_2024_02_20_15_21_31_Oregon,/rhf/allocations/dsci435/smithsonian_full_sp26/raw/Images_with_annotations_for_CNN_training/USNMPAL_792717_D1350_L_2024_02_20_15_21_31_Oregon.ndpi,/rhf/allocations/dsci435/smithsonian_full_sp26/raw/Images_with_annotations_for_CNN_training/USNMPAL_792717_D1350_L_2024_02_20_15_21_31_Oregon.ndpi.ndpa,48,46,Liliacidites,Arecipites sp.,provisional_alias,Liliacidites sp.,YES,circle,,,False
USNMPAL_792717_D1350_L_2024_02_20_15_21_31_Oregon,/rhf/allocations/dsci435/smithsonian_full_sp26/raw/Images_with_annotations_for_CNN_training/USNMPAL_792717_D1350_L_2024_02_20_15_21_31_Oregon.ndpi,/rhf/allocations/dsci435/smithsonian_full_sp26/raw/Images_with_annotations_for_CNN_training/USNMPAL_792717_D1350_L_2024_02_20_15_21_31_Oregon.ndpi.ndpa,56,54,Platycarya platycarioides,Platycarya platycarioides,exact,Platycarya platycarioides,YES,circle,,,False
USNMPAL_792717_D1350_L_2024_02_20_15_21_31_Oregon,/rhf/allocations/dsci435/smithsonian_full_sp26/raw/Images_with_annotations_for_CNN_training/USNMPAL_792717_D1350_L_2024_02_20_15_21_31_Oregon.ndpi,/rhf/allocations/dsci435/smithsonian_full_sp26/raw/Images_with_annotations_for_CNN_training/USNMPAL_792717_D1350_L_2024_02_20_15_21_31_Oregon.ndpi.ndpa,92,89,Platycarya platycarioides,Platycarya platycarioides,exact,Platycarya platycarioides,YES,circle,,,False
USNMPAL_792717_D1350_L_2024_02_20_15_21_31_Oregon,/rhf/allocations/dsci435/smithsonian_full_sp26/raw/Images_with_annotations_for_CNN_training/USNMPAL_792717_D1350_L_2024_02_20_15_21_31_Oregon.ndpi,/rhf/allocations/dsci435/smithsonian_full_sp26/raw/Images_with_annotations_for_CNN_training/USNMPAL_792717_D1350_L_2024_02_20_15_21_31_Oregon.ndpi.ndpa,97,94,Platycarya platycarioides,Platycarya platycarioides,exact,Platycarya platycarioides,YES,circle,,,False
USNMPAL_792719_D1357_2023_11_09_10_41_27_Colorado,/rhf/allocations/dsci435/smithsonian_full_sp26/raw/Images_with_annotations_for_CNN_training/USNMPAL_792719_D1357_2023_11_09_10_41_27_Colorado.ndpi,/rhf/allocations/dsci435/smithsonian_full_sp26/raw/Images_with_annotations_for_CNN_training/USNMPAL_792719_D1357_2023_11_09_10_41_27_Colorado.ndpi.ndpa,6,5,Caryapollenites,Caryapollenites sp.,exact,Caryapollenites,YES,circle,,,False
USNMPAL_792719_D1357_2023_11_09_10_41_27_Colorado,/rhf/allocations/dsci435/smithsonian_full_sp26/raw/Images_with_annotations_for_CNN_training/USNMPAL_792719_D1357_2023_11_09_10_41_27_Colorado.ndpi,/rhf/allocations/dsci435/smithsonian_full_sp26/raw/Images_with_annotations_for_CNN_training/USNMPAL_792719_D1357_2023_11_09_10_41_27_Colorado.ndpi.ndpa,40,39,Caryapollenites,Caryapollenites sp.,exact,Caryapollenites,YES,circle,,,False
USNMPAL_792719_D1357_2023_11_09_10_41_27_Colorado,/rhf/allocations/dsci435/smithsonian_full_sp26/raw/Images_with_annotations_for_CNN_training/USNMPAL_792719_D1357_2023_11_09_10_41_27_Colorado.ndpi,/rhf/allocations/dsci435/smithsonian_full_sp26/raw/Images_with_annotations_for_CNN_training/USNMPAL_792719_D1357_2023_11_09_10_41_27_Colorado.ndpi.ndpa,43,42,Momipites,Momipites sp,exact,Momipites,YES,circle,,,False
USNMPAL_792719_D1357_2023_11_09_10_41_27_Colorado,/rhf/allocations/dsci435/smithsonian_full_sp26/raw/Images_with_annotations_for_CNN_training/USNMPAL_792719_D1357_2023_11_09_10_41_27_Colorado.ndpi,/rhf/allocations/dsci435/smithsonian_full_sp26/raw/Images_with_annotations_for_CNN_training/USNMPAL_792719_D1357_2023_11_09_10_41_27_Colorado.ndpi.ndpa,53,52,Momipites,Momipites sp,exact,Momipites,YES,circle,,,False
USNMPAL_792719_D1357_2023_11_09_10_41_27_Colorado,/rhf/allocations/dsci435/smithsonian_full_sp26/raw/Images_with_annotations_for_CNN_training/USNMPAL_792719_D1357_2023_11_09_10_41_27_Colorado.ndpi,/rhf/allocations/dsci435/smithsonian_full_sp26/raw/Images_with_annotations_for_CNN_training/USNMPAL_792719_D1357_2023_11_09_10_41_27_Colorado.ndpi.ndpa,67,66,Caryapollenites,Caryapollenites sp.,exact,Caryapollenites,YES,circle,,,False
USNMPAL_792719_D1357_2023_11_09_10_41_27_Colorado,/rhf/allocations/dsci435/smithsonian_full_sp26/raw/Images_with_annotations_for_CNN_training/USNMPAL_792719_D1357_2023_11_09_10_41_27_Colorado.ndpi,/rhf/allocations/dsci435/smithsonian_full_sp26/raw/Images_with_annotations_for_CNN_training/USNMPAL_792719_D1357_2023_11_09_10_41_27_Colorado.ndpi.ndpa,73,72,Momipites,Momipites sp,exact,Momipites,YES,circle,,,False
USNMPAL_792723_D1366-D_2024_09_19_09_27_16_Maryland,/rhf/allocations/dsci435/smithsonian_full_sp26/raw/Images_with_annotations_for_CNN_training/USNMPAL_792723_D1366-D_2024_09_19_09_27_16_Maryland.ndpi,/rhf/allocations/dsci435/smithsonian_full_sp26/raw/Images_with_annotations_for_CNN_training/USNMPAL_792723_D1366-D_2024_09_19_09_27_16_Maryland.ndpi.ndpa,21,20,Caryapollenites,Caryapollenites sp.,exact,Caryapollenites,YES,circle,,,False
USNMPAL_792723_D1366-D_2024_09_19_09_27_16_Maryland,/rhf/allocations/dsci435/smithsonian_full_sp26/raw/Images_with_annotations_for_CNN_training/USNMPAL_792723_D1366-D_2024_09_19_09_27_16_Maryland.ndpi,/rhf/allocations/dsci435/smithsonian_full_sp26/raw/Images_with_annotations_for_CNN_training/USNMPAL_792723_D1366-D_2024_09_19_09_27_16_Maryland.ndpi.ndpa,22,21,Bipol,Bisaccate,exact,Bipol,YES,circle,,,False
USNMPAL_792723_D1366-D_2024_09_19_09_27_16_Maryland,/rhf/allocations/dsci435/smithsonian_full_sp26/raw/Images_with_annotations_for_CNN_training/USNMPAL_792723_D1366-D_2024_09_19_09_27_16_Maryland.ndpi,/rhf/allocations/dsci435/smithsonian_full_sp26/raw/Images_with_annotations_for_CNN_training/USNMPAL_792723_D1366-D_2024_09_19_09_27_16_Maryland.ndpi.ndpa,30,29,Bipol,Bisaccate,exact,Bipol,YES,circle,,,False
USNMPAL_792723_D1366-D_2024_09_19_09_27_16_Maryland,/rhf/allocations/dsci435/smithsonian_full_sp26/raw/Images_with_annotations_for_CNN_training/USNMPAL_792723_D1366-D_2024_09_19_09_27_16_Maryland.ndpi,/rhf/allocations/dsci435/smithsonian_full_sp26/raw/Images_with_annotations_for_CNN_training/USNMPAL_792723_D1366-D_2024_09_19_09_27_16_Maryland.ndpi.ndpa,33,32,Caryapollenites,Caryapollenites sp.,exact,Caryapollenites,YES,circle,,,False
USNMPAL_792723_D1366-D_2024_09_19_09_27_16_Maryland,/rhf/allocations/dsci435/smithsonian_full_sp26/raw/Images_with_annotations_for_CNN_training/USNMPAL_792723_D1366-D_2024_09_19_09_27_16_Maryland.ndpi,/rhf/allocations/dsci435/smithsonian_full_sp26/raw/Images_with_annotations_for_CNN_training/USNMPAL_792723_D1366-D_2024_09_19_09_27_16_Maryland.ndpi.ndpa,35,34,Bipol,Bisaccate,exact,Bipol,YES,circle,,,False
USNMPAL_792723_D1366-D_2024_09_19_09_27_16_Maryland,/rhf/allocations/dsci435/smithsonian_full_sp26/raw/Images_with_annotations_for_CNN_training/USNMPAL_792723_D1366-D_2024_09_19_09_27_16_Maryland.ndpi,/rhf/allocations/dsci435/smithsonian_full_sp26/raw/Images_with_annotations_for_CNN_training/USNMPAL_792723_D1366-D_2024_09_19_09_27_16_Maryland.ndpi.ndpa,36,35,Bipol,Bisaccate,exact,Bipol,YES,circle,,,False
USNMPAL_792723_D1366-D_2024_09_19_09_27_16_Maryland,/rhf/allocations/dsci435/smithsonian_full_sp26/raw/Images_with_annotations_for_CNN_training/USNMPAL_792723_D1366-D_2024_09_19_09_27_16_Maryland.ndpi,/rhf/allocations/dsci435/smithsonian_full_sp26/raw/Images_with_annotations_for_CNN_training/USNMPAL_792723_D1366-D_2024_09_19_09_27_16_Maryland.ndpi.ndpa,48,47,Bipol,Bisaccate,exact,Bipol,YES,circle,,,False
USNMPAL_792723_D1366-D_2024_09_19_09_27_16_Maryland,/rhf/allocations/dsci435/smithsonian_full_sp26/raw/Images_with_annotations_for_CNN_training/USNMPAL_792723_D1366-D_2024_09_19_09_27_16_Maryland.ndpi,/rhf/allocations/dsci435/smithsonian_full_sp26/raw/Images_with_annotations_for_CNN_training/USNMPAL_792723_D1366-D_2024_09_19_09_27_16_Maryland.ndpi.ndpa,78,77,Bipol,Bisaccate,exact,Bipol,YES,circle,,,False
USNMPAL_792723_D1366-D_2024_09_19_09_27_16_Maryland,/rhf/allocations/dsci435/smithsonian_full_sp26/raw/Images_with_annotations_for_CNN_training/USNMPAL_792723_D1366-D_2024_09_19_09_27_16_Maryland.ndpi,/rhf/allocations/dsci435/smithsonian_full_sp26/raw/Images_with_annotations_for_CNN_training/USNMPAL_792723_D1366-D_2024_09_19_09_27_16_Maryland.ndpi.ndpa,115,114,Bipol,Bisaccate,exact,Bipol,YES,circle,,,False
USNMPAL_792724_D1367_A_2024_01_25_15_32_32_Maryland,/rhf/allocations/dsci435/smithsonian_full_sp26/raw/Images_with_annotations_for_CNN_training/USNMPAL_792724_D1367_A_2024_01_25_15_32_32_Maryland.ndpi,/rhf/allocations/dsci435/smithsonian_full_sp26/raw/Images_with_annotations_for_CNN_training/USNMPAL_792724_D1367_A_2024_01_25_15_32_32_Maryland.ndpi.ndpa,2,1,Momipites,Momipites sp,exact,Momipites,YES,circle,,,False
USNMPAL_792725_D1367-B_2024_09_19_09_45_18_S_Dakota,/rhf/allocations/dsci435/smithsonian_full_sp26/raw/Images_with_annotations_for_CNN_training/USNMPAL_792725_D1367-B_2024_09_19_09_45_18_S_Dakota.ndpi,/rhf/allocations/dsci435/smithsonian_full_sp26/raw/Images_with_annotations_for_CNN_training/USNMPAL_792725_D1367-B_2024_09_19_09_45_18_S_Dakota.ndpi.ndpa,28,27,Bipol,Bisaccate,exact,Bipol,YES,circle,,,False
USNMPAL_792725_D1367-B_2024_09_19_09_45_18_S_Dakota,/rhf/allocations/dsci435/smithsonian_full_sp26/raw/Images_with_annotations_for_CNN_training/USNMPAL_792725_D1367-B_2024_09_19_09_45_18_S_Dakota.ndpi,/rhf/allocations/dsci435/smithsonian_full_sp26/raw/Images_with_annotations_for_CNN_training/USNMPAL_792725_D1367-B_2024_09_19_09_45_18_S_Dakota.ndpi.ndpa,39,37,Bipol,Bisaccate,exact,Bipol,YES,circle,,,False
USNMPAL_792725_D1367-B_2024_09_19_09_45_18_S_Dakota,/rhf/allocations/dsci435/smithsonian_full_sp26/raw/Images_with_annotations_for_CNN_training/USNMPAL_792725_D1367-B_2024_09_19_09_45_18_S_Dakota.ndpi,/rhf/allocations/dsci435/smithsonian_full_sp26/raw/Images_with_annotations_for_CNN_training/USNMPAL_792725_D1367-B_2024_09_19_09_45_18_S_Dakota.ndpi.ndpa,43,41,Bipol,Bisaccate,exact,Bipol,YES,circle,,,False
USNMPAL_792727_D1376_2024_01_22_16_00_33_Wyoming,/rhf/allocations/dsci435/smithsonian_full_sp26/raw/Images_with_annotations_for_CNN_training/USNMPAL_792727_D1376_2024_01_22_16_00_33_Wyoming.ndpi,/rhf/allocations/dsci435/smithsonian_full_sp26/raw/Images_with_annotations_for_CNN_training/USNMPAL_792727_D1376_2024_01_22_16_00_33_Wyoming.ndpi.ndpa,3,2,Platycaryapollenites platycaryoides,Platycarya platycarioides,exact,Platycaryapollenites platycaryoides,YES,circle,,,False
USNMPAL_792727_D1376_2024_01_22_16_00_33_Wyoming,/rhf/allocations/dsci435/smithsonian_full_sp26/raw/Images_with_annotations_for_CNN_training/USNMPAL_792727_D1376_2024_01_22_16_00_33_Wyoming.ndpi,/rhf/allocations/dsci435/smithsonian_full_sp26/raw/Images_with_annotations_for_CNN_training/USNMPAL_792727_D1376_2024_01_22_16_00_33_Wyoming.ndpi.ndpa,8,7,Alnipollenites verus,Alnipollenites verus,exact,Alnipollenites verus,YES,circle,,,False
USNMPAL_792727_D1376_2024_01_22_16_00_33_Wyoming,/rhf/allocations/dsci435/smithsonian_full_sp26/raw/Images_with_annotations_for_CNN_training/USNMPAL_792727_D1376_2024_01_22_16_00_33_Wyoming.ndpi,/rhf/allocations/dsci435/smithsonian_full_sp26/raw/Images_with_annotations_for_CNN_training/USNMPAL_792727_D1376_2024_01_22_16_00_33_Wyoming.ndpi.ndpa,17,16,Arecipites tenuiexinous,Arecipites sp.,exact,Arecipites tenuiexinous,YES,circle,,,False
USNMPAL_792727_D1376_2024_01_22_16_00_33_Wyoming,/rhf/allocations/dsci435/smithsonian_full_sp26/raw/Images_with_annotations_for_CNN_training/USNMPAL_792727_D1376_2024_01_22_16_00_33_Wyoming.ndpi,/rhf/allocations/dsci435/smithsonian_full_sp26/raw/Images_with_annotations_for_CNN_training/USNMPAL_792727_D1376_2024_01_22_16_00_33_Wyoming.ndpi.ndpa,19,18,Cyathidites,Psilatriletes sp.,exact,Cyathidites,YES,circle,,,False
USNMPAL_792727_D1376_2024_01_22_16_00_33_Wyoming,/rhf/allocations/dsci435/smithsonian_full_sp26/raw/Images_with_annotations_for_CNN_training/USNMPAL_792727_D1376_2024_01_22_16_00_33_Wyoming.ndpi,/rhf/allocations/dsci435/smithsonian_full_sp26/raw/Images_with_annotations_for_CNN_training/USNMPAL_792727_D1376_2024_01_22_16_00_33_Wyoming.ndpi.ndpa,22,21,Cyathidites,Psilatriletes sp.,exact,Cyathidites,YES,circle,,,False
USNMPAL_792727_D1376_2024_01_22_16_00_33_Wyoming,/rhf/allocations/dsci435/smithsonian_full_sp26/raw/Images_with_annotations_for_CNN_training/USNMPAL_792727_D1376_2024_01_22_16_00_33_Wyoming.ndpi,/rhf/allocations/dsci435/smithsonian_full_sp26/raw/Images_with_annotations_for_CNN_training/USNMPAL_792727_D1376_2024_01_22_16_00_33_Wyoming.ndpi.ndpa,28,27,Caryapollenites prodromus,Caryapollenites sp.,exact,Caryapollenites prodromus,YES,circle,,,False
USNMPAL_792727_D1376_2024_01_22_16_00_33_Wyoming,/rhf/allocations/dsci435/smithsonian_full_sp26/raw/Images_with_annotations_for_CNN_training/USNMPAL_792727_D1376_2024_01_22_16_00_33_Wyoming.ndpi,/rhf/allocations/dsci435/smithsonian_full_sp26/raw/Images_with_annotations_for_CNN_training/USNMPAL_792727_D1376_2024_01_22_16_00_33_Wyoming.ndpi.ndpa,30,29,Momipites,Momipites sp,exact,Momipites,YES,circle,,,False
USNMPAL_792727_D1376_2024_01_22_16_00_33_Wyoming,/rhf/allocations/dsci435/smithsonian_full_sp26/raw/Images_with_annotations_for_CNN_training/USNMPAL_792727_D1376_2024_01_22_16_00_33_Wyoming.ndpi,/rhf/allocations/dsci435/smithsonian_full_sp26/raw/Images_with_annotations_for_CNN_training/USNMPAL_792727_D1376_2024_01_22_16_00_33_Wyoming.ndpi.ndpa,32,31,Caryapollenites veripites,Caryapollenites veripites,exact,Caryapollenites veripites,YES,circle,,,False
USNMPAL_792727_D1376_2024_01_22_16_00_33_Wyoming,/rhf/allocations/dsci435/smithsonian_full_sp26/raw/Images_with_annotations_for_CNN_training/USNMPAL_792727_D1376_2024_01_22_16_00_33_Wyoming.ndpi,/rhf/allocations/dsci435/smithsonian_full_sp26/raw/Images_with_annotations_for_CNN_training/USNMPAL_792727_D1376_2024_01_22_16_00_33_Wyoming.ndpi.ndpa,33,32,Momipites,Momipites sp,exact,Momipites,YES,circle,,,False
USNMPAL_792727_D1376_2024_01_22_16_00_33_Wyoming,/rhf/allocations/dsci435/smithsonian_full_sp26/raw/Images_with_annotations_for_CNN_training/USNMPAL_792727_D1376_2024_01_22_16_00_33_Wyoming.ndpi,/rhf/allocations/dsci435/smithsonian_full_sp26/raw/Images_with_annotations_for_CNN_training/USNMPAL_792727_D1376_2024_01_22_16_00_33_Wyoming.ndpi.ndpa,38,37,Bisaccate pollen,Bisaccate,exact,Bisaccate pollen,YES,circle,,,False
USNMPAL_792733_D1388_L_2024_01_22_11_09_00_S_Dakota,/rhf/allocations/dsci435/smithsonian_full_sp26/raw/Images_with_annotations_for_CNN_training/USNMPAL_792733_D1388_L_2024_01_22_11_09_00_S_Dakota.ndpi,/rhf/allocations/dsci435/smithsonian_full_sp26/raw/Images_with_annotations_for_CNN_training/USNMPAL_792733_D1388_L_2024_01_22_11_09_00_S_Dakota.ndpi.ndpa,2,1,Cyathidites,Psilatriletes sp.,exact,Cyathidites,YES,circle,,,False
USNMPAL_792733_D1388_L_2024_01_22_11_09_00_S_Dakota,/rhf/allocations/dsci435/smithsonian_full_sp26/raw/Images_with_annotations_for_CNN_training/USNMPAL_792733_D1388_L_2024_01_22_11_09_00_S_Dakota.ndpi,/rhf/allocations/dsci435/smithsonian_full_sp26/raw/Images_with_annotations_for_CNN_training/USNMPAL_792733_D1388_L_2024_01_22_11_09_00_S_Dakota.ndpi.ndpa,66,65,Trilete,Psilatriletes sp.,exact,Trilete,YES,circle,,,False
USNMPAL_792815_D1524_L_2024_01_26_10_53_45_Oregon,/rhf/allocations/dsci435/smithsonian_full_sp26/raw/Images_with_annotations_for_CNN_training/USNMPAL_792815_D1524_L_2024_01_26_10_53_45_Oregon.ndpi,/rhf/allocations/dsci435/smithsonian_full_sp26/raw/Images_with_annotations_for_CNN_training/USNMPAL_792815_D1524_L_2024_01_26_10_53_45_Oregon.ndpi.ndpa,9,8,Cicatricosisporites,Cicatricosisporites sp.,exact,Cicatricosisporites,YES,circle,,,False
USNMPAL_792815_D1524_L_2024_01_26_10_53_45_Oregon,/rhf/allocations/dsci435/smithsonian_full_sp26/raw/Images_with_annotations_for_CNN_training/USNMPAL_792815_D1524_L_2024_01_26_10_53_45_Oregon.ndpi,/rhf/allocations/dsci435/smithsonian_full_sp26/raw/Images_with_annotations_for_CNN_training/USNMPAL_792815_D1524_L_2024_01_26_10_53_45_Oregon.ndpi.ndpa,25,24,Momipites,Momipites sp,exact,Momipites,YES,circle,,,False
USNMPAL_792851_D1644_2024_01_26_11_12_23_California,/rhf/allocations/dsci435/smithsonian_full_sp26/raw/Images_with_annotations_for_CNN_training/USNMPAL_792851_D1644_2024_01_26_11_12_23_California.ndpi,/rhf/allocations/dsci435/smithsonian_full_sp26/raw/Images_with_annotations_for_CNN_training/USNMPAL_792851_D1644_2024_01_26_11_12_23_California.ndpi.ndpa,7,6,Momipites,Momipites sp,exact,Momipites,YES,circle,,,False
USNMPAL_792851_D1644_2024_01_26_11_12_23_California,/rhf/allocations/dsci435/smithsonian_full_sp26/raw/Images_with_annotations_for_CNN_training/USNMPAL_792851_D1644_2024_01_26_11_12_23_California.ndpi,/rhf/allocations/dsci435/smithsonian_full_sp26/raw/Images_with_annotations_for_CNN_training/USNMPAL_792851_D1644_2024_01_26_11_12_23_California.ndpi.ndpa,16,15,Momipites,Momipites sp,exact,Momipites,YES,circle,,,False
USNMPAL_792851_D1644_2024_01_26_11_12_23_California,/rhf/allocations/dsci435/smithsonian_full_sp26/raw/Images_with_annotations_for_CNN_training/USNMPAL_792851_D1644_2024_01_26_11_12_23_California.ndpi,/rhf/allocations/dsci435/smithsonian_full_sp26/raw/Images_with_annotations_for_CNN_training/USNMPAL_792851_D1644_2024_01_26_11_12_23_California.ndpi.ndpa,34,33,Momipites,Momipites sp,exact,Momipites,YES,circle,,,False
USNMPAL_792851_D1644_2024_01_26_11_12_23_California,/rhf/allocations/dsci435/smithsonian_full_sp26/raw/Images_with_annotations_for_CNN_training/USNMPAL_792851_D1644_2024_01_26_11_12_23_California.ndpi,/rhf/allocations/dsci435/smithsonian_full_sp26/raw/Images_with_annotations_for_CNN_training/USNMPAL_792851_D1644_2024_01_26_11_12_23_California.ndpi.ndpa,37,36,Momipites,Momipites sp,exact,Momipites,YES,circle,,,False
USNMPAL_792851_D1644_2024_01_26_11_12_23_California,/rhf/allocations/dsci435/smithsonian_full_sp26/raw/Images_with_annotations_for_CNN_training/USNMPAL_792851_D1644_2024_01_26_11_12_23_California.ndpi,/rhf/allocations/dsci435/smithsonian_full_sp26/raw/Images_with_annotations_for_CNN_training/USNMPAL_792851_D1644_2024_01_26_11_12_23_California.ndpi.ndpa,48,47,Momipites,Momipites sp,exact,Momipites,YES,circle,,,False
USNMPAL_792851_D1644_2024_01_26_11_12_23_California,/rhf/allocations/dsci435/smithsonian_full_sp26/raw/Images_with_annotations_for_CNN_training/USNMPAL_792851_D1644_2024_01_26_11_12_23_California.ndpi,/rhf/allocations/dsci435/smithsonian_full_sp26/raw/Images_with_annotations_for_CNN_training/USNMPAL_792851_D1644_2024_01_26_11_12_23_California.ndpi.ndpa,50,49,Momipites,Momipites sp,exact,Momipites,YES,circle,,,False
USNMPAL_792851_D1644_2024_01_26_11_12_23_California,/rhf/allocations/dsci435/smithsonian_full_sp26/raw/Images_with_annotations_for_CNN_training/USNMPAL_792851_D1644_2024_01_26_11_12_23_California.ndpi,/rhf/allocations/dsci435/smithsonian_full_sp26/raw/Images_with_annotations_for_CNN_training/USNMPAL_792851_D1644_2024_01_26_11_12_23_California.ndpi.ndpa,58,57,Momipites,Momipites sp,exact,Momipites,YES,circle,,,False
USNMPAL_792852_D1667-A_L_2024_02_20_14_05_57_Kentucky,/rhf/allocations/dsci435/smithsonian_full_sp26/raw/Images_with_annotations_for_CNN_training/USNMPAL_792852_D1667-A_L_2024_02_20_14_05_57_Kentucky.ndpi,/rhf/allocations/dsci435/smithsonian_full_sp26/raw/Images_with_annotations_for_CNN_training/USNMPAL_792852_D1667-A_L_2024_02_20_14_05_57_Kentucky.ndpi.ndpa,6,5,Momipites,Momipites sp,exact,Momipites,YES,circle,,,False
USNMPAL_792852_D1667-A_L_2024_02_20_14_05_57_Kentucky,/rhf/allocations/dsci435/smithsonian_full_sp26/raw/Images_with_annotations_for_CNN_training/USNMPAL_792852_D1667-A_L_2024_02_20_14_05_57_Kentucky.ndpi,/rhf/allocations/dsci435/smithsonian_full_sp26/raw/Images_with_annotations_for_CNN_training/USNMPAL_792852_D1667-A_L_2024_02_20_14_05_57_Kentucky.ndpi.ndpa,43,42,Momipites,Momipites sp,exact,Momipites,YES,circle,,,False
USNMPAL_792852_D1667-A_L_2024_02_20_14_05_57_Kentucky,/rhf/allocations/dsci435/smithsonian_full_sp26/raw/Images_with_annotations_for_CNN_training/USNMPAL_792852_D1667-A_L_2024_02_20_14_05_57_Kentucky.ndpi,/rhf/allocations/dsci435/smithsonian_full_sp26/raw/Images_with_annotations_for_CNN_training/USNMPAL_792852_D1667-A_L_2024_02_20_14_05_57_Kentucky.ndpi.ndpa,55,54,Betulaceae,Betulaceae,exact,Betulaceae,YES,circle,,,False
USNMPAL_792852_D1667-A_L_2024_02_20_14_05_57_Kentucky,/rhf/allocations/dsci435/smithsonian_full_sp26/raw/Images_with_annotations_for_CNN_training/USNMPAL_792852_D1667-A_L_2024_02_20_14_05_57_Kentucky.ndpi,/rhf/allocations/dsci435/smithsonian_full_sp26/raw/Images_with_annotations_for_CNN_training/USNMPAL_792852_D1667-A_L_2024_02_20_14_05_57_Kentucky.ndpi.ndpa,74,73,Momipites,Momipites sp,exact,Momipites,YES,circle,,,False
USNMPAL_792852_D1667-A_L_2024_02_20_14_05_57_Kentucky,/rhf/allocations/dsci435/smithsonian_full_sp26/raw/Images_with_annotations_for_CNN_training/USNMPAL_792852_D1667-A_L_2024_02_20_14_05_57_Kentucky.ndpi,/rhf/allocations/dsci435/smithsonian_full_sp26/raw/Images_with_annotations_for_CNN_training/USNMPAL_792852_D1667-A_L_2024_02_20_14_05_57_Kentucky.ndpi.ndpa,85,84,Momipites,Momipites sp,exact,Momipites,YES,circle,,,False
USNMPAL_792852_D1667-A_L_2024_02_20_14_05_57_Kentucky,/rhf/allocations/dsci435/smithsonian_full_sp26/raw/Images_with_annotations_for_CNN_training/USNMPAL_792852_D1667-A_L_2024_02_20_14_05_57_Kentucky.ndpi,/rhf/allocations/dsci435/smithsonian_full_sp26/raw/Images_with_annotations_for_CNN_training/USNMPAL_792852_D1667-A_L_2024_02_20_14_05_57_Kentucky.ndpi.ndpa,88,87,Momipites,Momipites sp,exact,Momipites,YES,circle,,,False
USNMPAL_792852_D1667-A_R_2024_02_2019_29_55_Kentucky,/rhf/allocations/dsci435/smithsonian_full_sp26/raw/Images_with_annotations_for_CNN_training/USNMPAL_792852_D1667-A_R_2024_02_2019_29_55_Kentucky.ndpi,/rhf/allocations/dsci435/smithsonian_full_sp26/raw/Images_with_annotations_for_CNN_training/USNMPAL_792852_D1667-A_R_2024_02_2019_29_55_Kentucky.ndpi.ndpa,31,30,Momipites,Momipites sp,exact,Momipites,YES,circle,,,False
USNMPAL_792852_D1667-A_R_2024_02_2019_29_55_Kentucky,/rhf/allocations/dsci435/smithsonian_full_sp26/raw/Images_with_annotations_for_CNN_training/USNMPAL_792852_D1667-A_R_2024_02_2019_29_55_Kentucky.ndpi,/rhf/allocations/dsci435/smithsonian_full_sp26/raw/Images_with_annotations_for_CNN_training/USNMPAL_792852_D1667-A_R_2024_02_2019_29_55_Kentucky.ndpi.ndpa,95,94,Momipites,Momipites sp,exact,Momipites,YES,circle,,,False
USNMPAL_792854_D1668_L_2024_01_25_16_38_58_Kentucky,/rhf/allocations/dsci435/smithsonian_full_sp26/raw/Images_with_annotations_for_CNN_training/USNMPAL_792854_D1668_L_2024_01_25_16_38_58_Kentucky.ndpi,/rhf/allocations/dsci435/smithsonian_full_sp26/raw/Images_with_annotations_for_CNN_training/USNMPAL_792854_D1668_L_2024_01_25_16_38_58_Kentucky.ndpi.ndpa,5,4,Carya simplex,Caryapollenites sp.,provisional_alias,Carya sp.,YES,circle,,,False
USNMPAL_792854_D1668_L_2024_01_25_16_38_58_Kentucky,/rhf/allocations/dsci435/smithsonian_full_sp26/raw/Images_with_annotations_for_CNN_training/USNMPAL_792854_D1668_L_2024_01_25_16_38_58_Kentucky.ndpi,/rhf/allocations/dsci435/smithsonian_full_sp26/raw/Images_with_annotations_for_CNN_training/USNMPAL_792854_D1668_L_2024_01_25_16_38_58_Kentucky.ndpi.ndpa,7,6,Momipites,Momipites sp,exact,Momipites,YES,circle,,,False
USNMPAL_792854_D1668_L_2024_01_25_16_38_58_Kentucky,/rhf/allocations/dsci435/smithsonian_full_sp26/raw/Images_with_annotations_for_CNN_training/USNMPAL_792854_D1668_L_2024_01_25_16_38_58_Kentucky.ndpi,/rhf/allocations/dsci435/smithsonian_full_sp26/raw/Images_with_annotations_for_CNN_training/USNMPAL_792854_D1668_L_2024_01_25_16_38_58_Kentucky.ndpi.ndpa,8,7,Caryapollenites,Caryapollenites sp.,exact,Caryapollenites,YES,circle,,,False
USNMPAL_792854_D1668_L_2024_01_25_16_38_58_Kentucky,/rhf/allocations/dsci435/smithsonian_full_sp26/raw/Images_with_annotations_for_CNN_training/USNMPAL_792854_D1668_L_2024_01_25_16_38_58_Kentucky.ndpi,/rhf/allocations/dsci435/smithsonian_full_sp26/raw/Images_with_annotations_for_CNN_training/USNMPAL_792854_D1668_L_2024_01_25_16_38_58_Kentucky.ndpi.ndpa,15,14,Caryapollenites,Caryapollenites sp.,exact,Caryapollenites,YES,circle,,,False
USNMPAL_792854_D1668_L_2024_01_25_16_38_58_Kentucky,/rhf/allocations/dsci435/smithsonian_full_sp26/raw/Images_with_annotations_for_CNN_training/USNMPAL_792854_D1668_L_2024_01_25_16_38_58_Kentucky.ndpi,/rhf/allocations/dsci435/smithsonian_full_sp26/raw/Images_with_annotations_for_CNN_training/USNMPAL_792854_D1668_L_2024_01_25_16_38_58_Kentucky.ndpi.ndpa,17,16,Momipites,Momipites sp,exact,Momipites,YES,circle,,,False
USNMPAL_792854_D1668_L_2024_01_25_16_38_58_Kentucky,/rhf/allocations/dsci435/smithsonian_full_sp26/raw/Images_with_annotations_for_CNN_training/USNMPAL_792854_D1668_L_2024_01_25_16_38_58_Kentucky.ndpi,/rhf/allocations/dsci435/smithsonian_full_sp26/raw/Images_with_annotations_for_CNN_training/USNMPAL_792854_D1668_L_2024_01_25_16_38_58_Kentucky.ndpi.ndpa,19,18,Caryapollenites,Caryapollenites sp.,exact,Caryapollenites,YES,circle,,,False
USNMPAL_792854_D1668_L_2024_01_25_16_38_58_Kentucky,/rhf/allocations/dsci435/smithsonian_full_sp26/raw/Images_with_annotations_for_CNN_training/USNMPAL_792854_D1668_L_2024_01_25_16_38_58_Kentucky.ndpi,/rhf/allocations/dsci435/smithsonian_full_sp26/raw/Images_with_annotations_for_CNN_training/USNMPAL_792854_D1668_L_2024_01_25_16_38_58_Kentucky.ndpi.ndpa,21,20,Momipites,Momipites sp,exact,Momipites,YES,circle,,,False
USNMPAL_792854_D1668_L_2024_01_25_16_38_58_Kentucky,/rhf/allocations/dsci435/smithsonian_full_sp26/raw/Images_with_annotations_for_CNN_training/USNMPAL_792854_D1668_L_2024_01_25_16_38_58_Kentucky.ndpi,/rhf/allocations/dsci435/smithsonian_full_sp26/raw/Images_with_annotations_for_CNN_training/USNMPAL_792854_D1668_L_2024_01_25_16_38_58_Kentucky.ndpi.ndpa,24,23,Caryapollenites wodehousei,Caryapollenites sp.,exact,Caryapollenites wodehousei,YES,circle,,,False
USNMPAL_792854_D1668_L_2024_01_25_16_38_58_Kentucky,/rhf/allocations/dsci435/smithsonian_full_sp26/raw/Images_with_annotations_for_CNN_training/USNMPAL_792854_D1668_L_2024_01_25_16_38_58_Kentucky.ndpi,/rhf/allocations/dsci435/smithsonian_full_sp26/raw/Images_with_annotations_for_CNN_training/USNMPAL_792854_D1668_L_2024_01_25_16_38_58_Kentucky.ndpi.ndpa,25,24,Caryapollenites,Caryapollenites sp.,exact,Caryapollenites,YES,circle,,,False
USNMPAL_792854_D1668_L_2024_01_25_16_38_58_Kentucky,/rhf/allocations/dsci435/smithsonian_full_sp26/raw/Images_with_annotations_for_CNN_training/USNMPAL_792854_D1668_L_2024_01_25_16_38_58_Kentucky.ndpi,/rhf/allocations/dsci435/smithsonian_full_sp26/raw/Images_with_annotations_for_CNN_training/USNMPAL_792854_D1668_L_2024_01_25_16_38_58_Kentucky.ndpi.ndpa,27,26,Caryapollenites,Caryapollenites sp.,exact,Caryapollenites,YES,circle,,,False
USNMPAL_792854_D1668_L_2024_01_25_16_38_58_Kentucky,/rhf/allocations/dsci435/smithsonian_full_sp26/raw/Images_with_annotations_for_CNN_training/USNMPAL_792854_D1668_L_2024_01_25_16_38_58_Kentucky.ndpi,/rhf/allocations/dsci435/smithsonian_full_sp26/raw/Images_with_annotations_for_CNN_training/USNMPAL_792854_D1668_L_2024_01_25_16_38_58_Kentucky.ndpi.ndpa,28,27,Caryapollenites veripites,Caryapollenites veripites,exact,Caryapollenites veripites,YES,circle,,,False
USNMPAL_792854_D1668_L_2024_01_25_16_38_58_Kentucky,/rhf/allocations/dsci435/smithsonian_full_sp26/raw/Images_with_annotations_for_CNN_training/USNMPAL_792854_D1668_L_2024_01_25_16_38_58_Kentucky.ndpi,/rhf/allocations/dsci435/smithsonian_full_sp26/raw/Images_with_annotations_for_CNN_training/USNMPAL_792854_D1668_L_2024_01_25_16_38_58_Kentucky.ndpi.ndpa,31,30,Caryapollenites,Caryapollenites sp.,exact,Caryapollenites,YES,circle,,,False
USNMPAL_792854_D1668_L_2024_01_25_16_38_58_Kentucky,/rhf/allocations/dsci435/smithsonian_full_sp26/raw/Images_with_annotations_for_CNN_training/USNMPAL_792854_D1668_L_2024_01_25_16_38_58_Kentucky.ndpi,/rhf/allocations/dsci435/smithsonian_full_sp26/raw/Images_with_annotations_for_CNN_training/USNMPAL_792854_D1668_L_2024_01_25_16_38_58_Kentucky.ndpi.ndpa,33,32,Caryapollenites veripites,Caryapollenites veripites,exact,Caryapollenites veripites,YES,circle,,,False
USNMPAL_792854_D1668_L_2024_01_25_16_38_58_Kentucky,/rhf/allocations/dsci435/smithsonian_full_sp26/raw/Images_with_annotations_for_CNN_training/USNMPAL_792854_D1668_L_2024_01_25_16_38_58_Kentucky.ndpi,/rhf/allocations/dsci435/smithsonian_full_sp26/raw/Images_with_annotations_for_CNN_training/USNMPAL_792854_D1668_L_2024_01_25_16_38_58_Kentucky.ndpi.ndpa,34,33,Caryapollenites,Caryapollenites sp.,exact,Caryapollenites,YES,circle,,,False
USNMPAL_792854_D1668_L_2024_01_25_16_38_58_Kentucky,/rhf/allocations/dsci435/smithsonian_full_sp26/raw/Images_with_annotations_for_CNN_training/USNMPAL_792854_D1668_L_2024_01_25_16_38_58_Kentucky.ndpi,/rhf/allocations/dsci435/smithsonian_full_sp26/raw/Images_with_annotations_for_CNN_training/USNMPAL_792854_D1668_L_2024_01_25_16_38_58_Kentucky.ndpi.ndpa,38,37,Caryapollenites veripites,Caryapollenites veripites,exact,Caryapollenites veripites,YES,circle,,,False
USNMPAL_792854_D1668_L_2024_01_25_16_38_58_Kentucky,/rhf/allocations/dsci435/smithsonian_full_sp26/raw/Images_with_annotations_for_CNN_training/USNMPAL_792854_D1668_L_2024_01_25_16_38_58_Kentucky.ndpi,/rhf/allocations/dsci435/smithsonian_full_sp26/raw/Images_with_annotations_for_CNN_training/USNMPAL_792854_D1668_L_2024_01_25_16_38_58_Kentucky.ndpi.ndpa,39,38,Betulaceae,Betulaceae,exact,Betulaceae,YES,circle,,,False
USNMPAL_792854_D1668_L_2024_01_25_16_38_58_Kentucky,/rhf/allocations/dsci435/smithsonian_full_sp26/raw/Images_with_annotations_for_CNN_training/USNMPAL_792854_D1668_L_2024_01_25_16_38_58_Kentucky.ndpi,/rhf/allocations/dsci435/smithsonian_full_sp26/raw/Images_with_annotations_for_CNN_training/USNMPAL_792854_D1668_L_2024_01_25_16_38_58_Kentucky.ndpi.ndpa,41,40,Momipites,Momipites sp,exact,Momipites,YES,circle,,,False
USNMPAL_792854_D1668_L_2024_01_25_16_38_58_Kentucky,/rhf/allocations/dsci435/smithsonian_full_sp26/raw/Images_with_annotations_for_CNN_training/USNMPAL_792854_D1668_L_2024_01_25_16_38_58_Kentucky.ndpi,/rhf/allocations/dsci435/smithsonian_full_sp26/raw/Images_with_annotations_for_CNN_training/USNMPAL_792854_D1668_L_2024_01_25_16_38_58_Kentucky.ndpi.ndpa,53,51,Bipol,Bisaccate,exact,Bipol,YES,circle,,,False
USNMPAL_792854_D1668_L_2024_01_25_16_38_58_Kentucky,/rhf/allocations/dsci435/smithsonian_full_sp26/raw/Images_with_annotations_for_CNN_training/USNMPAL_792854_D1668_L_2024_01_25_16_38_58_Kentucky.ndpi,/rhf/allocations/dsci435/smithsonian_full_sp26/raw/Images_with_annotations_for_CNN_training/USNMPAL_792854_D1668_L_2024_01_25_16_38_58_Kentucky.ndpi.ndpa,56,54,Caryapollenites veripites,Caryapollenites veripites,exact,Caryapollenites veripites,YES,circle,,,False
USNMPAL_792854_D1668_L_2024_01_25_16_38_58_Kentucky,/rhf/allocations/dsci435/smithsonian_full_sp26/raw/Images_with_annotations_for_CNN_training/USNMPAL_792854_D1668_L_2024_01_25_16_38_58_Kentucky.ndpi,/rhf/allocations/dsci435/smithsonian_full_sp26/raw/Images_with_annotations_for_CNN_training/USNMPAL_792854_D1668_L_2024_01_25_16_38_58_Kentucky.ndpi.ndpa,57,55,Momipites,Momipites sp,exact,Momipites,YES,circle,,,False
USNMPAL_792854_D1668_L_2024_01_25_16_38_58_Kentucky,/rhf/allocations/dsci435/smithsonian_full_sp26/raw/Images_with_annotations_for_CNN_training/USNMPAL_792854_D1668_L_2024_01_25_16_38_58_Kentucky.ndpi,/rhf/allocations/dsci435/smithsonian_full_sp26/raw/Images_with_annotations_for_CNN_training/USNMPAL_792854_D1668_L_2024_01_25_16_38_58_Kentucky.ndpi.ndpa,61,59,Caryapollenites veripites,Caryapollenites veripites,exact,Caryapollenites veripites,YES,circle,,,False
USNMPAL_792854_D1668_L_2024_01_25_16_38_58_Kentucky,/rhf/allocations/dsci435/smithsonian_full_sp26/raw/Images_with_annotations_for_CNN_training/USNMPAL_792854_D1668_L_2024_01_25_16_38_58_Kentucky.ndpi,/rhf/allocations/dsci435/smithsonian_full_sp26/raw/Images_with_annotations_for_CNN_training/USNMPAL_792854_D1668_L_2024_01_25_16_38_58_Kentucky.ndpi.ndpa,62,60,Ericipites,Ericipites sp.,exact,Ericipites,YES,circle,,,False
USNMPAL_792924_D1820_2024-01-23_13_40_57_N_Mexico,/rhf/allocations/dsci435/smithsonian_full_sp26/raw/Images_with_annotations_for_CNN_training/USNMPAL_792924_D1820_2024-01-23_13_40_57_N_Mexico.ndpi,/rhf/allocations/dsci435/smithsonian_full_sp26/raw/Images_with_annotations_for_CNN_training/USNMPAL_792924_D1820_2024-01-23_13_40_57_N_Mexico.ndpi.ndpa,2,1,Momipites,Momipites sp,exact,Momipites,YES,circle,,,False
USNMPAL_792924_D1820_2024-01-23_13_40_57_N_Mexico,/rhf/allocations/dsci435/smithsonian_full_sp26/raw/Images_with_annotations_for_CNN_training/USNMPAL_792924_D1820_2024-01-23_13_40_57_N_Mexico.ndpi,/rhf/allocations/dsci435/smithsonian_full_sp26/raw/Images_with_annotations_for_CNN_training/USNMPAL_792924_D1820_2024-01-23_13_40_57_N_Mexico.ndpi.ndpa,4,3,Caryapollenites,Caryapollenites sp.,exact,Caryapollenites,YES,circle,,,False
USNMPAL_792924_D1820_2024-01-23_13_40_57_N_Mexico,/rhf/allocations/dsci435/smithsonian_full_sp26/raw/Images_with_annotations_for_CNN_training/USNMPAL_792924_D1820_2024-01-23_13_40_57_N_Mexico.ndpi,/rhf/allocations/dsci435/smithsonian_full_sp26/raw/Images_with_annotations_for_CNN_training/USNMPAL_792924_D1820_2024-01-23_13_40_57_N_Mexico.ndpi.ndpa,16,15,Betulaceae,Betulaceae,exact,Betulaceae,YES,circle,,,False
USNMPAL_792924_D1820_2024-01-23_13_40_57_N_Mexico,/rhf/allocations/dsci435/smithsonian_full_sp26/raw/Images_with_annotations_for_CNN_training/USNMPAL_792924_D1820_2024-01-23_13_40_57_N_Mexico.ndpi,/rhf/allocations/dsci435/smithsonian_full_sp26/raw/Images_with_annotations_for_CNN_training/USNMPAL_792924_D1820_2024-01-23_13_40_57_N_Mexico.ndpi.ndpa,32,31,Bipol,Bisaccate,exact,Bipol,YES,circle,,,False
USNMPAL_792924_D1820_2024-01-23_13_40_57_N_Mexico,/rhf/allocations/dsci435/smithsonian_full_sp26/raw/Images_with_annotations_for_CNN_training/USNMPAL_792924_D1820_2024-01-23_13_40_57_N_Mexico.ndpi,/rhf/allocations/dsci435/smithsonian_full_sp26/raw/Images_with_annotations_for_CNN_training/USNMPAL_792924_D1820_2024-01-23_13_40_57_N_Mexico.ndpi.ndpa,33,32,Betulaceae,Betulaceae,exact,Betulaceae,YES,circle,,,False
USNMPAL_792930_D1825_L_2023_11_07_13_36_14_image1_Kentucky,/rhf/allocations/dsci435/smithsonian_full_sp26/raw/Images_with_annotations_for_CNN_training/USNMPAL_792930_D1825_L_2023_11_07_13_36_14_image1_Kentucky.ndpi,/rhf/allocations/dsci435/smithsonian_full_sp26/raw/Images_with_annotations_for_CNN_training/USNMPAL_792930_D1825_L_2023_11_07_13_36_14_image1_Kentucky.ndpi.ndpa,9,8,Momipites,Momipites sp,exact,Momipites,YES,circle,,,False
USNMPAL_792930_D1825_L_2023_11_07_13_36_14_image1_Kentucky,/rhf/allocations/dsci435/smithsonian_full_sp26/raw/Images_with_annotations_for_CNN_training/USNMPAL_792930_D1825_L_2023_11_07_13_36_14_image1_Kentucky.ndpi,/rhf/allocations/dsci435/smithsonian_full_sp26/raw/Images_with_annotations_for_CNN_training/USNMPAL_792930_D1825_L_2023_11_07_13_36_14_image1_Kentucky.ndpi.ndpa,79,78,Momipites,Momipites sp,exact,Momipites,YES,circle,,,False
USNMPAL_793077_D3163-A_2024_07_29_10_45_13_Arkansas,/rhf/allocations/dsci435/smithsonian_full_sp26/raw/Images_with_annotations_for_CNN_training/USNMPAL_793077_D3163-A_2024_07_29_10_45_13_Arkansas.ndpi,/rhf/allocations/dsci435/smithsonian_full_sp26/raw/Images_with_annotations_for_CNN_training/USNMPAL_793077_D3163-A_2024_07_29_10_45_13_Arkansas.ndpi.ndpa,142,141,Momipites,Momipites sp,exact,Momipites,YES,circle,,,False
USNMPAL_793077_D3163-A_2024_07_29_10_45_13_Arkansas,/rhf/allocations/dsci435/smithsonian_full_sp26/raw/Images_with_annotations_for_CNN_training/USNMPAL_793077_D3163-A_2024_07_29_10_45_13_Arkansas.ndpi,/rhf/allocations/dsci435/smithsonian_full_sp26/raw/Images_with_annotations_for_CNN_training/USNMPAL_793077_D3163-A_2024_07_29_10_45_13_Arkansas.ndpi.ndpa,179,178,Momipites,Momipites sp,exact,Momipites,YES,circle,,,False
USNMPAL_793077_D3163-A_2024_07_29_10_45_13_Arkansas,/rhf/allocations/dsci435/smithsonian_full_sp26/raw/Images_with_annotations_for_CNN_training/USNMPAL_793077_D3163-A_2024_07_29_10_45_13_Arkansas.ndpi,/rhf/allocations/dsci435/smithsonian_full_sp26/raw/Images_with_annotations_for_CNN_training/USNMPAL_793077_D3163-A_2024_07_29_10_45_13_Arkansas.ndpi.ndpa,283,282,Momipites,Momipites sp,exact,Momipites,YES,circle,,,False
USNMPAL_793077_D3163-A_2024_07_29_10_45_13_Arkansas,/rhf/allocations/dsci435/smithsonian_full_sp26/raw/Images_with_annotations_for_CNN_training/USNMPAL_793077_D3163-A_2024_07_29_10_45_13_Arkansas.ndpi,/rhf/allocations/dsci435/smithsonian_full_sp26/raw/Images_with_annotations_for_CNN_training/USNMPAL_793077_D3163-A_2024_07_29_10_45_13_Arkansas.ndpi.ndpa,286,285,Momipites,Momipites sp,exact,Momipites,YES,circle,,,False
USNMPAL_793367_D3702_L_2024_02_02_15_49_54_Tennessee,/rhf/allocations/dsci435/smithsonian_full_sp26/raw/Images_with_annotations_for_CNN_training/USNMPAL_793367_D3702_L_2024_02_02_15_49_54_Tennessee.ndpi,/rhf/allocations/dsci435/smithsonian_full_sp26/raw/Images_with_annotations_for_CNN_training/USNMPAL_793367_D3702_L_2024_02_02_15_49_54_Tennessee.ndpi.ndpa,39,38,Bipol,Bisaccate,exact,Bipol,YES,circle,,,False
USNMPAL_793367_D3702_L_2024_02_02_15_49_54_Tennessee,/rhf/allocations/dsci435/smithsonian_full_sp26/raw/Images_with_annotations_for_CNN_training/USNMPAL_793367_D3702_L_2024_02_02_15_49_54_Tennessee.ndpi,/rhf/allocations/dsci435/smithsonian_full_sp26/raw/Images_with_annotations_for_CNN_training/USNMPAL_793367_D3702_L_2024_02_02_15_49_54_Tennessee.ndpi.ndpa,42,41,Bipol,Bisaccate,exact,Bipol,YES,circle,,,False
USNMPAL_793367_D3702_L_2024_02_02_15_49_54_Tennessee,/rhf/allocations/dsci435/smithsonian_full_sp26/raw/Images_with_annotations_for_CNN_training/USNMPAL_793367_D3702_L_2024_02_02_15_49_54_Tennessee.ndpi,/rhf/allocations/dsci435/smithsonian_full_sp26/raw/Images_with_annotations_for_CNN_training/USNMPAL_793367_D3702_L_2024_02_02_15_49_54_Tennessee.ndpi.ndpa,59,58,Bipol,Bisaccate,exact,Bipol,YES,circle,,,False
USNMPAL_793367_D3702_L_2024_02_02_15_49_54_Tennessee,/rhf/allocations/dsci435/smithsonian_full_sp26/raw/Images_with_annotations_for_CNN_training/USNMPAL_793367_D3702_L_2024_02_02_15_49_54_Tennessee.ndpi,/rhf/allocations/dsci435/smithsonian_full_sp26/raw/Images_with_annotations_for_CNN_training/USNMPAL_793367_D3702_L_2024_02_02_15_49_54_Tennessee.ndpi.ndpa,63,62,Bipol,Bisaccate,exact,Bipol,YES,circle,,,False
USNMPAL_793367_D3702_L_2024_02_02_15_49_54_Tennessee,/rhf/allocations/dsci435/smithsonian_full_sp26/raw/Images_with_annotations_for_CNN_training/USNMPAL_793367_D3702_L_2024_02_02_15_49_54_Tennessee.ndpi,/rhf/allocations/dsci435/smithsonian_full_sp26/raw/Images_with_annotations_for_CNN_training/USNMPAL_793367_D3702_L_2024_02_02_15_49_54_Tennessee.ndpi.ndpa,66,65,Bipol,Bisaccate,exact,Bipol,YES,circle,,,False
USNMPAL_793367_D3702_L_2024_02_02_15_49_54_Tennessee,/rhf/allocations/dsci435/smithsonian_full_sp26/raw/Images_with_annotations_for_CNN_training/USNMPAL_793367_D3702_L_2024_02_02_15_49_54_Tennessee.ndpi,/rhf/allocations/dsci435/smithsonian_full_sp26/raw/Images_with_annotations_for_CNN_training/USNMPAL_793367_D3702_L_2024_02_02_15_49_54_Tennessee.ndpi.ndpa,76,75,Bipol,Bisaccate,exact,Bipol,YES,circle,,,False
USNMPAL_793367_D3702_R_2024_02_05_12_01_01_Tennessee,/rhf/allocations/dsci435/smithsonian_full_sp26/raw/Images_with_annotations_for_CNN_training/USNMPAL_793367_D3702_R_2024_02_05_12_01_01_Tennessee.ndpi,/rhf/allocations/dsci435/smithsonian_full_sp26/raw/Images_with_annotations_for_CNN_training/USNMPAL_793367_D3702_R_2024_02_05_12_01_01_Tennessee.ndpi.ndpa,30,28,Betulaceae type,Betulaceae,provisional_alias,Betulaceae | Betulaceae sp.,YES,circle,,,False
USNMPAL_793367_D3702_R_2024_02_05_12_01_01_Tennessee,/rhf/allocations/dsci435/smithsonian_full_sp26/raw/Images_with_annotations_for_CNN_training/USNMPAL_793367_D3702_R_2024_02_05_12_01_01_Tennessee.ndpi,/rhf/allocations/dsci435/smithsonian_full_sp26/raw/Images_with_annotations_for_CNN_training/USNMPAL_793367_D3702_R_2024_02_05_12_01_01_Tennessee.ndpi.ndpa,35,33,Betulaceae,Betulaceae,exact,Betulaceae,YES,circle,,,False
USNMPAL_793367_D3702_R_2024_02_05_12_01_01_Tennessee,/rhf/allocations/dsci435/smithsonian_full_sp26/raw/Images_with_annotations_for_CNN_training/USNMPAL_793367_D3702_R_2024_02_05_12_01_01_Tennessee.ndpi,/rhf/allocations/dsci435/smithsonian_full_sp26/raw/Images_with_annotations_for_CNN_training/USNMPAL_793367_D3702_R_2024_02_05_12_01_01_Tennessee.ndpi.ndpa,40,38,Arecipites,Arecipites sp.,provisional_alias,Arecipites sp.,YES,circle,,,False
USNMPAL_793367_D3702_R_2024_02_05_12_01_01_Tennessee,/rhf/allocations/dsci435/smithsonian_full_sp26/raw/Images_with_annotations_for_CNN_training/USNMPAL_793367_D3702_R_2024_02_05_12_01_01_Tennessee.ndpi,/rhf/allocations/dsci435/smithsonian_full_sp26/raw/Images_with_annotations_for_CNN_training/USNMPAL_793367_D3702_R_2024_02_05_12_01_01_Tennessee.ndpi.ndpa,45,43,Bisaccate pollen,Bisaccate,exact,Bisaccate pollen,YES,circle,,,False
USNMPAL_793367_D3702_R_2024_02_05_12_01_01_Tennessee,/rhf/allocations/dsci435/smithsonian_full_sp26/raw/Images_with_annotations_for_CNN_training/USNMPAL_793367_D3702_R_2024_02_05_12_01_01_Tennessee.ndpi,/rhf/allocations/dsci435/smithsonian_full_sp26/raw/Images_with_annotations_for_CNN_training/USNMPAL_793367_D3702_R_2024_02_05_12_01_01_Tennessee.ndpi.ndpa,46,44,Pistillipollenites,Pistillipollenites sp.,provisional_alias,Pistillipollenites sp.,YES,circle,,,False
USNMPAL_793367_D3702_R_2024_02_05_12_01_01_Tennessee,/rhf/allocations/dsci435/smithsonian_full_sp26/raw/Images_with_annotations_for_CNN_training/USNMPAL_793367_D3702_R_2024_02_05_12_01_01_Tennessee.ndpi,/rhf/allocations/dsci435/smithsonian_full_sp26/raw/Images_with_annotations_for_CNN_training/USNMPAL_793367_D3702_R_2024_02_05_12_01_01_Tennessee.ndpi.ndpa,66,64,Momipites,Momipites sp,exact,Momipites,YES,circle,,,False
USNMPAL_793367_D3702_R_2024_02_05_12_01_01_Tennessee,/rhf/allocations/dsci435/smithsonian_full_sp26/raw/Images_with_annotations_for_CNN_training/USNMPAL_793367_D3702_R_2024_02_05_12_01_01_Tennessee.ndpi,/rhf/allocations/dsci435/smithsonian_full_sp26/raw/Images_with_annotations_for_CNN_training/USNMPAL_793367_D3702_R_2024_02_05_12_01_01_Tennessee.ndpi.ndpa,92,90,Arecipites?,Arecipites sp.,provisional_alias,Arecipites reticulatus | Arecipites sp. | Arecipites tenuiexinous,YES,circle,,,False
USNMPAL_793367_D3702_R_2024_02_05_12_01_01_Tennessee,/rhf/allocations/dsci435/smithsonian_full_sp26/raw/Images_with_annotations_for_CNN_training/USNMPAL_793367_D3702_R_2024_02_05_12_01_01_Tennessee.ndpi,/rhf/allocations/dsci435/smithsonian_full_sp26/raw/Images_with_annotations_for_CNN_training/USNMPAL_793367_D3702_R_2024_02_05_12_01_01_Tennessee.ndpi.ndpa,103,101,Momipites,Momipites sp,exact,Momipites,YES,circle,,,False
USNMPAL_793471_D3915_L_2024-01-22_10_22_34_Alaska,/rhf/allocations/dsci435/smithsonian_full_sp26/raw/Images_with_annotations_for_CNN_training/USNMPAL_793471_D3915_L_2024-01-22_10_22_34_Alaska.ndpi,/rhf/allocations/dsci435/smithsonian_full_sp26/raw/Images_with_annotations_for_CNN_training/USNMPAL_793471_D3915_L_2024-01-22_10_22_34_Alaska.ndpi.ndpa,80,79,Momipites?,Momipites sp,exact,Momipites?,YES,circle,,,False
USNMPAL_793471_D3915_L_2024-01-22_10_22_34_Alaska,/rhf/allocations/dsci435/smithsonian_full_sp26/raw/Images_with_annotations_for_CNN_training/USNMPAL_793471_D3915_L_2024-01-22_10_22_34_Alaska.ndpi,/rhf/allocations/dsci435/smithsonian_full_sp26/raw/Images_with_annotations_for_CNN_training/USNMPAL_793471_D3915_L_2024-01-22_10_22_34_Alaska.ndpi.ndpa,113,112,Bisaccate,Bisaccate,exact,Bisaccate,YES,circle,,,False
USNMPAL_793471_D3915_L_2024-01-22_10_22_34_Alaska,/rhf/allocations/dsci435/smithsonian_full_sp26/raw/Images_with_annotations_for_CNN_training/USNMPAL_793471_D3915_L_2024-01-22_10_22_34_Alaska.ndpi,/rhf/allocations/dsci435/smithsonian_full_sp26/raw/Images_with_annotations_for_CNN_training/USNMPAL_793471_D3915_L_2024-01-22_10_22_34_Alaska.ndpi.ndpa,114,113,Monocolpate,Monocolpites sp.,exact,Monocolpate,YES,circle,,,False
USNMPAL_793471_D3915_L_2024_01_22_10_22_34_Alaska,/rhf/allocations/dsci435/smithsonian_full_sp26/raw/Images_with_annotations_for_CNN_training/USNMPAL_793471_D3915_L_2024_01_22_10_22_34_Alaska.ndpi,/rhf/allocations/dsci435/smithsonian_full_sp26/raw/Images_with_annotations_for_CNN_training/USNMPAL_793471_D3915_L_2024_01_22_10_22_34_Alaska.ndpi.ndpa,80,79,Momipites?,Momipites sp,exact,Momipites?,YES,circle,,,False
USNMPAL_793471_D3915_L_2024_01_22_10_22_34_Alaska,/rhf/allocations/dsci435/smithsonian_full_sp26/raw/Images_with_annotations_for_CNN_training/USNMPAL_793471_D3915_L_2024_01_22_10_22_34_Alaska.ndpi,/rhf/allocations/dsci435/smithsonian_full_sp26/raw/Images_with_annotations_for_CNN_training/USNMPAL_793471_D3915_L_2024_01_22_10_22_34_Alaska.ndpi.ndpa,113,112,Bisaccate,Bisaccate,exact,Bisaccate,YES,circle,,,False
USNMPAL_793471_D3915_L_2024_01_22_10_22_34_Alaska,/rhf/allocations/dsci435/smithsonian_full_sp26/raw/Images_with_annotations_for_CNN_training/USNMPAL_793471_D3915_L_2024_01_22_10_22_34_Alaska.ndpi,/rhf/allocations/dsci435/smithsonian_full_sp26/raw/Images_with_annotations_for_CNN_training/USNMPAL_793471_D3915_L_2024_01_22_10_22_34_Alaska.ndpi.ndpa,114,113,Monocolpites,Monocolpites sp.,exact,Monocolpites,YES,circle,,,False
USNMPAL_793472_D3916_R_2023_11_20_17_04_43_Alaska,/rhf/allocations/dsci435/smithsonian_full_sp26/raw/Images_with_annotations_for_CNN_training/USNMPAL_793472_D3916_R_2023_11_20_17_04_43_Alaska.ndpi,/rhf/allocations/dsci435/smithsonian_full_sp26/raw/Images_with_annotations_for_CNN_training/USNMPAL_793472_D3916_R_2023_11_20_17_04_43_Alaska.ndpi.ndpa,10,8,Laevigatosporites,Laevigatosporites sp.,exact,Laevigatosporites,YES,circle,,,False
USNMPAL_793472_D3916_R_2023_11_20_17_04_43_Alaska,/rhf/allocations/dsci435/smithsonian_full_sp26/raw/Images_with_annotations_for_CNN_training/USNMPAL_793472_D3916_R_2023_11_20_17_04_43_Alaska.ndpi,/rhf/allocations/dsci435/smithsonian_full_sp26/raw/Images_with_annotations_for_CNN_training/USNMPAL_793472_D3916_R_2023_11_20_17_04_43_Alaska.ndpi.ndpa,11,9,Betulaceae/Myricaceae,Betulaceae,exact,Betulaceae/Myricaceae,YES,circle,,,False
USNMPAL_793472_D3916_R_2023_11_20_17_04_43_Alaska,/rhf/allocations/dsci435/smithsonian_full_sp26/raw/Images_with_annotations_for_CNN_training/USNMPAL_793472_D3916_R_2023_11_20_17_04_43_Alaska.ndpi,/rhf/allocations/dsci435/smithsonian_full_sp26/raw/Images_with_annotations_for_CNN_training/USNMPAL_793472_D3916_R_2023_11_20_17_04_43_Alaska.ndpi.ndpa,21,19,Inaperturopollenites,Inaperturopollenites sp.,exact,Inaperturopollenites,YES,circle,,I. hiatipites?,False
USNMPAL_793472_D3916_R_2023_11_20_17_04_43_Alaska,/rhf/allocations/dsci435/smithsonian_full_sp26/raw/Images_with_annotations_for_CNN_training/USNMPAL_793472_D3916_R_2023_11_20_17_04_43_Alaska.ndpi,/rhf/allocations/dsci435/smithsonian_full_sp26/raw/Images_with_annotations_for_CNN_training/USNMPAL_793472_D3916_R_2023_11_20_17_04_43_Alaska.ndpi.ndpa,23,21,Laevigatosporites,Laevigatosporites sp.,exact,Laevigatosporites,YES,circle,,,False
USNMPAL_793472_D3916_R_2023_11_20_17_04_43_Alaska,/rhf/allocations/dsci435/smithsonian_full_sp26/raw/Images_with_annotations_for_CNN_training/USNMPAL_793472_D3916_R_2023_11_20_17_04_43_Alaska.ndpi,/rhf/allocations/dsci435/smithsonian_full_sp26/raw/Images_with_annotations_for_CNN_training/USNMPAL_793472_D3916_R_2023_11_20_17_04_43_Alaska.ndpi.ndpa,51,48,Triletes,Psilatriletes sp.,exact,Triletes,YES,circle,,,False
USNMPAL_793576_D4117_L_2024_02_02_12_34_41_Arkansas,/rhf/allocations/dsci435/smithsonian_full_sp26/raw/Images_with_annotations_for_CNN_training/USNMPAL_793576_D4117_L_2024_02_02_12_34_41_Arkansas.ndpi,/rhf/allocations/dsci435/smithsonian_full_sp26/raw/Images_with_annotations_for_CNN_training/USNMPAL_793576_D4117_L_2024_02_02_12_34_41_Arkansas.ndpi.ndpa,21,19,Bipol,Bisaccate,exact,Bipol,YES,circle,,,False
USNM_792877_D1727_L_2024_03_14_10_25_59_Washington,/rhf/allocations/dsci435/smithsonian_full_sp26/raw/Images_with_annotations_for_CNN_training/USNM_792877_D1727_L_2024_03_14_10_25_59_Washington.ndpi,/rhf/allocations/dsci435/smithsonian_full_sp26/raw/Images_with_annotations_for_CNN_training/USNM_792877_D1727_L_2024_03_14_10_25_59_Washington.ndpi.ndpa,7,6,Bombacacidites,Bombacacidites sp.,provisional_alias,Bombacacidites sp.,YES,circle,,,False
USNM_792877_D1727_L_2024_03_14_10_25_59_Washington,/rhf/allocations/dsci435/smithsonian_full_sp26/raw/Images_with_annotations_for_CNN_training/USNM_792877_D1727_L_2024_03_14_10_25_59_Washington.ndpi,/rhf/allocations/dsci435/smithsonian_full_sp26/raw/Images_with_annotations_for_CNN_training/USNM_792877_D1727_L_2024_03_14_10_25_59_Washington.ndpi.ndpa,117,116,Bombacacidites,Bombacacidites sp.,provisional_alias,Bombacacidites sp.,YES,circle,,,False
USNM_792877_D1727_L_2024_03_14_10_25_59_Washington,/rhf/allocations/dsci435/smithsonian_full_sp26/raw/Images_with_annotations_for_CNN_training/USNM_792877_D1727_L_2024_03_14_10_25_59_Washington.ndpi,/rhf/allocations/dsci435/smithsonian_full_sp26/raw/Images_with_annotations_for_CNN_training/USNM_792877_D1727_L_2024_03_14_10_25_59_Washington.ndpi.ndpa,140,139,Alnipollenites,Alnipollenites verus,provisional_alias,Alnipollenites sp.,YES,circle,,,False
Oak_Grove_core_324_Frederiksen_L__2025_04_11_12_17_01,/rhf/allocations/dsci435/smithsonian_full_sp26/raw/Oak_Grove_core_324_Frederiksen_L__2025_04_11_12_17_01.ndpi,/rhf/allocations/dsci435/smithsonian_full_sp26/raw/Oak_Grove_core_324_Frederiksen_L__2025_04_11_12_17_01.ndpi.ndpa,2,1,Platycarya platycarioides,Platycarya platycarioides,exact,Platycarya platycarioides,YES,circle,,,False
USNMPAL_792944_D1867 - 2024-01-23 10.34.13,/rhf/allocations/dsci435/smithsonian_full_sp26/raw/USNMPAL_792944_D1867 - 2024-01-23 10.34.13.ndpi,/rhf/allocations/dsci435/smithsonian_full_sp26/raw/USNMPAL_792944_D1867 - 2024-01-23 10.34.13.ndpi.ndpa,2,1,Bisaccate,Bisaccate,exact,Bisaccate,YES,circle,,,False
USNMPAL_792966_D1909_2024_02_20_11_11_43,/rhf/allocations/dsci435/smithsonian_full_sp26/raw/USNMPAL_792966_D1909_2024_02_20_11_11_43.ndpi,/rhf/allocations/dsci435/smithsonian_full_sp26/raw/USNMPAL_792966_D1909_2024_02_20_11_11_43.ndpi.ndpa,1,0,Bisaccate,Bisaccate,exact,Bisaccate,YES,circle,,,False
USNMPAL_792971_D1916 - 2024-01-25 10.04.46,/rhf/allocations/dsci435/smithsonian_full_sp26/raw/USNMPAL_792971_D1916 - 2024-01-25 10.04.46.ndpi,/rhf/allocations/dsci435/smithsonian_full_sp26/raw/USNMPAL_792971_D1916 - 2024-01-25 10.04.46.ndpi.ndpa,18,17,Momipites,Momipites sp,exact,Momipites,YES,circle,,,False
USNMPAL_792971_D1916 - 2024-01-25 10.04.46,/rhf/allocations/dsci435/smithsonian_full_sp26/raw/USNMPAL_792971_D1916 - 2024-01-25 10.04.46.ndpi,/rhf/allocations/dsci435/smithsonian_full_sp26/raw/USNMPAL_792971_D1916 - 2024-01-25 10.04.46.ndpi.ndpa,20,19,Momipites,Momipites sp,exact,Momipites,YES,circle,,,False
USNMPAL_792971_D1916 - 2024-01-25 10.04.46,/rhf/allocations/dsci435/smithsonian_full_sp26/raw/USNMPAL_792971_D1916 - 2024-01-25 10.04.46.ndpi,/rhf/allocations/dsci435/smithsonian_full_sp26/raw/USNMPAL_792971_D1916 - 2024-01-25 10.04.46.ndpi.ndpa,22,21,Momipites,Momipites sp,exact,Momipites,YES,circle,,,False
USNMPAL_792971_D1916 - 2024-01-25 10.04.46,/rhf/allocations/dsci435/smithsonian_full_sp26/raw/USNMPAL_792971_D1916 - 2024-01-25 10.04.46.ndpi,/rhf/allocations/dsci435/smithsonian_full_sp26/raw/USNMPAL_792971_D1916 - 2024-01-25 10.04.46.ndpi.ndpa,23,22,Momipites,Momipites sp,exact,Momipites,YES,circle,,,False
USNMPAL_792979_D1966-B-1_2024-02-02_16_46_39_Mississippi,/rhf/allocations/dsci435/smithsonian_full_sp26/raw/USNMPAL_792979_D1966-B-1_2024-02-02_16_46_39_Mississippi.ndpi,/rhf/allocations/dsci435/smithsonian_full_sp26/raw/USNMPAL_792979_D1966-B-1_2024-02-02_16_46_39_Mississippi.ndpi.ndpa,1,0,Bisaccate,Bisaccate,exact,Bisaccate,YES,circle,,,False
