record_id,slide,image_file,annotation_file,annotation_sha256,annotation_id,record_index,original_title,matched_title,mapped_category,match_method,priority,shape,specialtype,details
D1555_RAS_60_2023_04_20_15_40_35::record_0,D1555_RAS_60_2023_04_20_15_40_35,/rhf/allocations/dsci435/smithsonian_full_sp26/raw/D1555_RAS_60_2023_04_20_15_40_35.ndpi,D1555_RAS_60_2023_04_20_15_40_35.ndpi.ndpa,d116e0947a7f3012782caaf3fc58b620688b6eb67deccd4f8fdb76f05838d8f9,1,0,Platycarya platycaryoides,Platycarya platycaryoides,Platycarya platycarioides,exact,YES,circle,,
D1555_RAS_60_2023_04_20_15_40_35::record_4,D1555_RAS_60_2023_04_20_15_40_35,/rhf/allocations/dsci435/smithsonian_full_sp26/raw/D1555_RAS_60_2023_04_20_15_40_35.ndpi,D1555_RAS_60_2023_04_20_15_40_35.ndpi.ndpa,d116e0947a7f3012782caaf3fc58b620688b6eb67deccd4f8fdb76f05838d8f9,5,4,Platycarya platycaryoides,Platycarya platycaryoides,Platycarya platycarioides,exact,YES,circle,,
D1555_RAS_60_2023_04_20_15_40_35::record_7,D1555_RAS_60_2023_04_20_15_40_35,/rhf/allocations/dsci435/smithsonian_full_sp26/raw/D1555_RAS_60_2023_04_20_15_40_35.ndpi,D1555_RAS_60_2023_04_20_15_40_35.ndpi.ndpa,d116e0947a7f3012782caaf3fc58b620688b6eb67deccd4f8fdb76f05838d8f9,8,7,Platycarya platycaryoides,Platycarya platycaryoides,Platycarya platycarioides,exact,YES,circle,,
D1555_RAS_60_2023_04_20_15_40_35::record_8,D1555_RAS_60_2023_04_20_15_40_35,/rhf/allocations/dsci435/smithsonian_full_sp26/raw/D1555_RAS_60_2023_04_20_15_40_35.ndpi,D1555_RAS_60_2023_04_20_15_40_35.ndpi.ndpa,d116e0947a7f3012782caaf3fc58b620688b6eb67deccd4f8fdb76f05838d8f9,9,8,Platycarya platycaryoides,Platycarya platycaryoides,Platycarya platycarioides,exact,YES,circle,,
D1555_RAS_60_2023_04_20_15_40_35::record_9,D1555_RAS_60_2023_04_20_15_40_35,/rhf/allocations/dsci435/smithsonian_full_sp26/raw/D1555_RAS_60_2023_04_20_15_40_35.ndpi,D1555_RAS_60_2023_04_20_15_40_35.ndpi.ndpa,d116e0947a7f3012782caaf3fc58b620688b6eb67deccd4f8fdb76f05838d8f9,10,9,Cyathidites sp.,Cyathidites sp.,Psilatriletes sp.,exact,YES,circle,,
D1555_RAS_60_2023_04_20_15_40_35::record_11,D1555_RAS_60_2023_04_20_15_40_35,/rhf/allocations/dsci435/smithsonian_full_sp26/raw/D1555_RAS_60_2023_04_20_15_40_35.ndpi,D1555_RAS_60_2023_04_20_15_40_35.ndpi.ndpa,d116e0947a7f3012782caaf3fc58b620688b6eb67deccd4f8fdb76f05838d8f9,12,11,Psilamonocolpites sp.,Psilamonocolpites sp.,Monocolpites sp.,exact,YES,circle,,
D1555_RAS_60_2023_04_20_15_40_35::record_12,D1555_RAS_60_2023_04_20_15_40_35,/rhf/allocations/dsci435/smithsonian_full_sp26/raw/D1555_RAS_60_2023_04_20_15_40_35.ndpi,D1555_RAS_60_2023_04_20_15_40_35.ndpi.ndpa,d116e0947a7f3012782caaf3fc58b620688b6eb67deccd4f8fdb76f05838d8f9,13,12,Psilamonocolpites sp.,Psilamonocolpites sp.,Monocolpites sp.,exact,YES,circle,,
D1555_RAS_60_2023_04_20_15_40_35::record_16,D1555_RAS_60_2023_04_20_15_40_35,/rhf/allocations/dsci435/smithsonian_full_sp26/raw/D1555_RAS_60_2023_04_20_15_40_35.ndpi,D1555_RAS_60_2023_04_20_15_40_35.ndpi.ndpa,d116e0947a7f3012782caaf3fc58b620688b6eb67deccd4f8fdb76f05838d8f9,17,16,Pistillipollenites sp.,Pistillipollenites sp.,Pistillipollenites sp.,exact,YES,circle,,
D1555_RAS_60_2023_04_20_15_40_35::record_21,D1555_RAS_60_2023_04_20_15_40_35,/rhf/allocations/dsci435/smithsonian_full_sp26/raw/D1555_RAS_60_2023_04_20_15_40_35.ndpi,D1555_RAS_60_2023_04_20_15_40_35.ndpi.ndpa,d116e0947a7f3012782caaf3fc58b620688b6eb67deccd4f8fdb76f05838d8f9,22,21,Platycarya platycaryoides,Platycarya platycaryoides,Platycarya platycarioides,exact,YES,circle,,
D1555_RAS_60_2023_04_20_15_40_35::record_23,D1555_RAS_60_2023_04_20_15_40_35,/rhf/allocations/dsci435/smithsonian_full_sp26/raw/D1555_RAS_60_2023_04_20_15_40_35.ndpi,D1555_RAS_60_2023_04_20_15_40_35.ndpi.ndpa,d116e0947a7f3012782caaf3fc58b620688b6eb67deccd4f8fdb76f05838d8f9,24,23,Retipollenites sp.,Retipollenites sp.,Retipollenites sp.,exact,YES,circle,,
D1555_RAS_60_2023_04_20_15_40_35::record_26,D1555_RAS_60_2023_04_20_15_40_35,/rhf/allocations/dsci435/smithsonian_full_sp26/raw/D1555_RAS_60_2023_04_20_15_40_35.ndpi,D1555_RAS_60_2023_04_20_15_40_35.ndpi.ndpa,d116e0947a7f3012782caaf3fc58b620688b6eb67deccd4f8fdb76f05838d8f9,27,26,Platycarya platycaryoides,Platycarya platycaryoides,Platycarya platycarioides,exact,YES,circle,,
D1555_RAS_60_2023_04_20_15_40_35::record_27,D1555_RAS_60_2023_04_20_15_40_35,/rhf/allocations/dsci435/smithsonian_full_sp26/raw/D1555_RAS_60_2023_04_20_15_40_35.ndpi,D1555_RAS_60_2023_04_20_15_40_35.ndpi.ndpa,d116e0947a7f3012782caaf3fc58b620688b6eb67deccd4f8fdb76f05838d8f9,28,27,Retipollenites sp.,Retipollenites sp.,Retipollenites sp.,exact,YES,circle,,
D1555_RAS_60_2023_04_20_15_40_35::record_28,D1555_RAS_60_2023_04_20_15_40_35,/rhf/allocations/dsci435/smithsonian_full_sp26/raw/D1555_RAS_60_2023_04_20_15_40_35.ndpi,D1555_RAS_60_2023_04_20_15_40_35.ndpi.ndpa,d116e0947a7f3012782caaf3fc58b620688b6eb67deccd4f8fdb76f05838d8f9,29,28,Pistillipollenites sp.,Pistillipollenites sp.,Pistillipollenites sp.,exact,YES,circle,,
D1555_RAS_60_2023_04_20_15_40_35::record_29,D1555_RAS_60_2023_04_20_15_40_35,/rhf/allocations/dsci435/smithsonian_full_sp26/raw/D1555_RAS_60_2023_04_20_15_40_35.ndpi,D1555_RAS_60_2023_04_20_15_40_35.ndpi.ndpa,d116e0947a7f3012782caaf3fc58b620688b6eb67deccd4f8fdb76f05838d8f9,30,29,Platycarya platycaryoides,Platycarya platycaryoides,Platycarya platycarioides,exact,YES,circle,,
D1555_RAS_60_2023_04_20_15_40_35::record_30,D1555_RAS_60_2023_04_20_15_40_35,/rhf/allocations/dsci435/smithsonian_full_sp26/raw/D1555_RAS_60_2023_04_20_15_40_35.ndpi,D1555_RAS_60_2023_04_20_15_40_35.ndpi.ndpa,d116e0947a7f3012782caaf3fc58b620688b6eb67deccd4f8fdb76f05838d8f9,31,30,Platycarya platycaryoides,Platycarya platycaryoides,Platycarya platycarioides,exact,YES,circle,,
D1555_RAS_60_2023_04_20_15_40_35::record_33,D1555_RAS_60_2023_04_20_15_40_35,/rhf/allocations/dsci435/smithsonian_full_sp26/raw/D1555_RAS_60_2023_04_20_15_40_35.ndpi,D1555_RAS_60_2023_04_20_15_40_35.ndpi.ndpa,d116e0947a7f3012782caaf3fc58b620688b6eb67deccd4f8fdb76f05838d8f9,34,33,Retipollenites sp.,Retipollenites sp.,Retipollenites sp.,exact,YES,circle,,
D1555_RAS_60_2023_04_20_15_40_35::record_37,D1555_RAS_60_2023_04_20_15_40_35,/rhf/allocations/dsci435/smithsonian_full_sp26/raw/D1555_RAS_60_2023_04_20_15_40_35.ndpi,D1555_RAS_60_2023_04_20_15_40_35.ndpi.ndpa,d116e0947a7f3012782caaf3fc58b620688b6eb67deccd4f8fdb76f05838d8f9,38,37,Platycarya platycaryoides,Platycarya platycaryoides,Platycarya platycarioides,exact,YES,circle,,
D1555_RAS_60_2023_04_20_15_40_35::record_40,D1555_RAS_60_2023_04_20_15_40_35,/rhf/allocations/dsci435/smithsonian_full_sp26/raw/D1555_RAS_60_2023_04_20_15_40_35.ndpi,D1555_RAS_60_2023_04_20_15_40_35.ndpi.ndpa,d116e0947a7f3012782caaf3fc58b620688b6eb67deccd4f8fdb76f05838d8f9,41,40,Nudopollis sp.,Nudopollis sp.,Nudopollis sp.,exact,YES,circle,,
D1555_RAS_60_2023_04_20_15_40_35::record_41,D1555_RAS_60_2023_04_20_15_40_35,/rhf/allocations/dsci435/smithsonian_full_sp26/raw/D1555_RAS_60_2023_04_20_15_40_35.ndpi,D1555_RAS_60_2023_04_20_15_40_35.ndpi.ndpa,d116e0947a7f3012782caaf3fc58b620688b6eb67deccd4f8fdb76f05838d8f9,42,41,Retipollenites sp.,Retipollenites sp.,Retipollenites sp.,exact,YES,circle,,
D1555_RAS_60_2023_04_20_15_40_35::record_42,D1555_RAS_60_2023_04_20_15_40_35,/rhf/allocations/dsci435/smithsonian_full_sp26/raw/D1555_RAS_60_2023_04_20_15_40_35.ndpi,D1555_RAS_60_2023_04_20_15_40_35.ndpi.ndpa,d116e0947a7f3012782caaf3fc58b620688b6eb67deccd4f8fdb76f05838d8f9,43,42,Platycarya platycaryoides,Platycarya platycaryoides,Platycarya platycarioides,exact,YES,circle,,
D1555_RAS_60_2023_04_20_15_40_35::record_43,D1555_RAS_60_2023_04_20_15_40_35,/rhf/allocations/dsci435/smithsonian_full_sp26/raw/D1555_RAS_60_2023_04_20_15_40_35.ndpi,D1555_RAS_60_2023_04_20_15_40_35.ndpi.ndpa,d116e0947a7f3012782caaf3fc58b620688b6eb67deccd4f8fdb76f05838d8f9,44,43,Psilamonocolpites sp.,Psilamonocolpites sp.,Monocolpites sp.,exact,YES,circle,,
D1555_RAS_60_2023_04_20_15_40_35::record_48,D1555_RAS_60_2023_04_20_15_40_35,/rhf/allocations/dsci435/smithsonian_full_sp26/raw/D1555_RAS_60_2023_04_20_15_40_35.ndpi,D1555_RAS_60_2023_04_20_15_40_35.ndpi.ndpa,d116e0947a7f3012782caaf3fc58b620688b6eb67deccd4f8fdb76f05838d8f9,49,48,Platycarya platycaryoides,Platycarya platycaryoides,Platycarya platycarioides,exact,YES,circle,,
D1555_RAS_60_2023_04_20_15_40_35::record_49,D1555_RAS_60_2023_04_20_15_40_35,/rhf/allocations/dsci435/smithsonian_full_sp26/raw/D1555_RAS_60_2023_04_20_15_40_35.ndpi,D1555_RAS_60_2023_04_20_15_40_35.ndpi.ndpa,d116e0947a7f3012782caaf3fc58b620688b6eb67deccd4f8fdb76f05838d8f9,50,49,Retipollenites sp.,Retipollenites sp.,Retipollenites sp.,exact,YES,circle,,
D1555_RAS_60_2023_04_20_15_40_35::record_51,D1555_RAS_60_2023_04_20_15_40_35,/rhf/allocations/dsci435/smithsonian_full_sp26/raw/D1555_RAS_60_2023_04_20_15_40_35.ndpi,D1555_RAS_60_2023_04_20_15_40_35.ndpi.ndpa,d116e0947a7f3012782caaf3fc58b620688b6eb67deccd4f8fdb76f05838d8f9,52,51,Platycarya platycaryoides,Platycarya platycaryoides,Platycarya platycarioides,exact,YES,circle,,
D1555_RAS_60_2023_04_20_15_40_35::record_54,D1555_RAS_60_2023_04_20_15_40_35,/rhf/allocations/dsci435/smithsonian_full_sp26/raw/D1555_RAS_60_2023_04_20_15_40_35.ndpi,D1555_RAS_60_2023_04_20_15_40_35.ndpi.ndpa,d116e0947a7f3012782caaf3fc58b620688b6eb67deccd4f8fdb76f05838d8f9,55,54,Platycarya platycaryoides,Platycarya platycaryoides,Platycarya platycarioides,exact,YES,circle,,
D1555_RAS_60_2023_04_20_15_40_35::record_55,D1555_RAS_60_2023_04_20_15_40_35,/rhf/allocations/dsci435/smithsonian_full_sp26/raw/D1555_RAS_60_2023_04_20_15_40_35.ndpi,D1555_RAS_60_2023_04_20_15_40_35.ndpi.ndpa,d116e0947a7f3012782caaf3fc58b620688b6eb67deccd4f8fdb76f05838d8f9,56,55,Platycarya platycaryoides,Platycarya platycaryoides,Platycarya platycarioides,exact,YES,circle,,
D1555_RAS_60_2023_04_20_15_40_35::record_57,D1555_RAS_60_2023_04_20_15_40_35,/rhf/allocations/dsci435/smithsonian_full_sp26/raw/D1555_RAS_60_2023_04_20_15_40_35.ndpi,D1555_RAS_60_2023_04_20_15_40_35.ndpi.ndpa,d116e0947a7f3012782caaf3fc58b620688b6eb67deccd4f8fdb76f05838d8f9,58,57,Platycarya platycaryoides,Platycarya platycaryoides,Platycarya platycarioides,exact,YES,circle,,
D1555_RAS_60_2023_04_20_15_40_35::record_61,D1555_RAS_60_2023_04_20_15_40_35,/rhf/allocations/dsci435/smithsonian_full_sp26/raw/D1555_RAS_60_2023_04_20_15_40_35.ndpi,D1555_RAS_60_2023_04_20_15_40_35.ndpi.ndpa,d116e0947a7f3012782caaf3fc58b620688b6eb67deccd4f8fdb76f05838d8f9,62,61,Platycarya platycaryoides,Platycarya platycaryoides,Platycarya platycarioides,exact,YES,circle,,
D1555_RAS_60_2023_04_20_15_40_35::record_64,D1555_RAS_60_2023_04_20_15_40_35,/rhf/allocations/dsci435/smithsonian_full_sp26/raw/D1555_RAS_60_2023_04_20_15_40_35.ndpi,D1555_RAS_60_2023_04_20_15_40_35.ndpi.ndpa,d116e0947a7f3012782caaf3fc58b620688b6eb67deccd4f8fdb76f05838d8f9,65,64,Platycarya platycaryoides,Platycarya platycaryoides,Platycarya platycarioides,exact,YES,circle,,
D1555_RAS_60_2023_04_20_15_40_35::record_65,D1555_RAS_60_2023_04_20_15_40_35,/rhf/allocations/dsci435/smithsonian_full_sp26/raw/D1555_RAS_60_2023_04_20_15_40_35.ndpi,D1555_RAS_60_2023_04_20_15_40_35.ndpi.ndpa,d116e0947a7f3012782caaf3fc58b620688b6eb67deccd4f8fdb76f05838d8f9,66,65,Platycarya platycaryoides,Platycarya platycaryoides,Platycarya platycarioides,exact,YES,circle,,
D1555_RAS_60_2023_04_20_15_40_35::record_66,D1555_RAS_60_2023_04_20_15_40_35,/rhf/allocations/dsci435/smithsonian_full_sp26/raw/D1555_RAS_60_2023_04_20_15_40_35.ndpi,D1555_RAS_60_2023_04_20_15_40_35.ndpi.ndpa,d116e0947a7f3012782caaf3fc58b620688b6eb67deccd4f8fdb76f05838d8f9,67,66,Arecipites sp.,Arecipites sp.,Arecipites sp.,exact,YES,circle,,
D1555_RAS_60_2023_04_20_15_40_35::record_68,D1555_RAS_60_2023_04_20_15_40_35,/rhf/allocations/dsci435/smithsonian_full_sp26/raw/D1555_RAS_60_2023_04_20_15_40_35.ndpi,D1555_RAS_60_2023_04_20_15_40_35.ndpi.ndpa,d116e0947a7f3012782caaf3fc58b620688b6eb67deccd4f8fdb76f05838d8f9,69,68,Platycarya platycaryoides,Platycarya platycaryoides,Platycarya platycarioides,exact,YES,circle,,
D1555_RAS_60_2023_04_20_15_40_35::record_69,D1555_RAS_60_2023_04_20_15_40_35,/rhf/allocations/dsci435/smithsonian_full_sp26/raw/D1555_RAS_60_2023_04_20_15_40_35.ndpi,D1555_RAS_60_2023_04_20_15_40_35.ndpi.ndpa,d116e0947a7f3012782caaf3fc58b620688b6eb67deccd4f8fdb76f05838d8f9,70,69,Platycarya platycaryoides,Platycarya platycaryoides,Platycarya platycarioides,exact,YES,circle,,
D1555_RAS_60_2023_04_20_15_40_35::record_75,D1555_RAS_60_2023_04_20_15_40_35,/rhf/allocations/dsci435/smithsonian_full_sp26/raw/D1555_RAS_60_2023_04_20_15_40_35.ndpi,D1555_RAS_60_2023_04_20_15_40_35.ndpi.ndpa,d116e0947a7f3012782caaf3fc58b620688b6eb67deccd4f8fdb76f05838d8f9,76,75,Platycarya platycaryoides,Platycarya platycaryoides,Platycarya platycarioides,exact,YES,circle,,
D1555_RAS_60_2023_04_20_15_40_35::record_81,D1555_RAS_60_2023_04_20_15_40_35,/rhf/allocations/dsci435/smithsonian_full_sp26/raw/D1555_RAS_60_2023_04_20_15_40_35.ndpi,D1555_RAS_60_2023_04_20_15_40_35.ndpi.ndpa,d116e0947a7f3012782caaf3fc58b620688b6eb67deccd4f8fdb76f05838d8f9,82,81,Pistillipollenites sp.,Pistillipollenites sp.,Pistillipollenites sp.,exact,YES,circle,,
D1555_RAS_60_2023_04_20_15_40_35::record_89,D1555_RAS_60_2023_04_20_15_40_35,/rhf/allocations/dsci435/smithsonian_full_sp26/raw/D1555_RAS_60_2023_04_20_15_40_35.ndpi,D1555_RAS_60_2023_04_20_15_40_35.ndpi.ndpa,d116e0947a7f3012782caaf3fc58b620688b6eb67deccd4f8fdb76f05838d8f9,90,89,Arecipites sp.,Arecipites sp.,Arecipites sp.,exact,YES,circle,,
D1555_RAS_60_2023_04_20_15_40_35::record_92,D1555_RAS_60_2023_04_20_15_40_35,/rhf/allocations/dsci435/smithsonian_full_sp26/raw/D1555_RAS_60_2023_04_20_15_40_35.ndpi,D1555_RAS_60_2023_04_20_15_40_35.ndpi.ndpa,d116e0947a7f3012782caaf3fc58b620688b6eb67deccd4f8fdb76f05838d8f9,93,92,Platycarya platycaryoides,Platycarya platycaryoides,Platycarya platycarioides,exact,YES,circle,,
D1555_RAS_60_2023_04_20_15_40_35::record_96,D1555_RAS_60_2023_04_20_15_40_35,/rhf/allocations/dsci435/smithsonian_full_sp26/raw/D1555_RAS_60_2023_04_20_15_40_35.ndpi,D1555_RAS_60_2023_04_20_15_40_35.ndpi.ndpa,d116e0947a7f3012782caaf3fc58b620688b6eb67deccd4f8fdb76f05838d8f9,97,96,Platycarya platycaryoides,Platycarya platycaryoides,Platycarya platycarioides,exact,YES,circle,,
D1555_RAS_60_2023_04_20_15_40_35::record_97,D1555_RAS_60_2023_04_20_15_40_35,/rhf/allocations/dsci435/smithsonian_full_sp26/raw/D1555_RAS_60_2023_04_20_15_40_35.ndpi,D1555_RAS_60_2023_04_20_15_40_35.ndpi.ndpa,d116e0947a7f3012782caaf3fc58b620688b6eb67deccd4f8fdb76f05838d8f9,98,97,Psilamonocolpites sp.,Psilamonocolpites sp.,Monocolpites sp.,exact,YES,circle,,
D1555_RAS_60_2023_04_20_15_40_35::record_98,D1555_RAS_60_2023_04_20_15_40_35,/rhf/allocations/dsci435/smithsonian_full_sp26/raw/D1555_RAS_60_2023_04_20_15_40_35.ndpi,D1555_RAS_60_2023_04_20_15_40_35.ndpi.ndpa,d116e0947a7f3012782caaf3fc58b620688b6eb67deccd4f8fdb76f05838d8f9,99,98,Psilamonocolpites sp.,Psilamonocolpites sp.,Monocolpites sp.,exact,YES,circle,,
D1555_RAS_60_2023_04_20_15_40_35::record_99,D1555_RAS_60_2023_04_20_15_40_35,/rhf/allocations/dsci435/smithsonian_full_sp26/raw/D1555_RAS_60_2023_04_20_15_40_35.ndpi,D1555_RAS_60_2023_04_20_15_40_35.ndpi.ndpa,d116e0947a7f3012782caaf3fc58b620688b6eb67deccd4f8fdb76f05838d8f9,100,99,Psilamonocolpites sp.,Psilamonocolpites sp.,Monocolpites sp.,exact,YES,circle,,
D1555_RAS_60_2023_04_20_15_40_35::record_100,D1555_RAS_60_2023_04_20_15_40_35,/rhf/allocations/dsci435/smithsonian_full_sp26/raw/D1555_RAS_60_2023_04_20_15_40_35.ndpi,D1555_RAS_60_2023_04_20_15_40_35.ndpi.ndpa,d116e0947a7f3012782caaf3fc58b620688b6eb67deccd4f8fdb76f05838d8f9,101,100,Psilamonocolpites sp.,Psilamonocolpites sp.,Monocolpites sp.,exact,YES,circle,,
D1555_RAS_60_2023_04_20_15_40_35::record_103,D1555_RAS_60_2023_04_20_15_40_35,/rhf/allocations/dsci435/smithsonian_full_sp26/raw/D1555_RAS_60_2023_04_20_15_40_35.ndpi,D1555_RAS_60_2023_04_20_15_40_35.ndpi.ndpa,d116e0947a7f3012782caaf3fc58b620688b6eb67deccd4f8fdb76f05838d8f9,104,103,Retipollenites sp.,Retipollenites sp.,Retipollenites sp.,exact,YES,circle,,
D1555_RAS_60_2023_04_20_15_40_35::record_108,D1555_RAS_60_2023_04_20_15_40_35,/rhf/allocations/dsci435/smithsonian_full_sp26/raw/D1555_RAS_60_2023_04_20_15_40_35.ndpi,D1555_RAS_60_2023_04_20_15_40_35.ndpi.ndpa,d116e0947a7f3012782caaf3fc58b620688b6eb67deccd4f8fdb76f05838d8f9,109,108,Platycarya platycaryoides,Platycarya platycaryoides,Platycarya platycarioides,exact,YES,circle,,
D1555_RAS_60_2023_04_20_15_40_35::record_110,D1555_RAS_60_2023_04_20_15_40_35,/rhf/allocations/dsci435/smithsonian_full_sp26/raw/D1555_RAS_60_2023_04_20_15_40_35.ndpi,D1555_RAS_60_2023_04_20_15_40_35.ndpi.ndpa,d116e0947a7f3012782caaf3fc58b620688b6eb67deccd4f8fdb76f05838d8f9,111,110,Platycarya platycaryoides,Platycarya platycaryoides,Platycarya platycarioides,exact,YES,circle,,
D1555_RAS_60_2023_04_20_15_40_35::record_113,D1555_RAS_60_2023_04_20_15_40_35,/rhf/allocations/dsci435/smithsonian_full_sp26/raw/D1555_RAS_60_2023_04_20_15_40_35.ndpi,D1555_RAS_60_2023_04_20_15_40_35.ndpi.ndpa,d116e0947a7f3012782caaf3fc58b620688b6eb67deccd4f8fdb76f05838d8f9,114,113,Platycarya platycaryoides,Platycarya platycaryoides,Platycarya platycarioides,exact,YES,circle,,
D1555_RAS_60_2023_04_20_15_40_35::record_114,D1555_RAS_60_2023_04_20_15_40_35,/rhf/allocations/dsci435/smithsonian_full_sp26/raw/D1555_RAS_60_2023_04_20_15_40_35.ndpi,D1555_RAS_60_2023_04_20_15_40_35.ndpi.ndpa,d116e0947a7f3012782caaf3fc58b620688b6eb67deccd4f8fdb76f05838d8f9,115,114,Retipollenites sp.,Retipollenites sp.,Retipollenites sp.,exact,YES,circle,,
D1555_RAS_60_2023_04_20_15_40_35::record_115,D1555_RAS_60_2023_04_20_15_40_35,/rhf/allocations/dsci435/smithsonian_full_sp26/raw/D1555_RAS_60_2023_04_20_15_40_35.ndpi,D1555_RAS_60_2023_04_20_15_40_35.ndpi.ndpa,d116e0947a7f3012782caaf3fc58b620688b6eb67deccd4f8fdb76f05838d8f9,116,115,Psilamonocolpites sp.,Psilamonocolpites sp.,Monocolpites sp.,exact,YES,circle,,
D1555_RAS_60_2023_04_20_15_40_35::record_116,D1555_RAS_60_2023_04_20_15_40_35,/rhf/allocations/dsci435/smithsonian_full_sp26/raw/D1555_RAS_60_2023_04_20_15_40_35.ndpi,D1555_RAS_60_2023_04_20_15_40_35.ndpi.ndpa,d116e0947a7f3012782caaf3fc58b620688b6eb67deccd4f8fdb76f05838d8f9,117,116,Psilamonocolpites sp.,Psilamonocolpites sp.,Monocolpites sp.,exact,YES,circle,,
D1555_RAS_60_2023_04_20_15_40_35::record_121,D1555_RAS_60_2023_04_20_15_40_35,/rhf/allocations/dsci435/smithsonian_full_sp26/raw/D1555_RAS_60_2023_04_20_15_40_35.ndpi,D1555_RAS_60_2023_04_20_15_40_35.ndpi.ndpa,d116e0947a7f3012782caaf3fc58b620688b6eb67deccd4f8fdb76f05838d8f9,122,121,Retipollenites sp.,Retipollenites sp.,Retipollenites sp.,exact,YES,circle,,
D1555_RAS_60_2023_04_20_15_40_35::record_126,D1555_RAS_60_2023_04_20_15_40_35,/rhf/allocations/dsci435/smithsonian_full_sp26/raw/D1555_RAS_60_2023_04_20_15_40_35.ndpi,D1555_RAS_60_2023_04_20_15_40_35.ndpi.ndpa,d116e0947a7f3012782caaf3fc58b620688b6eb67deccd4f8fdb76f05838d8f9,127,126,Platycarya platycaryoides,Platycarya platycaryoides,Platycarya platycarioides,exact,YES,circle,,
D1555_RAS_60_2023_04_20_15_40_35::record_127,D1555_RAS_60_2023_04_20_15_40_35,/rhf/allocations/dsci435/smithsonian_full_sp26/raw/D1555_RAS_60_2023_04_20_15_40_35.ndpi,D1555_RAS_60_2023_04_20_15_40_35.ndpi.ndpa,d116e0947a7f3012782caaf3fc58b620688b6eb67deccd4f8fdb76f05838d8f9,128,127,Platycarya platycaryoides,Platycarya platycaryoides,Platycarya platycarioides,exact,YES,circle,,
D1555_RAS_60_2023_04_20_15_40_35::record_128,D1555_RAS_60_2023_04_20_15_40_35,/rhf/allocations/dsci435/smithsonian_full_sp26/raw/D1555_RAS_60_2023_04_20_15_40_35.ndpi,D1555_RAS_60_2023_04_20_15_40_35.ndpi.ndpa,d116e0947a7f3012782caaf3fc58b620688b6eb67deccd4f8fdb76f05838d8f9,129,128,Arecipites sp.,Arecipites sp.,Arecipites sp.,exact,YES,circle,,
D1555_RAS_60_2023_04_20_15_40_35::record_129,D1555_RAS_60_2023_04_20_15_40_35,/rhf/allocations/dsci435/smithsonian_full_sp26/raw/D1555_RAS_60_2023_04_20_15_40_35.ndpi,D1555_RAS_60_2023_04_20_15_40_35.ndpi.ndpa,d116e0947a7f3012782caaf3fc58b620688b6eb67deccd4f8fdb76f05838d8f9,131,129,Platycarya platycaryoides,Platycarya platycaryoides,Platycarya platycarioides,exact,YES,circle,,
D1555_RAS_60_2023_04_20_15_40_35::record_130,D1555_RAS_60_2023_04_20_15_40_35,/rhf/allocations/dsci435/smithsonian_full_sp26/raw/D1555_RAS_60_2023_04_20_15_40_35.ndpi,D1555_RAS_60_2023_04_20_15_40_35.ndpi.ndpa,d116e0947a7f3012782caaf3fc58b620688b6eb67deccd4f8fdb76f05838d8f9,132,130,Nudopollis sp.,Nudopollis sp.,Nudopollis sp.,exact,YES,circle,,
D1555_RAS_60_2023_04_20_15_40_35::record_131,D1555_RAS_60_2023_04_20_15_40_35,/rhf/allocations/dsci435/smithsonian_full_sp26/raw/D1555_RAS_60_2023_04_20_15_40_35.ndpi,D1555_RAS_60_2023_04_20_15_40_35.ndpi.ndpa,d116e0947a7f3012782caaf3fc58b620688b6eb67deccd4f8fdb76f05838d8f9,133,131,Nudopollis sp.,Nudopollis sp.,Nudopollis sp.,exact,YES,circle,,
D1555_RAS_60_2023_04_20_15_40_35::record_132,D1555_RAS_60_2023_04_20_15_40_35,/rhf/allocations/dsci435/smithsonian_full_sp26/raw/D1555_RAS_60_2023_04_20_15_40_35.ndpi,D1555_RAS_60_2023_04_20_15_40_35.ndpi.ndpa,d116e0947a7f3012782caaf3fc58b620688b6eb67deccd4f8fdb76f05838d8f9,134,132,Arecipites sp.,Arecipites sp.,Arecipites sp.,exact,YES,circle,,
D1555_RAS_60_2023_04_20_15_40_35::record_133,D1555_RAS_60_2023_04_20_15_40_35,/rhf/allocations/dsci435/smithsonian_full_sp26/raw/D1555_RAS_60_2023_04_20_15_40_35.ndpi,D1555_RAS_60_2023_04_20_15_40_35.ndpi.ndpa,d116e0947a7f3012782caaf3fc58b620688b6eb67deccd4f8fdb76f05838d8f9,135,133,Psilatricolpites compactus,Psilatricolpites compactus,Psilatricolpites sp.,exact,YES,circle,,
D1555_RAS_60_2023_04_20_15_40_35::record_134,D1555_RAS_60_2023_04_20_15_40_35,/rhf/allocations/dsci435/smithsonian_full_sp26/raw/D1555_RAS_60_2023_04_20_15_40_35.ndpi,D1555_RAS_60_2023_04_20_15_40_35.ndpi.ndpa,d116e0947a7f3012782caaf3fc58b620688b6eb67deccd4f8fdb76f05838d8f9,136,134,Arecipites sp.,Arecipites sp.,Arecipites sp.,exact,YES,circle,,
D1555_RAS_60_2023_04_20_15_40_35::record_135,D1555_RAS_60_2023_04_20_15_40_35,/rhf/allocations/dsci435/smithsonian_full_sp26/raw/D1555_RAS_60_2023_04_20_15_40_35.ndpi,D1555_RAS_60_2023_04_20_15_40_35.ndpi.ndpa,d116e0947a7f3012782caaf3fc58b620688b6eb67deccd4f8fdb76f05838d8f9,137,135,Nudopollis sp.,Nudopollis sp.,Nudopollis sp.,exact,YES,circle,,
D1555_RAS_60_2023_04_20_15_40_35::record_137,D1555_RAS_60_2023_04_20_15_40_35,/rhf/allocations/dsci435/smithsonian_full_sp26/raw/D1555_RAS_60_2023_04_20_15_40_35.ndpi,D1555_RAS_60_2023_04_20_15_40_35.ndpi.ndpa,d116e0947a7f3012782caaf3fc58b620688b6eb67deccd4f8fdb76f05838d8f9,139,137,Pistillipollenites sp.,Pistillipollenites sp.,Pistillipollenites sp.,exact,YES,circle,,
D1555_RAS_60_2023_04_20_15_40_35::record_138,D1555_RAS_60_2023_04_20_15_40_35,/rhf/allocations/dsci435/smithsonian_full_sp26/raw/D1555_RAS_60_2023_04_20_15_40_35.ndpi,D1555_RAS_60_2023_04_20_15_40_35.ndpi.ndpa,d116e0947a7f3012782caaf3fc58b620688b6eb67deccd4f8fdb76f05838d8f9,140,138,Caryapollenites sp.,Caryapollenites sp.,Caryapollenites sp.,exact,YES,circle,,
D1555_RAS_60_2023_04_20_15_40_35::record_145,D1555_RAS_60_2023_04_20_15_40_35,/rhf/allocations/dsci435/smithsonian_full_sp26/raw/D1555_RAS_60_2023_04_20_15_40_35.ndpi,D1555_RAS_60_2023_04_20_15_40_35.ndpi.ndpa,d116e0947a7f3012782caaf3fc58b620688b6eb67deccd4f8fdb76f05838d8f9,147,145,Retipollenites sp.,Retipollenites sp.,Retipollenites sp.,exact,YES,circle,,
D1555_RAS_60_2023_04_20_15_40_35::record_146,D1555_RAS_60_2023_04_20_15_40_35,/rhf/allocations/dsci435/smithsonian_full_sp26/raw/D1555_RAS_60_2023_04_20_15_40_35.ndpi,D1555_RAS_60_2023_04_20_15_40_35.ndpi.ndpa,d116e0947a7f3012782caaf3fc58b620688b6eb67deccd4f8fdb76f05838d8f9,148,146,Arecipites sp.,Arecipites sp.,Arecipites sp.,exact,YES,circle,,
D1555_RAS_60_2023_04_20_15_40_35::record_150,D1555_RAS_60_2023_04_20_15_40_35,/rhf/allocations/dsci435/smithsonian_full_sp26/raw/D1555_RAS_60_2023_04_20_15_40_35.ndpi,D1555_RAS_60_2023_04_20_15_40_35.ndpi.ndpa,d116e0947a7f3012782caaf3fc58b620688b6eb67deccd4f8fdb76f05838d8f9,152,150,Platycarya platycaryoides,Platycarya platycaryoides,Platycarya platycarioides,exact,YES,circle,,
D1555_RAS_60_2023_04_20_15_40_35::record_152,D1555_RAS_60_2023_04_20_15_40_35,/rhf/allocations/dsci435/smithsonian_full_sp26/raw/D1555_RAS_60_2023_04_20_15_40_35.ndpi,D1555_RAS_60_2023_04_20_15_40_35.ndpi.ndpa,d116e0947a7f3012782caaf3fc58b620688b6eb67deccd4f8fdb76f05838d8f9,154,152,Psilamonocolpites sp.,Psilamonocolpites sp.,Monocolpites sp.,exact,YES,circle,,
D1555_RAS_60_2023_04_20_15_40_35::record_153,D1555_RAS_60_2023_04_20_15_40_35,/rhf/allocations/dsci435/smithsonian_full_sp26/raw/D1555_RAS_60_2023_04_20_15_40_35.ndpi,D1555_RAS_60_2023_04_20_15_40_35.ndpi.ndpa,d116e0947a7f3012782caaf3fc58b620688b6eb67deccd4f8fdb76f05838d8f9,155,153,Arecipites sp.,Arecipites sp.,Arecipites sp.,exact,YES,circle,,
D1555_RAS_60_2023_04_20_15_40_35::record_156,D1555_RAS_60_2023_04_20_15_40_35,/rhf/allocations/dsci435/smithsonian_full_sp26/raw/D1555_RAS_60_2023_04_20_15_40_35.ndpi,D1555_RAS_60_2023_04_20_15_40_35.ndpi.ndpa,d116e0947a7f3012782caaf3fc58b620688b6eb67deccd4f8fdb76f05838d8f9,158,156,Arecipites sp.,Arecipites sp.,Arecipites sp.,exact,YES,circle,,
D1555_RAS_60_2023_04_20_15_40_35::record_159,D1555_RAS_60_2023_04_20_15_40_35,/rhf/allocations/dsci435/smithsonian_full_sp26/raw/D1555_RAS_60_2023_04_20_15_40_35.ndpi,D1555_RAS_60_2023_04_20_15_40_35.ndpi.ndpa,d116e0947a7f3012782caaf3fc58b620688b6eb67deccd4f8fdb76f05838d8f9,161,159,Platycarya platycaryoides,Platycarya platycaryoides,Platycarya platycarioides,exact,YES,circle,,
D1555_RAS_60_2023_04_20_15_40_35::record_160,D1555_RAS_60_2023_04_20_15_40_35,/rhf/allocations/dsci435/smithsonian_full_sp26/raw/D1555_RAS_60_2023_04_20_15_40_35.ndpi,D1555_RAS_60_2023_04_20_15_40_35.ndpi.ndpa,d116e0947a7f3012782caaf3fc58b620688b6eb67deccd4f8fdb76f05838d8f9,162,160,Platycarya platycaryoides,Platycarya platycaryoides,Platycarya platycarioides,exact,YES,circle,,
D1555_RAS_60_2023_04_20_15_40_35::record_165,D1555_RAS_60_2023_04_20_15_40_35,/rhf/allocations/dsci435/smithsonian_full_sp26/raw/D1555_RAS_60_2023_04_20_15_40_35.ndpi,D1555_RAS_60_2023_04_20_15_40_35.ndpi.ndpa,d116e0947a7f3012782caaf3fc58b620688b6eb67deccd4f8fdb76f05838d8f9,167,165,Platycarya platycaryoides,Platycarya platycaryoides,Platycarya platycarioides,exact,YES,circle,,
D1555_RAS_60_2023_04_20_15_40_35::record_166,D1555_RAS_60_2023_04_20_15_40_35,/rhf/allocations/dsci435/smithsonian_full_sp26/raw/D1555_RAS_60_2023_04_20_15_40_35.ndpi,D1555_RAS_60_2023_04_20_15_40_35.ndpi.ndpa,d116e0947a7f3012782caaf3fc58b620688b6eb67deccd4f8fdb76f05838d8f9,168,166,Platycarya platycaryoides,Platycarya platycaryoides,Platycarya platycarioides,exact,YES,circle,,
D1555_RAS_60_2023_04_20_15_40_35::record_167,D1555_RAS_60_2023_04_20_15_40_35,/rhf/allocations/dsci435/smithsonian_full_sp26/raw/D1555_RAS_60_2023_04_20_15_40_35.ndpi,D1555_RAS_60_2023_04_20_15_40_35.ndpi.ndpa,d116e0947a7f3012782caaf3fc58b620688b6eb67deccd4f8fdb76f05838d8f9,169,167,Psilamonocolpites sp.,Psilamonocolpites sp.,Monocolpites sp.,exact,YES,circle,,
D1555_RAS_60_2023_04_20_15_40_35::record_168,D1555_RAS_60_2023_04_20_15_40_35,/rhf/allocations/dsci435/smithsonian_full_sp26/raw/D1555_RAS_60_2023_04_20_15_40_35.ndpi,D1555_RAS_60_2023_04_20_15_40_35.ndpi.ndpa,d116e0947a7f3012782caaf3fc58b620688b6eb67deccd4f8fdb76f05838d8f9,170,168,Platycarya platycaryoides,Platycarya platycaryoides,Platycarya platycarioides,exact,YES,circle,,
D1555_RAS_60_2023_04_20_15_40_35::record_169,D1555_RAS_60_2023_04_20_15_40_35,/rhf/allocations/dsci435/smithsonian_full_sp26/raw/D1555_RAS_60_2023_04_20_15_40_35.ndpi,D1555_RAS_60_2023_04_20_15_40_35.ndpi.ndpa,d116e0947a7f3012782caaf3fc58b620688b6eb67deccd4f8fdb76f05838d8f9,171,169,Platycarya platycarioides,Platycarya platycarioides,Platycarya platycarioides,exact,YES,circle,,
D1555_RAS_60_2023_04_20_15_40_35::record_170,D1555_RAS_60_2023_04_20_15_40_35,/rhf/allocations/dsci435/smithsonian_full_sp26/raw/D1555_RAS_60_2023_04_20_15_40_35.ndpi,D1555_RAS_60_2023_04_20_15_40_35.ndpi.ndpa,d116e0947a7f3012782caaf3fc58b620688b6eb67deccd4f8fdb76f05838d8f9,172,170,Retipollenites sp.,Retipollenites sp.,Retipollenites sp.,exact,YES,circle,,
D1555_RAS_60_2023_04_20_15_40_35::record_171,D1555_RAS_60_2023_04_20_15_40_35,/rhf/allocations/dsci435/smithsonian_full_sp26/raw/D1555_RAS_60_2023_04_20_15_40_35.ndpi,D1555_RAS_60_2023_04_20_15_40_35.ndpi.ndpa,d116e0947a7f3012782caaf3fc58b620688b6eb67deccd4f8fdb76f05838d8f9,173,171,Platycarya platycarioides,Platycarya platycarioides,Platycarya platycarioides,exact,YES,circle,,
D1555_RAS_60_2023_04_20_15_40_35::record_172,D1555_RAS_60_2023_04_20_15_40_35,/rhf/allocations/dsci435/smithsonian_full_sp26/raw/D1555_RAS_60_2023_04_20_15_40_35.ndpi,D1555_RAS_60_2023_04_20_15_40_35.ndpi.ndpa,d116e0947a7f3012782caaf3fc58b620688b6eb67deccd4f8fdb76f05838d8f9,174,172,Platycarya platycarioides,Platycarya platycarioides,Platycarya platycarioides,exact,YES,circle,,
D1555_RAS_60_2023_04_20_15_40_35::record_173,D1555_RAS_60_2023_04_20_15_40_35,/rhf/allocations/dsci435/smithsonian_full_sp26/raw/D1555_RAS_60_2023_04_20_15_40_35.ndpi,D1555_RAS_60_2023_04_20_15_40_35.ndpi.ndpa,d116e0947a7f3012782caaf3fc58b620688b6eb67deccd4f8fdb76f05838d8f9,175,173,Retipollenites sp.,Retipollenites sp.,Retipollenites sp.,exact,YES,circle,,
D1555_RAS_60_2023_04_20_15_40_35::record_174,D1555_RAS_60_2023_04_20_15_40_35,/rhf/allocations/dsci435/smithsonian_full_sp26/raw/D1555_RAS_60_2023_04_20_15_40_35.ndpi,D1555_RAS_60_2023_04_20_15_40_35.ndpi.ndpa,d116e0947a7f3012782caaf3fc58b620688b6eb67deccd4f8fdb76f05838d8f9,176,174,Retipollenites sp.,Retipollenites sp.,Retipollenites sp.,exact,YES,circle,,
D1555_RAS_60_2023_04_20_15_40_35::record_175,D1555_RAS_60_2023_04_20_15_40_35,/rhf/allocations/dsci435/smithsonian_full_sp26/raw/D1555_RAS_60_2023_04_20_15_40_35.ndpi,D1555_RAS_60_2023_04_20_15_40_35.ndpi.ndpa,d116e0947a7f3012782caaf3fc58b620688b6eb67deccd4f8fdb76f05838d8f9,177,175,Platycarya platycarioides,Platycarya platycarioides,Platycarya platycarioides,exact,YES,circle,,
D1555_RAS_60_2023_04_20_15_40_35::record_176,D1555_RAS_60_2023_04_20_15_40_35,/rhf/allocations/dsci435/smithsonian_full_sp26/raw/D1555_RAS_60_2023_04_20_15_40_35.ndpi,D1555_RAS_60_2023_04_20_15_40_35.ndpi.ndpa,d116e0947a7f3012782caaf3fc58b620688b6eb67deccd4f8fdb76f05838d8f9,178,176,Platycarya platycarioides,Platycarya platycarioides,Platycarya platycarioides,exact,YES,circle,,
D1555_RAS_60_2023_04_20_15_40_35::record_177,D1555_RAS_60_2023_04_20_15_40_35,/rhf/allocations/dsci435/smithsonian_full_sp26/raw/D1555_RAS_60_2023_04_20_15_40_35.ndpi,D1555_RAS_60_2023_04_20_15_40_35.ndpi.ndpa,d116e0947a7f3012782caaf3fc58b620688b6eb67deccd4f8fdb76f05838d8f9,179,177,Platycarya platycarioides,Platycarya platycarioides,Platycarya platycarioides,exact,YES,circle,,
D1555_RAS_60_2023_04_20_15_40_35::record_178,D1555_RAS_60_2023_04_20_15_40_35,/rhf/allocations/dsci435/smithsonian_full_sp26/raw/D1555_RAS_60_2023_04_20_15_40_35.ndpi,D1555_RAS_60_2023_04_20_15_40_35.ndpi.ndpa,d116e0947a7f3012782caaf3fc58b620688b6eb67deccd4f8fdb76f05838d8f9,180,178,Platycarya platycarioides,Platycarya platycarioides,Platycarya platycarioides,exact,YES,circle,,
D1555_RAS_60_2023_04_20_15_40_35::record_179,D1555_RAS_60_2023_04_20_15_40_35,/rhf/allocations/dsci435/smithsonian_full_sp26/raw/D1555_RAS_60_2023_04_20_15_40_35.ndpi,D1555_RAS_60_2023_04_20_15_40_35.ndpi.ndpa,d116e0947a7f3012782caaf3fc58b620688b6eb67deccd4f8fdb76f05838d8f9,181,179,Platycarya platycarioides,Platycarya platycarioides,Platycarya platycarioides,exact,YES,circle,,
D1555_RAS_60_2023_04_20_15_40_35::record_180,D1555_RAS_60_2023_04_20_15_40_35,/rhf/allocations/dsci435/smithsonian_full_sp26/raw/D1555_RAS_60_2023_04_20_15_40_35.ndpi,D1555_RAS_60_2023_04_20_15_40_35.ndpi.ndpa,d116e0947a7f3012782caaf3fc58b620688b6eb67deccd4f8fdb76f05838d8f9,182,180,Retipollenites sp.,Retipollenites sp.,Retipollenites sp.,exact,YES,circle,,
D1555_RAS_60_2023_04_20_15_40_35::record_181,D1555_RAS_60_2023_04_20_15_40_35,/rhf/allocations/dsci435/smithsonian_full_sp26/raw/D1555_RAS_60_2023_04_20_15_40_35.ndpi,D1555_RAS_60_2023_04_20_15_40_35.ndpi.ndpa,d116e0947a7f3012782caaf3fc58b620688b6eb67deccd4f8fdb76f05838d8f9,183,181,Retipollenites sp.,Retipollenites sp.,Retipollenites sp.,exact,YES,circle,,
D1555_RAS_60_2023_04_20_15_40_35::record_182,D1555_RAS_60_2023_04_20_15_40_35,/rhf/allocations/dsci435/smithsonian_full_sp26/raw/D1555_RAS_60_2023_04_20_15_40_35.ndpi,D1555_RAS_60_2023_04_20_15_40_35.ndpi.ndpa,d116e0947a7f3012782caaf3fc58b620688b6eb67deccd4f8fdb76f05838d8f9,184,182,Retipollenites sp.,Retipollenites sp.,Retipollenites sp.,exact,YES,circle,,
D1555_RAS_60_2023_04_20_15_40_35::record_183,D1555_RAS_60_2023_04_20_15_40_35,/rhf/allocations/dsci435/smithsonian_full_sp26/raw/D1555_RAS_60_2023_04_20_15_40_35.ndpi,D1555_RAS_60_2023_04_20_15_40_35.ndpi.ndpa,d116e0947a7f3012782caaf3fc58b620688b6eb67deccd4f8fdb76f05838d8f9,185,183,Retipollenites sp.,Retipollenites sp.,Retipollenites sp.,exact,YES,circle,,
D1555_RAS_60_2023_04_20_15_40_35::record_184,D1555_RAS_60_2023_04_20_15_40_35,/rhf/allocations/dsci435/smithsonian_full_sp26/raw/D1555_RAS_60_2023_04_20_15_40_35.ndpi,D1555_RAS_60_2023_04_20_15_40_35.ndpi.ndpa,d116e0947a7f3012782caaf3fc58b620688b6eb67deccd4f8fdb76f05838d8f9,186,184,Retipollenites sp.,Retipollenites sp.,Retipollenites sp.,exact,YES,circle,,
D1555_RAS_60_2023_04_20_15_40_35::record_185,D1555_RAS_60_2023_04_20_15_40_35,/rhf/allocations/dsci435/smithsonian_full_sp26/raw/D1555_RAS_60_2023_04_20_15_40_35.ndpi,D1555_RAS_60_2023_04_20_15_40_35.ndpi.ndpa,d116e0947a7f3012782caaf3fc58b620688b6eb67deccd4f8fdb76f05838d8f9,187,185,Retipollenites sp.,Retipollenites sp.,Retipollenites sp.,exact,YES,circle,,
D1555_RAS_60_2023_04_20_15_40_35::record_186,D1555_RAS_60_2023_04_20_15_40_35,/rhf/allocations/dsci435/smithsonian_full_sp26/raw/D1555_RAS_60_2023_04_20_15_40_35.ndpi,D1555_RAS_60_2023_04_20_15_40_35.ndpi.ndpa,d116e0947a7f3012782caaf3fc58b620688b6eb67deccd4f8fdb76f05838d8f9,188,186,Retipollenites sp.,Retipollenites sp.,Retipollenites sp.,exact,YES,circle,,
D1555_RAS_60_2023_04_20_15_40_35::record_187,D1555_RAS_60_2023_04_20_15_40_35,/rhf/allocations/dsci435/smithsonian_full_sp26/raw/D1555_RAS_60_2023_04_20_15_40_35.ndpi,D1555_RAS_60_2023_04_20_15_40_35.ndpi.ndpa,d116e0947a7f3012782caaf3fc58b620688b6eb67deccd4f8fdb76f05838d8f9,189,187,Retipollenites sp.,Retipollenites sp.,Retipollenites sp.,exact,YES,circle,,
D1555_RAS_60_2023_04_20_15_40_35::record_188,D1555_RAS_60_2023_04_20_15_40_35,/rhf/allocations/dsci435/smithsonian_full_sp26/raw/D1555_RAS_60_2023_04_20_15_40_35.ndpi,D1555_RAS_60_2023_04_20_15_40_35.ndpi.ndpa,d116e0947a7f3012782caaf3fc58b620688b6eb67deccd4f8fdb76f05838d8f9,190,188,Retipollenites sp.,Retipollenites sp.,Retipollenites sp.,exact,YES,circle,,
D1555_RAS_60_2023_04_20_15_40_35::record_189,D1555_RAS_60_2023_04_20_15_40_35,/rhf/allocations/dsci435/smithsonian_full_sp26/raw/D1555_RAS_60_2023_04_20_15_40_35.ndpi,D1555_RAS_60_2023_04_20_15_40_35.ndpi.ndpa,d116e0947a7f3012782caaf3fc58b620688b6eb67deccd4f8fdb76f05838d8f9,191,189,Retipollenites sp.,Retipollenites sp.,Retipollenites sp.,exact,YES,circle,,
D1555_RAS_60_2023_04_20_15_40_35::record_190,D1555_RAS_60_2023_04_20_15_40_35,/rhf/allocations/dsci435/smithsonian_full_sp26/raw/D1555_RAS_60_2023_04_20_15_40_35.ndpi,D1555_RAS_60_2023_04_20_15_40_35.ndpi.ndpa,d116e0947a7f3012782caaf3fc58b620688b6eb67deccd4f8fdb76f05838d8f9,192,190,Retipollenites sp.,Retipollenites sp.,Retipollenites sp.,exact,YES,circle,,
D1555_RAS_60_2023_04_20_15_40_35::record_191,D1555_RAS_60_2023_04_20_15_40_35,/rhf/allocations/dsci435/smithsonian_full_sp26/raw/D1555_RAS_60_2023_04_20_15_40_35.ndpi,D1555_RAS_60_2023_04_20_15_40_35.ndpi.ndpa,d116e0947a7f3012782caaf3fc58b620688b6eb67deccd4f8fdb76f05838d8f9,193,191,Retipollenites sp.,Retipollenites sp.,Retipollenites sp.,exact,YES,circle,,
D1555_RAS_60_2023_04_20_15_40_35::record_192,D1555_RAS_60_2023_04_20_15_40_35,/rhf/allocations/dsci435/smithsonian_full_sp26/raw/D1555_RAS_60_2023_04_20_15_40_35.ndpi,D1555_RAS_60_2023_04_20_15_40_35.ndpi.ndpa,d116e0947a7f3012782caaf3fc58b620688b6eb67deccd4f8fdb76f05838d8f9,194,192,Rousea sp.,Rousea sp.,Rousea sp.,exact,YES,circle,,
D1555_RAS_60_2023_04_20_15_40_35::record_193,D1555_RAS_60_2023_04_20_15_40_35,/rhf/allocations/dsci435/smithsonian_full_sp26/raw/D1555_RAS_60_2023_04_20_15_40_35.ndpi,D1555_RAS_60_2023_04_20_15_40_35.ndpi.ndpa,d116e0947a7f3012782caaf3fc58b620688b6eb67deccd4f8fdb76f05838d8f9,195,193,Momipites ventifluminis,Momipites ventifluminis,Momipites ventifluminis,exact,YES,circle,,
D1555_RAS_60_2023_04_20_15_40_35::record_194,D1555_RAS_60_2023_04_20_15_40_35,/rhf/allocations/dsci435/smithsonian_full_sp26/raw/D1555_RAS_60_2023_04_20_15_40_35.ndpi,D1555_RAS_60_2023_04_20_15_40_35.ndpi.ndpa,d116e0947a7f3012782caaf3fc58b620688b6eb67deccd4f8fdb76f05838d8f9,196,194,Psilamocolpites sp.,Psilamocolpites sp.,Monocolpites sp.,exact,YES,circle,,
D1555_RAS_60_2023_04_20_15_40_35::record_195,D1555_RAS_60_2023_04_20_15_40_35,/rhf/allocations/dsci435/smithsonian_full_sp26/raw/D1555_RAS_60_2023_04_20_15_40_35.ndpi,D1555_RAS_60_2023_04_20_15_40_35.ndpi.ndpa,d116e0947a7f3012782caaf3fc58b620688b6eb67deccd4f8fdb76f05838d8f9,197,195,Momipites ventifluminis,Momipites ventifluminis,Momipites ventifluminis,exact,YES,circle,,
D1555_RAS_60_2023_04_20_15_40_35::record_197,D1555_RAS_60_2023_04_20_15_40_35,/rhf/allocations/dsci435/smithsonian_full_sp26/raw/D1555_RAS_60_2023_04_20_15_40_35.ndpi,D1555_RAS_60_2023_04_20_15_40_35.ndpi.ndpa,d116e0947a7f3012782caaf3fc58b620688b6eb67deccd4f8fdb76f05838d8f9,199,197,Momipites ventifluminis,Momipites ventifluminis,Momipites ventifluminis,exact,YES,circle,,
D1555_RAS_60_2023_04_20_15_40_35::record_198,D1555_RAS_60_2023_04_20_15_40_35,/rhf/allocations/dsci435/smithsonian_full_sp26/raw/D1555_RAS_60_2023_04_20_15_40_35.ndpi,D1555_RAS_60_2023_04_20_15_40_35.ndpi.ndpa,d116e0947a7f3012782caaf3fc58b620688b6eb67deccd4f8fdb76f05838d8f9,200,198,Momipites ventifluminis,Momipites ventifluminis,Momipites ventifluminis,exact,YES,circle,,
D1555_RAS_60_2023_04_20_15_40_35::record_199,D1555_RAS_60_2023_04_20_15_40_35,/rhf/allocations/dsci435/smithsonian_full_sp26/raw/D1555_RAS_60_2023_04_20_15_40_35.ndpi,D1555_RAS_60_2023_04_20_15_40_35.ndpi.ndpa,d116e0947a7f3012782caaf3fc58b620688b6eb67deccd4f8fdb76f05838d8f9,201,199,Retipollenites sp.,Retipollenites sp.,Retipollenites sp.,exact,YES,circle,,
D1555_RAS_60_2023_04_20_15_40_35::record_200,D1555_RAS_60_2023_04_20_15_40_35,/rhf/allocations/dsci435/smithsonian_full_sp26/raw/D1555_RAS_60_2023_04_20_15_40_35.ndpi,D1555_RAS_60_2023_04_20_15_40_35.ndpi.ndpa,d116e0947a7f3012782caaf3fc58b620688b6eb67deccd4f8fdb76f05838d8f9,202,200,Momipites ventifluminis,Momipites ventifluminis,Momipites ventifluminis,exact,YES,circle,,
D1555_RAS_60_2023_04_20_15_40_35::record_201,D1555_RAS_60_2023_04_20_15_40_35,/rhf/allocations/dsci435/smithsonian_full_sp26/raw/D1555_RAS_60_2023_04_20_15_40_35.ndpi,D1555_RAS_60_2023_04_20_15_40_35.ndpi.ndpa,d116e0947a7f3012782caaf3fc58b620688b6eb67deccd4f8fdb76f05838d8f9,203,201,Momipites ventifluminis,Momipites ventifluminis,Momipites ventifluminis,exact,YES,circle,,
D1555_RAS_60_2023_04_20_15_40_35::record_202,D1555_RAS_60_2023_04_20_15_40_35,/rhf/allocations/dsci435/smithsonian_full_sp26/raw/D1555_RAS_60_2023_04_20_15_40_35.ndpi,D1555_RAS_60_2023_04_20_15_40_35.ndpi.ndpa,d116e0947a7f3012782caaf3fc58b620688b6eb67deccd4f8fdb76f05838d8f9,204,202,Momipites ventifluminis,Momipites ventifluminis,Momipites ventifluminis,exact,YES,circle,,
D1555_RAS_60_2023_04_20_15_40_35::record_203,D1555_RAS_60_2023_04_20_15_40_35,/rhf/allocations/dsci435/smithsonian_full_sp26/raw/D1555_RAS_60_2023_04_20_15_40_35.ndpi,D1555_RAS_60_2023_04_20_15_40_35.ndpi.ndpa,d116e0947a7f3012782caaf3fc58b620688b6eb67deccd4f8fdb76f05838d8f9,205,203,Retipollenites sp.,Retipollenites sp.,Retipollenites sp.,exact,YES,circle,,
D1555_RAS_60_2023_04_20_15_40_35::record_204,D1555_RAS_60_2023_04_20_15_40_35,/rhf/allocations/dsci435/smithsonian_full_sp26/raw/D1555_RAS_60_2023_04_20_15_40_35.ndpi,D1555_RAS_60_2023_04_20_15_40_35.ndpi.ndpa,d116e0947a7f3012782caaf3fc58b620688b6eb67deccd4f8fdb76f05838d8f9,206,204,Retipollenites sp.,Retipollenites sp.,Retipollenites sp.,exact,YES,circle,,
D1555_RAS_60_2023_04_20_15_40_35::record_206,D1555_RAS_60_2023_04_20_15_40_35,/rhf/allocations/dsci435/smithsonian_full_sp26/raw/D1555_RAS_60_2023_04_20_15_40_35.ndpi,D1555_RAS_60_2023_04_20_15_40_35.ndpi.ndpa,d116e0947a7f3012782caaf3fc58b620688b6eb67deccd4f8fdb76f05838d8f9,208,206,Momipites ventifluminis,Momipites ventifluminis,Momipites ventifluminis,exact,YES,circle,,
D1555_RAS_60_2023_04_20_15_40_35::record_207,D1555_RAS_60_2023_04_20_15_40_35,/rhf/allocations/dsci435/smithsonian_full_sp26/raw/D1555_RAS_60_2023_04_20_15_40_35.ndpi,D1555_RAS_60_2023_04_20_15_40_35.ndpi.ndpa,d116e0947a7f3012782caaf3fc58b620688b6eb67deccd4f8fdb76f05838d8f9,209,207,Momipites ventifluminis,Momipites ventifluminis,Momipites ventifluminis,exact,YES,circle,,
D1555_RAS_60_2023_04_20_15_40_35::record_208,D1555_RAS_60_2023_04_20_15_40_35,/rhf/allocations/dsci435/smithsonian_full_sp26/raw/D1555_RAS_60_2023_04_20_15_40_35.ndpi,D1555_RAS_60_2023_04_20_15_40_35.ndpi.ndpa,d116e0947a7f3012782caaf3fc58b620688b6eb67deccd4f8fdb76f05838d8f9,210,208,Momipites ventifluminis,Momipites ventifluminis,Momipites ventifluminis,exact,YES,circle,,
D1555_RAS_60_2023_04_20_15_40_35::record_209,D1555_RAS_60_2023_04_20_15_40_35,/rhf/allocations/dsci435/smithsonian_full_sp26/raw/D1555_RAS_60_2023_04_20_15_40_35.ndpi,D1555_RAS_60_2023_04_20_15_40_35.ndpi.ndpa,d116e0947a7f3012782caaf3fc58b620688b6eb67deccd4f8fdb76f05838d8f9,211,209,Momipites ventifluminis,Momipites ventifluminis,Momipites ventifluminis,exact,YES,circle,,
D1555_RAS_60_2023_04_20_15_40_35::record_210,D1555_RAS_60_2023_04_20_15_40_35,/rhf/allocations/dsci435/smithsonian_full_sp26/raw/D1555_RAS_60_2023_04_20_15_40_35.ndpi,D1555_RAS_60_2023_04_20_15_40_35.ndpi.ndpa,d116e0947a7f3012782caaf3fc58b620688b6eb67deccd4f8fdb76f05838d8f9,212,210,Bombacacidites sp.,Bombacacidites sp.,Bombacacidites sp.,exact,YES,circle,,
D1555_RAS_60_2023_04_20_15_40_35::record_211,D1555_RAS_60_2023_04_20_15_40_35,/rhf/allocations/dsci435/smithsonian_full_sp26/raw/D1555_RAS_60_2023_04_20_15_40_35.ndpi,D1555_RAS_60_2023_04_20_15_40_35.ndpi.ndpa,d116e0947a7f3012782caaf3fc58b620688b6eb67deccd4f8fdb76f05838d8f9,213,211,Deltoidospora sp.,Deltoidospora sp.,Psilatriletes sp.,exact,YES,circle,,
D1555_RAS_60_2023_04_20_15_40_35::record_212,D1555_RAS_60_2023_04_20_15_40_35,/rhf/allocations/dsci435/smithsonian_full_sp26/raw/D1555_RAS_60_2023_04_20_15_40_35.ndpi,D1555_RAS_60_2023_04_20_15_40_35.ndpi.ndpa,d116e0947a7f3012782caaf3fc58b620688b6eb67deccd4f8fdb76f05838d8f9,214,212,Momipites ventifluminis,Momipites ventifluminis,Momipites ventifluminis,exact,YES,circle,,
D1555_RAS_60_2023_04_20_15_40_35::record_213,D1555_RAS_60_2023_04_20_15_40_35,/rhf/allocations/dsci435/smithsonian_full_sp26/raw/D1555_RAS_60_2023_04_20_15_40_35.ndpi,D1555_RAS_60_2023_04_20_15_40_35.ndpi.ndpa,d116e0947a7f3012782caaf3fc58b620688b6eb67deccd4f8fdb76f05838d8f9,215,213,Momipites ventifluminis,Momipites ventifluminis,Momipites ventifluminis,exact,YES,circle,,
D1555_RAS_60_2023_04_20_15_40_35::record_214,D1555_RAS_60_2023_04_20_15_40_35,/rhf/allocations/dsci435/smithsonian_full_sp26/raw/D1555_RAS_60_2023_04_20_15_40_35.ndpi,D1555_RAS_60_2023_04_20_15_40_35.ndpi.ndpa,d116e0947a7f3012782caaf3fc58b620688b6eb67deccd4f8fdb76f05838d8f9,216,214,Momipites ventifluminis,Momipites ventifluminis,Momipites ventifluminis,exact,YES,circle,,
D1555_RAS_60_2023_04_20_15_40_35::record_215,D1555_RAS_60_2023_04_20_15_40_35,/rhf/allocations/dsci435/smithsonian_full_sp26/raw/D1555_RAS_60_2023_04_20_15_40_35.ndpi,D1555_RAS_60_2023_04_20_15_40_35.ndpi.ndpa,d116e0947a7f3012782caaf3fc58b620688b6eb67deccd4f8fdb76f05838d8f9,217,215,Nudopollis sp.,Nudopollis sp.,Nudopollis sp.,exact,YES,circle,,
D1555_RAS_60_2023_04_20_15_40_35::record_216,D1555_RAS_60_2023_04_20_15_40_35,/rhf/allocations/dsci435/smithsonian_full_sp26/raw/D1555_RAS_60_2023_04_20_15_40_35.ndpi,D1555_RAS_60_2023_04_20_15_40_35.ndpi.ndpa,d116e0947a7f3012782caaf3fc58b620688b6eb67deccd4f8fdb76f05838d8f9,218,216,Nudopollis sp.,Nudopollis sp.,Nudopollis sp.,exact,YES,circle,,
D1555_RAS_60_2023_04_20_15_40_35::record_217,D1555_RAS_60_2023_04_20_15_40_35,/rhf/allocations/dsci435/smithsonian_full_sp26/raw/D1555_RAS_60_2023_04_20_15_40_35.ndpi,D1555_RAS_60_2023_04_20_15_40_35.ndpi.ndpa,d116e0947a7f3012782caaf3fc58b620688b6eb67deccd4f8fdb76f05838d8f9,219,217,Nudopollis sp.,Nudopollis sp.,Nudopollis sp.,exact,YES,circle,,
D1555_RAS_60_2023_04_20_15_40_35::record_218,D1555_RAS_60_2023_04_20_15_40_35,/rhf/allocations/dsci435/smithsonian_full_sp26/raw/D1555_RAS_60_2023_04_20_15_40_35.ndpi,D1555_RAS_60_2023_04_20_15_40_35.ndpi.ndpa,d116e0947a7f3012782caaf3fc58b620688b6eb67deccd4f8fdb76f05838d8f9,220,218,Nudopollis sp.,Nudopollis sp.,Nudopollis sp.,exact,YES,circle,,
D1555_RAS_60_2023_04_20_15_40_35::record_219,D1555_RAS_60_2023_04_20_15_40_35,/rhf/allocations/dsci435/smithsonian_full_sp26/raw/D1555_RAS_60_2023_04_20_15_40_35.ndpi,D1555_RAS_60_2023_04_20_15_40_35.ndpi.ndpa,d116e0947a7f3012782caaf3fc58b620688b6eb67deccd4f8fdb76f05838d8f9,221,219,Nudopollis sp.,Nudopollis sp.,Nudopollis sp.,exact,YES,circle,,
D1555_RAS_60_2023_04_20_15_40_35::record_220,D1555_RAS_60_2023_04_20_15_40_35,/rhf/allocations/dsci435/smithsonian_full_sp26/raw/D1555_RAS_60_2023_04_20_15_40_35.ndpi,D1555_RAS_60_2023_04_20_15_40_35.ndpi.ndpa,d116e0947a7f3012782caaf3fc58b620688b6eb67deccd4f8fdb76f05838d8f9,222,220,Nudopollis sp.,Nudopollis sp.,Nudopollis sp.,exact,YES,circle,,
D1555_RAS_60_2023_04_20_15_40_35::record_221,D1555_RAS_60_2023_04_20_15_40_35,/rhf/allocations/dsci435/smithsonian_full_sp26/raw/D1555_RAS_60_2023_04_20_15_40_35.ndpi,D1555_RAS_60_2023_04_20_15_40_35.ndpi.ndpa,d116e0947a7f3012782caaf3fc58b620688b6eb67deccd4f8fdb76f05838d8f9,223,221,Nudopollis sp.,Nudopollis sp.,Nudopollis sp.,exact,YES,circle,,
D1555_RAS_60_2023_04_20_15_40_35::record_222,D1555_RAS_60_2023_04_20_15_40_35,/rhf/allocations/dsci435/smithsonian_full_sp26/raw/D1555_RAS_60_2023_04_20_15_40_35.ndpi,D1555_RAS_60_2023_04_20_15_40_35.ndpi.ndpa,d116e0947a7f3012782caaf3fc58b620688b6eb67deccd4f8fdb76f05838d8f9,224,222,Nudopollis sp.,Nudopollis sp.,Nudopollis sp.,exact,YES,circle,,
D1555_RAS_60_2023_04_20_15_40_35::record_223,D1555_RAS_60_2023_04_20_15_40_35,/rhf/allocations/dsci435/smithsonian_full_sp26/raw/D1555_RAS_60_2023_04_20_15_40_35.ndpi,D1555_RAS_60_2023_04_20_15_40_35.ndpi.ndpa,d116e0947a7f3012782caaf3fc58b620688b6eb67deccd4f8fdb76f05838d8f9,225,223,Nudopollis sp.,Nudopollis sp.,Nudopollis sp.,exact,YES,circle,,
D1555_RAS_60_2023_04_20_15_40_35::record_224,D1555_RAS_60_2023_04_20_15_40_35,/rhf/allocations/dsci435/smithsonian_full_sp26/raw/D1555_RAS_60_2023_04_20_15_40_35.ndpi,D1555_RAS_60_2023_04_20_15_40_35.ndpi.ndpa,d116e0947a7f3012782caaf3fc58b620688b6eb67deccd4f8fdb76f05838d8f9,226,224,Nudopollis sp.,Nudopollis sp.,Nudopollis sp.,exact,YES,circle,,
D1555_RAS_60_2023_04_20_15_40_35::record_225,D1555_RAS_60_2023_04_20_15_40_35,/rhf/allocations/dsci435/smithsonian_full_sp26/raw/D1555_RAS_60_2023_04_20_15_40_35.ndpi,D1555_RAS_60_2023_04_20_15_40_35.ndpi.ndpa,d116e0947a7f3012782caaf3fc58b620688b6eb67deccd4f8fdb76f05838d8f9,227,225,Nudopollis sp.,Nudopollis sp.,Nudopollis sp.,exact,YES,circle,,
D1555_RAS_60_2023_04_20_15_40_35::record_226,D1555_RAS_60_2023_04_20_15_40_35,/rhf/allocations/dsci435/smithsonian_full_sp26/raw/D1555_RAS_60_2023_04_20_15_40_35.ndpi,D1555_RAS_60_2023_04_20_15_40_35.ndpi.ndpa,d116e0947a7f3012782caaf3fc58b620688b6eb67deccd4f8fdb76f05838d8f9,228,226,Psilatricolpites compactus,Psilatricolpites compactus,Psilatricolpites sp.,exact,YES,circle,,
D1555_RAS_60_2023_04_20_15_40_35::record_227,D1555_RAS_60_2023_04_20_15_40_35,/rhf/allocations/dsci435/smithsonian_full_sp26/raw/D1555_RAS_60_2023_04_20_15_40_35.ndpi,D1555_RAS_60_2023_04_20_15_40_35.ndpi.ndpa,d116e0947a7f3012782caaf3fc58b620688b6eb67deccd4f8fdb76f05838d8f9,229,227,Nudopollis sp.,Nudopollis sp.,Nudopollis sp.,exact,YES,circle,,
D1555_RAS_60_2023_04_20_15_40_35::record_228,D1555_RAS_60_2023_04_20_15_40_35,/rhf/allocations/dsci435/smithsonian_full_sp26/raw/D1555_RAS_60_2023_04_20_15_40_35.ndpi,D1555_RAS_60_2023_04_20_15_40_35.ndpi.ndpa,d116e0947a7f3012782caaf3fc58b620688b6eb67deccd4f8fdb76f05838d8f9,230,228,Nudopollis sp.,Nudopollis sp.,Nudopollis sp.,exact,YES,circle,,
D1555_RAS_60_2023_04_20_15_40_35::record_229,D1555_RAS_60_2023_04_20_15_40_35,/rhf/allocations/dsci435/smithsonian_full_sp26/raw/D1555_RAS_60_2023_04_20_15_40_35.ndpi,D1555_RAS_60_2023_04_20_15_40_35.ndpi.ndpa,d116e0947a7f3012782caaf3fc58b620688b6eb67deccd4f8fdb76f05838d8f9,231,229,Nudopollis sp.,Nudopollis sp.,Nudopollis sp.,exact,YES,circle,,
D1555_RAS_60_2023_04_20_15_40_35::record_230,D1555_RAS_60_2023_04_20_15_40_35,/rhf/allocations/dsci435/smithsonian_full_sp26/raw/D1555_RAS_60_2023_04_20_15_40_35.ndpi,D1555_RAS_60_2023_04_20_15_40_35.ndpi.ndpa,d116e0947a7f3012782caaf3fc58b620688b6eb67deccd4f8fdb76f05838d8f9,232,230,Nudopollis sp.,Nudopollis sp.,Nudopollis sp.,exact,YES,circle,,
D1555_RAS_60_2023_04_20_15_40_35::record_231,D1555_RAS_60_2023_04_20_15_40_35,/rhf/allocations/dsci435/smithsonian_full_sp26/raw/D1555_RAS_60_2023_04_20_15_40_35.ndpi,D1555_RAS_60_2023_04_20_15_40_35.ndpi.ndpa,d116e0947a7f3012782caaf3fc58b620688b6eb67deccd4f8fdb76f05838d8f9,233,231,Nudopollis sp.,Nudopollis sp.,Nudopollis sp.,exact,YES,circle,,
D1555_RAS_60_2023_04_20_15_40_35::record_232,D1555_RAS_60_2023_04_20_15_40_35,/rhf/allocations/dsci435/smithsonian_full_sp26/raw/D1555_RAS_60_2023_04_20_15_40_35.ndpi,D1555_RAS_60_2023_04_20_15_40_35.ndpi.ndpa,d116e0947a7f3012782caaf3fc58b620688b6eb67deccd4f8fdb76f05838d8f9,234,232,Nudopollis sp.,Nudopollis sp.,Nudopollis sp.,exact,YES,circle,,
D1555_RAS_60_2023_04_20_15_40_35::record_233,D1555_RAS_60_2023_04_20_15_40_35,/rhf/allocations/dsci435/smithsonian_full_sp26/raw/D1555_RAS_60_2023_04_20_15_40_35.ndpi,D1555_RAS_60_2023_04_20_15_40_35.ndpi.ndpa,d116e0947a7f3012782caaf3fc58b620688b6eb67deccd4f8fdb76f05838d8f9,235,233,Nudopollis sp.,Nudopollis sp.,Nudopollis sp.,exact,YES,circle,,
D1555_RAS_60_2023_04_20_15_40_35::record_234,D1555_RAS_60_2023_04_20_15_40_35,/rhf/allocations/dsci435/smithsonian_full_sp26/raw/D1555_RAS_60_2023_04_20_15_40_35.ndpi,D1555_RAS_60_2023_04_20_15_40_35.ndpi.ndpa,d116e0947a7f3012782caaf3fc58b620688b6eb67deccd4f8fdb76f05838d8f9,236,234,Nudopollis sp.,Nudopollis sp.,Nudopollis sp.,exact,YES,circle,,
D1555_RAS_60_2023_04_20_15_40_35::record_235,D1555_RAS_60_2023_04_20_15_40_35,/rhf/allocations/dsci435/smithsonian_full_sp26/raw/D1555_RAS_60_2023_04_20_15_40_35.ndpi,D1555_RAS_60_2023_04_20_15_40_35.ndpi.ndpa,d116e0947a7f3012782caaf3fc58b620688b6eb67deccd4f8fdb76f05838d8f9,237,235,Nudopollis sp.,Nudopollis sp.,Nudopollis sp.,exact,YES,circle,,
D1555_RAS_60_2023_04_20_15_40_35::record_236,D1555_RAS_60_2023_04_20_15_40_35,/rhf/allocations/dsci435/smithsonian_full_sp26/raw/D1555_RAS_60_2023_04_20_15_40_35.ndpi,D1555_RAS_60_2023_04_20_15_40_35.ndpi.ndpa,d116e0947a7f3012782caaf3fc58b620688b6eb67deccd4f8fdb76f05838d8f9,238,236,Nudopollis sp.,Nudopollis sp.,Nudopollis sp.,exact,YES,circle,,
D1555_RAS_60_2023_04_20_15_40_35::record_237,D1555_RAS_60_2023_04_20_15_40_35,/rhf/allocations/dsci435/smithsonian_full_sp26/raw/D1555_RAS_60_2023_04_20_15_40_35.ndpi,D1555_RAS_60_2023_04_20_15_40_35.ndpi.ndpa,d116e0947a7f3012782caaf3fc58b620688b6eb67deccd4f8fdb76f05838d8f9,239,237,Nudopollis sp.,Nudopollis sp.,Nudopollis sp.,exact,YES,circle,,
D1555_RAS_60_2023_04_20_15_40_35::record_238,D1555_RAS_60_2023_04_20_15_40_35,/rhf/allocations/dsci435/smithsonian_full_sp26/raw/D1555_RAS_60_2023_04_20_15_40_35.ndpi,D1555_RAS_60_2023_04_20_15_40_35.ndpi.ndpa,d116e0947a7f3012782caaf3fc58b620688b6eb67deccd4f8fdb76f05838d8f9,240,238,Nudopollis sp.,Nudopollis sp.,Nudopollis sp.,exact,YES,circle,,
D1555_RAS_60_2023_04_20_15_40_35::record_239,D1555_RAS_60_2023_04_20_15_40_35,/rhf/allocations/dsci435/smithsonian_full_sp26/raw/D1555_RAS_60_2023_04_20_15_40_35.ndpi,D1555_RAS_60_2023_04_20_15_40_35.ndpi.ndpa,d116e0947a7f3012782caaf3fc58b620688b6eb67deccd4f8fdb76f05838d8f9,241,239,Nudopollis sp.,Nudopollis sp.,Nudopollis sp.,exact,YES,circle,,
D1555_RAS_60_2023_04_20_15_40_35::record_240,D1555_RAS_60_2023_04_20_15_40_35,/rhf/allocations/dsci435/smithsonian_full_sp26/raw/D1555_RAS_60_2023_04_20_15_40_35.ndpi,D1555_RAS_60_2023_04_20_15_40_35.ndpi.ndpa,d116e0947a7f3012782caaf3fc58b620688b6eb67deccd4f8fdb76f05838d8f9,242,240,Nudopollis sp.,Nudopollis sp.,Nudopollis sp.,exact,YES,circle,,
D1555_RAS_60_2023_04_20_15_40_35::record_241,D1555_RAS_60_2023_04_20_15_40_35,/rhf/allocations/dsci435/smithsonian_full_sp26/raw/D1555_RAS_60_2023_04_20_15_40_35.ndpi,D1555_RAS_60_2023_04_20_15_40_35.ndpi.ndpa,d116e0947a7f3012782caaf3fc58b620688b6eb67deccd4f8fdb76f05838d8f9,243,241,Nudopollis sp.,Nudopollis sp.,Nudopollis sp.,exact,YES,circle,,
D1555_RAS_60_2023_04_20_15_40_35::record_242,D1555_RAS_60_2023_04_20_15_40_35,/rhf/allocations/dsci435/smithsonian_full_sp26/raw/D1555_RAS_60_2023_04_20_15_40_35.ndpi,D1555_RAS_60_2023_04_20_15_40_35.ndpi.ndpa,d116e0947a7f3012782caaf3fc58b620688b6eb67deccd4f8fdb76f05838d8f9,244,242,Nudopollis sp.,Nudopollis sp.,Nudopollis sp.,exact,YES,circle,,
D1555_RAS_60_2023_04_20_15_40_35::record_243,D1555_RAS_60_2023_04_20_15_40_35,/rhf/allocations/dsci435/smithsonian_full_sp26/raw/D1555_RAS_60_2023_04_20_15_40_35.ndpi,D1555_RAS_60_2023_04_20_15_40_35.ndpi.ndpa,d116e0947a7f3012782caaf3fc58b620688b6eb67deccd4f8fdb76f05838d8f9,245,243,Nudopollis sp.,Nudopollis sp.,Nudopollis sp.,exact,YES,circle,,
D1555_RAS_60_2023_04_20_15_40_35::record_244,D1555_RAS_60_2023_04_20_15_40_35,/rhf/allocations/dsci435/smithsonian_full_sp26/raw/D1555_RAS_60_2023_04_20_15_40_35.ndpi,D1555_RAS_60_2023_04_20_15_40_35.ndpi.ndpa,d116e0947a7f3012782caaf3fc58b620688b6eb67deccd4f8fdb76f05838d8f9,246,244,Nudopollis sp.,Nudopollis sp.,Nudopollis sp.,exact,YES,circle,,
D1555_RAS_60_2023_04_20_15_40_35::record_245,D1555_RAS_60_2023_04_20_15_40_35,/rhf/allocations/dsci435/smithsonian_full_sp26/raw/D1555_RAS_60_2023_04_20_15_40_35.ndpi,D1555_RAS_60_2023_04_20_15_40_35.ndpi.ndpa,d116e0947a7f3012782caaf3fc58b620688b6eb67deccd4f8fdb76f05838d8f9,247,245,Nudopollis sp.,Nudopollis sp.,Nudopollis sp.,exact,YES,circle,,
D1555_RAS_60_2023_04_20_15_40_35::record_246,D1555_RAS_60_2023_04_20_15_40_35,/rhf/allocations/dsci435/smithsonian_full_sp26/raw/D1555_RAS_60_2023_04_20_15_40_35.ndpi,D1555_RAS_60_2023_04_20_15_40_35.ndpi.ndpa,d116e0947a7f3012782caaf3fc58b620688b6eb67deccd4f8fdb76f05838d8f9,248,246,Nudopollis sp.,Nudopollis sp.,Nudopollis sp.,exact,YES,circle,,
D1555_RAS_60_2023_04_20_15_40_35::record_247,D1555_RAS_60_2023_04_20_15_40_35,/rhf/allocations/dsci435/smithsonian_full_sp26/raw/D1555_RAS_60_2023_04_20_15_40_35.ndpi,D1555_RAS_60_2023_04_20_15_40_35.ndpi.ndpa,d116e0947a7f3012782caaf3fc58b620688b6eb67deccd4f8fdb76f05838d8f9,249,247,Nudopollis sp.,Nudopollis sp.,Nudopollis sp.,exact,YES,circle,,
D1555_RAS_60_2023_04_20_15_40_35::record_248,D1555_RAS_60_2023_04_20_15_40_35,/rhf/allocations/dsci435/smithsonian_full_sp26/raw/D1555_RAS_60_2023_04_20_15_40_35.ndpi,D1555_RAS_60_2023_04_20_15_40_35.ndpi.ndpa,d116e0947a7f3012782caaf3fc58b620688b6eb67deccd4f8fdb76f05838d8f9,250,248,Nudopollis sp.,Nudopollis sp.,Nudopollis sp.,exact,YES,circle,,
D1555_RAS_60_2023_04_20_15_40_35::record_249,D1555_RAS_60_2023_04_20_15_40_35,/rhf/allocations/dsci435/smithsonian_full_sp26/raw/D1555_RAS_60_2023_04_20_15_40_35.ndpi,D1555_RAS_60_2023_04_20_15_40_35.ndpi.ndpa,d116e0947a7f3012782caaf3fc58b620688b6eb67deccd4f8fdb76f05838d8f9,251,249,Nudopollis sp.,Nudopollis sp.,Nudopollis sp.,exact,YES,circle,,
D1555_RAS_60_2023_04_20_15_40_35::record_250,D1555_RAS_60_2023_04_20_15_40_35,/rhf/allocations/dsci435/smithsonian_full_sp26/raw/D1555_RAS_60_2023_04_20_15_40_35.ndpi,D1555_RAS_60_2023_04_20_15_40_35.ndpi.ndpa,d116e0947a7f3012782caaf3fc58b620688b6eb67deccd4f8fdb76f05838d8f9,252,250,Nudopollis sp.,Nudopollis sp.,Nudopollis sp.,exact,YES,circle,,
D1555_RAS_60_2023_04_20_15_40_35::record_251,D1555_RAS_60_2023_04_20_15_40_35,/rhf/allocations/dsci435/smithsonian_full_sp26/raw/D1555_RAS_60_2023_04_20_15_40_35.ndpi,D1555_RAS_60_2023_04_20_15_40_35.ndpi.ndpa,d116e0947a7f3012782caaf3fc58b620688b6eb67deccd4f8fdb76f05838d8f9,253,251,Nudopollis sp.,Nudopollis sp.,Nudopollis sp.,exact,YES,circle,,
D1555_RAS_60_2023_04_20_15_40_35::record_252,D1555_RAS_60_2023_04_20_15_40_35,/rhf/allocations/dsci435/smithsonian_full_sp26/raw/D1555_RAS_60_2023_04_20_15_40_35.ndpi,D1555_RAS_60_2023_04_20_15_40_35.ndpi.ndpa,d116e0947a7f3012782caaf3fc58b620688b6eb67deccd4f8fdb76f05838d8f9,254,252,Nudopollis sp.,Nudopollis sp.,Nudopollis sp.,exact,YES,circle,,
D1555_RAS_60_2023_04_20_15_40_35::record_253,D1555_RAS_60_2023_04_20_15_40_35,/rhf/allocations/dsci435/smithsonian_full_sp26/raw/D1555_RAS_60_2023_04_20_15_40_35.ndpi,D1555_RAS_60_2023_04_20_15_40_35.ndpi.ndpa,d116e0947a7f3012782caaf3fc58b620688b6eb67deccd4f8fdb76f05838d8f9,255,253,Nudopollis sp.,Nudopollis sp.,Nudopollis sp.,exact,YES,circle,,
D1555_RAS_60_2023_04_20_15_40_35::record_254,D1555_RAS_60_2023_04_20_15_40_35,/rhf/allocations/dsci435/smithsonian_full_sp26/raw/D1555_RAS_60_2023_04_20_15_40_35.ndpi,D1555_RAS_60_2023_04_20_15_40_35.ndpi.ndpa,d116e0947a7f3012782caaf3fc58b620688b6eb67deccd4f8fdb76f05838d8f9,256,254,Nudopollis sp.,Nudopollis sp.,Nudopollis sp.,exact,YES,circle,,
D1555_RAS_60_2023_04_20_15_40_35::record_255,D1555_RAS_60_2023_04_20_15_40_35,/rhf/allocations/dsci435/smithsonian_full_sp26/raw/D1555_RAS_60_2023_04_20_15_40_35.ndpi,D1555_RAS_60_2023_04_20_15_40_35.ndpi.ndpa,d116e0947a7f3012782caaf3fc58b620688b6eb67deccd4f8fdb76f05838d8f9,257,255,Nudopollis sp.,Nudopollis sp.,Nudopollis sp.,exact,YES,circle,,
D1555_RAS_60_2023_04_20_15_40_35::record_256,D1555_RAS_60_2023_04_20_15_40_35,/rhf/allocations/dsci435/smithsonian_full_sp26/raw/D1555_RAS_60_2023_04_20_15_40_35.ndpi,D1555_RAS_60_2023_04_20_15_40_35.ndpi.ndpa,d116e0947a7f3012782caaf3fc58b620688b6eb67deccd4f8fdb76f05838d8f9,258,256,Nudopollis sp.,Nudopollis sp.,Nudopollis sp.,exact,YES,circle,,
D1555_RAS_60_2023_04_20_15_40_35::record_257,D1555_RAS_60_2023_04_20_15_40_35,/rhf/allocations/dsci435/smithsonian_full_sp26/raw/D1555_RAS_60_2023_04_20_15_40_35.ndpi,D1555_RAS_60_2023_04_20_15_40_35.ndpi.ndpa,d116e0947a7f3012782caaf3fc58b620688b6eb67deccd4f8fdb76f05838d8f9,259,257,Nudopollis sp.,Nudopollis sp.,Nudopollis sp.,exact,YES,circle,,
D1555_RAS_60_2023_04_20_15_40_35::record_258,D1555_RAS_60_2023_04_20_15_40_35,/rhf/allocations/dsci435/smithsonian_full_sp26/raw/D1555_RAS_60_2023_04_20_15_40_35.ndpi,D1555_RAS_60_2023_04_20_15_40_35.ndpi.ndpa,d116e0947a7f3012782caaf3fc58b620688b6eb67deccd4f8fdb76f05838d8f9,260,258,Nudopollis sp.,Nudopollis sp.,Nudopollis sp.,exact,YES,circle,,
D1555_RAS_60_2023_04_20_15_40_35::record_259,D1555_RAS_60_2023_04_20_15_40_35,/rhf/allocations/dsci435/smithsonian_full_sp26/raw/D1555_RAS_60_2023_04_20_15_40_35.ndpi,D1555_RAS_60_2023_04_20_15_40_35.ndpi.ndpa,d116e0947a7f3012782caaf3fc58b620688b6eb67deccd4f8fdb76f05838d8f9,261,259,Nudopollis sp.,Nudopollis sp.,Nudopollis sp.,exact,YES,circle,,
D1555_RAS_60_2023_04_20_15_40_35::record_260,D1555_RAS_60_2023_04_20_15_40_35,/rhf/allocations/dsci435/smithsonian_full_sp26/raw/D1555_RAS_60_2023_04_20_15_40_35.ndpi,D1555_RAS_60_2023_04_20_15_40_35.ndpi.ndpa,d116e0947a7f3012782caaf3fc58b620688b6eb67deccd4f8fdb76f05838d8f9,262,260,Nudopollis sp.,Nudopollis sp.,Nudopollis sp.,exact,YES,circle,,
D1555_RAS_60_2023_04_20_15_40_35::record_261,D1555_RAS_60_2023_04_20_15_40_35,/rhf/allocations/dsci435/smithsonian_full_sp26/raw/D1555_RAS_60_2023_04_20_15_40_35.ndpi,D1555_RAS_60_2023_04_20_15_40_35.ndpi.ndpa,d116e0947a7f3012782caaf3fc58b620688b6eb67deccd4f8fdb76f05838d8f9,263,261,Nudopollis sp.,Nudopollis sp.,Nudopollis sp.,exact,YES,circle,,
D1555_RAS_60_2023_04_20_15_40_35::record_262,D1555_RAS_60_2023_04_20_15_40_35,/rhf/allocations/dsci435/smithsonian_full_sp26/raw/D1555_RAS_60_2023_04_20_15_40_35.ndpi,D1555_RAS_60_2023_04_20_15_40_35.ndpi.ndpa,d116e0947a7f3012782caaf3fc58b620688b6eb67deccd4f8fdb76f05838d8f9,264,262,Nudopollis sp.,Nudopollis sp.,Nudopollis sp.,exact,YES,circle,,
D1555_RAS_60_2023_04_20_15_40_35::record_263,D1555_RAS_60_2023_04_20_15_40_35,/rhf/allocations/dsci435/smithsonian_full_sp26/raw/D1555_RAS_60_2023_04_20_15_40_35.ndpi,D1555_RAS_60_2023_04_20_15_40_35.ndpi.ndpa,d116e0947a7f3012782caaf3fc58b620688b6eb67deccd4f8fdb76f05838d8f9,265,263,Nudopollis sp.,Nudopollis sp.,Nudopollis sp.,exact,YES,circle,,
D1555_RAS_60_2023_04_20_15_40_35::record_264,D1555_RAS_60_2023_04_20_15_40_35,/rhf/allocations/dsci435/smithsonian_full_sp26/raw/D1555_RAS_60_2023_04_20_15_40_35.ndpi,D1555_RAS_60_2023_04_20_15_40_35.ndpi.ndpa,d116e0947a7f3012782caaf3fc58b620688b6eb67deccd4f8fdb76f05838d8f9,266,264,Nudopollis sp.,Nudopollis sp.,Nudopollis sp.,exact,YES,circle,,
D1555_RAS_60_2023_04_20_15_40_35::record_265,D1555_RAS_60_2023_04_20_15_40_35,/rhf/allocations/dsci435/smithsonian_full_sp26/raw/D1555_RAS_60_2023_04_20_15_40_35.ndpi,D1555_RAS_60_2023_04_20_15_40_35.ndpi.ndpa,d116e0947a7f3012782caaf3fc58b620688b6eb67deccd4f8fdb76f05838d8f9,267,265,Nudopollis sp.,Nudopollis sp.,Nudopollis sp.,exact,YES,circle,,
D1555_RAS_60_2023_04_20_15_40_35::record_266,D1555_RAS_60_2023_04_20_15_40_35,/rhf/allocations/dsci435/smithsonian_full_sp26/raw/D1555_RAS_60_2023_04_20_15_40_35.ndpi,D1555_RAS_60_2023_04_20_15_40_35.ndpi.ndpa,d116e0947a7f3012782caaf3fc58b620688b6eb67deccd4f8fdb76f05838d8f9,268,266,Nudopollis sp.,Nudopollis sp.,Nudopollis sp.,exact,YES,circle,,
D1555_RAS_60_2023_04_20_15_40_35::record_267,D1555_RAS_60_2023_04_20_15_40_35,/rhf/allocations/dsci435/smithsonian_full_sp26/raw/D1555_RAS_60_2023_04_20_15_40_35.ndpi,D1555_RAS_60_2023_04_20_15_40_35.ndpi.ndpa,d116e0947a7f3012782caaf3fc58b620688b6eb67deccd4f8fdb76f05838d8f9,269,267,Nudopollis sp.,Nudopollis sp.,Nudopollis sp.,exact,YES,circle,,
D1555_RAS_60_2023_04_20_15_40_35::record_268,D1555_RAS_60_2023_04_20_15_40_35,/rhf/allocations/dsci435/smithsonian_full_sp26/raw/D1555_RAS_60_2023_04_20_15_40_35.ndpi,D1555_RAS_60_2023_04_20_15_40_35.ndpi.ndpa,d116e0947a7f3012782caaf3fc58b620688b6eb67deccd4f8fdb76f05838d8f9,270,268,Nudopollis sp.,Nudopollis sp.,Nudopollis sp.,exact,YES,circle,,
D1555_RAS_60_2023_04_20_15_40_35::record_269,D1555_RAS_60_2023_04_20_15_40_35,/rhf/allocations/dsci435/smithsonian_full_sp26/raw/D1555_RAS_60_2023_04_20_15_40_35.ndpi,D1555_RAS_60_2023_04_20_15_40_35.ndpi.ndpa,d116e0947a7f3012782caaf3fc58b620688b6eb67deccd4f8fdb76f05838d8f9,271,269,Retipollenites sp.,Retipollenites sp.,Retipollenites sp.,exact,YES,circle,,
D1555_RAS_60_2023_04_20_15_40_35::record_270,D1555_RAS_60_2023_04_20_15_40_35,/rhf/allocations/dsci435/smithsonian_full_sp26/raw/D1555_RAS_60_2023_04_20_15_40_35.ndpi,D1555_RAS_60_2023_04_20_15_40_35.ndpi.ndpa,d116e0947a7f3012782caaf3fc58b620688b6eb67deccd4f8fdb76f05838d8f9,272,270,Nudopollis sp.,Nudopollis sp.,Nudopollis sp.,exact,YES,circle,,
D1555_RAS_60_2023_04_20_15_40_35::record_271,D1555_RAS_60_2023_04_20_15_40_35,/rhf/allocations/dsci435/smithsonian_full_sp26/raw/D1555_RAS_60_2023_04_20_15_40_35.ndpi,D1555_RAS_60_2023_04_20_15_40_35.ndpi.ndpa,d116e0947a7f3012782caaf3fc58b620688b6eb67deccd4f8fdb76f05838d8f9,273,271,Nudopollis sp.,Nudopollis sp.,Nudopollis sp.,exact,YES,circle,,
D1555_RAS_60_2023_04_20_15_40_35::record_272,D1555_RAS_60_2023_04_20_15_40_35,/rhf/allocations/dsci435/smithsonian_full_sp26/raw/D1555_RAS_60_2023_04_20_15_40_35.ndpi,D1555_RAS_60_2023_04_20_15_40_35.ndpi.ndpa,d116e0947a7f3012782caaf3fc58b620688b6eb67deccd4f8fdb76f05838d8f9,274,272,Nudopollis sp.,Nudopollis sp.,Nudopollis sp.,exact,YES,circle,,
D1555_RAS_60_2023_04_20_15_40_35::record_273,D1555_RAS_60_2023_04_20_15_40_35,/rhf/allocations/dsci435/smithsonian_full_sp26/raw/D1555_RAS_60_2023_04_20_15_40_35.ndpi,D1555_RAS_60_2023_04_20_15_40_35.ndpi.ndpa,d116e0947a7f3012782caaf3fc58b620688b6eb67deccd4f8fdb76f05838d8f9,275,273,Nudopollis sp.,Nudopollis sp.,Nudopollis sp.,exact,YES,circle,,
D1555_RAS_60_2023_04_20_15_40_35::record_274,D1555_RAS_60_2023_04_20_15_40_35,/rhf/allocations/dsci435/smithsonian_full_sp26/raw/D1555_RAS_60_2023_04_20_15_40_35.ndpi,D1555_RAS_60_2023_04_20_15_40_35.ndpi.ndpa,d116e0947a7f3012782caaf3fc58b620688b6eb67deccd4f8fdb76f05838d8f9,276,274,Nudopollis sp.,Nudopollis sp.,Nudopollis sp.,exact,YES,circle,,
D1555_RAS_60_2023_04_20_15_40_35::record_275,D1555_RAS_60_2023_04_20_15_40_35,/rhf/allocations/dsci435/smithsonian_full_sp26/raw/D1555_RAS_60_2023_04_20_15_40_35.ndpi,D1555_RAS_60_2023_04_20_15_40_35.ndpi.ndpa,d116e0947a7f3012782caaf3fc58b620688b6eb67deccd4f8fdb76f05838d8f9,277,275,Nudopollis sp.,Nudopollis sp.,Nudopollis sp.,exact,YES,circle,,
D1555_RAS_60_2023_04_20_15_40_35::record_276,D1555_RAS_60_2023_04_20_15_40_35,/rhf/allocations/dsci435/smithsonian_full_sp26/raw/D1555_RAS_60_2023_04_20_15_40_35.ndpi,D1555_RAS_60_2023_04_20_15_40_35.ndpi.ndpa,d116e0947a7f3012782caaf3fc58b620688b6eb67deccd4f8fdb76f05838d8f9,278,276,Nudopollis sp.,Nudopollis sp.,Nudopollis sp.,exact,YES,circle,,
D1555_RAS_60_2023_04_20_15_40_35::record_277,D1555_RAS_60_2023_04_20_15_40_35,/rhf/allocations/dsci435/smithsonian_full_sp26/raw/D1555_RAS_60_2023_04_20_15_40_35.ndpi,D1555_RAS_60_2023_04_20_15_40_35.ndpi.ndpa,d116e0947a7f3012782caaf3fc58b620688b6eb67deccd4f8fdb76f05838d8f9,279,277,Momipites ventifluminis,Momipites ventifluminis,Momipites ventifluminis,exact,YES,circle,,
D1555_RAS_60_2023_04_20_15_40_35::record_278,D1555_RAS_60_2023_04_20_15_40_35,/rhf/allocations/dsci435/smithsonian_full_sp26/raw/D1555_RAS_60_2023_04_20_15_40_35.ndpi,D1555_RAS_60_2023_04_20_15_40_35.ndpi.ndpa,d116e0947a7f3012782caaf3fc58b620688b6eb67deccd4f8fdb76f05838d8f9,280,278,Nudopollis sp.,Nudopollis sp.,Nudopollis sp.,exact,YES,circle,,
D1555_RAS_60_2023_04_20_15_40_35::record_279,D1555_RAS_60_2023_04_20_15_40_35,/rhf/allocations/dsci435/smithsonian_full_sp26/raw/D1555_RAS_60_2023_04_20_15_40_35.ndpi,D1555_RAS_60_2023_04_20_15_40_35.ndpi.ndpa,d116e0947a7f3012782caaf3fc58b620688b6eb67deccd4f8fdb76f05838d8f9,281,279,Nudopollis sp.,Nudopollis sp.,Nudopollis sp.,exact,YES,circle,,
D1555_RAS_60_2023_04_20_15_40_35::record_280,D1555_RAS_60_2023_04_20_15_40_35,/rhf/allocations/dsci435/smithsonian_full_sp26/raw/D1555_RAS_60_2023_04_20_15_40_35.ndpi,D1555_RAS_60_2023_04_20_15_40_35.ndpi.ndpa,d116e0947a7f3012782caaf3fc58b620688b6eb67deccd4f8fdb76f05838d8f9,282,280,Nudopollis sp.,Nudopollis sp.,Nudopollis sp.,exact,YES,circle,,
D1555_RAS_60_2023_04_20_15_40_35::record_281,D1555_RAS_60_2023_04_20_15_40_35,/rhf/allocations/dsci435/smithsonian_full_sp26/raw/D1555_RAS_60_2023_04_20_15_40_35.ndpi,D1555_RAS_60_2023_04_20_15_40_35.ndpi.ndpa,d116e0947a7f3012782caaf3fc58b620688b6eb67deccd4f8fdb76f05838d8f9,283,281,Nudopollis sp.,Nudopollis sp.,Nudopollis sp.,exact,YES,circle,,
D1555_RAS_60_2023_04_20_15_40_35::record_282,D1555_RAS_60_2023_04_20_15_40_35,/rhf/allocations/dsci435/smithsonian_full_sp26/raw/D1555_RAS_60_2023_04_20_15_40_35.ndpi,D1555_RAS_60_2023_04_20_15_40_35.ndpi.ndpa,d116e0947a7f3012782caaf3fc58b620688b6eb67deccd4f8fdb76f05838d8f9,284,282,Nudopollis sp.,Nudopollis sp.,Nudopollis sp.,exact,YES,circle,,
D1555_RAS_60_2023_04_20_15_40_35::record_283,D1555_RAS_60_2023_04_20_15_40_35,/rhf/allocations/dsci435/smithsonian_full_sp26/raw/D1555_RAS_60_2023_04_20_15_40_35.ndpi,D1555_RAS_60_2023_04_20_15_40_35.ndpi.ndpa,d116e0947a7f3012782caaf3fc58b620688b6eb67deccd4f8fdb76f05838d8f9,285,283,Nudopollis sp.,Nudopollis sp.,Nudopollis sp.,exact,YES,circle,,
D1555_RAS_60_2023_04_20_15_40_35::record_284,D1555_RAS_60_2023_04_20_15_40_35,/rhf/allocations/dsci435/smithsonian_full_sp26/raw/D1555_RAS_60_2023_04_20_15_40_35.ndpi,D1555_RAS_60_2023_04_20_15_40_35.ndpi.ndpa,d116e0947a7f3012782caaf3fc58b620688b6eb67deccd4f8fdb76f05838d8f9,286,284,Nudopollis sp.,Nudopollis sp.,Nudopollis sp.,exact,YES,circle,,
D1555_RAS_60_2023_04_20_15_40_35::record_285,D1555_RAS_60_2023_04_20_15_40_35,/rhf/allocations/dsci435/smithsonian_full_sp26/raw/D1555_RAS_60_2023_04_20_15_40_35.ndpi,D1555_RAS_60_2023_04_20_15_40_35.ndpi.ndpa,d116e0947a7f3012782caaf3fc58b620688b6eb67deccd4f8fdb76f05838d8f9,287,285,Nudopollis sp.,Nudopollis sp.,Nudopollis sp.,exact,YES,circle,,
D1555_RAS_60_2023_04_20_15_40_35::record_286,D1555_RAS_60_2023_04_20_15_40_35,/rhf/allocations/dsci435/smithsonian_full_sp26/raw/D1555_RAS_60_2023_04_20_15_40_35.ndpi,D1555_RAS_60_2023_04_20_15_40_35.ndpi.ndpa,d116e0947a7f3012782caaf3fc58b620688b6eb67deccd4f8fdb76f05838d8f9,288,286,Nudopollis sp.,Nudopollis sp.,Nudopollis sp.,exact,YES,circle,,
D1555_RAS_60_2023_04_20_15_40_35::record_287,D1555_RAS_60_2023_04_20_15_40_35,/rhf/allocations/dsci435/smithsonian_full_sp26/raw/D1555_RAS_60_2023_04_20_15_40_35.ndpi,D1555_RAS_60_2023_04_20_15_40_35.ndpi.ndpa,d116e0947a7f3012782caaf3fc58b620688b6eb67deccd4f8fdb76f05838d8f9,289,287,Nudopollis sp.,Nudopollis sp.,Nudopollis sp.,exact,YES,circle,,
D1555_RAS_60_2023_04_20_15_40_35::record_288,D1555_RAS_60_2023_04_20_15_40_35,/rhf/allocations/dsci435/smithsonian_full_sp26/raw/D1555_RAS_60_2023_04_20_15_40_35.ndpi,D1555_RAS_60_2023_04_20_15_40_35.ndpi.ndpa,d116e0947a7f3012782caaf3fc58b620688b6eb67deccd4f8fdb76f05838d8f9,290,288,Laevigatosporites sp.,Laevigatosporites sp.,Laevigatosporites sp.,exact,YES,circle,,
D1555_RAS_60_2023_04_20_15_40_35::record_289,D1555_RAS_60_2023_04_20_15_40_35,/rhf/allocations/dsci435/smithsonian_full_sp26/raw/D1555_RAS_60_2023_04_20_15_40_35.ndpi,D1555_RAS_60_2023_04_20_15_40_35.ndpi.ndpa,d116e0947a7f3012782caaf3fc58b620688b6eb67deccd4f8fdb76f05838d8f9,291,289,Retipollenites sp.,Retipollenites sp.,Retipollenites sp.,exact,YES,circle,,
D1555_RAS_60_2023_04_20_15_40_35::record_290,D1555_RAS_60_2023_04_20_15_40_35,/rhf/allocations/dsci435/smithsonian_full_sp26/raw/D1555_RAS_60_2023_04_20_15_40_35.ndpi,D1555_RAS_60_2023_04_20_15_40_35.ndpi.ndpa,d116e0947a7f3012782caaf3fc58b620688b6eb67deccd4f8fdb76f05838d8f9,292,290,Retipollenites sp.,Retipollenites sp.,Retipollenites sp.,exact,YES,circle,,
D1555_RAS_60_2023_04_20_15_40_35::record_291,D1555_RAS_60_2023_04_20_15_40_35,/rhf/allocations/dsci435/smithsonian_full_sp26/raw/D1555_RAS_60_2023_04_20_15_40_35.ndpi,D1555_RAS_60_2023_04_20_15_40_35.ndpi.ndpa,d116e0947a7f3012782caaf3fc58b620688b6eb67deccd4f8fdb76f05838d8f9,293,291,Retipollenites sp.,Retipollenites sp.,Retipollenites sp.,exact,YES,circle,,
D1555_RAS_60_2023_04_20_15_40_35::record_292,D1555_RAS_60_2023_04_20_15_40_35,/rhf/allocations/dsci435/smithsonian_full_sp26/raw/D1555_RAS_60_2023_04_20_15_40_35.ndpi,D1555_RAS_60_2023_04_20_15_40_35.ndpi.ndpa,d116e0947a7f3012782caaf3fc58b620688b6eb67deccd4f8fdb76f05838d8f9,294,292,Nudopollis sp.,Nudopollis sp.,Nudopollis sp.,exact,YES,circle,,
D1555_RAS_60_2023_04_20_15_40_35::record_293,D1555_RAS_60_2023_04_20_15_40_35,/rhf/allocations/dsci435/smithsonian_full_sp26/raw/D1555_RAS_60_2023_04_20_15_40_35.ndpi,D1555_RAS_60_2023_04_20_15_40_35.ndpi.ndpa,d116e0947a7f3012782caaf3fc58b620688b6eb67deccd4f8fdb76f05838d8f9,295,293,Retipollenites sp.,Retipollenites sp.,Retipollenites sp.,exact,YES,circle,,
D1555_RAS_60_2023_04_20_15_40_35::record_294,D1555_RAS_60_2023_04_20_15_40_35,/rhf/allocations/dsci435/smithsonian_full_sp26/raw/D1555_RAS_60_2023_04_20_15_40_35.ndpi,D1555_RAS_60_2023_04_20_15_40_35.ndpi.ndpa,d116e0947a7f3012782caaf3fc58b620688b6eb67deccd4f8fdb76f05838d8f9,296,294,Retipollenites sp.,Retipollenites sp.,Retipollenites sp.,exact,YES,circle,,
D1555_RAS_60_2023_04_20_15_40_35::record_295,D1555_RAS_60_2023_04_20_15_40_35,/rhf/allocations/dsci435/smithsonian_full_sp26/raw/D1555_RAS_60_2023_04_20_15_40_35.ndpi,D1555_RAS_60_2023_04_20_15_40_35.ndpi.ndpa,d116e0947a7f3012782caaf3fc58b620688b6eb67deccd4f8fdb76f05838d8f9,297,295,Retipollenites sp.,Retipollenites sp.,Retipollenites sp.,exact,YES,circle,,
D1555_RAS_60_2023_04_20_15_40_35::record_296,D1555_RAS_60_2023_04_20_15_40_35,/rhf/allocations/dsci435/smithsonian_full_sp26/raw/D1555_RAS_60_2023_04_20_15_40_35.ndpi,D1555_RAS_60_2023_04_20_15_40_35.ndpi.ndpa,d116e0947a7f3012782caaf3fc58b620688b6eb67deccd4f8fdb76f05838d8f9,298,296,Retipollenites sp.,Retipollenites sp.,Retipollenites sp.,exact,YES,circle,,
D1555_RAS_60_2023_04_20_15_40_35::record_297,D1555_RAS_60_2023_04_20_15_40_35,/rhf/allocations/dsci435/smithsonian_full_sp26/raw/D1555_RAS_60_2023_04_20_15_40_35.ndpi,D1555_RAS_60_2023_04_20_15_40_35.ndpi.ndpa,d116e0947a7f3012782caaf3fc58b620688b6eb67deccd4f8fdb76f05838d8f9,299,297,Retipollenites sp.,Retipollenites sp.,Retipollenites sp.,exact,YES,circle,,
D1555_RAS_60_2023_04_20_15_40_35::record_298,D1555_RAS_60_2023_04_20_15_40_35,/rhf/allocations/dsci435/smithsonian_full_sp26/raw/D1555_RAS_60_2023_04_20_15_40_35.ndpi,D1555_RAS_60_2023_04_20_15_40_35.ndpi.ndpa,d116e0947a7f3012782caaf3fc58b620688b6eb67deccd4f8fdb76f05838d8f9,300,298,Retipollenites sp.,Retipollenites sp.,Retipollenites sp.,exact,YES,circle,,
D1555_RAS_60_2023_04_20_15_40_35::record_299,D1555_RAS_60_2023_04_20_15_40_35,/rhf/allocations/dsci435/smithsonian_full_sp26/raw/D1555_RAS_60_2023_04_20_15_40_35.ndpi,D1555_RAS_60_2023_04_20_15_40_35.ndpi.ndpa,d116e0947a7f3012782caaf3fc58b620688b6eb67deccd4f8fdb76f05838d8f9,301,299,Nudopollis sp.,Nudopollis sp.,Nudopollis sp.,exact,YES,circle,,
D1555_RAS_60_2023_04_20_15_40_35::record_300,D1555_RAS_60_2023_04_20_15_40_35,/rhf/allocations/dsci435/smithsonian_full_sp26/raw/D1555_RAS_60_2023_04_20_15_40_35.ndpi,D1555_RAS_60_2023_04_20_15_40_35.ndpi.ndpa,d116e0947a7f3012782caaf3fc58b620688b6eb67deccd4f8fdb76f05838d8f9,302,300,Retipollenites sp.,Retipollenites sp.,Retipollenites sp.,exact,YES,circle,,
D1555_RAS_60_2023_04_20_15_40_35::record_301,D1555_RAS_60_2023_04_20_15_40_35,/rhf/allocations/dsci435/smithsonian_full_sp26/raw/D1555_RAS_60_2023_04_20_15_40_35.ndpi,D1555_RAS_60_2023_04_20_15_40_35.ndpi.ndpa,d116e0947a7f3012782caaf3fc58b620688b6eb67deccd4f8fdb76f05838d8f9,303,301,Retipollenites sp.,Retipollenites sp.,Retipollenites sp.,exact,YES,circle,,
D1555_RAS_60_2023_04_20_15_40_35::record_302,D1555_RAS_60_2023_04_20_15_40_35,/rhf/allocations/dsci435/smithsonian_full_sp26/raw/D1555_RAS_60_2023_04_20_15_40_35.ndpi,D1555_RAS_60_2023_04_20_15_40_35.ndpi.ndpa,d116e0947a7f3012782caaf3fc58b620688b6eb67deccd4f8fdb76f05838d8f9,304,302,Retipollenites sp.,Retipollenites sp.,Retipollenites sp.,exact,YES,circle,,
D1555_RAS_60_2023_04_20_15_40_35::record_303,D1555_RAS_60_2023_04_20_15_40_35,/rhf/allocations/dsci435/smithsonian_full_sp26/raw/D1555_RAS_60_2023_04_20_15_40_35.ndpi,D1555_RAS_60_2023_04_20_15_40_35.ndpi.ndpa,d116e0947a7f3012782caaf3fc58b620688b6eb67deccd4f8fdb76f05838d8f9,305,303,Momipites ventifluminis,Momipites ventifluminis,Momipites ventifluminis,exact,YES,circle,,
D1555_RAS_60_2023_04_20_15_40_35::record_304,D1555_RAS_60_2023_04_20_15_40_35,/rhf/allocations/dsci435/smithsonian_full_sp26/raw/D1555_RAS_60_2023_04_20_15_40_35.ndpi,D1555_RAS_60_2023_04_20_15_40_35.ndpi.ndpa,d116e0947a7f3012782caaf3fc58b620688b6eb67deccd4f8fdb76f05838d8f9,306,304,Retipollenites sp.,Retipollenites sp.,Retipollenites sp.,exact,YES,circle,,
D1555_RAS_60_2023_04_20_15_40_35::record_305,D1555_RAS_60_2023_04_20_15_40_35,/rhf/allocations/dsci435/smithsonian_full_sp26/raw/D1555_RAS_60_2023_04_20_15_40_35.ndpi,D1555_RAS_60_2023_04_20_15_40_35.ndpi.ndpa,d116e0947a7f3012782caaf3fc58b620688b6eb67deccd4f8fdb76f05838d8f9,307,305,Retipollenites sp.,Retipollenites sp.,Retipollenites sp.,exact,YES,circle,,
D1555_RAS_60_2023_04_20_15_40_35::record_306,D1555_RAS_60_2023_04_20_15_40_35,/rhf/allocations/dsci435/smithsonian_full_sp26/raw/D1555_RAS_60_2023_04_20_15_40_35.ndpi,D1555_RAS_60_2023_04_20_15_40_35.ndpi.ndpa,d116e0947a7f3012782caaf3fc58b620688b6eb67deccd4f8fdb76f05838d8f9,308,306,Retipollenites sp.,Retipollenites sp.,Retipollenites sp.,exact,YES,circle,,
D1555_RAS_60_2023_04_20_15_40_35::record_307,D1555_RAS_60_2023_04_20_15_40_35,/rhf/allocations/dsci435/smithsonian_full_sp26/raw/D1555_RAS_60_2023_04_20_15_40_35.ndpi,D1555_RAS_60_2023_04_20_15_40_35.ndpi.ndpa,d116e0947a7f3012782caaf3fc58b620688b6eb67deccd4f8fdb76f05838d8f9,309,307,Nudopollis sp.,Nudopollis sp.,Nudopollis sp.,exact,YES,circle,,
D1555_RAS_60_2023_04_20_15_40_35::record_308,D1555_RAS_60_2023_04_20_15_40_35,/rhf/allocations/dsci435/smithsonian_full_sp26/raw/D1555_RAS_60_2023_04_20_15_40_35.ndpi,D1555_RAS_60_2023_04_20_15_40_35.ndpi.ndpa,d116e0947a7f3012782caaf3fc58b620688b6eb67deccd4f8fdb76f05838d8f9,310,308,Retipollenites sp.,Retipollenites sp.,Retipollenites sp.,exact,YES,circle,,
D1555_RAS_60_2023_04_20_15_40_35::record_309,D1555_RAS_60_2023_04_20_15_40_35,/rhf/allocations/dsci435/smithsonian_full_sp26/raw/D1555_RAS_60_2023_04_20_15_40_35.ndpi,D1555_RAS_60_2023_04_20_15_40_35.ndpi.ndpa,d116e0947a7f3012782caaf3fc58b620688b6eb67deccd4f8fdb76f05838d8f9,311,309,Nudipollis sp.,Nudipollis sp.,Nudopollis sp.,exact,YES,circle,,
D1555_RAS_60_2023_04_20_15_40_35::record_310,D1555_RAS_60_2023_04_20_15_40_35,/rhf/allocations/dsci435/smithsonian_full_sp26/raw/D1555_RAS_60_2023_04_20_15_40_35.ndpi,D1555_RAS_60_2023_04_20_15_40_35.ndpi.ndpa,d116e0947a7f3012782caaf3fc58b620688b6eb67deccd4f8fdb76f05838d8f9,312,310,Retipollenites sp.,Retipollenites sp.,Retipollenites sp.,exact,YES,circle,,
D1555_RAS_60_2023_04_20_15_40_35::record_311,D1555_RAS_60_2023_04_20_15_40_35,/rhf/allocations/dsci435/smithsonian_full_sp26/raw/D1555_RAS_60_2023_04_20_15_40_35.ndpi,D1555_RAS_60_2023_04_20_15_40_35.ndpi.ndpa,d116e0947a7f3012782caaf3fc58b620688b6eb67deccd4f8fdb76f05838d8f9,313,311,Retipollenites sp.,Retipollenites sp.,Retipollenites sp.,exact,YES,circle,,
D1555_RAS_60_2023_04_20_15_40_35::record_312,D1555_RAS_60_2023_04_20_15_40_35,/rhf/allocations/dsci435/smithsonian_full_sp26/raw/D1555_RAS_60_2023_04_20_15_40_35.ndpi,D1555_RAS_60_2023_04_20_15_40_35.ndpi.ndpa,d116e0947a7f3012782caaf3fc58b620688b6eb67deccd4f8fdb76f05838d8f9,314,312,Retipollenites sp.,Retipollenites sp.,Retipollenites sp.,exact,YES,circle,,
D1555_RAS_60_2023_04_20_15_40_35::record_313,D1555_RAS_60_2023_04_20_15_40_35,/rhf/allocations/dsci435/smithsonian_full_sp26/raw/D1555_RAS_60_2023_04_20_15_40_35.ndpi,D1555_RAS_60_2023_04_20_15_40_35.ndpi.ndpa,d116e0947a7f3012782caaf3fc58b620688b6eb67deccd4f8fdb76f05838d8f9,315,313,Retipollenites sp.,Retipollenites sp.,Retipollenites sp.,exact,YES,circle,,
D1555_RAS_60_2023_04_20_15_40_35::record_314,D1555_RAS_60_2023_04_20_15_40_35,/rhf/allocations/dsci435/smithsonian_full_sp26/raw/D1555_RAS_60_2023_04_20_15_40_35.ndpi,D1555_RAS_60_2023_04_20_15_40_35.ndpi.ndpa,d116e0947a7f3012782caaf3fc58b620688b6eb67deccd4f8fdb76f05838d8f9,316,314,Retipollenites sp.,Retipollenites sp.,Retipollenites sp.,exact,YES,circle,,
D1555_RAS_60_2023_04_20_15_40_35::record_315,D1555_RAS_60_2023_04_20_15_40_35,/rhf/allocations/dsci435/smithsonian_full_sp26/raw/D1555_RAS_60_2023_04_20_15_40_35.ndpi,D1555_RAS_60_2023_04_20_15_40_35.ndpi.ndpa,d116e0947a7f3012782caaf3fc58b620688b6eb67deccd4f8fdb76f05838d8f9,317,315,Retipollenites sp.,Retipollenites sp.,Retipollenites sp.,exact,YES,circle,,
D1555_RAS_60_2023_04_20_15_40_35::record_316,D1555_RAS_60_2023_04_20_15_40_35,/rhf/allocations/dsci435/smithsonian_full_sp26/raw/D1555_RAS_60_2023_04_20_15_40_35.ndpi,D1555_RAS_60_2023_04_20_15_40_35.ndpi.ndpa,d116e0947a7f3012782caaf3fc58b620688b6eb67deccd4f8fdb76f05838d8f9,318,316,Retipollenites sp.,Retipollenites sp.,Retipollenites sp.,exact,YES,circle,,
D1555_RAS_60_2023_04_20_15_40_35::record_317,D1555_RAS_60_2023_04_20_15_40_35,/rhf/allocations/dsci435/smithsonian_full_sp26/raw/D1555_RAS_60_2023_04_20_15_40_35.ndpi,D1555_RAS_60_2023_04_20_15_40_35.ndpi.ndpa,d116e0947a7f3012782caaf3fc58b620688b6eb67deccd4f8fdb76f05838d8f9,319,317,Retipollenites sp.,Retipollenites sp.,Retipollenites sp.,exact,YES,circle,,
D1555_RAS_60_2023_04_20_15_40_35::record_318,D1555_RAS_60_2023_04_20_15_40_35,/rhf/allocations/dsci435/smithsonian_full_sp26/raw/D1555_RAS_60_2023_04_20_15_40_35.ndpi,D1555_RAS_60_2023_04_20_15_40_35.ndpi.ndpa,d116e0947a7f3012782caaf3fc58b620688b6eb67deccd4f8fdb76f05838d8f9,320,318,Retipollenites sp.,Retipollenites sp.,Retipollenites sp.,exact,YES,circle,,
D1555_RAS_60_2023_04_20_15_40_35::record_319,D1555_RAS_60_2023_04_20_15_40_35,/rhf/allocations/dsci435/smithsonian_full_sp26/raw/D1555_RAS_60_2023_04_20_15_40_35.ndpi,D1555_RAS_60_2023_04_20_15_40_35.ndpi.ndpa,d116e0947a7f3012782caaf3fc58b620688b6eb67deccd4f8fdb76f05838d8f9,321,319,Retipollenites sp.,Retipollenites sp.,Retipollenites sp.,exact,YES,circle,,
D1555_RAS_60_2023_04_20_15_40_35::record_320,D1555_RAS_60_2023_04_20_15_40_35,/rhf/allocations/dsci435/smithsonian_full_sp26/raw/D1555_RAS_60_2023_04_20_15_40_35.ndpi,D1555_RAS_60_2023_04_20_15_40_35.ndpi.ndpa,d116e0947a7f3012782caaf3fc58b620688b6eb67deccd4f8fdb76f05838d8f9,322,320,Retipollenites sp.,Retipollenites sp.,Retipollenites sp.,exact,YES,circle,,
D1555_RAS_60_2023_04_20_15_40_35::record_322,D1555_RAS_60_2023_04_20_15_40_35,/rhf/allocations/dsci435/smithsonian_full_sp26/raw/D1555_RAS_60_2023_04_20_15_40_35.ndpi,D1555_RAS_60_2023_04_20_15_40_35.ndpi.ndpa,d116e0947a7f3012782caaf3fc58b620688b6eb67deccd4f8fdb76f05838d8f9,324,322,Retipollenites sp.,Retipollenites sp.,Retipollenites sp.,exact,YES,circle,,
D1555_RAS_60_2023_04_20_15_40_35::record_323,D1555_RAS_60_2023_04_20_15_40_35,/rhf/allocations/dsci435/smithsonian_full_sp26/raw/D1555_RAS_60_2023_04_20_15_40_35.ndpi,D1555_RAS_60_2023_04_20_15_40_35.ndpi.ndpa,d116e0947a7f3012782caaf3fc58b620688b6eb67deccd4f8fdb76f05838d8f9,325,323,Retipollenites sp.,Retipollenites sp.,Retipollenites sp.,exact,YES,circle,,
D1555_RAS_60_2023_04_20_15_40_35::record_324,D1555_RAS_60_2023_04_20_15_40_35,/rhf/allocations/dsci435/smithsonian_full_sp26/raw/D1555_RAS_60_2023_04_20_15_40_35.ndpi,D1555_RAS_60_2023_04_20_15_40_35.ndpi.ndpa,d116e0947a7f3012782caaf3fc58b620688b6eb67deccd4f8fdb76f05838d8f9,326,324,Retipollenites sp.,Retipollenites sp.,Retipollenites sp.,exact,YES,circle,,
D1555_RAS_60_2023_04_20_15_40_35::record_325,D1555_RAS_60_2023_04_20_15_40_35,/rhf/allocations/dsci435/smithsonian_full_sp26/raw/D1555_RAS_60_2023_04_20_15_40_35.ndpi,D1555_RAS_60_2023_04_20_15_40_35.ndpi.ndpa,d116e0947a7f3012782caaf3fc58b620688b6eb67deccd4f8fdb76f05838d8f9,327,325,Nudopollis sp.,Nudopollis sp.,Nudopollis sp.,exact,YES,circle,,
D1555_RAS_60_2023_04_20_15_40_35::record_326,D1555_RAS_60_2023_04_20_15_40_35,/rhf/allocations/dsci435/smithsonian_full_sp26/raw/D1555_RAS_60_2023_04_20_15_40_35.ndpi,D1555_RAS_60_2023_04_20_15_40_35.ndpi.ndpa,d116e0947a7f3012782caaf3fc58b620688b6eb67deccd4f8fdb76f05838d8f9,328,326,Retipollenites sp.,Retipollenites sp.,Retipollenites sp.,exact,YES,circle,,
D1555_RAS_60_2023_04_20_15_40_35::record_327,D1555_RAS_60_2023_04_20_15_40_35,/rhf/allocations/dsci435/smithsonian_full_sp26/raw/D1555_RAS_60_2023_04_20_15_40_35.ndpi,D1555_RAS_60_2023_04_20_15_40_35.ndpi.ndpa,d116e0947a7f3012782caaf3fc58b620688b6eb67deccd4f8fdb76f05838d8f9,329,327,Retipollenites sp.,Retipollenites sp.,Retipollenites sp.,exact,YES,circle,,
D1555_RAS_60_2023_04_20_15_40_35::record_328,D1555_RAS_60_2023_04_20_15_40_35,/rhf/allocations/dsci435/smithsonian_full_sp26/raw/D1555_RAS_60_2023_04_20_15_40_35.ndpi,D1555_RAS_60_2023_04_20_15_40_35.ndpi.ndpa,d116e0947a7f3012782caaf3fc58b620688b6eb67deccd4f8fdb76f05838d8f9,330,328,Retipollenites sp.,Retipollenites sp.,Retipollenites sp.,exact,YES,circle,,
D1555_RAS_60_2023_04_20_15_40_35::record_329,D1555_RAS_60_2023_04_20_15_40_35,/rhf/allocations/dsci435/smithsonian_full_sp26/raw/D1555_RAS_60_2023_04_20_15_40_35.ndpi,D1555_RAS_60_2023_04_20_15_40_35.ndpi.ndpa,d116e0947a7f3012782caaf3fc58b620688b6eb67deccd4f8fdb76f05838d8f9,331,329,Retipollenites sp.,Retipollenites sp.,Retipollenites sp.,exact,YES,circle,,
D1555_RAS_60_2023_04_20_15_40_35::record_330,D1555_RAS_60_2023_04_20_15_40_35,/rhf/allocations/dsci435/smithsonian_full_sp26/raw/D1555_RAS_60_2023_04_20_15_40_35.ndpi,D1555_RAS_60_2023_04_20_15_40_35.ndpi.ndpa,d116e0947a7f3012782caaf3fc58b620688b6eb67deccd4f8fdb76f05838d8f9,332,330,Retipollenites sp.,Retipollenites sp.,Retipollenites sp.,exact,YES,circle,,
D1555_RAS_60_2023_04_20_15_40_35::record_331,D1555_RAS_60_2023_04_20_15_40_35,/rhf/allocations/dsci435/smithsonian_full_sp26/raw/D1555_RAS_60_2023_04_20_15_40_35.ndpi,D1555_RAS_60_2023_04_20_15_40_35.ndpi.ndpa,d116e0947a7f3012782caaf3fc58b620688b6eb67deccd4f8fdb76f05838d8f9,333,331,Retipollenites sp.,Retipollenites sp.,Retipollenites sp.,exact,YES,circle,,
D1555_RAS_60_2023_04_20_15_40_35::record_332,D1555_RAS_60_2023_04_20_15_40_35,/rhf/allocations/dsci435/smithsonian_full_sp26/raw/D1555_RAS_60_2023_04_20_15_40_35.ndpi,D1555_RAS_60_2023_04_20_15_40_35.ndpi.ndpa,d116e0947a7f3012782caaf3fc58b620688b6eb67deccd4f8fdb76f05838d8f9,334,332,Retipollenites sp.,Retipollenites sp.,Retipollenites sp.,exact,YES,circle,,
D1555_RAS_60_2023_04_20_15_40_35::record_333,D1555_RAS_60_2023_04_20_15_40_35,/rhf/allocations/dsci435/smithsonian_full_sp26/raw/D1555_RAS_60_2023_04_20_15_40_35.ndpi,D1555_RAS_60_2023_04_20_15_40_35.ndpi.ndpa,d116e0947a7f3012782caaf3fc58b620688b6eb67deccd4f8fdb76f05838d8f9,335,333,Platycaryapollenites swasticoidus,Platycaryapollenites swasticoidus,Platycaryapollenites swasticoidus,exact,YES,circle,,
D1555_RAS_60_2023_04_20_15_40_35::record_334,D1555_RAS_60_2023_04_20_15_40_35,/rhf/allocations/dsci435/smithsonian_full_sp26/raw/D1555_RAS_60_2023_04_20_15_40_35.ndpi,D1555_RAS_60_2023_04_20_15_40_35.ndpi.ndpa,d116e0947a7f3012782caaf3fc58b620688b6eb67deccd4f8fdb76f05838d8f9,336,334,Platycaryapollenites swasticoidus,Platycaryapollenites swasticoidus,Platycaryapollenites swasticoidus,exact,YES,circle,,
D1555_RAS_60_2023_04_20_15_40_35::record_335,D1555_RAS_60_2023_04_20_15_40_35,/rhf/allocations/dsci435/smithsonian_full_sp26/raw/D1555_RAS_60_2023_04_20_15_40_35.ndpi,D1555_RAS_60_2023_04_20_15_40_35.ndpi.ndpa,d116e0947a7f3012782caaf3fc58b620688b6eb67deccd4f8fdb76f05838d8f9,337,335,Platycaryapollenites swasticoidus,Platycaryapollenites swasticoidus,Platycaryapollenites swasticoidus,exact,YES,circle,,
D1555_RAS_60_2023_04_20_15_40_35::record_336,D1555_RAS_60_2023_04_20_15_40_35,/rhf/allocations/dsci435/smithsonian_full_sp26/raw/D1555_RAS_60_2023_04_20_15_40_35.ndpi,D1555_RAS_60_2023_04_20_15_40_35.ndpi.ndpa,d116e0947a7f3012782caaf3fc58b620688b6eb67deccd4f8fdb76f05838d8f9,338,336,Retipollenites sp.,Retipollenites sp.,Retipollenites sp.,exact,YES,circle,,
D1555_RAS_60_2023_04_20_15_40_35::record_337,D1555_RAS_60_2023_04_20_15_40_35,/rhf/allocations/dsci435/smithsonian_full_sp26/raw/D1555_RAS_60_2023_04_20_15_40_35.ndpi,D1555_RAS_60_2023_04_20_15_40_35.ndpi.ndpa,d116e0947a7f3012782caaf3fc58b620688b6eb67deccd4f8fdb76f05838d8f9,339,337,Platycaryapollenites swasticoidus,Platycaryapollenites swasticoidus,Platycaryapollenites swasticoidus,exact,YES,circle,,
D1555_RAS_60_2023_04_20_15_40_35::record_338,D1555_RAS_60_2023_04_20_15_40_35,/rhf/allocations/dsci435/smithsonian_full_sp26/raw/D1555_RAS_60_2023_04_20_15_40_35.ndpi,D1555_RAS_60_2023_04_20_15_40_35.ndpi.ndpa,d116e0947a7f3012782caaf3fc58b620688b6eb67deccd4f8fdb76f05838d8f9,340,338,Platycaryapollenites swasticoidus,Platycaryapollenites swasticoidus,Platycaryapollenites swasticoidus,exact,YES,circle,,
D1555_RAS_60_2023_04_20_15_40_35::record_339,D1555_RAS_60_2023_04_20_15_40_35,/rhf/allocations/dsci435/smithsonian_full_sp26/raw/D1555_RAS_60_2023_04_20_15_40_35.ndpi,D1555_RAS_60_2023_04_20_15_40_35.ndpi.ndpa,d116e0947a7f3012782caaf3fc58b620688b6eb67deccd4f8fdb76f05838d8f9,341,339,Platycaryapollenites swasticoidus,Platycaryapollenites swasticoidus,Platycaryapollenites swasticoidus,exact,YES,circle,,
D1555_RAS_60_2023_04_20_15_40_35::record_340,D1555_RAS_60_2023_04_20_15_40_35,/rhf/allocations/dsci435/smithsonian_full_sp26/raw/D1555_RAS_60_2023_04_20_15_40_35.ndpi,D1555_RAS_60_2023_04_20_15_40_35.ndpi.ndpa,d116e0947a7f3012782caaf3fc58b620688b6eb67deccd4f8fdb76f05838d8f9,342,340,Platycaryapollenites swasticoidus,Platycaryapollenites swasticoidus,Platycaryapollenites swasticoidus,exact,YES,circle,,
D1555_RAS_60_2023_04_20_15_40_35::record_341,D1555_RAS_60_2023_04_20_15_40_35,/rhf/allocations/dsci435/smithsonian_full_sp26/raw/D1555_RAS_60_2023_04_20_15_40_35.ndpi,D1555_RAS_60_2023_04_20_15_40_35.ndpi.ndpa,d116e0947a7f3012782caaf3fc58b620688b6eb67deccd4f8fdb76f05838d8f9,343,341,Platycaryapollenites swasticoidus,Platycaryapollenites swasticoidus,Platycaryapollenites swasticoidus,exact,YES,circle,,
D1555_RAS_60_2023_04_20_15_40_35::record_342,D1555_RAS_60_2023_04_20_15_40_35,/rhf/allocations/dsci435/smithsonian_full_sp26/raw/D1555_RAS_60_2023_04_20_15_40_35.ndpi,D1555_RAS_60_2023_04_20_15_40_35.ndpi.ndpa,d116e0947a7f3012782caaf3fc58b620688b6eb67deccd4f8fdb76f05838d8f9,344,342,Platycaryapollenites swasticoidus,Platycaryapollenites swasticoidus,Platycaryapollenites swasticoidus,exact,YES,circle,,
D1555_RAS_60_2023_04_20_15_40_35::record_343,D1555_RAS_60_2023_04_20_15_40_35,/rhf/allocations/dsci435/smithsonian_full_sp26/raw/D1555_RAS_60_2023_04_20_15_40_35.ndpi,D1555_RAS_60_2023_04_20_15_40_35.ndpi.ndpa,d116e0947a7f3012782caaf3fc58b620688b6eb67deccd4f8fdb76f05838d8f9,345,343,Retipollenites sp.,Retipollenites sp.,Retipollenites sp.,exact,YES,circle,,
D1555_RAS_60_2023_04_20_15_40_35::record_344,D1555_RAS_60_2023_04_20_15_40_35,/rhf/allocations/dsci435/smithsonian_full_sp26/raw/D1555_RAS_60_2023_04_20_15_40_35.ndpi,D1555_RAS_60_2023_04_20_15_40_35.ndpi.ndpa,d116e0947a7f3012782caaf3fc58b620688b6eb67deccd4f8fdb76f05838d8f9,346,344,Platycaryapollenites swasticoidus,Platycaryapollenites swasticoidus,Platycaryapollenites swasticoidus,exact,YES,circle,,
D1555_RAS_60_2023_04_20_15_40_35::record_345,D1555_RAS_60_2023_04_20_15_40_35,/rhf/allocations/dsci435/smithsonian_full_sp26/raw/D1555_RAS_60_2023_04_20_15_40_35.ndpi,D1555_RAS_60_2023_04_20_15_40_35.ndpi.ndpa,d116e0947a7f3012782caaf3fc58b620688b6eb67deccd4f8fdb76f05838d8f9,347,345,Platycaryapollenites swasticoidus,Platycaryapollenites swasticoidus,Platycaryapollenites swasticoidus,exact,YES,circle,,
D1555_RAS_60_2023_04_20_15_40_35::record_346,D1555_RAS_60_2023_04_20_15_40_35,/rhf/allocations/dsci435/smithsonian_full_sp26/raw/D1555_RAS_60_2023_04_20_15_40_35.ndpi,D1555_RAS_60_2023_04_20_15_40_35.ndpi.ndpa,d116e0947a7f3012782caaf3fc58b620688b6eb67deccd4f8fdb76f05838d8f9,348,346,Platycaryapollenites swasticoidus,Platycaryapollenites swasticoidus,Platycaryapollenites swasticoidus,exact,YES,circle,,
D1555_RAS_60_2023_04_20_15_40_35::record_347,D1555_RAS_60_2023_04_20_15_40_35,/rhf/allocations/dsci435/smithsonian_full_sp26/raw/D1555_RAS_60_2023_04_20_15_40_35.ndpi,D1555_RAS_60_2023_04_20_15_40_35.ndpi.ndpa,d116e0947a7f3012782caaf3fc58b620688b6eb67deccd4f8fdb76f05838d8f9,349,347,Platycaryapollenites swasticoidus,Platycaryapollenites swasticoidus,Platycaryapollenites swasticoidus,exact,YES,circle,,
D1555_RAS_60_2023_04_20_15_40_35::record_348,D1555_RAS_60_2023_04_20_15_40_35,/rhf/allocations/dsci435/smithsonian_full_sp26/raw/D1555_RAS_60_2023_04_20_15_40_35.ndpi,D1555_RAS_60_2023_04_20_15_40_35.ndpi.ndpa,d116e0947a7f3012782caaf3fc58b620688b6eb67deccd4f8fdb76f05838d8f9,350,348,Retipollenites sp.,Retipollenites sp.,Retipollenites sp.,exact,YES,circle,,
D1555_RAS_60_2023_04_20_15_40_35::record_349,D1555_RAS_60_2023_04_20_15_40_35,/rhf/allocations/dsci435/smithsonian_full_sp26/raw/D1555_RAS_60_2023_04_20_15_40_35.ndpi,D1555_RAS_60_2023_04_20_15_40_35.ndpi.ndpa,d116e0947a7f3012782caaf3fc58b620688b6eb67deccd4f8fdb76f05838d8f9,351,349,Retipollenites sp.,Retipollenites sp.,Retipollenites sp.,exact,YES,circle,,
D1555_RAS_60_2023_04_20_15_40_35::record_350,D1555_RAS_60_2023_04_20_15_40_35,/rhf/allocations/dsci435/smithsonian_full_sp26/raw/D1555_RAS_60_2023_04_20_15_40_35.ndpi,D1555_RAS_60_2023_04_20_15_40_35.ndpi.ndpa,d116e0947a7f3012782caaf3fc58b620688b6eb67deccd4f8fdb76f05838d8f9,352,350,Retipollenites sp.,Retipollenites sp.,Retipollenites sp.,exact,YES,circle,,
D1555_RAS_60_2023_04_20_15_40_35::record_351,D1555_RAS_60_2023_04_20_15_40_35,/rhf/allocations/dsci435/smithsonian_full_sp26/raw/D1555_RAS_60_2023_04_20_15_40_35.ndpi,D1555_RAS_60_2023_04_20_15_40_35.ndpi.ndpa,d116e0947a7f3012782caaf3fc58b620688b6eb67deccd4f8fdb76f05838d8f9,353,351,Platycaryapollenites swasticoidus,Platycaryapollenites swasticoidus,Platycaryapollenites swasticoidus,exact,YES,circle,,
D1555_RAS_60_2023_04_20_15_40_35::record_352,D1555_RAS_60_2023_04_20_15_40_35,/rhf/allocations/dsci435/smithsonian_full_sp26/raw/D1555_RAS_60_2023_04_20_15_40_35.ndpi,D1555_RAS_60_2023_04_20_15_40_35.ndpi.ndpa,d116e0947a7f3012782caaf3fc58b620688b6eb67deccd4f8fdb76f05838d8f9,354,352,Platycaryapollenites swasticoidus,Platycaryapollenites swasticoidus,Platycaryapollenites swasticoidus,exact,YES,circle,,
D1555_RAS_60_2023_04_20_15_40_35::record_353,D1555_RAS_60_2023_04_20_15_40_35,/rhf/allocations/dsci435/smithsonian_full_sp26/raw/D1555_RAS_60_2023_04_20_15_40_35.ndpi,D1555_RAS_60_2023_04_20_15_40_35.ndpi.ndpa,d116e0947a7f3012782caaf3fc58b620688b6eb67deccd4f8fdb76f05838d8f9,355,353,Platycaryapollenites swasticoidus,Platycaryapollenites swasticoidus,Platycaryapollenites swasticoidus,exact,YES,circle,,
D1555_RAS_60_2023_04_20_15_40_35::record_354,D1555_RAS_60_2023_04_20_15_40_35,/rhf/allocations/dsci435/smithsonian_full_sp26/raw/D1555_RAS_60_2023_04_20_15_40_35.ndpi,D1555_RAS_60_2023_04_20_15_40_35.ndpi.ndpa,d116e0947a7f3012782caaf3fc58b620688b6eb67deccd4f8fdb76f05838d8f9,356,354,Platycaryapollenites swasticoidus,Platycaryapollenites swasticoidus,Platycaryapollenites swasticoidus,exact,YES,circle,,
D1555_RAS_60_2023_04_20_15_40_35::record_355,D1555_RAS_60_2023_04_20_15_40_35,/rhf/allocations/dsci435/smithsonian_full_sp26/raw/D1555_RAS_60_2023_04_20_15_40_35.ndpi,D1555_RAS_60_2023_04_20_15_40_35.ndpi.ndpa,d116e0947a7f3012782caaf3fc58b620688b6eb67deccd4f8fdb76f05838d8f9,357,355,Platycaryapollenites swasticoidus,Platycaryapollenites swasticoidus,Platycaryapollenites swasticoidus,exact,YES,circle,,
D1555_RAS_60_2023_04_20_15_40_35::record_356,D1555_RAS_60_2023_04_20_15_40_35,/rhf/allocations/dsci435/smithsonian_full_sp26/raw/D1555_RAS_60_2023_04_20_15_40_35.ndpi,D1555_RAS_60_2023_04_20_15_40_35.ndpi.ndpa,d116e0947a7f3012782caaf3fc58b620688b6eb67deccd4f8fdb76f05838d8f9,358,356,Platycaryapollenites swasticoidus,Platycaryapollenites swasticoidus,Platycaryapollenites swasticoidus,exact,YES,circle,,
D1555_RAS_60_2023_04_20_15_40_35::record_357,D1555_RAS_60_2023_04_20_15_40_35,/rhf/allocations/dsci435/smithsonian_full_sp26/raw/D1555_RAS_60_2023_04_20_15_40_35.ndpi,D1555_RAS_60_2023_04_20_15_40_35.ndpi.ndpa,d116e0947a7f3012782caaf3fc58b620688b6eb67deccd4f8fdb76f05838d8f9,359,357,Platycaryapollenites swasticoidus,Platycaryapollenites swasticoidus,Platycaryapollenites swasticoidus,exact,YES,circle,,
D1555_RAS_60_2023_04_20_15_40_35::record_358,D1555_RAS_60_2023_04_20_15_40_35,/rhf/allocations/dsci435/smithsonian_full_sp26/raw/D1555_RAS_60_2023_04_20_15_40_35.ndpi,D1555_RAS_60_2023_04_20_15_40_35.ndpi.ndpa,d116e0947a7f3012782caaf3fc58b620688b6eb67deccd4f8fdb76f05838d8f9,360,358,Platycaryapollenites swasticoidus,Platycaryapollenites swasticoidus,Platycaryapollenites swasticoidus,exact,YES,circle,,
D1555_RAS_60_2023_04_20_15_40_35::record_359,D1555_RAS_60_2023_04_20_15_40_35,/rhf/allocations/dsci435/smithsonian_full_sp26/raw/D1555_RAS_60_2023_04_20_15_40_35.ndpi,D1555_RAS_60_2023_04_20_15_40_35.ndpi.ndpa,d116e0947a7f3012782caaf3fc58b620688b6eb67deccd4f8fdb76f05838d8f9,361,359,Platycaryapollenites swasticoidus,Platycaryapollenites swasticoidus,Platycaryapollenites swasticoidus,exact,YES,circle,,
D1555_RAS_60_2023_04_20_15_40_35::record_360,D1555_RAS_60_2023_04_20_15_40_35,/rhf/allocations/dsci435/smithsonian_full_sp26/raw/D1555_RAS_60_2023_04_20_15_40_35.ndpi,D1555_RAS_60_2023_04_20_15_40_35.ndpi.ndpa,d116e0947a7f3012782caaf3fc58b620688b6eb67deccd4f8fdb76f05838d8f9,362,360,Platycaryapollenites swasticoidus,Platycaryapollenites swasticoidus,Platycaryapollenites swasticoidus,exact,YES,circle,,
D1555_RAS_60_2023_04_20_15_40_35::record_361,D1555_RAS_60_2023_04_20_15_40_35,/rhf/allocations/dsci435/smithsonian_full_sp26/raw/D1555_RAS_60_2023_04_20_15_40_35.ndpi,D1555_RAS_60_2023_04_20_15_40_35.ndpi.ndpa,d116e0947a7f3012782caaf3fc58b620688b6eb67deccd4f8fdb76f05838d8f9,363,361,Platycaryapollenites swasticoidus,Platycaryapollenites swasticoidus,Platycaryapollenites swasticoidus,exact,YES,circle,,
D1555_RAS_60_2023_04_20_15_40_35::record_362,D1555_RAS_60_2023_04_20_15_40_35,/rhf/allocations/dsci435/smithsonian_full_sp26/raw/D1555_RAS_60_2023_04_20_15_40_35.ndpi,D1555_RAS_60_2023_04_20_15_40_35.ndpi.ndpa,d116e0947a7f3012782caaf3fc58b620688b6eb67deccd4f8fdb76f05838d8f9,364,362,Platycaryapollenites swasticoidus,Platycaryapollenites swasticoidus,Platycaryapollenites swasticoidus,exact,YES,circle,,
D1555_RAS_60_2023_04_20_15_40_35::record_363,D1555_RAS_60_2023_04_20_15_40_35,/rhf/allocations/dsci435/smithsonian_full_sp26/raw/D1555_RAS_60_2023_04_20_15_40_35.ndpi,D1555_RAS_60_2023_04_20_15_40_35.ndpi.ndpa,d116e0947a7f3012782caaf3fc58b620688b6eb67deccd4f8fdb76f05838d8f9,365,363,Platycaryapollenites swasticoidus,Platycaryapollenites swasticoidus,Platycaryapollenites swasticoidus,exact,YES,circle,,
D1555_RAS_60_2023_04_20_15_40_35::record_364,D1555_RAS_60_2023_04_20_15_40_35,/rhf/allocations/dsci435/smithsonian_full_sp26/raw/D1555_RAS_60_2023_04_20_15_40_35.ndpi,D1555_RAS_60_2023_04_20_15_40_35.ndpi.ndpa,d116e0947a7f3012782caaf3fc58b620688b6eb67deccd4f8fdb76f05838d8f9,366,364,Platycaryapollenites swasticoidus,Platycaryapollenites swasticoidus,Platycaryapollenites swasticoidus,exact,YES,circle,,
D1555_RAS_60_2023_04_20_15_40_35::record_365,D1555_RAS_60_2023_04_20_15_40_35,/rhf/allocations/dsci435/smithsonian_full_sp26/raw/D1555_RAS_60_2023_04_20_15_40_35.ndpi,D1555_RAS_60_2023_04_20_15_40_35.ndpi.ndpa,d116e0947a7f3012782caaf3fc58b620688b6eb67deccd4f8fdb76f05838d8f9,367,365,Platycaryapollenites swasticoidus,Platycaryapollenites swasticoidus,Platycaryapollenites swasticoidus,exact,YES,circle,,
D1555_RAS_60_2023_04_20_15_40_35::record_366,D1555_RAS_60_2023_04_20_15_40_35,/rhf/allocations/dsci435/smithsonian_full_sp26/raw/D1555_RAS_60_2023_04_20_15_40_35.ndpi,D1555_RAS_60_2023_04_20_15_40_35.ndpi.ndpa,d116e0947a7f3012782caaf3fc58b620688b6eb67deccd4f8fdb76f05838d8f9,368,366,Momipites vermifluminis,Momipites vermifluminis,Momipites ventifluminis,exact,YES,circle,,
D1555_RAS_60_2023_04_20_15_40_35::record_367,D1555_RAS_60_2023_04_20_15_40_35,/rhf/allocations/dsci435/smithsonian_full_sp26/raw/D1555_RAS_60_2023_04_20_15_40_35.ndpi,D1555_RAS_60_2023_04_20_15_40_35.ndpi.ndpa,d116e0947a7f3012782caaf3fc58b620688b6eb67deccd4f8fdb76f05838d8f9,369,367,Platycaryapollenites swasticoidus,Platycaryapollenites swasticoidus,Platycaryapollenites swasticoidus,exact,YES,circle,,
D1555_RAS_60_2023_04_20_15_40_35::record_368,D1555_RAS_60_2023_04_20_15_40_35,/rhf/allocations/dsci435/smithsonian_full_sp26/raw/D1555_RAS_60_2023_04_20_15_40_35.ndpi,D1555_RAS_60_2023_04_20_15_40_35.ndpi.ndpa,d116e0947a7f3012782caaf3fc58b620688b6eb67deccd4f8fdb76f05838d8f9,370,368,Platycaryapollenites swasticoidus,Platycaryapollenites swasticoidus,Platycaryapollenites swasticoidus,exact,YES,circle,,
D1555_RAS_60_2023_04_20_15_40_35::record_369,D1555_RAS_60_2023_04_20_15_40_35,/rhf/allocations/dsci435/smithsonian_full_sp26/raw/D1555_RAS_60_2023_04_20_15_40_35.ndpi,D1555_RAS_60_2023_04_20_15_40_35.ndpi.ndpa,d116e0947a7f3012782caaf3fc58b620688b6eb67deccd4f8fdb76f05838d8f9,371,369,Platycaryapollenites swasticoidus,Platycaryapollenites swasticoidus,Platycaryapollenites swasticoidus,exact,YES,circle,,
D1555_RAS_60_2023_04_20_15_40_35::record_370,D1555_RAS_60_2023_04_20_15_40_35,/rhf/allocations/dsci435/smithsonian_full_sp26/raw/D1555_RAS_60_2023_04_20_15_40_35.ndpi,D1555_RAS_60_2023_04_20_15_40_35.ndpi.ndpa,d116e0947a7f3012782caaf3fc58b620688b6eb67deccd4f8fdb76f05838d8f9,372,370,Platycaryapollenites swasticoidus,Platycaryapollenites swasticoidus,Platycaryapollenites swasticoidus,exact,YES,circle,,
D1555_RAS_60_2023_04_20_15_40_35::record_371,D1555_RAS_60_2023_04_20_15_40_35,/rhf/allocations/dsci435/smithsonian_full_sp26/raw/D1555_RAS_60_2023_04_20_15_40_35.ndpi,D1555_RAS_60_2023_04_20_15_40_35.ndpi.ndpa,d116e0947a7f3012782caaf3fc58b620688b6eb67deccd4f8fdb76f05838d8f9,373,371,Platycaryapollenites swasticoidus,Platycaryapollenites swasticoidus,Platycaryapollenites swasticoidus,exact,YES,circle,,
D1555_RAS_60_2023_04_20_15_40_35::record_372,D1555_RAS_60_2023_04_20_15_40_35,/rhf/allocations/dsci435/smithsonian_full_sp26/raw/D1555_RAS_60_2023_04_20_15_40_35.ndpi,D1555_RAS_60_2023_04_20_15_40_35.ndpi.ndpa,d116e0947a7f3012782caaf3fc58b620688b6eb67deccd4f8fdb76f05838d8f9,374,372,Platycaryapollenites swasticoidus,Platycaryapollenites swasticoidus,Platycaryapollenites swasticoidus,exact,YES,circle,,
D1555_RAS_60_2023_04_20_15_40_35::record_373,D1555_RAS_60_2023_04_20_15_40_35,/rhf/allocations/dsci435/smithsonian_full_sp26/raw/D1555_RAS_60_2023_04_20_15_40_35.ndpi,D1555_RAS_60_2023_04_20_15_40_35.ndpi.ndpa,d116e0947a7f3012782caaf3fc58b620688b6eb67deccd4f8fdb76f05838d8f9,375,373,Platycaryapollenites swasticoidus,Platycaryapollenites swasticoidus,Platycaryapollenites swasticoidus,exact,YES,circle,,
D1555_RAS_60_2023_04_20_15_40_35::record_374,D1555_RAS_60_2023_04_20_15_40_35,/rhf/allocations/dsci435/smithsonian_full_sp26/raw/D1555_RAS_60_2023_04_20_15_40_35.ndpi,D1555_RAS_60_2023_04_20_15_40_35.ndpi.ndpa,d116e0947a7f3012782caaf3fc58b620688b6eb67deccd4f8fdb76f05838d8f9,376,374,Platycaryapollenites swasticoidus,Platycaryapollenites swasticoidus,Platycaryapollenites swasticoidus,exact,YES,circle,,
D1555_RAS_60_2023_04_20_15_40_35::record_375,D1555_RAS_60_2023_04_20_15_40_35,/rhf/allocations/dsci435/smithsonian_full_sp26/raw/D1555_RAS_60_2023_04_20_15_40_35.ndpi,D1555_RAS_60_2023_04_20_15_40_35.ndpi.ndpa,d116e0947a7f3012782caaf3fc58b620688b6eb67deccd4f8fdb76f05838d8f9,377,375,Platycaryapollenites swasticoidus,Platycaryapollenites swasticoidus,Platycaryapollenites swasticoidus,exact,YES,circle,,
D1555_RAS_60_2023_04_20_15_40_35::record_376,D1555_RAS_60_2023_04_20_15_40_35,/rhf/allocations/dsci435/smithsonian_full_sp26/raw/D1555_RAS_60_2023_04_20_15_40_35.ndpi,D1555_RAS_60_2023_04_20_15_40_35.ndpi.ndpa,d116e0947a7f3012782caaf3fc58b620688b6eb67deccd4f8fdb76f05838d8f9,378,376,Platycaryapollenites swasticoidus,Platycaryapollenites swasticoidus,Platycaryapollenites swasticoidus,exact,YES,circle,,
D1555_RAS_60_2023_04_20_15_40_35::record_377,D1555_RAS_60_2023_04_20_15_40_35,/rhf/allocations/dsci435/smithsonian_full_sp26/raw/D1555_RAS_60_2023_04_20_15_40_35.ndpi,D1555_RAS_60_2023_04_20_15_40_35.ndpi.ndpa,d116e0947a7f3012782caaf3fc58b620688b6eb67deccd4f8fdb76f05838d8f9,379,377,Platycaryapollenites swasticoidus,Platycaryapollenites swasticoidus,Platycaryapollenites swasticoidus,exact,YES,circle,,
D1555_RAS_60_2023_04_20_15_40_35::record_378,D1555_RAS_60_2023_04_20_15_40_35,/rhf/allocations/dsci435/smithsonian_full_sp26/raw/D1555_RAS_60_2023_04_20_15_40_35.ndpi,D1555_RAS_60_2023_04_20_15_40_35.ndpi.ndpa,d116e0947a7f3012782caaf3fc58b620688b6eb67deccd4f8fdb76f05838d8f9,380,378,Platycaryapollenites swasticoidus,Platycaryapollenites swasticoidus,Platycaryapollenites swasticoidus,exact,YES,circle,,
D1555_RAS_60_2023_04_20_15_40_35::record_379,D1555_RAS_60_2023_04_20_15_40_35,/rhf/allocations/dsci435/smithsonian_full_sp26/raw/D1555_RAS_60_2023_04_20_15_40_35.ndpi,D1555_RAS_60_2023_04_20_15_40_35.ndpi.ndpa,d116e0947a7f3012782caaf3fc58b620688b6eb67deccd4f8fdb76f05838d8f9,381,379,Platycaryapollenites swasticoidus,Platycaryapollenites swasticoidus,Platycaryapollenites swasticoidus,exact,YES,circle,,
D1555_RAS_60_2023_04_20_15_40_35::record_380,D1555_RAS_60_2023_04_20_15_40_35,/rhf/allocations/dsci435/smithsonian_full_sp26/raw/D1555_RAS_60_2023_04_20_15_40_35.ndpi,D1555_RAS_60_2023_04_20_15_40_35.ndpi.ndpa,d116e0947a7f3012782caaf3fc58b620688b6eb67deccd4f8fdb76f05838d8f9,382,380,Platycaryapollenites swasticoidus,Platycaryapollenites swasticoidus,Platycaryapollenites swasticoidus,exact,YES,circle,,
D1555_RAS_60_2023_04_20_15_40_35::record_381,D1555_RAS_60_2023_04_20_15_40_35,/rhf/allocations/dsci435/smithsonian_full_sp26/raw/D1555_RAS_60_2023_04_20_15_40_35.ndpi,D1555_RAS_60_2023_04_20_15_40_35.ndpi.ndpa,d116e0947a7f3012782caaf3fc58b620688b6eb67deccd4f8fdb76f05838d8f9,383,381,Platycaryapollenites swasticoidus,Platycaryapollenites swasticoidus,Platycaryapollenites swasticoidus,exact,YES,circle,,
D1555_RAS_60_2023_04_20_15_40_35::record_382,D1555_RAS_60_2023_04_20_15_40_35,/rhf/allocations/dsci435/smithsonian_full_sp26/raw/D1555_RAS_60_2023_04_20_15_40_35.ndpi,D1555_RAS_60_2023_04_20_15_40_35.ndpi.ndpa,d116e0947a7f3012782caaf3fc58b620688b6eb67deccd4f8fdb76f05838d8f9,384,382,Platycaryapollenites swasticoidus,Platycaryapollenites swasticoidus,Platycaryapollenites swasticoidus,exact,YES,circle,,
D1555_RAS_60_2023_04_20_15_40_35::record_383,D1555_RAS_60_2023_04_20_15_40_35,/rhf/allocations/dsci435/smithsonian_full_sp26/raw/D1555_RAS_60_2023_04_20_15_40_35.ndpi,D1555_RAS_60_2023_04_20_15_40_35.ndpi.ndpa,d116e0947a7f3012782caaf3fc58b620688b6eb67deccd4f8fdb76f05838d8f9,385,383,Platycaryapollenites swasticoidus,Platycaryapollenites swasticoidus,Platycaryapollenites swasticoidus,exact,YES,circle,,
D1555_RAS_60_2023_04_20_15_40_35::record_384,D1555_RAS_60_2023_04_20_15_40_35,/rhf/allocations/dsci435/smithsonian_full_sp26/raw/D1555_RAS_60_2023_04_20_15_40_35.ndpi,D1555_RAS_60_2023_04_20_15_40_35.ndpi.ndpa,d116e0947a7f3012782caaf3fc58b620688b6eb67deccd4f8fdb76f05838d8f9,386,384,Platycaryapollenites swasticoidus,Platycaryapollenites swasticoidus,Platycaryapollenites swasticoidus,exact,YES,circle,,
D1555_RAS_60_2023_04_20_15_40_35::record_385,D1555_RAS_60_2023_04_20_15_40_35,/rhf/allocations/dsci435/smithsonian_full_sp26/raw/D1555_RAS_60_2023_04_20_15_40_35.ndpi,D1555_RAS_60_2023_04_20_15_40_35.ndpi.ndpa,d116e0947a7f3012782caaf3fc58b620688b6eb67deccd4f8fdb76f05838d8f9,387,385,Platycaryapollenites swasticoidus,Platycaryapollenites swasticoidus,Platycaryapollenites swasticoidus,exact,YES,circle,,
D1555_RAS_60_2023_04_20_15_40_35::record_386,D1555_RAS_60_2023_04_20_15_40_35,/rhf/allocations/dsci435/smithsonian_full_sp26/raw/D1555_RAS_60_2023_04_20_15_40_35.ndpi,D1555_RAS_60_2023_04_20_15_40_35.ndpi.ndpa,d116e0947a7f3012782caaf3fc58b620688b6eb67deccd4f8fdb76f05838d8f9,388,386,Platycaryapollenites swasticoidus,Platycaryapollenites swasticoidus,Platycaryapollenites swasticoidus,exact,YES,circle,,
D1555_RAS_60_2023_04_20_15_40_35::record_387,D1555_RAS_60_2023_04_20_15_40_35,/rhf/allocations/dsci435/smithsonian_full_sp26/raw/D1555_RAS_60_2023_04_20_15_40_35.ndpi,D1555_RAS_60_2023_04_20_15_40_35.ndpi.ndpa,d116e0947a7f3012782caaf3fc58b620688b6eb67deccd4f8fdb76f05838d8f9,389,387,Platycaryapollenites swasticoidus,Platycaryapollenites swasticoidus,Platycaryapollenites swasticoidus,exact,YES,circle,,
D1555_RAS_60_2023_04_20_15_40_35::record_388,D1555_RAS_60_2023_04_20_15_40_35,/rhf/allocations/dsci435/smithsonian_full_sp26/raw/D1555_RAS_60_2023_04_20_15_40_35.ndpi,D1555_RAS_60_2023_04_20_15_40_35.ndpi.ndpa,d116e0947a7f3012782caaf3fc58b620688b6eb67deccd4f8fdb76f05838d8f9,390,388,Platycaryapollenites swasticoidus,Platycaryapollenites swasticoidus,Platycaryapollenites swasticoidus,exact,YES,circle,,
D1555_RAS_60_2023_04_20_15_40_35::record_389,D1555_RAS_60_2023_04_20_15_40_35,/rhf/allocations/dsci435/smithsonian_full_sp26/raw/D1555_RAS_60_2023_04_20_15_40_35.ndpi,D1555_RAS_60_2023_04_20_15_40_35.ndpi.ndpa,d116e0947a7f3012782caaf3fc58b620688b6eb67deccd4f8fdb76f05838d8f9,391,389,Platycaryapollenites swasticoidus,Platycaryapollenites swasticoidus,Platycaryapollenites swasticoidus,exact,YES,circle,,
D1555_RAS_60_2023_04_20_15_40_35::record_390,D1555_RAS_60_2023_04_20_15_40_35,/rhf/allocations/dsci435/smithsonian_full_sp26/raw/D1555_RAS_60_2023_04_20_15_40_35.ndpi,D1555_RAS_60_2023_04_20_15_40_35.ndpi.ndpa,d116e0947a7f3012782caaf3fc58b620688b6eb67deccd4f8fdb76f05838d8f9,392,390,Platycaryapollenites swasticoidus,Platycaryapollenites swasticoidus,Platycaryapollenites swasticoidus,exact,YES,circle,,
D1555_RAS_60_2023_04_20_15_40_35::record_391,D1555_RAS_60_2023_04_20_15_40_35,/rhf/allocations/dsci435/smithsonian_full_sp26/raw/D1555_RAS_60_2023_04_20_15_40_35.ndpi,D1555_RAS_60_2023_04_20_15_40_35.ndpi.ndpa,d116e0947a7f3012782caaf3fc58b620688b6eb67deccd4f8fdb76f05838d8f9,393,391,Platycaryapollenites swasticoidus,Platycaryapollenites swasticoidus,Platycaryapollenites swasticoidus,exact,YES,circle,,
D1555_RAS_60_2023_04_20_15_40_35::record_392,D1555_RAS_60_2023_04_20_15_40_35,/rhf/allocations/dsci435/smithsonian_full_sp26/raw/D1555_RAS_60_2023_04_20_15_40_35.ndpi,D1555_RAS_60_2023_04_20_15_40_35.ndpi.ndpa,d116e0947a7f3012782caaf3fc58b620688b6eb67deccd4f8fdb76f05838d8f9,394,392,Platycaryapollenites swasticoidus,Platycaryapollenites swasticoidus,Platycaryapollenites swasticoidus,exact,YES,circle,,
D1555_RAS_60_2023_04_20_15_40_35::record_393,D1555_RAS_60_2023_04_20_15_40_35,/rhf/allocations/dsci435/smithsonian_full_sp26/raw/D1555_RAS_60_2023_04_20_15_40_35.ndpi,D1555_RAS_60_2023_04_20_15_40_35.ndpi.ndpa,d116e0947a7f3012782caaf3fc58b620688b6eb67deccd4f8fdb76f05838d8f9,395,393,Platycaryapollenites swasticoidus,Platycaryapollenites swasticoidus,Platycaryapollenites swasticoidus,exact,YES,circle,,
D1555_RAS_60_2023_04_20_15_40_35::record_394,D1555_RAS_60_2023_04_20_15_40_35,/rhf/allocations/dsci435/smithsonian_full_sp26/raw/D1555_RAS_60_2023_04_20_15_40_35.ndpi,D1555_RAS_60_2023_04_20_15_40_35.ndpi.ndpa,d116e0947a7f3012782caaf3fc58b620688b6eb67deccd4f8fdb76f05838d8f9,396,394,Platycaryapollenites swasticoidus,Platycaryapollenites swasticoidus,Platycaryapollenites swasticoidus,exact,YES,circle,,
D1555_RAS_60_2023_04_20_15_40_35::record_395,D1555_RAS_60_2023_04_20_15_40_35,/rhf/allocations/dsci435/smithsonian_full_sp26/raw/D1555_RAS_60_2023_04_20_15_40_35.ndpi,D1555_RAS_60_2023_04_20_15_40_35.ndpi.ndpa,d116e0947a7f3012782caaf3fc58b620688b6eb67deccd4f8fdb76f05838d8f9,397,395,Nudopollis sp.,Nudopollis sp.,Nudopollis sp.,exact,YES,circle,,
D1555_RAS_60_2023_04_20_15_40_35::record_396,D1555_RAS_60_2023_04_20_15_40_35,/rhf/allocations/dsci435/smithsonian_full_sp26/raw/D1555_RAS_60_2023_04_20_15_40_35.ndpi,D1555_RAS_60_2023_04_20_15_40_35.ndpi.ndpa,d116e0947a7f3012782caaf3fc58b620688b6eb67deccd4f8fdb76f05838d8f9,398,396,Platycaryapollenites swasticoidus,Platycaryapollenites swasticoidus,Platycaryapollenites swasticoidus,exact,YES,circle,,
D1555_RAS_60_2023_04_20_15_40_35::record_397,D1555_RAS_60_2023_04_20_15_40_35,/rhf/allocations/dsci435/smithsonian_full_sp26/raw/D1555_RAS_60_2023_04_20_15_40_35.ndpi,D1555_RAS_60_2023_04_20_15_40_35.ndpi.ndpa,d116e0947a7f3012782caaf3fc58b620688b6eb67deccd4f8fdb76f05838d8f9,399,397,Platycaryapollenites swasticoidus,Platycaryapollenites swasticoidus,Platycaryapollenites swasticoidus,exact,YES,circle,,
D1555_RAS_60_2023_04_20_15_40_35::record_398,D1555_RAS_60_2023_04_20_15_40_35,/rhf/allocations/dsci435/smithsonian_full_sp26/raw/D1555_RAS_60_2023_04_20_15_40_35.ndpi,D1555_RAS_60_2023_04_20_15_40_35.ndpi.ndpa,d116e0947a7f3012782caaf3fc58b620688b6eb67deccd4f8fdb76f05838d8f9,400,398,Platycaryapollenites swasticoidus,Platycaryapollenites swasticoidus,Platycaryapollenites swasticoidus,exact,YES,circle,,
D1555_RAS_60_2023_04_20_15_40_35::record_399,D1555_RAS_60_2023_04_20_15_40_35,/rhf/allocations/dsci435/smithsonian_full_sp26/raw/D1555_RAS_60_2023_04_20_15_40_35.ndpi,D1555_RAS_60_2023_04_20_15_40_35.ndpi.ndpa,d116e0947a7f3012782caaf3fc58b620688b6eb67deccd4f8fdb76f05838d8f9,401,399,Platycaryapollenites swasticoidus,Platycaryapollenites swasticoidus,Platycaryapollenites swasticoidus,exact,YES,circle,,
D1555_RAS_60_2023_04_20_15_40_35::record_400,D1555_RAS_60_2023_04_20_15_40_35,/rhf/allocations/dsci435/smithsonian_full_sp26/raw/D1555_RAS_60_2023_04_20_15_40_35.ndpi,D1555_RAS_60_2023_04_20_15_40_35.ndpi.ndpa,d116e0947a7f3012782caaf3fc58b620688b6eb67deccd4f8fdb76f05838d8f9,402,400,Platycaryapollenites swasticoidus,Platycaryapollenites swasticoidus,Platycaryapollenites swasticoidus,exact,YES,circle,,
D1555_RAS_60_2023_04_20_15_40_35::record_401,D1555_RAS_60_2023_04_20_15_40_35,/rhf/allocations/dsci435/smithsonian_full_sp26/raw/D1555_RAS_60_2023_04_20_15_40_35.ndpi,D1555_RAS_60_2023_04_20_15_40_35.ndpi.ndpa,d116e0947a7f3012782caaf3fc58b620688b6eb67deccd4f8fdb76f05838d8f9,403,401,Platycaryapollenites swasticoidus,Platycaryapollenites swasticoidus,Platycaryapollenites swasticoidus,exact,YES,circle,,
D1555_RAS_60_2023_04_20_15_40_35::record_402,D1555_RAS_60_2023_04_20_15_40_35,/rhf/allocations/dsci435/smithsonian_full_sp26/raw/D1555_RAS_60_2023_04_20_15_40_35.ndpi,D1555_RAS_60_2023_04_20_15_40_35.ndpi.ndpa,d116e0947a7f3012782caaf3fc58b620688b6eb67deccd4f8fdb76f05838d8f9,404,402,Nudopollis sp.,Nudopollis sp.,Nudopollis sp.,exact,YES,circle,,
D1555_RAS_60_2023_04_20_15_40_35::record_403,D1555_RAS_60_2023_04_20_15_40_35,/rhf/allocations/dsci435/smithsonian_full_sp26/raw/D1555_RAS_60_2023_04_20_15_40_35.ndpi,D1555_RAS_60_2023_04_20_15_40_35.ndpi.ndpa,d116e0947a7f3012782caaf3fc58b620688b6eb67deccd4f8fdb76f05838d8f9,405,403,Platycaryapollenites swasticoidus,Platycaryapollenites swasticoidus,Platycaryapollenites swasticoidus,exact,YES,circle,,
D1555_RAS_60_2023_04_20_15_40_35::record_404,D1555_RAS_60_2023_04_20_15_40_35,/rhf/allocations/dsci435/smithsonian_full_sp26/raw/D1555_RAS_60_2023_04_20_15_40_35.ndpi,D1555_RAS_60_2023_04_20_15_40_35.ndpi.ndpa,d116e0947a7f3012782caaf3fc58b620688b6eb67deccd4f8fdb76f05838d8f9,406,404,Platycaryapollenites swasticoidus,Platycaryapollenites swasticoidus,Platycaryapollenites swasticoidus,exact,YES,circle,,
D1555_RAS_60_2023_04_20_15_40_35::record_405,D1555_RAS_60_2023_04_20_15_40_35,/rhf/allocations/dsci435/smithsonian_full_sp26/raw/D1555_RAS_60_2023_04_20_15_40_35.ndpi,D1555_RAS_60_2023_04_20_15_40_35.ndpi.ndpa,d116e0947a7f3012782caaf3fc58b620688b6eb67deccd4f8fdb76f05838d8f9,407,405,Platycaryapollenites swasticoidus,Platycaryapollenites swasticoidus,Platycaryapollenites swasticoidus,exact,YES,circle,,
D1555_RAS_60_2023_04_20_15_40_35::record_406,D1555_RAS_60_2023_04_20_15_40_35,/rhf/allocations/dsci435/smithsonian_full_sp26/raw/D1555_RAS_60_2023_04_20_15_40_35.ndpi,D1555_RAS_60_2023_04_20_15_40_35.ndpi.ndpa,d116e0947a7f3012782caaf3fc58b620688b6eb67deccd4f8fdb76f05838d8f9,408,406,Retipollenites sp.,Retipollenites sp.,Retipollenites sp.,exact,YES,circle,,
D1555_RAS_60_2023_04_20_15_40_35::record_407,D1555_RAS_60_2023_04_20_15_40_35,/rhf/allocations/dsci435/smithsonian_full_sp26/raw/D1555_RAS_60_2023_04_20_15_40_35.ndpi,D1555_RAS_60_2023_04_20_15_40_35.ndpi.ndpa,d116e0947a7f3012782caaf3fc58b620688b6eb67deccd4f8fdb76f05838d8f9,409,407,Platycaryapollenites swasticoidus,Platycaryapollenites swasticoidus,Platycaryapollenites swasticoidus,exact,YES,circle,,
D1555_RAS_60_2023_04_20_15_40_35::record_408,D1555_RAS_60_2023_04_20_15_40_35,/rhf/allocations/dsci435/smithsonian_full_sp26/raw/D1555_RAS_60_2023_04_20_15_40_35.ndpi,D1555_RAS_60_2023_04_20_15_40_35.ndpi.ndpa,d116e0947a7f3012782caaf3fc58b620688b6eb67deccd4f8fdb76f05838d8f9,410,408,Platycaryapollenites swasticoidus,Platycaryapollenites swasticoidus,Platycaryapollenites swasticoidus,exact,YES,circle,,
D1555_RAS_60_2023_04_20_15_40_35::record_409,D1555_RAS_60_2023_04_20_15_40_35,/rhf/allocations/dsci435/smithsonian_full_sp26/raw/D1555_RAS_60_2023_04_20_15_40_35.ndpi,D1555_RAS_60_2023_04_20_15_40_35.ndpi.ndpa,d116e0947a7f3012782caaf3fc58b620688b6eb67deccd4f8fdb76f05838d8f9,411,409,Platycaryapollenites swasticoidus,Platycaryapollenites swasticoidus,Platycaryapollenites swasticoidus,exact,YES,circle,,
D1555_RAS_60_2023_04_20_15_40_35::record_410,D1555_RAS_60_2023_04_20_15_40_35,/rhf/allocations/dsci435/smithsonian_full_sp26/raw/D1555_RAS_60_2023_04_20_15_40_35.ndpi,D1555_RAS_60_2023_04_20_15_40_35.ndpi.ndpa,d116e0947a7f3012782caaf3fc58b620688b6eb67deccd4f8fdb76f05838d8f9,412,410,Platycaryapollenites swasticoidus,Platycaryapollenites swasticoidus,Platycaryapollenites swasticoidus,exact,YES,circle,,
D1555_RAS_60_2023_04_20_15_40_35::record_411,D1555_RAS_60_2023_04_20_15_40_35,/rhf/allocations/dsci435/smithsonian_full_sp26/raw/D1555_RAS_60_2023_04_20_15_40_35.ndpi,D1555_RAS_60_2023_04_20_15_40_35.ndpi.ndpa,d116e0947a7f3012782caaf3fc58b620688b6eb67deccd4f8fdb76f05838d8f9,413,411,Platycaryapollenites swasticoidus,Platycaryapollenites swasticoidus,Platycaryapollenites swasticoidus,exact,YES,circle,,
D1555_RAS_60_2023_04_20_15_40_35::record_412,D1555_RAS_60_2023_04_20_15_40_35,/rhf/allocations/dsci435/smithsonian_full_sp26/raw/D1555_RAS_60_2023_04_20_15_40_35.ndpi,D1555_RAS_60_2023_04_20_15_40_35.ndpi.ndpa,d116e0947a7f3012782caaf3fc58b620688b6eb67deccd4f8fdb76f05838d8f9,414,412,Platycaryapollenites swasticoidus,Platycaryapollenites swasticoidus,Platycaryapollenites swasticoidus,exact,YES,circle,,
D1555_RAS_60_2023_04_20_15_40_35::record_413,D1555_RAS_60_2023_04_20_15_40_35,/rhf/allocations/dsci435/smithsonian_full_sp26/raw/D1555_RAS_60_2023_04_20_15_40_35.ndpi,D1555_RAS_60_2023_04_20_15_40_35.ndpi.ndpa,d116e0947a7f3012782caaf3fc58b620688b6eb67deccd4f8fdb76f05838d8f9,415,413,Platycaryapollenites swasticoidus,Platycaryapollenites swasticoidus,Platycaryapollenites swasticoidus,exact,YES,circle,,
D1555_RAS_60_2023_04_20_15_40_35::record_414,D1555_RAS_60_2023_04_20_15_40_35,/rhf/allocations/dsci435/smithsonian_full_sp26/raw/D1555_RAS_60_2023_04_20_15_40_35.ndpi,D1555_RAS_60_2023_04_20_15_40_35.ndpi.ndpa,d116e0947a7f3012782caaf3fc58b620688b6eb67deccd4f8fdb76f05838d8f9,416,414,Retipollenites sp.,Retipollenites sp.,Retipollenites sp.,exact,YES,circle,,
D5825_L_2024_02_06_10_36_15_Utah::record_1,D5825_L_2024_02_06_10_36_15_Utah,/rhf/allocations/dsci435/smithsonian_full_sp26/raw/Images_with_annotations_for_CNN_training/D5825_L_2024_02_06_10_36_15_Utah.ndpi,D5825_L_2024_02_06_10_36_15_Utah.ndpi.ndpa,61c3c9058b0fdf5b9f4ba6e2d414a602861a54ee44710044f0b588830ad9f143,2,1,Bipol,Bipol,Bisaccate,exact,YES,circle,,
D5825_L_2024_02_06_10_36_15_Utah::record_2,D5825_L_2024_02_06_10_36_15_Utah,/rhf/allocations/dsci435/smithsonian_full_sp26/raw/Images_with_annotations_for_CNN_training/D5825_L_2024_02_06_10_36_15_Utah.ndpi,D5825_L_2024_02_06_10_36_15_Utah.ndpi.ndpa,61c3c9058b0fdf5b9f4ba6e2d414a602861a54ee44710044f0b588830ad9f143,3,2,Bipol,Bipol,Bisaccate,exact,YES,circle,,
D5825_L_2024_02_06_10_36_15_Utah::record_3,D5825_L_2024_02_06_10_36_15_Utah,/rhf/allocations/dsci435/smithsonian_full_sp26/raw/Images_with_annotations_for_CNN_training/D5825_L_2024_02_06_10_36_15_Utah.ndpi,D5825_L_2024_02_06_10_36_15_Utah.ndpi.ndpa,61c3c9058b0fdf5b9f4ba6e2d414a602861a54ee44710044f0b588830ad9f143,4,3,Bipol,Bipol,Bisaccate,exact,YES,circle,,
D5825_L_2024_02_06_10_36_15_Utah::record_4,D5825_L_2024_02_06_10_36_15_Utah,/rhf/allocations/dsci435/smithsonian_full_sp26/raw/Images_with_annotations_for_CNN_training/D5825_L_2024_02_06_10_36_15_Utah.ndpi,D5825_L_2024_02_06_10_36_15_Utah.ndpi.ndpa,61c3c9058b0fdf5b9f4ba6e2d414a602861a54ee44710044f0b588830ad9f143,5,4,Bipol,Bipol,Bisaccate,exact,YES,circle,,
D5825_L_2024_02_06_10_36_15_Utah::record_5,D5825_L_2024_02_06_10_36_15_Utah,/rhf/allocations/dsci435/smithsonian_full_sp26/raw/Images_with_annotations_for_CNN_training/D5825_L_2024_02_06_10_36_15_Utah.ndpi,D5825_L_2024_02_06_10_36_15_Utah.ndpi.ndpa,61c3c9058b0fdf5b9f4ba6e2d414a602861a54ee44710044f0b588830ad9f143,6,5,Bipol,Bipol,Bisaccate,exact,YES,circle,,
D5825_L_2024_02_06_10_36_15_Utah::record_6,D5825_L_2024_02_06_10_36_15_Utah,/rhf/allocations/dsci435/smithsonian_full_sp26/raw/Images_with_annotations_for_CNN_training/D5825_L_2024_02_06_10_36_15_Utah.ndpi,D5825_L_2024_02_06_10_36_15_Utah.ndpi.ndpa,61c3c9058b0fdf5b9f4ba6e2d414a602861a54ee44710044f0b588830ad9f143,7,6,Bipol,Bipol,Bisaccate,exact,YES,circle,,
D5825_L_2024_02_06_10_36_15_Utah::record_9,D5825_L_2024_02_06_10_36_15_Utah,/rhf/allocations/dsci435/smithsonian_full_sp26/raw/Images_with_annotations_for_CNN_training/D5825_L_2024_02_06_10_36_15_Utah.ndpi,D5825_L_2024_02_06_10_36_15_Utah.ndpi.ndpa,61c3c9058b0fdf5b9f4ba6e2d414a602861a54ee44710044f0b588830ad9f143,10,9,Bipol,Bipol,Bisaccate,exact,YES,circle,,
D5825_L_2024_02_06_10_36_15_Utah::record_10,D5825_L_2024_02_06_10_36_15_Utah,/rhf/allocations/dsci435/smithsonian_full_sp26/raw/Images_with_annotations_for_CNN_training/D5825_L_2024_02_06_10_36_15_Utah.ndpi,D5825_L_2024_02_06_10_36_15_Utah.ndpi.ndpa,61c3c9058b0fdf5b9f4ba6e2d414a602861a54ee44710044f0b588830ad9f143,11,10,Bipol,Bipol,Bisaccate,exact,YES,circle,,
D5825_L_2024_02_06_10_36_15_Utah::record_11,D5825_L_2024_02_06_10_36_15_Utah,/rhf/allocations/dsci435/smithsonian_full_sp26/raw/Images_with_annotations_for_CNN_training/D5825_L_2024_02_06_10_36_15_Utah.ndpi,D5825_L_2024_02_06_10_36_15_Utah.ndpi.ndpa,61c3c9058b0fdf5b9f4ba6e2d414a602861a54ee44710044f0b588830ad9f143,12,11,Bipol,Bipol,Bisaccate,exact,YES,circle,,
D5825_L_2024_02_06_10_36_15_Utah::record_12,D5825_L_2024_02_06_10_36_15_Utah,/rhf/allocations/dsci435/smithsonian_full_sp26/raw/Images_with_annotations_for_CNN_training/D5825_L_2024_02_06_10_36_15_Utah.ndpi,D5825_L_2024_02_06_10_36_15_Utah.ndpi.ndpa,61c3c9058b0fdf5b9f4ba6e2d414a602861a54ee44710044f0b588830ad9f143,13,12,Bipol,Bipol,Bisaccate,exact,YES,circle,,
D5825_L_2024_02_06_10_36_15_Utah::record_13,D5825_L_2024_02_06_10_36_15_Utah,/rhf/allocations/dsci435/smithsonian_full_sp26/raw/Images_with_annotations_for_CNN_training/D5825_L_2024_02_06_10_36_15_Utah.ndpi,D5825_L_2024_02_06_10_36_15_Utah.ndpi.ndpa,61c3c9058b0fdf5b9f4ba6e2d414a602861a54ee44710044f0b588830ad9f143,14,13,Bipol,Bipol,Bisaccate,exact,YES,circle,,
D5825_L_2024_02_06_10_36_15_Utah::record_14,D5825_L_2024_02_06_10_36_15_Utah,/rhf/allocations/dsci435/smithsonian_full_sp26/raw/Images_with_annotations_for_CNN_training/D5825_L_2024_02_06_10_36_15_Utah.ndpi,D5825_L_2024_02_06_10_36_15_Utah.ndpi.ndpa,61c3c9058b0fdf5b9f4ba6e2d414a602861a54ee44710044f0b588830ad9f143,15,14,Bipol,Bipol,Bisaccate,exact,YES,circle,,
D5825_L_2024_02_06_10_36_15_Utah::record_16,D5825_L_2024_02_06_10_36_15_Utah,/rhf/allocations/dsci435/smithsonian_full_sp26/raw/Images_with_annotations_for_CNN_training/D5825_L_2024_02_06_10_36_15_Utah.ndpi,D5825_L_2024_02_06_10_36_15_Utah.ndpi.ndpa,61c3c9058b0fdf5b9f4ba6e2d414a602861a54ee44710044f0b588830ad9f143,17,16,Bipol,Bipol,Bisaccate,exact,YES,circle,,
D5825_L_2024_02_06_10_36_15_Utah::record_17,D5825_L_2024_02_06_10_36_15_Utah,/rhf/allocations/dsci435/smithsonian_full_sp26/raw/Images_with_annotations_for_CNN_training/D5825_L_2024_02_06_10_36_15_Utah.ndpi,D5825_L_2024_02_06_10_36_15_Utah.ndpi.ndpa,61c3c9058b0fdf5b9f4ba6e2d414a602861a54ee44710044f0b588830ad9f143,18,17,Bipol,Bipol,Bisaccate,exact,YES,circle,,
D5825_L_2024_02_06_10_36_15_Utah::record_18,D5825_L_2024_02_06_10_36_15_Utah,/rhf/allocations/dsci435/smithsonian_full_sp26/raw/Images_with_annotations_for_CNN_training/D5825_L_2024_02_06_10_36_15_Utah.ndpi,D5825_L_2024_02_06_10_36_15_Utah.ndpi.ndpa,61c3c9058b0fdf5b9f4ba6e2d414a602861a54ee44710044f0b588830ad9f143,19,18,Bipol,Bipol,Bisaccate,exact,YES,circle,,
D5825_L_2024_02_06_10_36_15_Utah::record_20,D5825_L_2024_02_06_10_36_15_Utah,/rhf/allocations/dsci435/smithsonian_full_sp26/raw/Images_with_annotations_for_CNN_training/D5825_L_2024_02_06_10_36_15_Utah.ndpi,D5825_L_2024_02_06_10_36_15_Utah.ndpi.ndpa,61c3c9058b0fdf5b9f4ba6e2d414a602861a54ee44710044f0b588830ad9f143,21,20,Bipol,Bipol,Bisaccate,exact,YES,circle,,
D5825_L_2024_02_06_10_36_15_Utah::record_23,D5825_L_2024_02_06_10_36_15_Utah,/rhf/allocations/dsci435/smithsonian_full_sp26/raw/Images_with_annotations_for_CNN_training/D5825_L_2024_02_06_10_36_15_Utah.ndpi,D5825_L_2024_02_06_10_36_15_Utah.ndpi.ndpa,61c3c9058b0fdf5b9f4ba6e2d414a602861a54ee44710044f0b588830ad9f143,24,23,Bipol,Bipol,Bisaccate,exact,YES,circle,,
D5825_L_2024_02_06_10_36_15_Utah::record_24,D5825_L_2024_02_06_10_36_15_Utah,/rhf/allocations/dsci435/smithsonian_full_sp26/raw/Images_with_annotations_for_CNN_training/D5825_L_2024_02_06_10_36_15_Utah.ndpi,D5825_L_2024_02_06_10_36_15_Utah.ndpi.ndpa,61c3c9058b0fdf5b9f4ba6e2d414a602861a54ee44710044f0b588830ad9f143,25,24,Bipol,Bipol,Bisaccate,exact,YES,circle,,
D5825_L_2024_02_06_10_36_15_Utah::record_25,D5825_L_2024_02_06_10_36_15_Utah,/rhf/allocations/dsci435/smithsonian_full_sp26/raw/Images_with_annotations_for_CNN_training/D5825_L_2024_02_06_10_36_15_Utah.ndpi,D5825_L_2024_02_06_10_36_15_Utah.ndpi.ndpa,61c3c9058b0fdf5b9f4ba6e2d414a602861a54ee44710044f0b588830ad9f143,26,25,Bipol,Bipol,Bisaccate,exact,YES,circle,,
D5825_L_2024_02_06_10_36_15_Utah::record_27,D5825_L_2024_02_06_10_36_15_Utah,/rhf/allocations/dsci435/smithsonian_full_sp26/raw/Images_with_annotations_for_CNN_training/D5825_L_2024_02_06_10_36_15_Utah.ndpi,D5825_L_2024_02_06_10_36_15_Utah.ndpi.ndpa,61c3c9058b0fdf5b9f4ba6e2d414a602861a54ee44710044f0b588830ad9f143,28,27,Bipol,Bipol,Bisaccate,exact,YES,circle,,
D5825_L_2024_02_06_10_36_15_Utah::record_28,D5825_L_2024_02_06_10_36_15_Utah,/rhf/allocations/dsci435/smithsonian_full_sp26/raw/Images_with_annotations_for_CNN_training/D5825_L_2024_02_06_10_36_15_Utah.ndpi,D5825_L_2024_02_06_10_36_15_Utah.ndpi.ndpa,61c3c9058b0fdf5b9f4ba6e2d414a602861a54ee44710044f0b588830ad9f143,29,28,Bipol,Bipol,Bisaccate,exact,YES,circle,,
D5825_L_2024_02_06_10_36_15_Utah::record_29,D5825_L_2024_02_06_10_36_15_Utah,/rhf/allocations/dsci435/smithsonian_full_sp26/raw/Images_with_annotations_for_CNN_training/D5825_L_2024_02_06_10_36_15_Utah.ndpi,D5825_L_2024_02_06_10_36_15_Utah.ndpi.ndpa,61c3c9058b0fdf5b9f4ba6e2d414a602861a54ee44710044f0b588830ad9f143,30,29,Bipol,Bipol,Bisaccate,exact,YES,circle,,
D5825_L_2024_02_06_10_36_15_Utah::record_30,D5825_L_2024_02_06_10_36_15_Utah,/rhf/allocations/dsci435/smithsonian_full_sp26/raw/Images_with_annotations_for_CNN_training/D5825_L_2024_02_06_10_36_15_Utah.ndpi,D5825_L_2024_02_06_10_36_15_Utah.ndpi.ndpa,61c3c9058b0fdf5b9f4ba6e2d414a602861a54ee44710044f0b588830ad9f143,31,30,Bipol,Bipol,Bisaccate,exact,YES,circle,,
D5825_L_2024_02_06_10_36_15_Utah::record_31,D5825_L_2024_02_06_10_36_15_Utah,/rhf/allocations/dsci435/smithsonian_full_sp26/raw/Images_with_annotations_for_CNN_training/D5825_L_2024_02_06_10_36_15_Utah.ndpi,D5825_L_2024_02_06_10_36_15_Utah.ndpi.ndpa,61c3c9058b0fdf5b9f4ba6e2d414a602861a54ee44710044f0b588830ad9f143,32,31,Bipol,Bipol,Bisaccate,exact,YES,circle,,
D5825_L_2024_02_06_10_36_15_Utah::record_33,D5825_L_2024_02_06_10_36_15_Utah,/rhf/allocations/dsci435/smithsonian_full_sp26/raw/Images_with_annotations_for_CNN_training/D5825_L_2024_02_06_10_36_15_Utah.ndpi,D5825_L_2024_02_06_10_36_15_Utah.ndpi.ndpa,61c3c9058b0fdf5b9f4ba6e2d414a602861a54ee44710044f0b588830ad9f143,34,33,Bipol,Bipol,Bisaccate,exact,YES,circle,,
D5825_L_2024_02_06_10_36_15_Utah::record_34,D5825_L_2024_02_06_10_36_15_Utah,/rhf/allocations/dsci435/smithsonian_full_sp26/raw/Images_with_annotations_for_CNN_training/D5825_L_2024_02_06_10_36_15_Utah.ndpi,D5825_L_2024_02_06_10_36_15_Utah.ndpi.ndpa,61c3c9058b0fdf5b9f4ba6e2d414a602861a54ee44710044f0b588830ad9f143,35,34,Bipol,Bipol,Bisaccate,exact,YES,circle,,
D5825_L_2024_02_06_10_36_15_Utah::record_36,D5825_L_2024_02_06_10_36_15_Utah,/rhf/allocations/dsci435/smithsonian_full_sp26/raw/Images_with_annotations_for_CNN_training/D5825_L_2024_02_06_10_36_15_Utah.ndpi,D5825_L_2024_02_06_10_36_15_Utah.ndpi.ndpa,61c3c9058b0fdf5b9f4ba6e2d414a602861a54ee44710044f0b588830ad9f143,37,36,Bipol,Bipol,Bisaccate,exact,YES,circle,,
D5825_L_2024_02_06_10_36_15_Utah::record_37,D5825_L_2024_02_06_10_36_15_Utah,/rhf/allocations/dsci435/smithsonian_full_sp26/raw/Images_with_annotations_for_CNN_training/D5825_L_2024_02_06_10_36_15_Utah.ndpi,D5825_L_2024_02_06_10_36_15_Utah.ndpi.ndpa,61c3c9058b0fdf5b9f4ba6e2d414a602861a54ee44710044f0b588830ad9f143,38,37,Bipol,Bipol,Bisaccate,exact,YES,circle,,
D5825_L_2024_02_06_10_36_15_Utah::record_38,D5825_L_2024_02_06_10_36_15_Utah,/rhf/allocations/dsci435/smithsonian_full_sp26/raw/Images_with_annotations_for_CNN_training/D5825_L_2024_02_06_10_36_15_Utah.ndpi,D5825_L_2024_02_06_10_36_15_Utah.ndpi.ndpa,61c3c9058b0fdf5b9f4ba6e2d414a602861a54ee44710044f0b588830ad9f143,39,38,Bipol,Bipol,Bisaccate,exact,YES,circle,,
D5825_L_2024_02_06_10_36_15_Utah::record_39,D5825_L_2024_02_06_10_36_15_Utah,/rhf/allocations/dsci435/smithsonian_full_sp26/raw/Images_with_annotations_for_CNN_training/D5825_L_2024_02_06_10_36_15_Utah.ndpi,D5825_L_2024_02_06_10_36_15_Utah.ndpi.ndpa,61c3c9058b0fdf5b9f4ba6e2d414a602861a54ee44710044f0b588830ad9f143,40,39,Bipol,Bipol,Bisaccate,exact,YES,circle,,
D5825_L_2024_02_06_10_36_15_Utah::record_40,D5825_L_2024_02_06_10_36_15_Utah,/rhf/allocations/dsci435/smithsonian_full_sp26/raw/Images_with_annotations_for_CNN_training/D5825_L_2024_02_06_10_36_15_Utah.ndpi,D5825_L_2024_02_06_10_36_15_Utah.ndpi.ndpa,61c3c9058b0fdf5b9f4ba6e2d414a602861a54ee44710044f0b588830ad9f143,41,40,Bipol,Bipol,Bisaccate,exact,YES,circle,,
D5825_L_2024_02_06_10_36_15_Utah::record_41,D5825_L_2024_02_06_10_36_15_Utah,/rhf/allocations/dsci435/smithsonian_full_sp26/raw/Images_with_annotations_for_CNN_training/D5825_L_2024_02_06_10_36_15_Utah.ndpi,D5825_L_2024_02_06_10_36_15_Utah.ndpi.ndpa,61c3c9058b0fdf5b9f4ba6e2d414a602861a54ee44710044f0b588830ad9f143,42,41,Bipol,Bipol,Bisaccate,exact,YES,circle,,
D5825_L_2024_02_06_10_36_15_Utah::record_42,D5825_L_2024_02_06_10_36_15_Utah,/rhf/allocations/dsci435/smithsonian_full_sp26/raw/Images_with_annotations_for_CNN_training/D5825_L_2024_02_06_10_36_15_Utah.ndpi,D5825_L_2024_02_06_10_36_15_Utah.ndpi.ndpa,61c3c9058b0fdf5b9f4ba6e2d414a602861a54ee44710044f0b588830ad9f143,43,42,Bipol,Bipol,Bisaccate,exact,YES,circle,,
D5825_L_2024_02_06_10_36_15_Utah::record_43,D5825_L_2024_02_06_10_36_15_Utah,/rhf/allocations/dsci435/smithsonian_full_sp26/raw/Images_with_annotations_for_CNN_training/D5825_L_2024_02_06_10_36_15_Utah.ndpi,D5825_L_2024_02_06_10_36_15_Utah.ndpi.ndpa,61c3c9058b0fdf5b9f4ba6e2d414a602861a54ee44710044f0b588830ad9f143,44,43,Bipol,Bipol,Bisaccate,exact,YES,circle,,
D5825_L_2024_02_06_10_36_15_Utah::record_44,D5825_L_2024_02_06_10_36_15_Utah,/rhf/allocations/dsci435/smithsonian_full_sp26/raw/Images_with_annotations_for_CNN_training/D5825_L_2024_02_06_10_36_15_Utah.ndpi,D5825_L_2024_02_06_10_36_15_Utah.ndpi.ndpa,61c3c9058b0fdf5b9f4ba6e2d414a602861a54ee44710044f0b588830ad9f143,45,44,Bipol,Bipol,Bisaccate,exact,YES,circle,,
D5825_L_2024_02_06_10_36_15_Utah::record_45,D5825_L_2024_02_06_10_36_15_Utah,/rhf/allocations/dsci435/smithsonian_full_sp26/raw/Images_with_annotations_for_CNN_training/D5825_L_2024_02_06_10_36_15_Utah.ndpi,D5825_L_2024_02_06_10_36_15_Utah.ndpi.ndpa,61c3c9058b0fdf5b9f4ba6e2d414a602861a54ee44710044f0b588830ad9f143,46,45,Bipol,Bipol,Bisaccate,exact,YES,circle,,
D5825_L_2024_02_06_10_36_15_Utah::record_48,D5825_L_2024_02_06_10_36_15_Utah,/rhf/allocations/dsci435/smithsonian_full_sp26/raw/Images_with_annotations_for_CNN_training/D5825_L_2024_02_06_10_36_15_Utah.ndpi,D5825_L_2024_02_06_10_36_15_Utah.ndpi.ndpa,61c3c9058b0fdf5b9f4ba6e2d414a602861a54ee44710044f0b588830ad9f143,49,48,Bipol,Bipol,Bisaccate,exact,YES,circle,,
D5825_L_2024_02_06_10_36_15_Utah::record_54,D5825_L_2024_02_06_10_36_15_Utah,/rhf/allocations/dsci435/smithsonian_full_sp26/raw/Images_with_annotations_for_CNN_training/D5825_L_2024_02_06_10_36_15_Utah.ndpi,D5825_L_2024_02_06_10_36_15_Utah.ndpi.ndpa,61c3c9058b0fdf5b9f4ba6e2d414a602861a54ee44710044f0b588830ad9f143,55,54,Bipol,Bipol,Bisaccate,exact,YES,circle,,
D5825_L_2024_02_06_10_36_15_Utah::record_55,D5825_L_2024_02_06_10_36_15_Utah,/rhf/allocations/dsci435/smithsonian_full_sp26/raw/Images_with_annotations_for_CNN_training/D5825_L_2024_02_06_10_36_15_Utah.ndpi,D5825_L_2024_02_06_10_36_15_Utah.ndpi.ndpa,61c3c9058b0fdf5b9f4ba6e2d414a602861a54ee44710044f0b588830ad9f143,56,55,Bipol,Bipol,Bisaccate,exact,YES,circle,,
D5825_L_2024_02_06_10_36_15_Utah::record_56,D5825_L_2024_02_06_10_36_15_Utah,/rhf/allocations/dsci435/smithsonian_full_sp26/raw/Images_with_annotations_for_CNN_training/D5825_L_2024_02_06_10_36_15_Utah.ndpi,D5825_L_2024_02_06_10_36_15_Utah.ndpi.ndpa,61c3c9058b0fdf5b9f4ba6e2d414a602861a54ee44710044f0b588830ad9f143,57,56,Bipol,Bipol,Bisaccate,exact,YES,circle,,
D5825_L_2024_02_06_10_36_15_Utah::record_59,D5825_L_2024_02_06_10_36_15_Utah,/rhf/allocations/dsci435/smithsonian_full_sp26/raw/Images_with_annotations_for_CNN_training/D5825_L_2024_02_06_10_36_15_Utah.ndpi,D5825_L_2024_02_06_10_36_15_Utah.ndpi.ndpa,61c3c9058b0fdf5b9f4ba6e2d414a602861a54ee44710044f0b588830ad9f143,60,59,Bipol,Bipol,Bisaccate,exact,YES,circle,,
D5825_L_2024_02_06_10_36_15_Utah::record_60,D5825_L_2024_02_06_10_36_15_Utah,/rhf/allocations/dsci435/smithsonian_full_sp26/raw/Images_with_annotations_for_CNN_training/D5825_L_2024_02_06_10_36_15_Utah.ndpi,D5825_L_2024_02_06_10_36_15_Utah.ndpi.ndpa,61c3c9058b0fdf5b9f4ba6e2d414a602861a54ee44710044f0b588830ad9f143,61,60,Bipol,Bipol,Bisaccate,exact,YES,circle,,
D5825_L_2024_02_06_10_36_15_Utah::record_61,D5825_L_2024_02_06_10_36_15_Utah,/rhf/allocations/dsci435/smithsonian_full_sp26/raw/Images_with_annotations_for_CNN_training/D5825_L_2024_02_06_10_36_15_Utah.ndpi,D5825_L_2024_02_06_10_36_15_Utah.ndpi.ndpa,61c3c9058b0fdf5b9f4ba6e2d414a602861a54ee44710044f0b588830ad9f143,62,61,Bipol,Bipol,Bisaccate,exact,YES,circle,,
D5825_R_2024_02_06_14_02_54_Utah::record_2,D5825_R_2024_02_06_14_02_54_Utah,/rhf/allocations/dsci435/smithsonian_full_sp26/raw/Images_with_annotations_for_CNN_training/D5825_R_2024_02_06_14_02_54_Utah.ndpi,D5825_R_2024_02_06_14_02_54_Utah.ndpi.ndpa,a304bd70e207a7761d86ba48002342d59a723c647a1215f9e5d07f326d41f1e9,3,2,Bipol,Bipol,Bisaccate,exact,YES,circle,,
D5825_R_2024_02_06_14_02_54_Utah::record_3,D5825_R_2024_02_06_14_02_54_Utah,/rhf/allocations/dsci435/smithsonian_full_sp26/raw/Images_with_annotations_for_CNN_training/D5825_R_2024_02_06_14_02_54_Utah.ndpi,D5825_R_2024_02_06_14_02_54_Utah.ndpi.ndpa,a304bd70e207a7761d86ba48002342d59a723c647a1215f9e5d07f326d41f1e9,4,3,Bipol,Bipol,Bisaccate,exact,YES,circle,,
D5825_R_2024_02_06_14_02_54_Utah::record_4,D5825_R_2024_02_06_14_02_54_Utah,/rhf/allocations/dsci435/smithsonian_full_sp26/raw/Images_with_annotations_for_CNN_training/D5825_R_2024_02_06_14_02_54_Utah.ndpi,D5825_R_2024_02_06_14_02_54_Utah.ndpi.ndpa,a304bd70e207a7761d86ba48002342d59a723c647a1215f9e5d07f326d41f1e9,5,4,Bipol,Bipol,Bisaccate,exact,YES,circle,,
D5825_R_2024_02_06_14_02_54_Utah::record_8,D5825_R_2024_02_06_14_02_54_Utah,/rhf/allocations/dsci435/smithsonian_full_sp26/raw/Images_with_annotations_for_CNN_training/D5825_R_2024_02_06_14_02_54_Utah.ndpi,D5825_R_2024_02_06_14_02_54_Utah.ndpi.ndpa,a304bd70e207a7761d86ba48002342d59a723c647a1215f9e5d07f326d41f1e9,9,8,Bipol,Bipol,Bisaccate,exact,YES,circle,,
D5825_R_2024_02_06_14_02_54_Utah::record_10,D5825_R_2024_02_06_14_02_54_Utah,/rhf/allocations/dsci435/smithsonian_full_sp26/raw/Images_with_annotations_for_CNN_training/D5825_R_2024_02_06_14_02_54_Utah.ndpi,D5825_R_2024_02_06_14_02_54_Utah.ndpi.ndpa,a304bd70e207a7761d86ba48002342d59a723c647a1215f9e5d07f326d41f1e9,11,10,Bipol,Bipol,Bisaccate,exact,YES,circle,,
D5825_R_2024_02_06_14_02_54_Utah::record_11,D5825_R_2024_02_06_14_02_54_Utah,/rhf/allocations/dsci435/smithsonian_full_sp26/raw/Images_with_annotations_for_CNN_training/D5825_R_2024_02_06_14_02_54_Utah.ndpi,D5825_R_2024_02_06_14_02_54_Utah.ndpi.ndpa,a304bd70e207a7761d86ba48002342d59a723c647a1215f9e5d07f326d41f1e9,13,11,Bipol,Bipol,Bisaccate,exact,YES,circle,,
D5825_R_2024_02_06_14_02_54_Utah::record_12,D5825_R_2024_02_06_14_02_54_Utah,/rhf/allocations/dsci435/smithsonian_full_sp26/raw/Images_with_annotations_for_CNN_training/D5825_R_2024_02_06_14_02_54_Utah.ndpi,D5825_R_2024_02_06_14_02_54_Utah.ndpi.ndpa,a304bd70e207a7761d86ba48002342d59a723c647a1215f9e5d07f326d41f1e9,14,12,Bipol,Bipol,Bisaccate,exact,YES,circle,,
D5825_R_2024_02_06_14_02_54_Utah::record_16,D5825_R_2024_02_06_14_02_54_Utah,/rhf/allocations/dsci435/smithsonian_full_sp26/raw/Images_with_annotations_for_CNN_training/D5825_R_2024_02_06_14_02_54_Utah.ndpi,D5825_R_2024_02_06_14_02_54_Utah.ndpi.ndpa,a304bd70e207a7761d86ba48002342d59a723c647a1215f9e5d07f326d41f1e9,18,16,Bipol,Bipol,Bisaccate,exact,YES,circle,,
D5825_R_2024_02_06_14_02_54_Utah::record_17,D5825_R_2024_02_06_14_02_54_Utah,/rhf/allocations/dsci435/smithsonian_full_sp26/raw/Images_with_annotations_for_CNN_training/D5825_R_2024_02_06_14_02_54_Utah.ndpi,D5825_R_2024_02_06_14_02_54_Utah.ndpi.ndpa,a304bd70e207a7761d86ba48002342d59a723c647a1215f9e5d07f326d41f1e9,19,17,Bipol,Bipol,Bisaccate,exact,YES,circle,,
D5825_R_2024_02_06_14_02_54_Utah::record_18,D5825_R_2024_02_06_14_02_54_Utah,/rhf/allocations/dsci435/smithsonian_full_sp26/raw/Images_with_annotations_for_CNN_training/D5825_R_2024_02_06_14_02_54_Utah.ndpi,D5825_R_2024_02_06_14_02_54_Utah.ndpi.ndpa,a304bd70e207a7761d86ba48002342d59a723c647a1215f9e5d07f326d41f1e9,20,18,Bipol,Bipol,Bisaccate,exact,YES,circle,,
D5825_R_2024_02_06_14_02_54_Utah::record_22,D5825_R_2024_02_06_14_02_54_Utah,/rhf/allocations/dsci435/smithsonian_full_sp26/raw/Images_with_annotations_for_CNN_training/D5825_R_2024_02_06_14_02_54_Utah.ndpi,D5825_R_2024_02_06_14_02_54_Utah.ndpi.ndpa,a304bd70e207a7761d86ba48002342d59a723c647a1215f9e5d07f326d41f1e9,24,22,Bipol,Bipol,Bisaccate,exact,YES,circle,,
D5825_R_2024_02_06_14_02_54_Utah::record_23,D5825_R_2024_02_06_14_02_54_Utah,/rhf/allocations/dsci435/smithsonian_full_sp26/raw/Images_with_annotations_for_CNN_training/D5825_R_2024_02_06_14_02_54_Utah.ndpi,D5825_R_2024_02_06_14_02_54_Utah.ndpi.ndpa,a304bd70e207a7761d86ba48002342d59a723c647a1215f9e5d07f326d41f1e9,25,23,Bipol,Bipol,Bisaccate,exact,YES,circle,,
D5825_R_2024_02_06_14_02_54_Utah::record_24,D5825_R_2024_02_06_14_02_54_Utah,/rhf/allocations/dsci435/smithsonian_full_sp26/raw/Images_with_annotations_for_CNN_training/D5825_R_2024_02_06_14_02_54_Utah.ndpi,D5825_R_2024_02_06_14_02_54_Utah.ndpi.ndpa,a304bd70e207a7761d86ba48002342d59a723c647a1215f9e5d07f326d41f1e9,26,24,Bipol,Bipol,Bisaccate,exact,YES,circle,,
D5825_R_2024_02_06_14_02_54_Utah::record_25,D5825_R_2024_02_06_14_02_54_Utah,/rhf/allocations/dsci435/smithsonian_full_sp26/raw/Images_with_annotations_for_CNN_training/D5825_R_2024_02_06_14_02_54_Utah.ndpi,D5825_R_2024_02_06_14_02_54_Utah.ndpi.ndpa,a304bd70e207a7761d86ba48002342d59a723c647a1215f9e5d07f326d41f1e9,27,25,Bipol,Bipol,Bisaccate,exact,YES,circle,,
D5825_R_2024_02_06_14_02_54_Utah::record_26,D5825_R_2024_02_06_14_02_54_Utah,/rhf/allocations/dsci435/smithsonian_full_sp26/raw/Images_with_annotations_for_CNN_training/D5825_R_2024_02_06_14_02_54_Utah.ndpi,D5825_R_2024_02_06_14_02_54_Utah.ndpi.ndpa,a304bd70e207a7761d86ba48002342d59a723c647a1215f9e5d07f326d41f1e9,28,26,Bipol,Bipol,Bisaccate,exact,YES,circle,,
D5825_R_2024_02_06_14_02_54_Utah::record_27,D5825_R_2024_02_06_14_02_54_Utah,/rhf/allocations/dsci435/smithsonian_full_sp26/raw/Images_with_annotations_for_CNN_training/D5825_R_2024_02_06_14_02_54_Utah.ndpi,D5825_R_2024_02_06_14_02_54_Utah.ndpi.ndpa,a304bd70e207a7761d86ba48002342d59a723c647a1215f9e5d07f326d41f1e9,29,27,Bipol,Bipol,Bisaccate,exact,YES,circle,,
D5825_R_2024_02_06_14_02_54_Utah::record_28,D5825_R_2024_02_06_14_02_54_Utah,/rhf/allocations/dsci435/smithsonian_full_sp26/raw/Images_with_annotations_for_CNN_training/D5825_R_2024_02_06_14_02_54_Utah.ndpi,D5825_R_2024_02_06_14_02_54_Utah.ndpi.ndpa,a304bd70e207a7761d86ba48002342d59a723c647a1215f9e5d07f326d41f1e9,30,28,Bipol,Bipol,Bisaccate,exact,YES,circle,,
D5825_R_2024_02_06_14_02_54_Utah::record_29,D5825_R_2024_02_06_14_02_54_Utah,/rhf/allocations/dsci435/smithsonian_full_sp26/raw/Images_with_annotations_for_CNN_training/D5825_R_2024_02_06_14_02_54_Utah.ndpi,D5825_R_2024_02_06_14_02_54_Utah.ndpi.ndpa,a304bd70e207a7761d86ba48002342d59a723c647a1215f9e5d07f326d41f1e9,31,29,Bipol,Bipol,Bisaccate,exact,YES,circle,,
D5825_R_2024_02_06_14_02_54_Utah::record_30,D5825_R_2024_02_06_14_02_54_Utah,/rhf/allocations/dsci435/smithsonian_full_sp26/raw/Images_with_annotations_for_CNN_training/D5825_R_2024_02_06_14_02_54_Utah.ndpi,D5825_R_2024_02_06_14_02_54_Utah.ndpi.ndpa,a304bd70e207a7761d86ba48002342d59a723c647a1215f9e5d07f326d41f1e9,32,30,Bipol,Bipol,Bisaccate,exact,YES,circle,,
D5825_R_2024_02_06_14_02_54_Utah::record_31,D5825_R_2024_02_06_14_02_54_Utah,/rhf/allocations/dsci435/smithsonian_full_sp26/raw/Images_with_annotations_for_CNN_training/D5825_R_2024_02_06_14_02_54_Utah.ndpi,D5825_R_2024_02_06_14_02_54_Utah.ndpi.ndpa,a304bd70e207a7761d86ba48002342d59a723c647a1215f9e5d07f326d41f1e9,33,31,Bipol,Bipol,Bisaccate,exact,YES,circle,,
D5825_R_2024_02_06_14_02_54_Utah::record_32,D5825_R_2024_02_06_14_02_54_Utah,/rhf/allocations/dsci435/smithsonian_full_sp26/raw/Images_with_annotations_for_CNN_training/D5825_R_2024_02_06_14_02_54_Utah.ndpi,D5825_R_2024_02_06_14_02_54_Utah.ndpi.ndpa,a304bd70e207a7761d86ba48002342d59a723c647a1215f9e5d07f326d41f1e9,34,32,Bipol,Bipol,Bisaccate,exact,YES,circle,,
D5825_R_2024_02_06_14_02_54_Utah::record_33,D5825_R_2024_02_06_14_02_54_Utah,/rhf/allocations/dsci435/smithsonian_full_sp26/raw/Images_with_annotations_for_CNN_training/D5825_R_2024_02_06_14_02_54_Utah.ndpi,D5825_R_2024_02_06_14_02_54_Utah.ndpi.ndpa,a304bd70e207a7761d86ba48002342d59a723c647a1215f9e5d07f326d41f1e9,35,33,Bipol,Bipol,Bisaccate,exact,YES,circle,,
D5825_R_2024_02_06_14_02_54_Utah::record_34,D5825_R_2024_02_06_14_02_54_Utah,/rhf/allocations/dsci435/smithsonian_full_sp26/raw/Images_with_annotations_for_CNN_training/D5825_R_2024_02_06_14_02_54_Utah.ndpi,D5825_R_2024_02_06_14_02_54_Utah.ndpi.ndpa,a304bd70e207a7761d86ba48002342d59a723c647a1215f9e5d07f326d41f1e9,36,34,Bipol,Bipol,Bisaccate,exact,YES,circle,,
D5825_R_2024_02_06_14_02_54_Utah::record_37,D5825_R_2024_02_06_14_02_54_Utah,/rhf/allocations/dsci435/smithsonian_full_sp26/raw/Images_with_annotations_for_CNN_training/D5825_R_2024_02_06_14_02_54_Utah.ndpi,D5825_R_2024_02_06_14_02_54_Utah.ndpi.ndpa,a304bd70e207a7761d86ba48002342d59a723c647a1215f9e5d07f326d41f1e9,39,37,Bipol,Bipol,Bisaccate,exact,YES,circle,,
D5825_R_2024_02_06_14_02_54_Utah::record_39,D5825_R_2024_02_06_14_02_54_Utah,/rhf/allocations/dsci435/smithsonian_full_sp26/raw/Images_with_annotations_for_CNN_training/D5825_R_2024_02_06_14_02_54_Utah.ndpi,D5825_R_2024_02_06_14_02_54_Utah.ndpi.ndpa,a304bd70e207a7761d86ba48002342d59a723c647a1215f9e5d07f326d41f1e9,41,39,Bipol,Bipol,Bisaccate,exact,YES,circle,,
D5825_R_2024_02_06_14_02_54_Utah::record_42,D5825_R_2024_02_06_14_02_54_Utah,/rhf/allocations/dsci435/smithsonian_full_sp26/raw/Images_with_annotations_for_CNN_training/D5825_R_2024_02_06_14_02_54_Utah.ndpi,D5825_R_2024_02_06_14_02_54_Utah.ndpi.ndpa,a304bd70e207a7761d86ba48002342d59a723c647a1215f9e5d07f326d41f1e9,44,42,Bipol,Bipol,Bisaccate,exact,YES,circle,,
D5825_R_2024_02_06_14_02_54_Utah::record_43,D5825_R_2024_02_06_14_02_54_Utah,/rhf/allocations/dsci435/smithsonian_full_sp26/raw/Images_with_annotations_for_CNN_training/D5825_R_2024_02_06_14_02_54_Utah.ndpi,D5825_R_2024_02_06_14_02_54_Utah.ndpi.ndpa,a304bd70e207a7761d86ba48002342d59a723c647a1215f9e5d07f326d41f1e9,45,43,Bipol,Bipol,Bisaccate,exact,YES,circle,,
D5825_R_2024_02_06_14_02_54_Utah::record_45,D5825_R_2024_02_06_14_02_54_Utah,/rhf/allocations/dsci435/smithsonian_full_sp26/raw/Images_with_annotations_for_CNN_training/D5825_R_2024_02_06_14_02_54_Utah.ndpi,D5825_R_2024_02_06_14_02_54_Utah.ndpi.ndpa,a304bd70e207a7761d86ba48002342d59a723c647a1215f9e5d07f326d41f1e9,47,45,Bipol,Bipol,Bisaccate,exact,YES,circle,,
D5825_R_2024_02_06_14_02_54_Utah::record_47,D5825_R_2024_02_06_14_02_54_Utah,/rhf/allocations/dsci435/smithsonian_full_sp26/raw/Images_with_annotations_for_CNN_training/D5825_R_2024_02_06_14_02_54_Utah.ndpi,D5825_R_2024_02_06_14_02_54_Utah.ndpi.ndpa,a304bd70e207a7761d86ba48002342d59a723c647a1215f9e5d07f326d41f1e9,49,47,Bipol,Bipol,Bisaccate,exact,YES,circle,,
D5825_R_2024_02_06_14_02_54_Utah::record_50,D5825_R_2024_02_06_14_02_54_Utah,/rhf/allocations/dsci435/smithsonian_full_sp26/raw/Images_with_annotations_for_CNN_training/D5825_R_2024_02_06_14_02_54_Utah.ndpi,D5825_R_2024_02_06_14_02_54_Utah.ndpi.ndpa,a304bd70e207a7761d86ba48002342d59a723c647a1215f9e5d07f326d41f1e9,52,50,Bipol,Bipol,Bisaccate,exact,YES,circle,,
D5825_R_2024_02_06_14_02_54_Utah::record_52,D5825_R_2024_02_06_14_02_54_Utah,/rhf/allocations/dsci435/smithsonian_full_sp26/raw/Images_with_annotations_for_CNN_training/D5825_R_2024_02_06_14_02_54_Utah.ndpi,D5825_R_2024_02_06_14_02_54_Utah.ndpi.ndpa,a304bd70e207a7761d86ba48002342d59a723c647a1215f9e5d07f326d41f1e9,54,52,Bipol,Bipol,Bisaccate,exact,YES,circle,,
D5825_R_2024_02_06_14_02_54_Utah::record_53,D5825_R_2024_02_06_14_02_54_Utah,/rhf/allocations/dsci435/smithsonian_full_sp26/raw/Images_with_annotations_for_CNN_training/D5825_R_2024_02_06_14_02_54_Utah.ndpi,D5825_R_2024_02_06_14_02_54_Utah.ndpi.ndpa,a304bd70e207a7761d86ba48002342d59a723c647a1215f9e5d07f326d41f1e9,55,53,Bipol,Bipol,Bisaccate,exact,YES,circle,,
D5825_R_2024_02_06_14_02_54_Utah::record_55,D5825_R_2024_02_06_14_02_54_Utah,/rhf/allocations/dsci435/smithsonian_full_sp26/raw/Images_with_annotations_for_CNN_training/D5825_R_2024_02_06_14_02_54_Utah.ndpi,D5825_R_2024_02_06_14_02_54_Utah.ndpi.ndpa,a304bd70e207a7761d86ba48002342d59a723c647a1215f9e5d07f326d41f1e9,57,55,Bipol,Bipol,Bisaccate,exact,YES,circle,,
D5825_R_2024_02_06_14_02_54_Utah::record_56,D5825_R_2024_02_06_14_02_54_Utah,/rhf/allocations/dsci435/smithsonian_full_sp26/raw/Images_with_annotations_for_CNN_training/D5825_R_2024_02_06_14_02_54_Utah.ndpi,D5825_R_2024_02_06_14_02_54_Utah.ndpi.ndpa,a304bd70e207a7761d86ba48002342d59a723c647a1215f9e5d07f326d41f1e9,58,56,Bipol,Bipol,Bisaccate,exact,YES,circle,,
D5825_R_2024_02_06_14_02_54_Utah::record_57,D5825_R_2024_02_06_14_02_54_Utah,/rhf/allocations/dsci435/smithsonian_full_sp26/raw/Images_with_annotations_for_CNN_training/D5825_R_2024_02_06_14_02_54_Utah.ndpi,D5825_R_2024_02_06_14_02_54_Utah.ndpi.ndpa,a304bd70e207a7761d86ba48002342d59a723c647a1215f9e5d07f326d41f1e9,59,57,Bipol,Bipol,Bisaccate,exact,YES,circle,,
D5825_R_2024_02_06_14_02_54_Utah::record_61,D5825_R_2024_02_06_14_02_54_Utah,/rhf/allocations/dsci435/smithsonian_full_sp26/raw/Images_with_annotations_for_CNN_training/D5825_R_2024_02_06_14_02_54_Utah.ndpi,D5825_R_2024_02_06_14_02_54_Utah.ndpi.ndpa,a304bd70e207a7761d86ba48002342d59a723c647a1215f9e5d07f326d41f1e9,63,61,Bipol,Bipol,Bisaccate,exact,YES,circle,,
D5825_R_2024_02_06_14_02_54_Utah::record_62,D5825_R_2024_02_06_14_02_54_Utah,/rhf/allocations/dsci435/smithsonian_full_sp26/raw/Images_with_annotations_for_CNN_training/D5825_R_2024_02_06_14_02_54_Utah.ndpi,D5825_R_2024_02_06_14_02_54_Utah.ndpi.ndpa,a304bd70e207a7761d86ba48002342d59a723c647a1215f9e5d07f326d41f1e9,64,62,Bipol,Bipol,Bisaccate,exact,YES,circle,,
D5825_R_2024_02_06_14_02_54_Utah::record_63,D5825_R_2024_02_06_14_02_54_Utah,/rhf/allocations/dsci435/smithsonian_full_sp26/raw/Images_with_annotations_for_CNN_training/D5825_R_2024_02_06_14_02_54_Utah.ndpi,D5825_R_2024_02_06_14_02_54_Utah.ndpi.ndpa,a304bd70e207a7761d86ba48002342d59a723c647a1215f9e5d07f326d41f1e9,65,63,Bipol,Bipol,Bisaccate,exact,YES,circle,,
D5825_R_2024_02_06_14_02_54_Utah::record_64,D5825_R_2024_02_06_14_02_54_Utah,/rhf/allocations/dsci435/smithsonian_full_sp26/raw/Images_with_annotations_for_CNN_training/D5825_R_2024_02_06_14_02_54_Utah.ndpi,D5825_R_2024_02_06_14_02_54_Utah.ndpi.ndpa,a304bd70e207a7761d86ba48002342d59a723c647a1215f9e5d07f326d41f1e9,66,64,Bipol,Bipol,Bisaccate,exact,YES,circle,,
D5825_R_2024_02_06_14_02_54_Utah::record_66,D5825_R_2024_02_06_14_02_54_Utah,/rhf/allocations/dsci435/smithsonian_full_sp26/raw/Images_with_annotations_for_CNN_training/D5825_R_2024_02_06_14_02_54_Utah.ndpi,D5825_R_2024_02_06_14_02_54_Utah.ndpi.ndpa,a304bd70e207a7761d86ba48002342d59a723c647a1215f9e5d07f326d41f1e9,68,66,Bipol,Bipol,Bisaccate,exact,YES,circle,,
D5825_R_2024_02_06_14_02_54_Utah::record_67,D5825_R_2024_02_06_14_02_54_Utah,/rhf/allocations/dsci435/smithsonian_full_sp26/raw/Images_with_annotations_for_CNN_training/D5825_R_2024_02_06_14_02_54_Utah.ndpi,D5825_R_2024_02_06_14_02_54_Utah.ndpi.ndpa,a304bd70e207a7761d86ba48002342d59a723c647a1215f9e5d07f326d41f1e9,69,67,Bipol,Bipol,Bisaccate,exact,YES,circle,,
D5825_R_2024_02_06_14_02_54_Utah::record_68,D5825_R_2024_02_06_14_02_54_Utah,/rhf/allocations/dsci435/smithsonian_full_sp26/raw/Images_with_annotations_for_CNN_training/D5825_R_2024_02_06_14_02_54_Utah.ndpi,D5825_R_2024_02_06_14_02_54_Utah.ndpi.ndpa,a304bd70e207a7761d86ba48002342d59a723c647a1215f9e5d07f326d41f1e9,70,68,Bipol,Bipol,Bisaccate,exact,YES,circle,,
D5825_R_2024_02_06_14_02_54_Utah::record_69,D5825_R_2024_02_06_14_02_54_Utah,/rhf/allocations/dsci435/smithsonian_full_sp26/raw/Images_with_annotations_for_CNN_training/D5825_R_2024_02_06_14_02_54_Utah.ndpi,D5825_R_2024_02_06_14_02_54_Utah.ndpi.ndpa,a304bd70e207a7761d86ba48002342d59a723c647a1215f9e5d07f326d41f1e9,71,69,Bipol,Bipol,Bisaccate,exact,YES,circle,,
D5825_R_2024_02_06_14_02_54_Utah::record_72,D5825_R_2024_02_06_14_02_54_Utah,/rhf/allocations/dsci435/smithsonian_full_sp26/raw/Images_with_annotations_for_CNN_training/D5825_R_2024_02_06_14_02_54_Utah.ndpi,D5825_R_2024_02_06_14_02_54_Utah.ndpi.ndpa,a304bd70e207a7761d86ba48002342d59a723c647a1215f9e5d07f326d41f1e9,74,72,Bipol,Bipol,Bisaccate,exact,YES,circle,,
D1910_2024_02_29_12_46_52_Wyoming::record_26,D1910_2024_02_29_12_46_52_Wyoming,/rhf/allocations/dsci435/smithsonian_full_sp26/raw/Images_with_annotations_for_CNN_training/D1910_2024_02_29_12_46_52_Wyoming.ndpi,D1910_2024_02_29_12_46_52_Wyoming.ndpi.ndpa,9c816405b2b0db45b376332f4c53970455e9ea7d3940e7441ba217f800f987db,27,26,Bipol,Bipol,Bisaccate,exact,YES,circle,,
D1910_2024_02_29_12_46_52_Wyoming::record_38,D1910_2024_02_29_12_46_52_Wyoming,/rhf/allocations/dsci435/smithsonian_full_sp26/raw/Images_with_annotations_for_CNN_training/D1910_2024_02_29_12_46_52_Wyoming.ndpi,D1910_2024_02_29_12_46_52_Wyoming.ndpi.ndpa,9c816405b2b0db45b376332f4c53970455e9ea7d3940e7441ba217f800f987db,39,38,Platycarya platycarioides,Platycarya platycarioides,Platycarya platycarioides,exact,YES,circle,,
D5609_L_2024_03_01_11_15_57_Alaska::record_3,D5609_L_2024_03_01_11_15_57_Alaska,/rhf/allocations/dsci435/smithsonian_full_sp26/raw/Images_with_annotations_for_CNN_training/D5609_L_2024_03_01_11_15_57_Alaska.ndpi,D5609_L_2024_03_01_11_15_57_Alaska.ndpi.ndpa,27bcb6514e8737fd18f921a4756382a014bb92ca34b8f785f97f6847117c5966,4,3,Betulaceae,Betulaceae,Betulaceae,exact,YES,circle,,
D5609_L_2024_03_01_11_15_57_Alaska::record_11,D5609_L_2024_03_01_11_15_57_Alaska,/rhf/allocations/dsci435/smithsonian_full_sp26/raw/Images_with_annotations_for_CNN_training/D5609_L_2024_03_01_11_15_57_Alaska.ndpi,D5609_L_2024_03_01_11_15_57_Alaska.ndpi.ndpa,27bcb6514e8737fd18f921a4756382a014bb92ca34b8f785f97f6847117c5966,12,11,Bipol,Bipol,Bisaccate,exact,YES,circle,,
D5609_L_2024_03_01_11_15_57_Alaska::record_29,D5609_L_2024_03_01_11_15_57_Alaska,/rhf/allocations/dsci435/smithsonian_full_sp26/raw/Images_with_annotations_for_CNN_training/D5609_L_2024_03_01_11_15_57_Alaska.ndpi,D5609_L_2024_03_01_11_15_57_Alaska.ndpi.ndpa,27bcb6514e8737fd18f921a4756382a014bb92ca34b8f785f97f6847117c5966,30,29,Bipol,Bipol,Bisaccate,exact,YES,circle,,
D5609_L_2024_03_01_11_15_57_Alaska::record_31,D5609_L_2024_03_01_11_15_57_Alaska,/rhf/allocations/dsci435/smithsonian_full_sp26/raw/Images_with_annotations_for_CNN_training/D5609_L_2024_03_01_11_15_57_Alaska.ndpi,D5609_L_2024_03_01_11_15_57_Alaska.ndpi.ndpa,27bcb6514e8737fd18f921a4756382a014bb92ca34b8f785f97f6847117c5966,32,31,Bipol,Bipol,Bisaccate,exact,YES,circle,,
D5609_L_2024_03_01_11_15_57_Alaska::record_41,D5609_L_2024_03_01_11_15_57_Alaska,/rhf/allocations/dsci435/smithsonian_full_sp26/raw/Images_with_annotations_for_CNN_training/D5609_L_2024_03_01_11_15_57_Alaska.ndpi,D5609_L_2024_03_01_11_15_57_Alaska.ndpi.ndpa,27bcb6514e8737fd18f921a4756382a014bb92ca34b8f785f97f6847117c5966,42,41,Bipol,Bipol,Bisaccate,exact,YES,circle,,
D5609_L_2024_03_01_11_15_57_Alaska::record_49,D5609_L_2024_03_01_11_15_57_Alaska,/rhf/allocations/dsci435/smithsonian_full_sp26/raw/Images_with_annotations_for_CNN_training/D5609_L_2024_03_01_11_15_57_Alaska.ndpi,D5609_L_2024_03_01_11_15_57_Alaska.ndpi.ndpa,27bcb6514e8737fd18f921a4756382a014bb92ca34b8f785f97f6847117c5966,50,49,Alnipollenites verus,Alnipollenites verus,Alnipollenites verus,exact,YES,circle,,
D5609_L_2024_03_01_11_15_57_Alaska::record_51,D5609_L_2024_03_01_11_15_57_Alaska,/rhf/allocations/dsci435/smithsonian_full_sp26/raw/Images_with_annotations_for_CNN_training/D5609_L_2024_03_01_11_15_57_Alaska.ndpi,D5609_L_2024_03_01_11_15_57_Alaska.ndpi.ndpa,27bcb6514e8737fd18f921a4756382a014bb92ca34b8f785f97f6847117c5966,52,51,Bipol,Bipol,Bisaccate,exact,YES,circle,,
D5609_L_2024_03_01_11_15_57_Alaska::record_56,D5609_L_2024_03_01_11_15_57_Alaska,/rhf/allocations/dsci435/smithsonian_full_sp26/raw/Images_with_annotations_for_CNN_training/D5609_L_2024_03_01_11_15_57_Alaska.ndpi,D5609_L_2024_03_01_11_15_57_Alaska.ndpi.ndpa,27bcb6514e8737fd18f921a4756382a014bb92ca34b8f785f97f6847117c5966,57,56,Alnipollenites verus,Alnipollenites verus,Alnipollenites verus,exact,YES,circle,,
D5609_L_2024_03_01_11_15_57_Alaska::record_61,D5609_L_2024_03_01_11_15_57_Alaska,/rhf/allocations/dsci435/smithsonian_full_sp26/raw/Images_with_annotations_for_CNN_training/D5609_L_2024_03_01_11_15_57_Alaska.ndpi,D5609_L_2024_03_01_11_15_57_Alaska.ndpi.ndpa,27bcb6514e8737fd18f921a4756382a014bb92ca34b8f785f97f6847117c5966,62,61,Bipol,Bipol,Bisaccate,exact,YES,circle,,
D5609_L_2024_03_01_11_15_57_Alaska::record_70,D5609_L_2024_03_01_11_15_57_Alaska,/rhf/allocations/dsci435/smithsonian_full_sp26/raw/Images_with_annotations_for_CNN_training/D5609_L_2024_03_01_11_15_57_Alaska.ndpi,D5609_L_2024_03_01_11_15_57_Alaska.ndpi.ndpa,27bcb6514e8737fd18f921a4756382a014bb92ca34b8f785f97f6847117c5966,71,70,Bipol,Bipol,Bisaccate,exact,YES,circle,,
D5609_L_2024_03_01_11_15_57_Alaska::record_75,D5609_L_2024_03_01_11_15_57_Alaska,/rhf/allocations/dsci435/smithsonian_full_sp26/raw/Images_with_annotations_for_CNN_training/D5609_L_2024_03_01_11_15_57_Alaska.ndpi,D5609_L_2024_03_01_11_15_57_Alaska.ndpi.ndpa,27bcb6514e8737fd18f921a4756382a014bb92ca34b8f785f97f6847117c5966,76,75,Bipol,Bipol,Bisaccate,exact,YES,circle,,
D5609_L_2024_03_01_11_15_57_Alaska::record_76,D5609_L_2024_03_01_11_15_57_Alaska,/rhf/allocations/dsci435/smithsonian_full_sp26/raw/Images_with_annotations_for_CNN_training/D5609_L_2024_03_01_11_15_57_Alaska.ndpi,D5609_L_2024_03_01_11_15_57_Alaska.ndpi.ndpa,27bcb6514e8737fd18f921a4756382a014bb92ca34b8f785f97f6847117c5966,77,76,Bipol,Bipol,Bisaccate,exact,YES,circle,,
D5609_L_2024_03_01_11_15_57_Alaska::record_78,D5609_L_2024_03_01_11_15_57_Alaska,/rhf/allocations/dsci435/smithsonian_full_sp26/raw/Images_with_annotations_for_CNN_training/D5609_L_2024_03_01_11_15_57_Alaska.ndpi,D5609_L_2024_03_01_11_15_57_Alaska.ndpi.ndpa,27bcb6514e8737fd18f921a4756382a014bb92ca34b8f785f97f6847117c5966,79,78,Bipol,Bipol,Bisaccate,exact,YES,circle,,
D5609_L_2024_03_01_11_15_57_Alaska::record_82,D5609_L_2024_03_01_11_15_57_Alaska,/rhf/allocations/dsci435/smithsonian_full_sp26/raw/Images_with_annotations_for_CNN_training/D5609_L_2024_03_01_11_15_57_Alaska.ndpi,D5609_L_2024_03_01_11_15_57_Alaska.ndpi.ndpa,27bcb6514e8737fd18f921a4756382a014bb92ca34b8f785f97f6847117c5966,83,82,Bipol,Bipol,Bisaccate,exact,YES,circle,,
D5609_L_2024_03_01_11_15_57_Alaska::record_84,D5609_L_2024_03_01_11_15_57_Alaska,/rhf/allocations/dsci435/smithsonian_full_sp26/raw/Images_with_annotations_for_CNN_training/D5609_L_2024_03_01_11_15_57_Alaska.ndpi,D5609_L_2024_03_01_11_15_57_Alaska.ndpi.ndpa,27bcb6514e8737fd18f921a4756382a014bb92ca34b8f785f97f6847117c5966,85,84,Bipol,Bipol,Bisaccate,exact,YES,circle,,
D5609_L_2024_03_01_11_15_57_Alaska::record_85,D5609_L_2024_03_01_11_15_57_Alaska,/rhf/allocations/dsci435/smithsonian_full_sp26/raw/Images_with_annotations_for_CNN_training/D5609_L_2024_03_01_11_15_57_Alaska.ndpi,D5609_L_2024_03_01_11_15_57_Alaska.ndpi.ndpa,27bcb6514e8737fd18f921a4756382a014bb92ca34b8f785f97f6847117c5966,86,85,Bipol,Bipol,Bisaccate,exact,YES,circle,,
D5609_L_2024_03_01_11_15_57_Alaska::record_89,D5609_L_2024_03_01_11_15_57_Alaska,/rhf/allocations/dsci435/smithsonian_full_sp26/raw/Images_with_annotations_for_CNN_training/D5609_L_2024_03_01_11_15_57_Alaska.ndpi,D5609_L_2024_03_01_11_15_57_Alaska.ndpi.ndpa,27bcb6514e8737fd18f921a4756382a014bb92ca34b8f785f97f6847117c5966,90,89,Bipol,Bipol,Bisaccate,exact,YES,circle,,
D5609_L_2024_03_01_11_15_57_Alaska::record_93,D5609_L_2024_03_01_11_15_57_Alaska,/rhf/allocations/dsci435/smithsonian_full_sp26/raw/Images_with_annotations_for_CNN_training/D5609_L_2024_03_01_11_15_57_Alaska.ndpi,D5609_L_2024_03_01_11_15_57_Alaska.ndpi.ndpa,27bcb6514e8737fd18f921a4756382a014bb92ca34b8f785f97f6847117c5966,94,93,Illexpollenites sp.,Illexpollenites sp.,Illexpollenites sp.,exact,YES,circle,,
D5609_L_2024_03_01_11_15_57_Alaska::record_94,D5609_L_2024_03_01_11_15_57_Alaska,/rhf/allocations/dsci435/smithsonian_full_sp26/raw/Images_with_annotations_for_CNN_training/D5609_L_2024_03_01_11_15_57_Alaska.ndpi,D5609_L_2024_03_01_11_15_57_Alaska.ndpi.ndpa,27bcb6514e8737fd18f921a4756382a014bb92ca34b8f785f97f6847117c5966,95,94,Alnipollenites verus,Alnipollenites verus,Alnipollenites verus,exact,YES,circle,,
D5609_R_2024_03_01_15_10_09_Alaska::record_1,D5609_R_2024_03_01_15_10_09_Alaska,/rhf/allocations/dsci435/smithsonian_full_sp26/raw/Images_with_annotations_for_CNN_training/D5609_R_2024_03_01_15_10_09_Alaska.ndpi,D5609_R_2024_03_01_15_10_09_Alaska.ndpi.ndpa,28d83a57fff2fcc3a7b60d76a40a2fa081f38273f397860efbe9192349af51ad,6,1,Alnipollenites verus,Alnipollenites verus,Alnipollenites verus,exact,YES,circle,,
D5609_R_2024_03_01_15_10_09_Alaska::record_2,D5609_R_2024_03_01_15_10_09_Alaska,/rhf/allocations/dsci435/smithsonian_full_sp26/raw/Images_with_annotations_for_CNN_training/D5609_R_2024_03_01_15_10_09_Alaska.ndpi,D5609_R_2024_03_01_15_10_09_Alaska.ndpi.ndpa,28d83a57fff2fcc3a7b60d76a40a2fa081f38273f397860efbe9192349af51ad,7,2,Bisaccate,Bisaccate,Bisaccate,exact,YES,circle,,Pinaceae
D5609_R_2024_03_01_15_10_09_Alaska::record_32,D5609_R_2024_03_01_15_10_09_Alaska,/rhf/allocations/dsci435/smithsonian_full_sp26/raw/Images_with_annotations_for_CNN_training/D5609_R_2024_03_01_15_10_09_Alaska.ndpi,D5609_R_2024_03_01_15_10_09_Alaska.ndpi.ndpa,28d83a57fff2fcc3a7b60d76a40a2fa081f38273f397860efbe9192349af51ad,41,32,Bisaccate,Bisaccate,Bisaccate,exact,YES,circle,,
D5609_R_2024_03_01_15_10_09_Alaska::record_33,D5609_R_2024_03_01_15_10_09_Alaska,/rhf/allocations/dsci435/smithsonian_full_sp26/raw/Images_with_annotations_for_CNN_training/D5609_R_2024_03_01_15_10_09_Alaska.ndpi,D5609_R_2024_03_01_15_10_09_Alaska.ndpi.ndpa,28d83a57fff2fcc3a7b60d76a40a2fa081f38273f397860efbe9192349af51ad,42,33,Bisaccate,Bisaccate,Bisaccate,exact,YES,circle,,
D5609_R_2024_03_01_15_10_09_Alaska::record_35,D5609_R_2024_03_01_15_10_09_Alaska,/rhf/allocations/dsci435/smithsonian_full_sp26/raw/Images_with_annotations_for_CNN_training/D5609_R_2024_03_01_15_10_09_Alaska.ndpi,D5609_R_2024_03_01_15_10_09_Alaska.ndpi.ndpa,28d83a57fff2fcc3a7b60d76a40a2fa081f38273f397860efbe9192349af51ad,44,35,Psilatricolpites sp.,Psilatricolpites sp.,Psilatricolpites sp.,exact,YES,circle,,
D5609_R_2024_03_01_15_10_09_Alaska::record_41,D5609_R_2024_03_01_15_10_09_Alaska,/rhf/allocations/dsci435/smithsonian_full_sp26/raw/Images_with_annotations_for_CNN_training/D5609_R_2024_03_01_15_10_09_Alaska.ndpi,D5609_R_2024_03_01_15_10_09_Alaska.ndpi.ndpa,28d83a57fff2fcc3a7b60d76a40a2fa081f38273f397860efbe9192349af51ad,50,41,Bipol,Bipol,Bisaccate,exact,YES,circle,,
D5609_R_2024_03_01_15_10_09_Alaska::record_65,D5609_R_2024_03_01_15_10_09_Alaska,/rhf/allocations/dsci435/smithsonian_full_sp26/raw/Images_with_annotations_for_CNN_training/D5609_R_2024_03_01_15_10_09_Alaska.ndpi,D5609_R_2024_03_01_15_10_09_Alaska.ndpi.ndpa,28d83a57fff2fcc3a7b60d76a40a2fa081f38273f397860efbe9192349af51ad,74,65,Bisaccate,Bisaccate,Bisaccate,exact,YES,circle,,
D5609_R_2024_03_01_15_10_09_Alaska::record_66,D5609_R_2024_03_01_15_10_09_Alaska,/rhf/allocations/dsci435/smithsonian_full_sp26/raw/Images_with_annotations_for_CNN_training/D5609_R_2024_03_01_15_10_09_Alaska.ndpi,D5609_R_2024_03_01_15_10_09_Alaska.ndpi.ndpa,28d83a57fff2fcc3a7b60d76a40a2fa081f38273f397860efbe9192349af51ad,75,66,Bisaccate,Bisaccate,Bisaccate,exact,YES,circle,,
D5609_R_2024_03_01_15_10_09_Alaska::record_71,D5609_R_2024_03_01_15_10_09_Alaska,/rhf/allocations/dsci435/smithsonian_full_sp26/raw/Images_with_annotations_for_CNN_training/D5609_R_2024_03_01_15_10_09_Alaska.ndpi,D5609_R_2024_03_01_15_10_09_Alaska.ndpi.ndpa,28d83a57fff2fcc3a7b60d76a40a2fa081f38273f397860efbe9192349af51ad,80,71,Arecipites sp.,Arecipites sp.,Arecipites sp.,exact,YES,circle,,
D5609_R_2024_03_01_15_10_09_Alaska::record_100,D5609_R_2024_03_01_15_10_09_Alaska,/rhf/allocations/dsci435/smithsonian_full_sp26/raw/Images_with_annotations_for_CNN_training/D5609_R_2024_03_01_15_10_09_Alaska.ndpi,D5609_R_2024_03_01_15_10_09_Alaska.ndpi.ndpa,28d83a57fff2fcc3a7b60d76a40a2fa081f38273f397860efbe9192349af51ad,110,100,Bipol,Bipol,Bisaccate,exact,YES,circle,,
D5609_R_2024_03_01_15_10_09_Alaska::record_110,D5609_R_2024_03_01_15_10_09_Alaska,/rhf/allocations/dsci435/smithsonian_full_sp26/raw/Images_with_annotations_for_CNN_training/D5609_R_2024_03_01_15_10_09_Alaska.ndpi,D5609_R_2024_03_01_15_10_09_Alaska.ndpi.ndpa,28d83a57fff2fcc3a7b60d76a40a2fa081f38273f397860efbe9192349af51ad,120,110,Alnipollenites verus,Alnipollenites verus,Alnipollenites verus,exact,YES,circle,,
D5609_R_2024_03_01_15_10_09_Alaska::record_118,D5609_R_2024_03_01_15_10_09_Alaska,/rhf/allocations/dsci435/smithsonian_full_sp26/raw/Images_with_annotations_for_CNN_training/D5609_R_2024_03_01_15_10_09_Alaska.ndpi,D5609_R_2024_03_01_15_10_09_Alaska.ndpi.ndpa,28d83a57fff2fcc3a7b60d76a40a2fa081f38273f397860efbe9192349af51ad,128,118,Momipites wyomingensis,Momipites wyomingensis,Momipites wyomingensis,exact,YES,circle,,
D5609_R_2024_03_01_15_10_09_Alaska::record_129,D5609_R_2024_03_01_15_10_09_Alaska,/rhf/allocations/dsci435/smithsonian_full_sp26/raw/Images_with_annotations_for_CNN_training/D5609_R_2024_03_01_15_10_09_Alaska.ndpi,D5609_R_2024_03_01_15_10_09_Alaska.ndpi.ndpa,28d83a57fff2fcc3a7b60d76a40a2fa081f38273f397860efbe9192349af51ad,139,129,Bipol,Bipol,Bisaccate,exact,YES,circle,,
D5609_R_2024_03_01_15_10_09_Alaska::record_130,D5609_R_2024_03_01_15_10_09_Alaska,/rhf/allocations/dsci435/smithsonian_full_sp26/raw/Images_with_annotations_for_CNN_training/D5609_R_2024_03_01_15_10_09_Alaska.ndpi,D5609_R_2024_03_01_15_10_09_Alaska.ndpi.ndpa,28d83a57fff2fcc3a7b60d76a40a2fa081f38273f397860efbe9192349af51ad,140,130,Bipol,Bipol,Bisaccate,exact,YES,circle,,
D5609_R_2024_03_01_15_10_09_Alaska::record_135,D5609_R_2024_03_01_15_10_09_Alaska,/rhf/allocations/dsci435/smithsonian_full_sp26/raw/Images_with_annotations_for_CNN_training/D5609_R_2024_03_01_15_10_09_Alaska.ndpi,D5609_R_2024_03_01_15_10_09_Alaska.ndpi.ndpa,28d83a57fff2fcc3a7b60d76a40a2fa081f38273f397860efbe9192349af51ad,145,135,Alnipollenites verus,Alnipollenites verus,Alnipollenites verus,exact,YES,circle,,"Betulaceae?
"
D5609_R_2024_03_01_15_10_09_Alaska::record_138,D5609_R_2024_03_01_15_10_09_Alaska,/rhf/allocations/dsci435/smithsonian_full_sp26/raw/Images_with_annotations_for_CNN_training/D5609_R_2024_03_01_15_10_09_Alaska.ndpi,D5609_R_2024_03_01_15_10_09_Alaska.ndpi.ndpa,28d83a57fff2fcc3a7b60d76a40a2fa081f38273f397860efbe9192349af51ad,148,138,Bisaccate,Bisaccate,Bisaccate,exact,YES,circle,,
D5609_R_2024_03_01_15_10_09_Alaska::record_146,D5609_R_2024_03_01_15_10_09_Alaska,/rhf/allocations/dsci435/smithsonian_full_sp26/raw/Images_with_annotations_for_CNN_training/D5609_R_2024_03_01_15_10_09_Alaska.ndpi,D5609_R_2024_03_01_15_10_09_Alaska.ndpi.ndpa,28d83a57fff2fcc3a7b60d76a40a2fa081f38273f397860efbe9192349af51ad,156,146,Alnipollenites verus,Alnipollenites verus,Alnipollenites verus,exact,YES,circle,,
D1911_1_2024_02_29_18_10_06_Wyoming::record_5,D1911_1_2024_02_29_18_10_06_Wyoming,/rhf/allocations/dsci435/smithsonian_full_sp26/raw/Images_with_annotations_for_CNN_training/D1911_1_2024_02_29_18_10_06_Wyoming.ndpi,D1911_1_2024_02_29_18_10_06_Wyoming.ndpi.ndpa,af08c28d6aa9fc93517319f9a20f46f282ca71001a096aed5a058c6ce19f2465,6,5,Ulmipollenites sp.,Ulmipollenites sp.,Ulmipollenites sp.,exact,YES,circle,,
D1911_1_2024_02_29_18_10_06_Wyoming::record_10,D1911_1_2024_02_29_18_10_06_Wyoming,/rhf/allocations/dsci435/smithsonian_full_sp26/raw/Images_with_annotations_for_CNN_training/D1911_1_2024_02_29_18_10_06_Wyoming.ndpi,D1911_1_2024_02_29_18_10_06_Wyoming.ndpi.ndpa,af08c28d6aa9fc93517319f9a20f46f282ca71001a096aed5a058c6ce19f2465,11,10,Ulmipollenites sp.,Ulmipollenites sp.,Ulmipollenites sp.,exact,YES,circle,,
D1911_1_2024_02_29_18_10_06_Wyoming::record_11,D1911_1_2024_02_29_18_10_06_Wyoming,/rhf/allocations/dsci435/smithsonian_full_sp26/raw/Images_with_annotations_for_CNN_training/D1911_1_2024_02_29_18_10_06_Wyoming.ndpi,D1911_1_2024_02_29_18_10_06_Wyoming.ndpi.ndpa,af08c28d6aa9fc93517319f9a20f46f282ca71001a096aed5a058c6ce19f2465,12,11,Psilamonocolpites sp.,Psilamonocolpites sp.,Monocolpites sp.,exact,YES,circle,,
D1911_1_2024_02_29_18_10_06_Wyoming::record_14,D1911_1_2024_02_29_18_10_06_Wyoming,/rhf/allocations/dsci435/smithsonian_full_sp26/raw/Images_with_annotations_for_CNN_training/D1911_1_2024_02_29_18_10_06_Wyoming.ndpi,D1911_1_2024_02_29_18_10_06_Wyoming.ndpi.ndpa,af08c28d6aa9fc93517319f9a20f46f282ca71001a096aed5a058c6ce19f2465,15,14,Ulmipollenites sp.,Ulmipollenites sp.,Ulmipollenites sp.,exact,YES,circle,,
D1911_1_2024_02_29_18_10_06_Wyoming::record_17,D1911_1_2024_02_29_18_10_06_Wyoming,/rhf/allocations/dsci435/smithsonian_full_sp26/raw/Images_with_annotations_for_CNN_training/D1911_1_2024_02_29_18_10_06_Wyoming.ndpi,D1911_1_2024_02_29_18_10_06_Wyoming.ndpi.ndpa,af08c28d6aa9fc93517319f9a20f46f282ca71001a096aed5a058c6ce19f2465,18,17,Rousea sp.,Rousea sp.,Rousea sp.,exact,YES,circle,,
D1911_1_2024_02_29_18_10_06_Wyoming::record_22,D1911_1_2024_02_29_18_10_06_Wyoming,/rhf/allocations/dsci435/smithsonian_full_sp26/raw/Images_with_annotations_for_CNN_training/D1911_1_2024_02_29_18_10_06_Wyoming.ndpi,D1911_1_2024_02_29_18_10_06_Wyoming.ndpi.ndpa,af08c28d6aa9fc93517319f9a20f46f282ca71001a096aed5a058c6ce19f2465,23,22,Bisaccate,Bisaccate,Bisaccate,exact,YES,circle,,
D1911_1_2024_02_29_18_10_06_Wyoming::record_25,D1911_1_2024_02_29_18_10_06_Wyoming,/rhf/allocations/dsci435/smithsonian_full_sp26/raw/Images_with_annotations_for_CNN_training/D1911_1_2024_02_29_18_10_06_Wyoming.ndpi,D1911_1_2024_02_29_18_10_06_Wyoming.ndpi.ndpa,af08c28d6aa9fc93517319f9a20f46f282ca71001a096aed5a058c6ce19f2465,26,25,Ulmoideipites sp.,Ulmoideipites sp.,Ulmipollenites sp.,exact,YES,circle,,
D1911_1_2024_02_29_18_10_06_Wyoming::record_64,D1911_1_2024_02_29_18_10_06_Wyoming,/rhf/allocations/dsci435/smithsonian_full_sp26/raw/Images_with_annotations_for_CNN_training/D1911_1_2024_02_29_18_10_06_Wyoming.ndpi,D1911_1_2024_02_29_18_10_06_Wyoming.ndpi.ndpa,af08c28d6aa9fc93517319f9a20f46f282ca71001a096aed5a058c6ce19f2465,65,64,Bombacacidites sp.,Bombacacidites sp.,Bombacacidites sp.,exact,YES,circle,,
D1911_1_2024_02_29_18_10_06_Wyoming::record_72,D1911_1_2024_02_29_18_10_06_Wyoming,/rhf/allocations/dsci435/smithsonian_full_sp26/raw/Images_with_annotations_for_CNN_training/D1911_1_2024_02_29_18_10_06_Wyoming.ndpi,D1911_1_2024_02_29_18_10_06_Wyoming.ndpi.ndpa,af08c28d6aa9fc93517319f9a20f46f282ca71001a096aed5a058c6ce19f2465,73,72,Deltoidospora sp.,Deltoidospora sp.,Psilatriletes sp.,exact,YES,circle,,
D1911_1_2024_02_29_18_10_06_Wyoming::record_87,D1911_1_2024_02_29_18_10_06_Wyoming,/rhf/allocations/dsci435/smithsonian_full_sp26/raw/Images_with_annotations_for_CNN_training/D1911_1_2024_02_29_18_10_06_Wyoming.ndpi,D1911_1_2024_02_29_18_10_06_Wyoming.ndpi.ndpa,af08c28d6aa9fc93517319f9a20f46f282ca71001a096aed5a058c6ce19f2465,88,87,Ulmipollenites sp.,Ulmipollenites sp.,Ulmipollenites sp.,exact,YES,circle,,
D3407-2_L_2024_02_20_13_28_48_Texas::record_4,D3407-2_L_2024_02_20_13_28_48_Texas,/rhf/allocations/dsci435/smithsonian_full_sp26/raw/Images_with_annotations_for_CNN_training/D3407-2_L_2024_02_20_13_28_48_Texas.ndpi,D3407-2_L_2024_02_20_13_28_48_Texas.ndpi.ndpa,5a98d8209148e283979ba4a2a2396ee347794e982eeb299e60cb2a92524d9cf4,5,4,Momipites wyomingensis,Momipites wyomingensis,Momipites wyomingensis,exact,YES,circle,,
D3407-2_L_2024_02_20_13_28_48_Texas::record_9,D3407-2_L_2024_02_20_13_28_48_Texas,/rhf/allocations/dsci435/smithsonian_full_sp26/raw/Images_with_annotations_for_CNN_training/D3407-2_L_2024_02_20_13_28_48_Texas.ndpi,D3407-2_L_2024_02_20_13_28_48_Texas.ndpi.ndpa,5a98d8209148e283979ba4a2a2396ee347794e982eeb299e60cb2a92524d9cf4,10,9,Momipites wyomingensis,Momipites wyomingensis,Momipites wyomingensis,exact,YES,circle,,
D3407-2_L_2024_02_20_13_28_48_Texas::record_10,D3407-2_L_2024_02_20_13_28_48_Texas,/rhf/allocations/dsci435/smithsonian_full_sp26/raw/Images_with_annotations_for_CNN_training/D3407-2_L_2024_02_20_13_28_48_Texas.ndpi,D3407-2_L_2024_02_20_13_28_48_Texas.ndpi.ndpa,5a98d8209148e283979ba4a2a2396ee347794e982eeb299e60cb2a92524d9cf4,11,10,Momipites,Momipites,Momipites sp,exact,YES,circle,,
D3407-2_L_2024_02_20_13_28_48_Texas::record_13,D3407-2_L_2024_02_20_13_28_48_Texas,/rhf/allocations/dsci435/smithsonian_full_sp26/raw/Images_with_annotations_for_CNN_training/D3407-2_L_2024_02_20_13_28_48_Texas.ndpi,D3407-2_L_2024_02_20_13_28_48_Texas.ndpi.ndpa,5a98d8209148e283979ba4a2a2396ee347794e982eeb299e60cb2a92524d9cf4,14,13,Momipites wyomingensis,Momipites wyomingensis,Momipites wyomingensis,exact,YES,circle,,
D3407-2_L_2024_02_20_13_28_48_Texas::record_14,D3407-2_L_2024_02_20_13_28_48_Texas,/rhf/allocations/dsci435/smithsonian_full_sp26/raw/Images_with_annotations_for_CNN_training/D3407-2_L_2024_02_20_13_28_48_Texas.ndpi,D3407-2_L_2024_02_20_13_28_48_Texas.ndpi.ndpa,5a98d8209148e283979ba4a2a2396ee347794e982eeb299e60cb2a92524d9cf4,15,14,Illexpollenites sp.,Illexpollenites sp.,Illexpollenites sp.,exact,YES,circle,,"
"
D3407-2_L_2024_02_20_13_28_48_Texas::record_15,D3407-2_L_2024_02_20_13_28_48_Texas,/rhf/allocations/dsci435/smithsonian_full_sp26/raw/Images_with_annotations_for_CNN_training/D3407-2_L_2024_02_20_13_28_48_Texas.ndpi,D3407-2_L_2024_02_20_13_28_48_Texas.ndpi.ndpa,5a98d8209148e283979ba4a2a2396ee347794e982eeb299e60cb2a92524d9cf4,16,15,Momipites,Momipites,Momipites sp,exact,YES,circle,,
D3407-2_L_2024_02_20_13_28_48_Texas::record_17,D3407-2_L_2024_02_20_13_28_48_Texas,/rhf/allocations/dsci435/smithsonian_full_sp26/raw/Images_with_annotations_for_CNN_training/D3407-2_L_2024_02_20_13_28_48_Texas.ndpi,D3407-2_L_2024_02_20_13_28_48_Texas.ndpi.ndpa,5a98d8209148e283979ba4a2a2396ee347794e982eeb299e60cb2a92524d9cf4,18,17,Momipites,Momipites,Momipites sp,exact,YES,circle,,
D3407-2_L_2024_02_20_13_28_48_Texas::record_21,D3407-2_L_2024_02_20_13_28_48_Texas,/rhf/allocations/dsci435/smithsonian_full_sp26/raw/Images_with_annotations_for_CNN_training/D3407-2_L_2024_02_20_13_28_48_Texas.ndpi,D3407-2_L_2024_02_20_13_28_48_Texas.ndpi.ndpa,5a98d8209148e283979ba4a2a2396ee347794e982eeb299e60cb2a92524d9cf4,22,21,Illexpollenites sp.,Illexpollenites sp.,Illexpollenites sp.,exact,YES,circle,,
D3407-2_L_2024_02_20_13_28_48_Texas::record_23,D3407-2_L_2024_02_20_13_28_48_Texas,/rhf/allocations/dsci435/smithsonian_full_sp26/raw/Images_with_annotations_for_CNN_training/D3407-2_L_2024_02_20_13_28_48_Texas.ndpi,D3407-2_L_2024_02_20_13_28_48_Texas.ndpi.ndpa,5a98d8209148e283979ba4a2a2396ee347794e982eeb299e60cb2a92524d9cf4,24,23,Momipites,Momipites,Momipites sp,exact,YES,circle,,
D3407-2_L_2024_02_20_13_28_48_Texas::record_24,D3407-2_L_2024_02_20_13_28_48_Texas,/rhf/allocations/dsci435/smithsonian_full_sp26/raw/Images_with_annotations_for_CNN_training/D3407-2_L_2024_02_20_13_28_48_Texas.ndpi,D3407-2_L_2024_02_20_13_28_48_Texas.ndpi.ndpa,5a98d8209148e283979ba4a2a2396ee347794e982eeb299e60cb2a92524d9cf4,25,24,Illexpollenites sp.,Illexpollenites sp.,Illexpollenites sp.,exact,YES,circle,,
D3407-2_L_2024_02_20_13_28_48_Texas::record_26,D3407-2_L_2024_02_20_13_28_48_Texas,/rhf/allocations/dsci435/smithsonian_full_sp26/raw/Images_with_annotations_for_CNN_training/D3407-2_L_2024_02_20_13_28_48_Texas.ndpi,D3407-2_L_2024_02_20_13_28_48_Texas.ndpi.ndpa,5a98d8209148e283979ba4a2a2396ee347794e982eeb299e60cb2a92524d9cf4,27,26,Momipites wyomingensis,Momipites wyomingensis,Momipites wyomingensis,exact,YES,circle,,
D3407-2_L_2024_02_20_13_28_48_Texas::record_41,D3407-2_L_2024_02_20_13_28_48_Texas,/rhf/allocations/dsci435/smithsonian_full_sp26/raw/Images_with_annotations_for_CNN_training/D3407-2_L_2024_02_20_13_28_48_Texas.ndpi,D3407-2_L_2024_02_20_13_28_48_Texas.ndpi.ndpa,5a98d8209148e283979ba4a2a2396ee347794e982eeb299e60cb2a92524d9cf4,42,41,Momipites,Momipites,Momipites sp,exact,YES,circle,,
D3407-2_L_2024_02_20_13_28_48_Texas::record_45,D3407-2_L_2024_02_20_13_28_48_Texas,/rhf/allocations/dsci435/smithsonian_full_sp26/raw/Images_with_annotations_for_CNN_training/D3407-2_L_2024_02_20_13_28_48_Texas.ndpi,D3407-2_L_2024_02_20_13_28_48_Texas.ndpi.ndpa,5a98d8209148e283979ba4a2a2396ee347794e982eeb299e60cb2a92524d9cf4,46,45,Momipites wyomingensis,Momipites wyomingensis,Momipites wyomingensis,exact,YES,circle,,
D3407-2_L_2024_02_20_13_28_48_Texas::record_46,D3407-2_L_2024_02_20_13_28_48_Texas,/rhf/allocations/dsci435/smithsonian_full_sp26/raw/Images_with_annotations_for_CNN_training/D3407-2_L_2024_02_20_13_28_48_Texas.ndpi,D3407-2_L_2024_02_20_13_28_48_Texas.ndpi.ndpa,5a98d8209148e283979ba4a2a2396ee347794e982eeb299e60cb2a92524d9cf4,47,46,Momipites,Momipites,Momipites sp,exact,YES,circle,,
D3407-2_L_2024_02_20_13_28_48_Texas::record_47,D3407-2_L_2024_02_20_13_28_48_Texas,/rhf/allocations/dsci435/smithsonian_full_sp26/raw/Images_with_annotations_for_CNN_training/D3407-2_L_2024_02_20_13_28_48_Texas.ndpi,D3407-2_L_2024_02_20_13_28_48_Texas.ndpi.ndpa,5a98d8209148e283979ba4a2a2396ee347794e982eeb299e60cb2a92524d9cf4,48,47,Momipites wyomingensis,Momipites wyomingensis,Momipites wyomingensis,exact,YES,circle,,
D3407-2_L_2024_02_20_13_28_48_Texas::record_50,D3407-2_L_2024_02_20_13_28_48_Texas,/rhf/allocations/dsci435/smithsonian_full_sp26/raw/Images_with_annotations_for_CNN_training/D3407-2_L_2024_02_20_13_28_48_Texas.ndpi,D3407-2_L_2024_02_20_13_28_48_Texas.ndpi.ndpa,5a98d8209148e283979ba4a2a2396ee347794e982eeb299e60cb2a92524d9cf4,51,50,Momipites,Momipites,Momipites sp,exact,YES,circle,,
D3407-2_L_2024_02_20_13_28_48_Texas::record_51,D3407-2_L_2024_02_20_13_28_48_Texas,/rhf/allocations/dsci435/smithsonian_full_sp26/raw/Images_with_annotations_for_CNN_training/D3407-2_L_2024_02_20_13_28_48_Texas.ndpi,D3407-2_L_2024_02_20_13_28_48_Texas.ndpi.ndpa,5a98d8209148e283979ba4a2a2396ee347794e982eeb299e60cb2a92524d9cf4,52,51,Platycaryapollenites swasticoidus,Platycaryapollenites swasticoidus,Platycaryapollenites swasticoidus,exact,YES,circle,,
D3407-2_L_2024_02_20_13_28_48_Texas::record_53,D3407-2_L_2024_02_20_13_28_48_Texas,/rhf/allocations/dsci435/smithsonian_full_sp26/raw/Images_with_annotations_for_CNN_training/D3407-2_L_2024_02_20_13_28_48_Texas.ndpi,D3407-2_L_2024_02_20_13_28_48_Texas.ndpi.ndpa,5a98d8209148e283979ba4a2a2396ee347794e982eeb299e60cb2a92524d9cf4,54,53,Momipites flexus,Momipites flexus,Momipites flexus,exact,YES,circle,,
D3407-2_L_2024_02_20_13_28_48_Texas::record_57,D3407-2_L_2024_02_20_13_28_48_Texas,/rhf/allocations/dsci435/smithsonian_full_sp26/raw/Images_with_annotations_for_CNN_training/D3407-2_L_2024_02_20_13_28_48_Texas.ndpi,D3407-2_L_2024_02_20_13_28_48_Texas.ndpi.ndpa,5a98d8209148e283979ba4a2a2396ee347794e982eeb299e60cb2a92524d9cf4,58,57,Momipites wyomingensis,Momipites wyomingensis,Momipites wyomingensis,exact,YES,circle,,
D3407-2_L_2024_02_20_13_28_48_Texas::record_61,D3407-2_L_2024_02_20_13_28_48_Texas,/rhf/allocations/dsci435/smithsonian_full_sp26/raw/Images_with_annotations_for_CNN_training/D3407-2_L_2024_02_20_13_28_48_Texas.ndpi,D3407-2_L_2024_02_20_13_28_48_Texas.ndpi.ndpa,5a98d8209148e283979ba4a2a2396ee347794e982eeb299e60cb2a92524d9cf4,62,61,Momipites wyomingensis,Momipites wyomingensis,Momipites wyomingensis,exact,YES,circle,,
D3407-2_L_2024_02_20_13_28_48_Texas::record_66,D3407-2_L_2024_02_20_13_28_48_Texas,/rhf/allocations/dsci435/smithsonian_full_sp26/raw/Images_with_annotations_for_CNN_training/D3407-2_L_2024_02_20_13_28_48_Texas.ndpi,D3407-2_L_2024_02_20_13_28_48_Texas.ndpi.ndpa,5a98d8209148e283979ba4a2a2396ee347794e982eeb299e60cb2a92524d9cf4,67,66,Momipites,Momipites,Momipites sp,exact,YES,circle,,
D3407-2_L_2024_02_20_13_28_48_Texas::record_68,D3407-2_L_2024_02_20_13_28_48_Texas,/rhf/allocations/dsci435/smithsonian_full_sp26/raw/Images_with_annotations_for_CNN_training/D3407-2_L_2024_02_20_13_28_48_Texas.ndpi,D3407-2_L_2024_02_20_13_28_48_Texas.ndpi.ndpa,5a98d8209148e283979ba4a2a2396ee347794e982eeb299e60cb2a92524d9cf4,69,68,Rousea sp.,Rousea sp.,Rousea sp.,exact,YES,circle,,
D3407-2_L_2024_02_20_13_28_48_Texas::record_71,D3407-2_L_2024_02_20_13_28_48_Texas,/rhf/allocations/dsci435/smithsonian_full_sp26/raw/Images_with_annotations_for_CNN_training/D3407-2_L_2024_02_20_13_28_48_Texas.ndpi,D3407-2_L_2024_02_20_13_28_48_Texas.ndpi.ndpa,5a98d8209148e283979ba4a2a2396ee347794e982eeb299e60cb2a92524d9cf4,72,71,Momipites,Momipites,Momipites sp,exact,YES,circle,,
D3407-2_L_2024_02_20_13_28_48_Texas::record_73,D3407-2_L_2024_02_20_13_28_48_Texas,/rhf/allocations/dsci435/smithsonian_full_sp26/raw/Images_with_annotations_for_CNN_training/D3407-2_L_2024_02_20_13_28_48_Texas.ndpi,D3407-2_L_2024_02_20_13_28_48_Texas.ndpi.ndpa,5a98d8209148e283979ba4a2a2396ee347794e982eeb299e60cb2a92524d9cf4,74,73,Momipites,Momipites,Momipites sp,exact,YES,circle,,
D3407-2_L_2024_02_20_13_28_48_Texas::record_74,D3407-2_L_2024_02_20_13_28_48_Texas,/rhf/allocations/dsci435/smithsonian_full_sp26/raw/Images_with_annotations_for_CNN_training/D3407-2_L_2024_02_20_13_28_48_Texas.ndpi,D3407-2_L_2024_02_20_13_28_48_Texas.ndpi.ndpa,5a98d8209148e283979ba4a2a2396ee347794e982eeb299e60cb2a92524d9cf4,75,74,Momipites,Momipites,Momipites sp,exact,YES,circle,,
D3407-2_L_2024_02_20_13_28_48_Texas::record_82,D3407-2_L_2024_02_20_13_28_48_Texas,/rhf/allocations/dsci435/smithsonian_full_sp26/raw/Images_with_annotations_for_CNN_training/D3407-2_L_2024_02_20_13_28_48_Texas.ndpi,D3407-2_L_2024_02_20_13_28_48_Texas.ndpi.ndpa,5a98d8209148e283979ba4a2a2396ee347794e982eeb299e60cb2a92524d9cf4,83,82,Momipites wyomingensis,Momipites wyomingensis,Momipites wyomingensis,exact,YES,circle,,
D3407-2_L_2024_02_20_13_28_48_Texas::record_84,D3407-2_L_2024_02_20_13_28_48_Texas,/rhf/allocations/dsci435/smithsonian_full_sp26/raw/Images_with_annotations_for_CNN_training/D3407-2_L_2024_02_20_13_28_48_Texas.ndpi,D3407-2_L_2024_02_20_13_28_48_Texas.ndpi.ndpa,5a98d8209148e283979ba4a2a2396ee347794e982eeb299e60cb2a92524d9cf4,85,84,Bombacacidites sp.,Bombacacidites sp.,Bombacacidites sp.,exact,YES,circle,,
D3407-2_L_2024_02_20_13_28_48_Texas::record_85,D3407-2_L_2024_02_20_13_28_48_Texas,/rhf/allocations/dsci435/smithsonian_full_sp26/raw/Images_with_annotations_for_CNN_training/D3407-2_L_2024_02_20_13_28_48_Texas.ndpi,D3407-2_L_2024_02_20_13_28_48_Texas.ndpi.ndpa,5a98d8209148e283979ba4a2a2396ee347794e982eeb299e60cb2a92524d9cf4,86,85,Momipites,Momipites,Momipites sp,exact,YES,circle,,
D3407-2_L_2024_02_20_13_28_48_Texas::record_88,D3407-2_L_2024_02_20_13_28_48_Texas,/rhf/allocations/dsci435/smithsonian_full_sp26/raw/Images_with_annotations_for_CNN_training/D3407-2_L_2024_02_20_13_28_48_Texas.ndpi,D3407-2_L_2024_02_20_13_28_48_Texas.ndpi.ndpa,5a98d8209148e283979ba4a2a2396ee347794e982eeb299e60cb2a92524d9cf4,89,88,Rousea sp.,Rousea sp.,Rousea sp.,exact,YES,circle,,
D3407-2_L_2024_02_20_13_28_48_Texas::record_95,D3407-2_L_2024_02_20_13_28_48_Texas,/rhf/allocations/dsci435/smithsonian_full_sp26/raw/Images_with_annotations_for_CNN_training/D3407-2_L_2024_02_20_13_28_48_Texas.ndpi,D3407-2_L_2024_02_20_13_28_48_Texas.ndpi.ndpa,5a98d8209148e283979ba4a2a2396ee347794e982eeb299e60cb2a92524d9cf4,96,95,Momipites,Momipites,Momipites sp,exact,YES,circle,,
D3407-2_L_2024_02_20_13_28_48_Texas::record_105,D3407-2_L_2024_02_20_13_28_48_Texas,/rhf/allocations/dsci435/smithsonian_full_sp26/raw/Images_with_annotations_for_CNN_training/D3407-2_L_2024_02_20_13_28_48_Texas.ndpi,D3407-2_L_2024_02_20_13_28_48_Texas.ndpi.ndpa,5a98d8209148e283979ba4a2a2396ee347794e982eeb299e60cb2a92524d9cf4,106,105,Tetracolporopollenites sp.,Tetracolporopollenites sp.,Tetracolporopollenites sp.,exact,YES,circle,,
D3407-2_L_2024_02_20_13_28_48_Texas::record_108,D3407-2_L_2024_02_20_13_28_48_Texas,/rhf/allocations/dsci435/smithsonian_full_sp26/raw/Images_with_annotations_for_CNN_training/D3407-2_L_2024_02_20_13_28_48_Texas.ndpi,D3407-2_L_2024_02_20_13_28_48_Texas.ndpi.ndpa,5a98d8209148e283979ba4a2a2396ee347794e982eeb299e60cb2a92524d9cf4,109,108,Rousea sp.,Rousea sp.,Rousea sp.,exact,YES,circle,,
D3407-2_L_2024_02_20_13_28_48_Texas::record_109,D3407-2_L_2024_02_20_13_28_48_Texas,/rhf/allocations/dsci435/smithsonian_full_sp26/raw/Images_with_annotations_for_CNN_training/D3407-2_L_2024_02_20_13_28_48_Texas.ndpi,D3407-2_L_2024_02_20_13_28_48_Texas.ndpi.ndpa,5a98d8209148e283979ba4a2a2396ee347794e982eeb299e60cb2a92524d9cf4,110,109,Momipites wyomingensis,Momipites wyomingensis,Momipites wyomingensis,exact,YES,circle,,
D3407-2_L_2024_02_20_13_28_48_Texas::record_112,D3407-2_L_2024_02_20_13_28_48_Texas,/rhf/allocations/dsci435/smithsonian_full_sp26/raw/Images_with_annotations_for_CNN_training/D3407-2_L_2024_02_20_13_28_48_Texas.ndpi,D3407-2_L_2024_02_20_13_28_48_Texas.ndpi.ndpa,5a98d8209148e283979ba4a2a2396ee347794e982eeb299e60cb2a92524d9cf4,113,112,Momipites,Momipites,Momipites sp,exact,YES,circle,,
D3407-2_L_2024_02_20_13_28_48_Texas::record_115,D3407-2_L_2024_02_20_13_28_48_Texas,/rhf/allocations/dsci435/smithsonian_full_sp26/raw/Images_with_annotations_for_CNN_training/D3407-2_L_2024_02_20_13_28_48_Texas.ndpi,D3407-2_L_2024_02_20_13_28_48_Texas.ndpi.ndpa,5a98d8209148e283979ba4a2a2396ee347794e982eeb299e60cb2a92524d9cf4,116,115,Rousea sp.,Rousea sp.,Rousea sp.,exact,YES,circle,,
D3407-2_L_2024_02_20_13_28_48_Texas::record_116,D3407-2_L_2024_02_20_13_28_48_Texas,/rhf/allocations/dsci435/smithsonian_full_sp26/raw/Images_with_annotations_for_CNN_training/D3407-2_L_2024_02_20_13_28_48_Texas.ndpi,D3407-2_L_2024_02_20_13_28_48_Texas.ndpi.ndpa,5a98d8209148e283979ba4a2a2396ee347794e982eeb299e60cb2a92524d9cf4,117,116,Tetracolporopollenites sp.,Tetracolporopollenites sp.,Tetracolporopollenites sp.,exact,YES,circle,,
D3407-2_L_2024_02_20_13_28_48_Texas::record_117,D3407-2_L_2024_02_20_13_28_48_Texas,/rhf/allocations/dsci435/smithsonian_full_sp26/raw/Images_with_annotations_for_CNN_training/D3407-2_L_2024_02_20_13_28_48_Texas.ndpi,D3407-2_L_2024_02_20_13_28_48_Texas.ndpi.ndpa,5a98d8209148e283979ba4a2a2396ee347794e982eeb299e60cb2a92524d9cf4,118,117,Tetracolporopollenites sp.,Tetracolporopollenites sp.,Tetracolporopollenites sp.,exact,YES,circle,,
D3407-2_L_2024_02_20_13_28_48_Texas::record_118,D3407-2_L_2024_02_20_13_28_48_Texas,/rhf/allocations/dsci435/smithsonian_full_sp26/raw/Images_with_annotations_for_CNN_training/D3407-2_L_2024_02_20_13_28_48_Texas.ndpi,D3407-2_L_2024_02_20_13_28_48_Texas.ndpi.ndpa,5a98d8209148e283979ba4a2a2396ee347794e982eeb299e60cb2a92524d9cf4,119,118,Tetracolporopollenites sp.,Tetracolporopollenites sp.,Tetracolporopollenites sp.,exact,YES,circle,,
D3407-2_L_2024_02_20_13_28_48_Texas::record_119,D3407-2_L_2024_02_20_13_28_48_Texas,/rhf/allocations/dsci435/smithsonian_full_sp26/raw/Images_with_annotations_for_CNN_training/D3407-2_L_2024_02_20_13_28_48_Texas.ndpi,D3407-2_L_2024_02_20_13_28_48_Texas.ndpi.ndpa,5a98d8209148e283979ba4a2a2396ee347794e982eeb299e60cb2a92524d9cf4,120,119,Rousea sp.,Rousea sp.,Rousea sp.,exact,YES,circle,,
D3407-2_L_2024_02_20_13_28_48_Texas::record_120,D3407-2_L_2024_02_20_13_28_48_Texas,/rhf/allocations/dsci435/smithsonian_full_sp26/raw/Images_with_annotations_for_CNN_training/D3407-2_L_2024_02_20_13_28_48_Texas.ndpi,D3407-2_L_2024_02_20_13_28_48_Texas.ndpi.ndpa,5a98d8209148e283979ba4a2a2396ee347794e982eeb299e60cb2a92524d9cf4,121,120,Momipites wyomingensis,Momipites wyomingensis,Momipites wyomingensis,exact,YES,circle,,
D3407-2_L_2024_02_20_13_28_48_Texas::record_121,D3407-2_L_2024_02_20_13_28_48_Texas,/rhf/allocations/dsci435/smithsonian_full_sp26/raw/Images_with_annotations_for_CNN_training/D3407-2_L_2024_02_20_13_28_48_Texas.ndpi,D3407-2_L_2024_02_20_13_28_48_Texas.ndpi.ndpa,5a98d8209148e283979ba4a2a2396ee347794e982eeb299e60cb2a92524d9cf4,122,121,Tetracolporopollenites sp.,Tetracolporopollenites sp.,Tetracolporopollenites sp.,exact,YES,circle,,
D3407-2_L_2024_02_20_13_28_48_Texas::record_122,D3407-2_L_2024_02_20_13_28_48_Texas,/rhf/allocations/dsci435/smithsonian_full_sp26/raw/Images_with_annotations_for_CNN_training/D3407-2_L_2024_02_20_13_28_48_Texas.ndpi,D3407-2_L_2024_02_20_13_28_48_Texas.ndpi.ndpa,5a98d8209148e283979ba4a2a2396ee347794e982eeb299e60cb2a92524d9cf4,123,122,Momipites wyomingensis,Momipites wyomingensis,Momipites wyomingensis,exact,YES,circle,,
D3407-2_L_2024_02_20_13_28_48_Texas::record_123,D3407-2_L_2024_02_20_13_28_48_Texas,/rhf/allocations/dsci435/smithsonian_full_sp26/raw/Images_with_annotations_for_CNN_training/D3407-2_L_2024_02_20_13_28_48_Texas.ndpi,D3407-2_L_2024_02_20_13_28_48_Texas.ndpi.ndpa,5a98d8209148e283979ba4a2a2396ee347794e982eeb299e60cb2a92524d9cf4,124,123,Momipites wyomingensis,Momipites wyomingensis,Momipites wyomingensis,exact,YES,circle,,
D3407-2_L_2024_02_20_13_28_48_Texas::record_124,D3407-2_L_2024_02_20_13_28_48_Texas,/rhf/allocations/dsci435/smithsonian_full_sp26/raw/Images_with_annotations_for_CNN_training/D3407-2_L_2024_02_20_13_28_48_Texas.ndpi,D3407-2_L_2024_02_20_13_28_48_Texas.ndpi.ndpa,5a98d8209148e283979ba4a2a2396ee347794e982eeb299e60cb2a92524d9cf4,125,124,Momipites wyomingensis,Momipites wyomingensis,Momipites wyomingensis,exact,YES,circle,,
D3407-2_L_2024_02_20_13_28_48_Texas::record_125,D3407-2_L_2024_02_20_13_28_48_Texas,/rhf/allocations/dsci435/smithsonian_full_sp26/raw/Images_with_annotations_for_CNN_training/D3407-2_L_2024_02_20_13_28_48_Texas.ndpi,D3407-2_L_2024_02_20_13_28_48_Texas.ndpi.ndpa,5a98d8209148e283979ba4a2a2396ee347794e982eeb299e60cb2a92524d9cf4,126,125,Tetracolporopollenites sp.,Tetracolporopollenites sp.,Tetracolporopollenites sp.,exact,YES,circle,,
D3407-2_L_2024_02_20_13_28_48_Texas::record_126,D3407-2_L_2024_02_20_13_28_48_Texas,/rhf/allocations/dsci435/smithsonian_full_sp26/raw/Images_with_annotations_for_CNN_training/D3407-2_L_2024_02_20_13_28_48_Texas.ndpi,D3407-2_L_2024_02_20_13_28_48_Texas.ndpi.ndpa,5a98d8209148e283979ba4a2a2396ee347794e982eeb299e60cb2a92524d9cf4,127,126,Rousea sp.,Rousea sp.,Rousea sp.,exact,YES,circle,,
D3407-2_L_2024_02_20_13_28_48_Texas::record_127,D3407-2_L_2024_02_20_13_28_48_Texas,/rhf/allocations/dsci435/smithsonian_full_sp26/raw/Images_with_annotations_for_CNN_training/D3407-2_L_2024_02_20_13_28_48_Texas.ndpi,D3407-2_L_2024_02_20_13_28_48_Texas.ndpi.ndpa,5a98d8209148e283979ba4a2a2396ee347794e982eeb299e60cb2a92524d9cf4,128,127,Rousea sp.,Rousea sp.,Rousea sp.,exact,YES,circle,,
D3407-2_L_2024_02_20_13_28_48_Texas::record_128,D3407-2_L_2024_02_20_13_28_48_Texas,/rhf/allocations/dsci435/smithsonian_full_sp26/raw/Images_with_annotations_for_CNN_training/D3407-2_L_2024_02_20_13_28_48_Texas.ndpi,D3407-2_L_2024_02_20_13_28_48_Texas.ndpi.ndpa,5a98d8209148e283979ba4a2a2396ee347794e982eeb299e60cb2a92524d9cf4,129,128,Tetracolporopollenites sp.,Tetracolporopollenites sp.,Tetracolporopollenites sp.,exact,YES,circle,,
D3407-2_L_2024_02_20_13_28_48_Texas::record_129,D3407-2_L_2024_02_20_13_28_48_Texas,/rhf/allocations/dsci435/smithsonian_full_sp26/raw/Images_with_annotations_for_CNN_training/D3407-2_L_2024_02_20_13_28_48_Texas.ndpi,D3407-2_L_2024_02_20_13_28_48_Texas.ndpi.ndpa,5a98d8209148e283979ba4a2a2396ee347794e982eeb299e60cb2a92524d9cf4,130,129,Momipites wyomingensis,Momipites wyomingensis,Momipites wyomingensis,exact,YES,circle,,
D3407-2_L_2024_02_20_13_28_48_Texas::record_130,D3407-2_L_2024_02_20_13_28_48_Texas,/rhf/allocations/dsci435/smithsonian_full_sp26/raw/Images_with_annotations_for_CNN_training/D3407-2_L_2024_02_20_13_28_48_Texas.ndpi,D3407-2_L_2024_02_20_13_28_48_Texas.ndpi.ndpa,5a98d8209148e283979ba4a2a2396ee347794e982eeb299e60cb2a92524d9cf4,131,130,Momipites wyomingensis,Momipites wyomingensis,Momipites wyomingensis,exact,YES,circle,,
D3407-2_L_2024_02_20_13_28_48_Texas::record_131,D3407-2_L_2024_02_20_13_28_48_Texas,/rhf/allocations/dsci435/smithsonian_full_sp26/raw/Images_with_annotations_for_CNN_training/D3407-2_L_2024_02_20_13_28_48_Texas.ndpi,D3407-2_L_2024_02_20_13_28_48_Texas.ndpi.ndpa,5a98d8209148e283979ba4a2a2396ee347794e982eeb299e60cb2a92524d9cf4,132,131,Tetracolporopollenites sp.,Tetracolporopollenites sp.,Tetracolporopollenites sp.,exact,YES,circle,,
D3407-2_L_2024_02_20_13_28_48_Texas::record_132,D3407-2_L_2024_02_20_13_28_48_Texas,/rhf/allocations/dsci435/smithsonian_full_sp26/raw/Images_with_annotations_for_CNN_training/D3407-2_L_2024_02_20_13_28_48_Texas.ndpi,D3407-2_L_2024_02_20_13_28_48_Texas.ndpi.ndpa,5a98d8209148e283979ba4a2a2396ee347794e982eeb299e60cb2a92524d9cf4,133,132,Momipites wyomingensis,Momipites wyomingensis,Momipites wyomingensis,exact,YES,circle,,
D3407-2_L_2024_02_20_13_28_48_Texas::record_133,D3407-2_L_2024_02_20_13_28_48_Texas,/rhf/allocations/dsci435/smithsonian_full_sp26/raw/Images_with_annotations_for_CNN_training/D3407-2_L_2024_02_20_13_28_48_Texas.ndpi,D3407-2_L_2024_02_20_13_28_48_Texas.ndpi.ndpa,5a98d8209148e283979ba4a2a2396ee347794e982eeb299e60cb2a92524d9cf4,134,133,Momipites wyomingensis,Momipites wyomingensis,Momipites wyomingensis,exact,YES,circle,,
D3408-1_L_2024_02_20_13_47_16_Texas::record_1,D3408-1_L_2024_02_20_13_47_16_Texas,/rhf/allocations/dsci435/smithsonian_full_sp26/raw/Images_with_annotations_for_CNN_training/D3408-1_L_2024_02_20_13_47_16_Texas.ndpi,D3408-1_L_2024_02_20_13_47_16_Texas.ndpi.ndpa,9d06560a8bbed4cf148ea0d147a5603b57bdd90ef6763749a801c9680aeb50ec,2,1,Momipites,Momipites,Momipites sp,exact,YES,circle,,
D3408-1_L_2024_02_20_13_47_16_Texas::record_2,D3408-1_L_2024_02_20_13_47_16_Texas,/rhf/allocations/dsci435/smithsonian_full_sp26/raw/Images_with_annotations_for_CNN_training/D3408-1_L_2024_02_20_13_47_16_Texas.ndpi,D3408-1_L_2024_02_20_13_47_16_Texas.ndpi.ndpa,9d06560a8bbed4cf148ea0d147a5603b57bdd90ef6763749a801c9680aeb50ec,3,2,Arecipites sp.,Arecipites sp.,Arecipites sp.,exact,YES,circle,,
D3408-1_L_2024_02_20_13_47_16_Texas::record_6,D3408-1_L_2024_02_20_13_47_16_Texas,/rhf/allocations/dsci435/smithsonian_full_sp26/raw/Images_with_annotations_for_CNN_training/D3408-1_L_2024_02_20_13_47_16_Texas.ndpi,D3408-1_L_2024_02_20_13_47_16_Texas.ndpi.ndpa,9d06560a8bbed4cf148ea0d147a5603b57bdd90ef6763749a801c9680aeb50ec,7,6,Cicatricosisporites dorogensis,Cicatricosisporites dorogensis,Cicatricosisporites sp.,exact,YES,circle,,
D3408-1_L_2024_02_20_13_47_16_Texas::record_7,D3408-1_L_2024_02_20_13_47_16_Texas,/rhf/allocations/dsci435/smithsonian_full_sp26/raw/Images_with_annotations_for_CNN_training/D3408-1_L_2024_02_20_13_47_16_Texas.ndpi,D3408-1_L_2024_02_20_13_47_16_Texas.ndpi.ndpa,9d06560a8bbed4cf148ea0d147a5603b57bdd90ef6763749a801c9680aeb50ec,8,7,Arecipites sp.,Arecipites sp.,Arecipites sp.,exact,YES,circle,,
D3408-1_L_2024_02_20_13_47_16_Texas::record_8,D3408-1_L_2024_02_20_13_47_16_Texas,/rhf/allocations/dsci435/smithsonian_full_sp26/raw/Images_with_annotations_for_CNN_training/D3408-1_L_2024_02_20_13_47_16_Texas.ndpi,D3408-1_L_2024_02_20_13_47_16_Texas.ndpi.ndpa,9d06560a8bbed4cf148ea0d147a5603b57bdd90ef6763749a801c9680aeb50ec,9,8,Momipites,Momipites,Momipites sp,exact,YES,circle,,
D3408-1_L_2024_02_20_13_47_16_Texas::record_9,D3408-1_L_2024_02_20_13_47_16_Texas,/rhf/allocations/dsci435/smithsonian_full_sp26/raw/Images_with_annotations_for_CNN_training/D3408-1_L_2024_02_20_13_47_16_Texas.ndpi,D3408-1_L_2024_02_20_13_47_16_Texas.ndpi.ndpa,9d06560a8bbed4cf148ea0d147a5603b57bdd90ef6763749a801c9680aeb50ec,10,9,Momipites,Momipites,Momipites sp,exact,YES,circle,,
D3408-1_L_2024_02_20_13_47_16_Texas::record_20,D3408-1_L_2024_02_20_13_47_16_Texas,/rhf/allocations/dsci435/smithsonian_full_sp26/raw/Images_with_annotations_for_CNN_training/D3408-1_L_2024_02_20_13_47_16_Texas.ndpi,D3408-1_L_2024_02_20_13_47_16_Texas.ndpi.ndpa,9d06560a8bbed4cf148ea0d147a5603b57bdd90ef6763749a801c9680aeb50ec,21,20,Momipites,Momipites,Momipites sp,exact,YES,circle,,
D3408-1_L_2024_02_20_13_47_16_Texas::record_28,D3408-1_L_2024_02_20_13_47_16_Texas,/rhf/allocations/dsci435/smithsonian_full_sp26/raw/Images_with_annotations_for_CNN_training/D3408-1_L_2024_02_20_13_47_16_Texas.ndpi,D3408-1_L_2024_02_20_13_47_16_Texas.ndpi.ndpa,9d06560a8bbed4cf148ea0d147a5603b57bdd90ef6763749a801c9680aeb50ec,29,28,Momipites,Momipites,Momipites sp,exact,YES,circle,,
D3408-1_L_2024_02_20_13_47_16_Texas::record_30,D3408-1_L_2024_02_20_13_47_16_Texas,/rhf/allocations/dsci435/smithsonian_full_sp26/raw/Images_with_annotations_for_CNN_training/D3408-1_L_2024_02_20_13_47_16_Texas.ndpi,D3408-1_L_2024_02_20_13_47_16_Texas.ndpi.ndpa,9d06560a8bbed4cf148ea0d147a5603b57bdd90ef6763749a801c9680aeb50ec,31,30,Momipites,Momipites,Momipites sp,exact,YES,circle,,
D3408-1_L_2024_02_20_13_47_16_Texas::record_31,D3408-1_L_2024_02_20_13_47_16_Texas,/rhf/allocations/dsci435/smithsonian_full_sp26/raw/Images_with_annotations_for_CNN_training/D3408-1_L_2024_02_20_13_47_16_Texas.ndpi,D3408-1_L_2024_02_20_13_47_16_Texas.ndpi.ndpa,9d06560a8bbed4cf148ea0d147a5603b57bdd90ef6763749a801c9680aeb50ec,32,31,Momipites,Momipites,Momipites sp,exact,YES,circle,,
D3408-1_L_2024_02_20_13_47_16_Texas::record_39,D3408-1_L_2024_02_20_13_47_16_Texas,/rhf/allocations/dsci435/smithsonian_full_sp26/raw/Images_with_annotations_for_CNN_training/D3408-1_L_2024_02_20_13_47_16_Texas.ndpi,D3408-1_L_2024_02_20_13_47_16_Texas.ndpi.ndpa,9d06560a8bbed4cf148ea0d147a5603b57bdd90ef6763749a801c9680aeb50ec,40,39,Cicatricosisporites dorogensis,Cicatricosisporites dorogensis,Cicatricosisporites sp.,exact,YES,circle,,
D3408-1_L_2024_02_20_13_47_16_Texas::record_41,D3408-1_L_2024_02_20_13_47_16_Texas,/rhf/allocations/dsci435/smithsonian_full_sp26/raw/Images_with_annotations_for_CNN_training/D3408-1_L_2024_02_20_13_47_16_Texas.ndpi,D3408-1_L_2024_02_20_13_47_16_Texas.ndpi.ndpa,9d06560a8bbed4cf148ea0d147a5603b57bdd90ef6763749a801c9680aeb50ec,42,41,Momipites,Momipites,Momipites sp,exact,YES,circle,,
D3408-1_L_2024_02_20_13_47_16_Texas::record_49,D3408-1_L_2024_02_20_13_47_16_Texas,/rhf/allocations/dsci435/smithsonian_full_sp26/raw/Images_with_annotations_for_CNN_training/D3408-1_L_2024_02_20_13_47_16_Texas.ndpi,D3408-1_L_2024_02_20_13_47_16_Texas.ndpi.ndpa,9d06560a8bbed4cf148ea0d147a5603b57bdd90ef6763749a801c9680aeb50ec,50,49,Momipites,Momipites,Momipites sp,exact,YES,circle,,
D3408-1_L_2024_02_20_13_47_16_Texas::record_62,D3408-1_L_2024_02_20_13_47_16_Texas,/rhf/allocations/dsci435/smithsonian_full_sp26/raw/Images_with_annotations_for_CNN_training/D3408-1_L_2024_02_20_13_47_16_Texas.ndpi,D3408-1_L_2024_02_20_13_47_16_Texas.ndpi.ndpa,9d06560a8bbed4cf148ea0d147a5603b57bdd90ef6763749a801c9680aeb50ec,63,62,Momipites,Momipites,Momipites sp,exact,YES,circle,,
D3408-1_L_2024_02_20_13_47_16_Texas::record_79,D3408-1_L_2024_02_20_13_47_16_Texas,/rhf/allocations/dsci435/smithsonian_full_sp26/raw/Images_with_annotations_for_CNN_training/D3408-1_L_2024_02_20_13_47_16_Texas.ndpi,D3408-1_L_2024_02_20_13_47_16_Texas.ndpi.ndpa,9d06560a8bbed4cf148ea0d147a5603b57bdd90ef6763749a801c9680aeb50ec,80,79,Momipites,Momipites,Momipites sp,exact,YES,circle,,
D3408-1_L_2024_02_20_13_47_16_Texas::record_82,D3408-1_L_2024_02_20_13_47_16_Texas,/rhf/allocations/dsci435/smithsonian_full_sp26/raw/Images_with_annotations_for_CNN_training/D3408-1_L_2024_02_20_13_47_16_Texas.ndpi,D3408-1_L_2024_02_20_13_47_16_Texas.ndpi.ndpa,9d06560a8bbed4cf148ea0d147a5603b57bdd90ef6763749a801c9680aeb50ec,83,82,Cicatricosisporites dorogensis,Cicatricosisporites dorogensis,Cicatricosisporites sp.,exact,YES,circle,,
D3408-1_L_2024_02_20_13_47_16_Texas::record_89,D3408-1_L_2024_02_20_13_47_16_Texas,/rhf/allocations/dsci435/smithsonian_full_sp26/raw/Images_with_annotations_for_CNN_training/D3408-1_L_2024_02_20_13_47_16_Texas.ndpi,D3408-1_L_2024_02_20_13_47_16_Texas.ndpi.ndpa,9d06560a8bbed4cf148ea0d147a5603b57bdd90ef6763749a801c9680aeb50ec,90,89,Momipites,Momipites,Momipites sp,exact,YES,circle,,
D3408-1_L_2024_02_20_13_47_16_Texas::record_110,D3408-1_L_2024_02_20_13_47_16_Texas,/rhf/allocations/dsci435/smithsonian_full_sp26/raw/Images_with_annotations_for_CNN_training/D3408-1_L_2024_02_20_13_47_16_Texas.ndpi,D3408-1_L_2024_02_20_13_47_16_Texas.ndpi.ndpa,9d06560a8bbed4cf148ea0d147a5603b57bdd90ef6763749a801c9680aeb50ec,111,110,Momipites,Momipites,Momipites sp,exact,YES,circle,,
D3408-1_L_2024_02_20_13_47_16_Texas::record_113,D3408-1_L_2024_02_20_13_47_16_Texas,/rhf/allocations/dsci435/smithsonian_full_sp26/raw/Images_with_annotations_for_CNN_training/D3408-1_L_2024_02_20_13_47_16_Texas.ndpi,D3408-1_L_2024_02_20_13_47_16_Texas.ndpi.ndpa,9d06560a8bbed4cf148ea0d147a5603b57bdd90ef6763749a801c9680aeb50ec,114,113,Momipites,Momipites,Momipites sp,exact,YES,circle,,
D3408-1_L_2024_02_20_13_47_16_Texas::record_117,D3408-1_L_2024_02_20_13_47_16_Texas,/rhf/allocations/dsci435/smithsonian_full_sp26/raw/Images_with_annotations_for_CNN_training/D3408-1_L_2024_02_20_13_47_16_Texas.ndpi,D3408-1_L_2024_02_20_13_47_16_Texas.ndpi.ndpa,9d06560a8bbed4cf148ea0d147a5603b57bdd90ef6763749a801c9680aeb50ec,118,117,Momipites,Momipites,Momipites sp,exact,YES,circle,,
D3408-1_L_2024_02_20_13_47_16_Texas::record_121,D3408-1_L_2024_02_20_13_47_16_Texas,/rhf/allocations/dsci435/smithsonian_full_sp26/raw/Images_with_annotations_for_CNN_training/D3408-1_L_2024_02_20_13_47_16_Texas.ndpi,D3408-1_L_2024_02_20_13_47_16_Texas.ndpi.ndpa,9d06560a8bbed4cf148ea0d147a5603b57bdd90ef6763749a801c9680aeb50ec,122,121,Momipites,Momipites,Momipites sp,exact,YES,circle,,
D3408-1_L_2024_02_20_13_47_16_Texas::record_133,D3408-1_L_2024_02_20_13_47_16_Texas,/rhf/allocations/dsci435/smithsonian_full_sp26/raw/Images_with_annotations_for_CNN_training/D3408-1_L_2024_02_20_13_47_16_Texas.ndpi,D3408-1_L_2024_02_20_13_47_16_Texas.ndpi.ndpa,9d06560a8bbed4cf148ea0d147a5603b57bdd90ef6763749a801c9680aeb50ec,134,133,Momipites,Momipites,Momipites sp,exact,YES,circle,,
D3408-1_L_2024_02_20_13_47_16_Texas::record_138,D3408-1_L_2024_02_20_13_47_16_Texas,/rhf/allocations/dsci435/smithsonian_full_sp26/raw/Images_with_annotations_for_CNN_training/D3408-1_L_2024_02_20_13_47_16_Texas.ndpi,D3408-1_L_2024_02_20_13_47_16_Texas.ndpi.ndpa,9d06560a8bbed4cf148ea0d147a5603b57bdd90ef6763749a801c9680aeb50ec,139,138,Momipites,Momipites,Momipites sp,exact,YES,circle,,
D3408-1_L_2024_02_20_13_47_16_Texas::record_139,D3408-1_L_2024_02_20_13_47_16_Texas,/rhf/allocations/dsci435/smithsonian_full_sp26/raw/Images_with_annotations_for_CNN_training/D3408-1_L_2024_02_20_13_47_16_Texas.ndpi,D3408-1_L_2024_02_20_13_47_16_Texas.ndpi.ndpa,9d06560a8bbed4cf148ea0d147a5603b57bdd90ef6763749a801c9680aeb50ec,140,139,Momipites,Momipites,Momipites sp,exact,YES,circle,,
D3408-1_L_2024_02_20_13_47_16_Texas::record_142,D3408-1_L_2024_02_20_13_47_16_Texas,/rhf/allocations/dsci435/smithsonian_full_sp26/raw/Images_with_annotations_for_CNN_training/D3408-1_L_2024_02_20_13_47_16_Texas.ndpi,D3408-1_L_2024_02_20_13_47_16_Texas.ndpi.ndpa,9d06560a8bbed4cf148ea0d147a5603b57bdd90ef6763749a801c9680aeb50ec,143,142,Momipites,Momipites,Momipites sp,exact,YES,circle,,
D3408-1_L_2024_02_20_13_47_16_Texas::record_159,D3408-1_L_2024_02_20_13_47_16_Texas,/rhf/allocations/dsci435/smithsonian_full_sp26/raw/Images_with_annotations_for_CNN_training/D3408-1_L_2024_02_20_13_47_16_Texas.ndpi,D3408-1_L_2024_02_20_13_47_16_Texas.ndpi.ndpa,9d06560a8bbed4cf148ea0d147a5603b57bdd90ef6763749a801c9680aeb50ec,160,159,Momipites,Momipites,Momipites sp,exact,YES,circle,,
D3408-1_L_2024_02_20_13_47_16_Texas::record_160,D3408-1_L_2024_02_20_13_47_16_Texas,/rhf/allocations/dsci435/smithsonian_full_sp26/raw/Images_with_annotations_for_CNN_training/D3408-1_L_2024_02_20_13_47_16_Texas.ndpi,D3408-1_L_2024_02_20_13_47_16_Texas.ndpi.ndpa,9d06560a8bbed4cf148ea0d147a5603b57bdd90ef6763749a801c9680aeb50ec,161,160,Momipites,Momipites,Momipites sp,exact,YES,circle,,
D3408-1_L_2024_02_20_13_47_16_Texas::record_164,D3408-1_L_2024_02_20_13_47_16_Texas,/rhf/allocations/dsci435/smithsonian_full_sp26/raw/Images_with_annotations_for_CNN_training/D3408-1_L_2024_02_20_13_47_16_Texas.ndpi,D3408-1_L_2024_02_20_13_47_16_Texas.ndpi.ndpa,9d06560a8bbed4cf148ea0d147a5603b57bdd90ef6763749a801c9680aeb50ec,165,164,Momipites,Momipites,Momipites sp,exact,YES,circle,,
D3408-1_L_2024_02_20_13_47_16_Texas::record_166,D3408-1_L_2024_02_20_13_47_16_Texas,/rhf/allocations/dsci435/smithsonian_full_sp26/raw/Images_with_annotations_for_CNN_training/D3408-1_L_2024_02_20_13_47_16_Texas.ndpi,D3408-1_L_2024_02_20_13_47_16_Texas.ndpi.ndpa,9d06560a8bbed4cf148ea0d147a5603b57bdd90ef6763749a801c9680aeb50ec,167,166,Momipites,Momipites,Momipites sp,exact,YES,circle,,
D3408-1_L_2024_02_20_13_47_16_Texas::record_177,D3408-1_L_2024_02_20_13_47_16_Texas,/rhf/allocations/dsci435/smithsonian_full_sp26/raw/Images_with_annotations_for_CNN_training/D3408-1_L_2024_02_20_13_47_16_Texas.ndpi,D3408-1_L_2024_02_20_13_47_16_Texas.ndpi.ndpa,9d06560a8bbed4cf148ea0d147a5603b57bdd90ef6763749a801c9680aeb50ec,178,177,Momipites,Momipites,Momipites sp,exact,YES,circle,,
D3408-1_L_2024_02_20_13_47_16_Texas::record_181,D3408-1_L_2024_02_20_13_47_16_Texas,/rhf/allocations/dsci435/smithsonian_full_sp26/raw/Images_with_annotations_for_CNN_training/D3408-1_L_2024_02_20_13_47_16_Texas.ndpi,D3408-1_L_2024_02_20_13_47_16_Texas.ndpi.ndpa,9d06560a8bbed4cf148ea0d147a5603b57bdd90ef6763749a801c9680aeb50ec,182,181,Momipites,Momipites,Momipites sp,exact,YES,circle,,
D3408-1_L_2024_02_20_13_47_16_Texas::record_184,D3408-1_L_2024_02_20_13_47_16_Texas,/rhf/allocations/dsci435/smithsonian_full_sp26/raw/Images_with_annotations_for_CNN_training/D3408-1_L_2024_02_20_13_47_16_Texas.ndpi,D3408-1_L_2024_02_20_13_47_16_Texas.ndpi.ndpa,9d06560a8bbed4cf148ea0d147a5603b57bdd90ef6763749a801c9680aeb50ec,185,184,Momipites,Momipites,Momipites sp,exact,YES,circle,,
D3408-1_L_2024_02_20_13_47_16_Texas::record_192,D3408-1_L_2024_02_20_13_47_16_Texas,/rhf/allocations/dsci435/smithsonian_full_sp26/raw/Images_with_annotations_for_CNN_training/D3408-1_L_2024_02_20_13_47_16_Texas.ndpi,D3408-1_L_2024_02_20_13_47_16_Texas.ndpi.ndpa,9d06560a8bbed4cf148ea0d147a5603b57bdd90ef6763749a801c9680aeb50ec,193,192,Momipites,Momipites,Momipites sp,exact,YES,circle,,
D3408-1_L_2024_02_20_13_47_16_Texas::record_193,D3408-1_L_2024_02_20_13_47_16_Texas,/rhf/allocations/dsci435/smithsonian_full_sp26/raw/Images_with_annotations_for_CNN_training/D3408-1_L_2024_02_20_13_47_16_Texas.ndpi,D3408-1_L_2024_02_20_13_47_16_Texas.ndpi.ndpa,9d06560a8bbed4cf148ea0d147a5603b57bdd90ef6763749a801c9680aeb50ec,194,193,Momipites,Momipites,Momipites sp,exact,YES,circle,,
D3408-1_L_2024_02_20_13_47_16_Texas::record_208,D3408-1_L_2024_02_20_13_47_16_Texas,/rhf/allocations/dsci435/smithsonian_full_sp26/raw/Images_with_annotations_for_CNN_training/D3408-1_L_2024_02_20_13_47_16_Texas.ndpi,D3408-1_L_2024_02_20_13_47_16_Texas.ndpi.ndpa,9d06560a8bbed4cf148ea0d147a5603b57bdd90ef6763749a801c9680aeb50ec,209,208,Cicatricosisporites dorogensis,Cicatricosisporites dorogensis,Cicatricosisporites sp.,exact,YES,circle,,
D3408-1_L_2024_02_20_13_47_16_Texas::record_210,D3408-1_L_2024_02_20_13_47_16_Texas,/rhf/allocations/dsci435/smithsonian_full_sp26/raw/Images_with_annotations_for_CNN_training/D3408-1_L_2024_02_20_13_47_16_Texas.ndpi,D3408-1_L_2024_02_20_13_47_16_Texas.ndpi.ndpa,9d06560a8bbed4cf148ea0d147a5603b57bdd90ef6763749a801c9680aeb50ec,211,210,Momipites,Momipites,Momipites sp,exact,YES,circle,,
D3408-1_L_2024_02_20_13_47_16_Texas::record_211,D3408-1_L_2024_02_20_13_47_16_Texas,/rhf/allocations/dsci435/smithsonian_full_sp26/raw/Images_with_annotations_for_CNN_training/D3408-1_L_2024_02_20_13_47_16_Texas.ndpi,D3408-1_L_2024_02_20_13_47_16_Texas.ndpi.ndpa,9d06560a8bbed4cf148ea0d147a5603b57bdd90ef6763749a801c9680aeb50ec,212,211,Momipites,Momipites,Momipites sp,exact,YES,circle,,
D3408-1_L_2024_02_20_13_47_16_Texas::record_225,D3408-1_L_2024_02_20_13_47_16_Texas,/rhf/allocations/dsci435/smithsonian_full_sp26/raw/Images_with_annotations_for_CNN_training/D3408-1_L_2024_02_20_13_47_16_Texas.ndpi,D3408-1_L_2024_02_20_13_47_16_Texas.ndpi.ndpa,9d06560a8bbed4cf148ea0d147a5603b57bdd90ef6763749a801c9680aeb50ec,226,225,Momipites,Momipites,Momipites sp,exact,YES,circle,,
D3408-1_L_2024_02_20_13_47_16_Texas::record_228,D3408-1_L_2024_02_20_13_47_16_Texas,/rhf/allocations/dsci435/smithsonian_full_sp26/raw/Images_with_annotations_for_CNN_training/D3408-1_L_2024_02_20_13_47_16_Texas.ndpi,D3408-1_L_2024_02_20_13_47_16_Texas.ndpi.ndpa,9d06560a8bbed4cf148ea0d147a5603b57bdd90ef6763749a801c9680aeb50ec,229,228,Tetracolporopollenites sp.,Tetracolporopollenites sp.,Tetracolporopollenites sp.,exact,YES,circle,,
D3408-1_L_2024_02_20_13_47_16_Texas::record_232,D3408-1_L_2024_02_20_13_47_16_Texas,/rhf/allocations/dsci435/smithsonian_full_sp26/raw/Images_with_annotations_for_CNN_training/D3408-1_L_2024_02_20_13_47_16_Texas.ndpi,D3408-1_L_2024_02_20_13_47_16_Texas.ndpi.ndpa,9d06560a8bbed4cf148ea0d147a5603b57bdd90ef6763749a801c9680aeb50ec,233,232,Momipites,Momipites,Momipites sp,exact,YES,circle,,
D3408-1_L_2024_02_20_13_47_16_Texas::record_234,D3408-1_L_2024_02_20_13_47_16_Texas,/rhf/allocations/dsci435/smithsonian_full_sp26/raw/Images_with_annotations_for_CNN_training/D3408-1_L_2024_02_20_13_47_16_Texas.ndpi,D3408-1_L_2024_02_20_13_47_16_Texas.ndpi.ndpa,9d06560a8bbed4cf148ea0d147a5603b57bdd90ef6763749a801c9680aeb50ec,235,234,Momipites,Momipites,Momipites sp,exact,YES,circle,,
D3408-1_L_2024_02_20_13_47_16_Texas::record_235,D3408-1_L_2024_02_20_13_47_16_Texas,/rhf/allocations/dsci435/smithsonian_full_sp26/raw/Images_with_annotations_for_CNN_training/D3408-1_L_2024_02_20_13_47_16_Texas.ndpi,D3408-1_L_2024_02_20_13_47_16_Texas.ndpi.ndpa,9d06560a8bbed4cf148ea0d147a5603b57bdd90ef6763749a801c9680aeb50ec,236,235,Momipites,Momipites,Momipites sp,exact,YES,circle,,
D3408-1_L_2024_02_20_13_47_16_Texas::record_236,D3408-1_L_2024_02_20_13_47_16_Texas,/rhf/allocations/dsci435/smithsonian_full_sp26/raw/Images_with_annotations_for_CNN_training/D3408-1_L_2024_02_20_13_47_16_Texas.ndpi,D3408-1_L_2024_02_20_13_47_16_Texas.ndpi.ndpa,9d06560a8bbed4cf148ea0d147a5603b57bdd90ef6763749a801c9680aeb50ec,237,236,Momipites,Momipites,Momipites sp,exact,YES,circle,,
D3408-1_L_2024_02_20_13_47_16_Texas::record_240,D3408-1_L_2024_02_20_13_47_16_Texas,/rhf/allocations/dsci435/smithsonian_full_sp26/raw/Images_with_annotations_for_CNN_training/D3408-1_L_2024_02_20_13_47_16_Texas.ndpi,D3408-1_L_2024_02_20_13_47_16_Texas.ndpi.ndpa,9d06560a8bbed4cf148ea0d147a5603b57bdd90ef6763749a801c9680aeb50ec,241,240,Momipites,Momipites,Momipites sp,exact,YES,circle,,
D3408-1_L_2024_02_20_13_47_16_Texas::record_244,D3408-1_L_2024_02_20_13_47_16_Texas,/rhf/allocations/dsci435/smithsonian_full_sp26/raw/Images_with_annotations_for_CNN_training/D3408-1_L_2024_02_20_13_47_16_Texas.ndpi,D3408-1_L_2024_02_20_13_47_16_Texas.ndpi.ndpa,9d06560a8bbed4cf148ea0d147a5603b57bdd90ef6763749a801c9680aeb50ec,245,244,Cicatricosisporites dorogensis,Cicatricosisporites dorogensis,Cicatricosisporites sp.,exact,YES,circle,,
D3408-1_L_2024_02_20_13_47_16_Texas::record_249,D3408-1_L_2024_02_20_13_47_16_Texas,/rhf/allocations/dsci435/smithsonian_full_sp26/raw/Images_with_annotations_for_CNN_training/D3408-1_L_2024_02_20_13_47_16_Texas.ndpi,D3408-1_L_2024_02_20_13_47_16_Texas.ndpi.ndpa,9d06560a8bbed4cf148ea0d147a5603b57bdd90ef6763749a801c9680aeb50ec,250,249,Momipites,Momipites,Momipites sp,exact,YES,circle,,
D3408-1_L_2024_02_20_13_47_16_Texas::record_261,D3408-1_L_2024_02_20_13_47_16_Texas,/rhf/allocations/dsci435/smithsonian_full_sp26/raw/Images_with_annotations_for_CNN_training/D3408-1_L_2024_02_20_13_47_16_Texas.ndpi,D3408-1_L_2024_02_20_13_47_16_Texas.ndpi.ndpa,9d06560a8bbed4cf148ea0d147a5603b57bdd90ef6763749a801c9680aeb50ec,262,261,Momipites,Momipites,Momipites sp,exact,YES,circle,,
D3408-1_L_2024_02_20_13_47_16_Texas::record_270,D3408-1_L_2024_02_20_13_47_16_Texas,/rhf/allocations/dsci435/smithsonian_full_sp26/raw/Images_with_annotations_for_CNN_training/D3408-1_L_2024_02_20_13_47_16_Texas.ndpi,D3408-1_L_2024_02_20_13_47_16_Texas.ndpi.ndpa,9d06560a8bbed4cf148ea0d147a5603b57bdd90ef6763749a801c9680aeb50ec,271,270,Momipites,Momipites,Momipites sp,exact,YES,circle,,
D3408-1_L_2024_02_20_13_47_16_Texas::record_275,D3408-1_L_2024_02_20_13_47_16_Texas,/rhf/allocations/dsci435/smithsonian_full_sp26/raw/Images_with_annotations_for_CNN_training/D3408-1_L_2024_02_20_13_47_16_Texas.ndpi,D3408-1_L_2024_02_20_13_47_16_Texas.ndpi.ndpa,9d06560a8bbed4cf148ea0d147a5603b57bdd90ef6763749a801c9680aeb50ec,276,275,Momipites,Momipites,Momipites sp,exact,YES,circle,,
D3408-1_L_2024_02_20_13_47_16_Texas::record_281,D3408-1_L_2024_02_20_13_47_16_Texas,/rhf/allocations/dsci435/smithsonian_full_sp26/raw/Images_with_annotations_for_CNN_training/D3408-1_L_2024_02_20_13_47_16_Texas.ndpi,D3408-1_L_2024_02_20_13_47_16_Texas.ndpi.ndpa,9d06560a8bbed4cf148ea0d147a5603b57bdd90ef6763749a801c9680aeb50ec,282,281,Momipites,Momipites,Momipites sp,exact,YES,circle,,
D3408-1_L_2024_02_20_13_47_16_Texas::record_284,D3408-1_L_2024_02_20_13_47_16_Texas,/rhf/allocations/dsci435/smithsonian_full_sp26/raw/Images_with_annotations_for_CNN_training/D3408-1_L_2024_02_20_13_47_16_Texas.ndpi,D3408-1_L_2024_02_20_13_47_16_Texas.ndpi.ndpa,9d06560a8bbed4cf148ea0d147a5603b57bdd90ef6763749a801c9680aeb50ec,285,284,Momipites,Momipites,Momipites sp,exact,YES,circle,,
D3408-1_L_2024_02_20_13_47_16_Texas::record_285,D3408-1_L_2024_02_20_13_47_16_Texas,/rhf/allocations/dsci435/smithsonian_full_sp26/raw/Images_with_annotations_for_CNN_training/D3408-1_L_2024_02_20_13_47_16_Texas.ndpi,D3408-1_L_2024_02_20_13_47_16_Texas.ndpi.ndpa,9d06560a8bbed4cf148ea0d147a5603b57bdd90ef6763749a801c9680aeb50ec,286,285,Momipites,Momipites,Momipites sp,exact,YES,circle,,
D3408-1_L_2024_02_20_13_47_16_Texas::record_287,D3408-1_L_2024_02_20_13_47_16_Texas,/rhf/allocations/dsci435/smithsonian_full_sp26/raw/Images_with_annotations_for_CNN_training/D3408-1_L_2024_02_20_13_47_16_Texas.ndpi,D3408-1_L_2024_02_20_13_47_16_Texas.ndpi.ndpa,9d06560a8bbed4cf148ea0d147a5603b57bdd90ef6763749a801c9680aeb50ec,288,287,Cicatricosisporites dorogensis,Cicatricosisporites dorogensis,Cicatricosisporites sp.,exact,YES,circle,,
D3408-1_L_2024_02_20_13_47_16_Texas::record_294,D3408-1_L_2024_02_20_13_47_16_Texas,/rhf/allocations/dsci435/smithsonian_full_sp26/raw/Images_with_annotations_for_CNN_training/D3408-1_L_2024_02_20_13_47_16_Texas.ndpi,D3408-1_L_2024_02_20_13_47_16_Texas.ndpi.ndpa,9d06560a8bbed4cf148ea0d147a5603b57bdd90ef6763749a801c9680aeb50ec,295,294,Momipites,Momipites,Momipites sp,exact,YES,circle,,
D3408-1_L_2024_02_20_13_47_16_Texas::record_301,D3408-1_L_2024_02_20_13_47_16_Texas,/rhf/allocations/dsci435/smithsonian_full_sp26/raw/Images_with_annotations_for_CNN_training/D3408-1_L_2024_02_20_13_47_16_Texas.ndpi,D3408-1_L_2024_02_20_13_47_16_Texas.ndpi.ndpa,9d06560a8bbed4cf148ea0d147a5603b57bdd90ef6763749a801c9680aeb50ec,302,301,Momipites,Momipites,Momipites sp,exact,YES,circle,,
D3408-1_L_2024_02_20_13_47_16_Texas::record_304,D3408-1_L_2024_02_20_13_47_16_Texas,/rhf/allocations/dsci435/smithsonian_full_sp26/raw/Images_with_annotations_for_CNN_training/D3408-1_L_2024_02_20_13_47_16_Texas.ndpi,D3408-1_L_2024_02_20_13_47_16_Texas.ndpi.ndpa,9d06560a8bbed4cf148ea0d147a5603b57bdd90ef6763749a801c9680aeb50ec,305,304,Momipites,Momipites,Momipites sp,exact,YES,circle,,
D3408-1_L_2024_02_20_13_47_16_Texas::record_305,D3408-1_L_2024_02_20_13_47_16_Texas,/rhf/allocations/dsci435/smithsonian_full_sp26/raw/Images_with_annotations_for_CNN_training/D3408-1_L_2024_02_20_13_47_16_Texas.ndpi,D3408-1_L_2024_02_20_13_47_16_Texas.ndpi.ndpa,9d06560a8bbed4cf148ea0d147a5603b57bdd90ef6763749a801c9680aeb50ec,306,305,Momipites,Momipites,Momipites sp,exact,YES,circle,,
D3408-1_L_2024_02_20_13_47_16_Texas::record_307,D3408-1_L_2024_02_20_13_47_16_Texas,/rhf/allocations/dsci435/smithsonian_full_sp26/raw/Images_with_annotations_for_CNN_training/D3408-1_L_2024_02_20_13_47_16_Texas.ndpi,D3408-1_L_2024_02_20_13_47_16_Texas.ndpi.ndpa,9d06560a8bbed4cf148ea0d147a5603b57bdd90ef6763749a801c9680aeb50ec,308,307,Momipites,Momipites,Momipites sp,exact,YES,circle,,
D3408-1_L_2024_02_20_13_47_16_Texas::record_308,D3408-1_L_2024_02_20_13_47_16_Texas,/rhf/allocations/dsci435/smithsonian_full_sp26/raw/Images_with_annotations_for_CNN_training/D3408-1_L_2024_02_20_13_47_16_Texas.ndpi,D3408-1_L_2024_02_20_13_47_16_Texas.ndpi.ndpa,9d06560a8bbed4cf148ea0d147a5603b57bdd90ef6763749a801c9680aeb50ec,309,308,Momipites,Momipites,Momipites sp,exact,YES,circle,,
D3408-1_L_2024_02_20_13_47_16_Texas::record_309,D3408-1_L_2024_02_20_13_47_16_Texas,/rhf/allocations/dsci435/smithsonian_full_sp26/raw/Images_with_annotations_for_CNN_training/D3408-1_L_2024_02_20_13_47_16_Texas.ndpi,D3408-1_L_2024_02_20_13_47_16_Texas.ndpi.ndpa,9d06560a8bbed4cf148ea0d147a5603b57bdd90ef6763749a801c9680aeb50ec,310,309,Momipites sp.,Momipites sp.,Momipites sp,exact,YES,circle,,
D3408-1_L_2024_02_20_13_47_16_Texas::record_322,D3408-1_L_2024_02_20_13_47_16_Texas,/rhf/allocations/dsci435/smithsonian_full_sp26/raw/Images_with_annotations_for_CNN_training/D3408-1_L_2024_02_20_13_47_16_Texas.ndpi,D3408-1_L_2024_02_20_13_47_16_Texas.ndpi.ndpa,9d06560a8bbed4cf148ea0d147a5603b57bdd90ef6763749a801c9680aeb50ec,323,322,Momipites,Momipites,Momipites sp,exact,YES,circle,,
D3408-1_L_2024_02_20_13_47_16_Texas::record_326,D3408-1_L_2024_02_20_13_47_16_Texas,/rhf/allocations/dsci435/smithsonian_full_sp26/raw/Images_with_annotations_for_CNN_training/D3408-1_L_2024_02_20_13_47_16_Texas.ndpi,D3408-1_L_2024_02_20_13_47_16_Texas.ndpi.ndpa,9d06560a8bbed4cf148ea0d147a5603b57bdd90ef6763749a801c9680aeb50ec,327,326,Momipites,Momipites,Momipites sp,exact,YES,circle,,
D3408-1_L_2024_02_20_13_47_16_Texas::record_329,D3408-1_L_2024_02_20_13_47_16_Texas,/rhf/allocations/dsci435/smithsonian_full_sp26/raw/Images_with_annotations_for_CNN_training/D3408-1_L_2024_02_20_13_47_16_Texas.ndpi,D3408-1_L_2024_02_20_13_47_16_Texas.ndpi.ndpa,9d06560a8bbed4cf148ea0d147a5603b57bdd90ef6763749a801c9680aeb50ec,330,329,Tetracolporopollenites sp.,Tetracolporopollenites sp.,Tetracolporopollenites sp.,exact,YES,circle,,
D3408-1_L_2024_02_20_13_47_16_Texas::record_331,D3408-1_L_2024_02_20_13_47_16_Texas,/rhf/allocations/dsci435/smithsonian_full_sp26/raw/Images_with_annotations_for_CNN_training/D3408-1_L_2024_02_20_13_47_16_Texas.ndpi,D3408-1_L_2024_02_20_13_47_16_Texas.ndpi.ndpa,9d06560a8bbed4cf148ea0d147a5603b57bdd90ef6763749a801c9680aeb50ec,332,331,Momipites,Momipites,Momipites sp,exact,YES,circle,,
D3408-1_L_2024_02_20_13_47_16_Texas::record_336,D3408-1_L_2024_02_20_13_47_16_Texas,/rhf/allocations/dsci435/smithsonian_full_sp26/raw/Images_with_annotations_for_CNN_training/D3408-1_L_2024_02_20_13_47_16_Texas.ndpi,D3408-1_L_2024_02_20_13_47_16_Texas.ndpi.ndpa,9d06560a8bbed4cf148ea0d147a5603b57bdd90ef6763749a801c9680aeb50ec,337,336,Arecipites sp.,Arecipites sp.,Arecipites sp.,exact,YES,circle,,
D3408-1_L_2024_02_20_13_47_16_Texas::record_350,D3408-1_L_2024_02_20_13_47_16_Texas,/rhf/allocations/dsci435/smithsonian_full_sp26/raw/Images_with_annotations_for_CNN_training/D3408-1_L_2024_02_20_13_47_16_Texas.ndpi,D3408-1_L_2024_02_20_13_47_16_Texas.ndpi.ndpa,9d06560a8bbed4cf148ea0d147a5603b57bdd90ef6763749a801c9680aeb50ec,351,350,Momipites,Momipites,Momipites sp,exact,YES,circle,,
D3408-1_L_2024_02_20_13_47_16_Texas::record_353,D3408-1_L_2024_02_20_13_47_16_Texas,/rhf/allocations/dsci435/smithsonian_full_sp26/raw/Images_with_annotations_for_CNN_training/D3408-1_L_2024_02_20_13_47_16_Texas.ndpi,D3408-1_L_2024_02_20_13_47_16_Texas.ndpi.ndpa,9d06560a8bbed4cf148ea0d147a5603b57bdd90ef6763749a801c9680aeb50ec,354,353,Momipites,Momipites,Momipites sp,exact,YES,circle,,
D3408-1_L_2024_02_20_13_47_16_Texas::record_360,D3408-1_L_2024_02_20_13_47_16_Texas,/rhf/allocations/dsci435/smithsonian_full_sp26/raw/Images_with_annotations_for_CNN_training/D3408-1_L_2024_02_20_13_47_16_Texas.ndpi,D3408-1_L_2024_02_20_13_47_16_Texas.ndpi.ndpa,9d06560a8bbed4cf148ea0d147a5603b57bdd90ef6763749a801c9680aeb50ec,361,360,Momipites,Momipites,Momipites sp,exact,YES,circle,,
D3408-1_L_2024_02_20_13_47_16_Texas::record_361,D3408-1_L_2024_02_20_13_47_16_Texas,/rhf/allocations/dsci435/smithsonian_full_sp26/raw/Images_with_annotations_for_CNN_training/D3408-1_L_2024_02_20_13_47_16_Texas.ndpi,D3408-1_L_2024_02_20_13_47_16_Texas.ndpi.ndpa,9d06560a8bbed4cf148ea0d147a5603b57bdd90ef6763749a801c9680aeb50ec,362,361,Momipites,Momipites,Momipites sp,exact,YES,circle,,
D3408-1_L_2024_02_20_13_47_16_Texas::record_364,D3408-1_L_2024_02_20_13_47_16_Texas,/rhf/allocations/dsci435/smithsonian_full_sp26/raw/Images_with_annotations_for_CNN_training/D3408-1_L_2024_02_20_13_47_16_Texas.ndpi,D3408-1_L_2024_02_20_13_47_16_Texas.ndpi.ndpa,9d06560a8bbed4cf148ea0d147a5603b57bdd90ef6763749a801c9680aeb50ec,365,364,Momipites,Momipites,Momipites sp,exact,YES,circle,,
D3408-1_L_2024_02_20_13_47_16_Texas::record_393,D3408-1_L_2024_02_20_13_47_16_Texas,/rhf/allocations/dsci435/smithsonian_full_sp26/raw/Images_with_annotations_for_CNN_training/D3408-1_L_2024_02_20_13_47_16_Texas.ndpi,D3408-1_L_2024_02_20_13_47_16_Texas.ndpi.ndpa,9d06560a8bbed4cf148ea0d147a5603b57bdd90ef6763749a801c9680aeb50ec,394,393,Cicatricosisporites dorogensis,Cicatricosisporites dorogensis,Cicatricosisporites sp.,exact,YES,circle,,
D3408-1_L_2024_02_20_13_47_16_Texas::record_399,D3408-1_L_2024_02_20_13_47_16_Texas,/rhf/allocations/dsci435/smithsonian_full_sp26/raw/Images_with_annotations_for_CNN_training/D3408-1_L_2024_02_20_13_47_16_Texas.ndpi,D3408-1_L_2024_02_20_13_47_16_Texas.ndpi.ndpa,9d06560a8bbed4cf148ea0d147a5603b57bdd90ef6763749a801c9680aeb50ec,400,399,Momipites,Momipites,Momipites sp,exact,YES,circle,,
D3408-1_L_2024_02_20_13_47_16_Texas::record_400,D3408-1_L_2024_02_20_13_47_16_Texas,/rhf/allocations/dsci435/smithsonian_full_sp26/raw/Images_with_annotations_for_CNN_training/D3408-1_L_2024_02_20_13_47_16_Texas.ndpi,D3408-1_L_2024_02_20_13_47_16_Texas.ndpi.ndpa,9d06560a8bbed4cf148ea0d147a5603b57bdd90ef6763749a801c9680aeb50ec,401,400,Momipites,Momipites,Momipites sp,exact,YES,circle,,
D3408-1_L_2024_02_20_13_47_16_Texas::record_403,D3408-1_L_2024_02_20_13_47_16_Texas,/rhf/allocations/dsci435/smithsonian_full_sp26/raw/Images_with_annotations_for_CNN_training/D3408-1_L_2024_02_20_13_47_16_Texas.ndpi,D3408-1_L_2024_02_20_13_47_16_Texas.ndpi.ndpa,9d06560a8bbed4cf148ea0d147a5603b57bdd90ef6763749a801c9680aeb50ec,404,403,Momipites,Momipites,Momipites sp,exact,YES,circle,,
D3408-1_L_2024_02_20_13_47_16_Texas::record_410,D3408-1_L_2024_02_20_13_47_16_Texas,/rhf/allocations/dsci435/smithsonian_full_sp26/raw/Images_with_annotations_for_CNN_training/D3408-1_L_2024_02_20_13_47_16_Texas.ndpi,D3408-1_L_2024_02_20_13_47_16_Texas.ndpi.ndpa,9d06560a8bbed4cf148ea0d147a5603b57bdd90ef6763749a801c9680aeb50ec,411,410,Momipites,Momipites,Momipites sp,exact,YES,circle,,
D3408-1_L_2024_02_20_13_47_16_Texas::record_411,D3408-1_L_2024_02_20_13_47_16_Texas,/rhf/allocations/dsci435/smithsonian_full_sp26/raw/Images_with_annotations_for_CNN_training/D3408-1_L_2024_02_20_13_47_16_Texas.ndpi,D3408-1_L_2024_02_20_13_47_16_Texas.ndpi.ndpa,9d06560a8bbed4cf148ea0d147a5603b57bdd90ef6763749a801c9680aeb50ec,412,411,Arecipites sp.,Arecipites sp.,Arecipites sp.,exact,YES,circle,,"Monocolpites
"
D3408-1_L_2024_02_20_13_47_16_Texas::record_416,D3408-1_L_2024_02_20_13_47_16_Texas,/rhf/allocations/dsci435/smithsonian_full_sp26/raw/Images_with_annotations_for_CNN_training/D3408-1_L_2024_02_20_13_47_16_Texas.ndpi,D3408-1_L_2024_02_20_13_47_16_Texas.ndpi.ndpa,9d06560a8bbed4cf148ea0d147a5603b57bdd90ef6763749a801c9680aeb50ec,417,416,Arecipites sp.,Arecipites sp.,Arecipites sp.,exact,YES,circle,,"Liliacidites
"
D3408-1_L_2024_02_20_13_47_16_Texas::record_423,D3408-1_L_2024_02_20_13_47_16_Texas,/rhf/allocations/dsci435/smithsonian_full_sp26/raw/Images_with_annotations_for_CNN_training/D3408-1_L_2024_02_20_13_47_16_Texas.ndpi,D3408-1_L_2024_02_20_13_47_16_Texas.ndpi.ndpa,9d06560a8bbed4cf148ea0d147a5603b57bdd90ef6763749a801c9680aeb50ec,424,423,Psilamonocolpites sp.,Psilamonocolpites sp.,Monocolpites sp.,exact,YES,circle,,"Monocolpites
"
D3408-1_L_2024_02_20_13_47_16_Texas::record_424,D3408-1_L_2024_02_20_13_47_16_Texas,/rhf/allocations/dsci435/smithsonian_full_sp26/raw/Images_with_annotations_for_CNN_training/D3408-1_L_2024_02_20_13_47_16_Texas.ndpi,D3408-1_L_2024_02_20_13_47_16_Texas.ndpi.ndpa,9d06560a8bbed4cf148ea0d147a5603b57bdd90ef6763749a801c9680aeb50ec,425,424,Momipites,Momipites,Momipites sp,exact,YES,circle,,
D3408-1_L_2024_02_20_13_47_16_Texas::record_426,D3408-1_L_2024_02_20_13_47_16_Texas,/rhf/allocations/dsci435/smithsonian_full_sp26/raw/Images_with_annotations_for_CNN_training/D3408-1_L_2024_02_20_13_47_16_Texas.ndpi,D3408-1_L_2024_02_20_13_47_16_Texas.ndpi.ndpa,9d06560a8bbed4cf148ea0d147a5603b57bdd90ef6763749a801c9680aeb50ec,427,426,Momipites,Momipites,Momipites sp,exact,YES,circle,,
D3408-1_L_2024_02_20_13_47_16_Texas::record_427,D3408-1_L_2024_02_20_13_47_16_Texas,/rhf/allocations/dsci435/smithsonian_full_sp26/raw/Images_with_annotations_for_CNN_training/D3408-1_L_2024_02_20_13_47_16_Texas.ndpi,D3408-1_L_2024_02_20_13_47_16_Texas.ndpi.ndpa,9d06560a8bbed4cf148ea0d147a5603b57bdd90ef6763749a801c9680aeb50ec,428,427,Momipites,Momipites,Momipites sp,exact,YES,circle,,
D3408-1_L_2024_02_20_13_47_16_Texas::record_434,D3408-1_L_2024_02_20_13_47_16_Texas,/rhf/allocations/dsci435/smithsonian_full_sp26/raw/Images_with_annotations_for_CNN_training/D3408-1_L_2024_02_20_13_47_16_Texas.ndpi,D3408-1_L_2024_02_20_13_47_16_Texas.ndpi.ndpa,9d06560a8bbed4cf148ea0d147a5603b57bdd90ef6763749a801c9680aeb50ec,435,434,Momipites,Momipites,Momipites sp,exact,YES,circle,,
D3408-1_L_2024_02_20_13_47_16_Texas::record_435,D3408-1_L_2024_02_20_13_47_16_Texas,/rhf/allocations/dsci435/smithsonian_full_sp26/raw/Images_with_annotations_for_CNN_training/D3408-1_L_2024_02_20_13_47_16_Texas.ndpi,D3408-1_L_2024_02_20_13_47_16_Texas.ndpi.ndpa,9d06560a8bbed4cf148ea0d147a5603b57bdd90ef6763749a801c9680aeb50ec,436,435,Momipites flexus,Momipites flexus,Momipites flexus,exact,YES,circle,,
D3408-1_L_2024_02_20_13_47_16_Texas::record_436,D3408-1_L_2024_02_20_13_47_16_Texas,/rhf/allocations/dsci435/smithsonian_full_sp26/raw/Images_with_annotations_for_CNN_training/D3408-1_L_2024_02_20_13_47_16_Texas.ndpi,D3408-1_L_2024_02_20_13_47_16_Texas.ndpi.ndpa,9d06560a8bbed4cf148ea0d147a5603b57bdd90ef6763749a801c9680aeb50ec,437,436,Momipites,Momipites,Momipites sp,exact,YES,circle,,
D3408-1_L_2024_02_20_13_47_16_Texas::record_439,D3408-1_L_2024_02_20_13_47_16_Texas,/rhf/allocations/dsci435/smithsonian_full_sp26/raw/Images_with_annotations_for_CNN_training/D3408-1_L_2024_02_20_13_47_16_Texas.ndpi,D3408-1_L_2024_02_20_13_47_16_Texas.ndpi.ndpa,9d06560a8bbed4cf148ea0d147a5603b57bdd90ef6763749a801c9680aeb50ec,440,439,Momipites,Momipites,Momipites sp,exact,YES,circle,,
D3408-1_L_2024_02_20_13_47_16_Texas::record_444,D3408-1_L_2024_02_20_13_47_16_Texas,/rhf/allocations/dsci435/smithsonian_full_sp26/raw/Images_with_annotations_for_CNN_training/D3408-1_L_2024_02_20_13_47_16_Texas.ndpi,D3408-1_L_2024_02_20_13_47_16_Texas.ndpi.ndpa,9d06560a8bbed4cf148ea0d147a5603b57bdd90ef6763749a801c9680aeb50ec,445,444,Cicatricosisporites dorogensis,Cicatricosisporites dorogensis,Cicatricosisporites sp.,exact,YES,circle,,
D3408-1_L_2024_02_20_13_47_16_Texas::record_453,D3408-1_L_2024_02_20_13_47_16_Texas,/rhf/allocations/dsci435/smithsonian_full_sp26/raw/Images_with_annotations_for_CNN_training/D3408-1_L_2024_02_20_13_47_16_Texas.ndpi,D3408-1_L_2024_02_20_13_47_16_Texas.ndpi.ndpa,9d06560a8bbed4cf148ea0d147a5603b57bdd90ef6763749a801c9680aeb50ec,454,453,Momipites,Momipites,Momipites sp,exact,YES,circle,,
D3408-1_L_2024_02_20_13_47_16_Texas::record_458,D3408-1_L_2024_02_20_13_47_16_Texas,/rhf/allocations/dsci435/smithsonian_full_sp26/raw/Images_with_annotations_for_CNN_training/D3408-1_L_2024_02_20_13_47_16_Texas.ndpi,D3408-1_L_2024_02_20_13_47_16_Texas.ndpi.ndpa,9d06560a8bbed4cf148ea0d147a5603b57bdd90ef6763749a801c9680aeb50ec,459,458,Momipites,Momipites,Momipites sp,exact,YES,circle,,
D3408-1_L_2024_02_20_13_47_16_Texas::record_475,D3408-1_L_2024_02_20_13_47_16_Texas,/rhf/allocations/dsci435/smithsonian_full_sp26/raw/Images_with_annotations_for_CNN_training/D3408-1_L_2024_02_20_13_47_16_Texas.ndpi,D3408-1_L_2024_02_20_13_47_16_Texas.ndpi.ndpa,9d06560a8bbed4cf148ea0d147a5603b57bdd90ef6763749a801c9680aeb50ec,476,475,Cicatricosisporites dorogensis,Cicatricosisporites dorogensis,Cicatricosisporites sp.,exact,YES,circle,,
D3408-1_L_2024_02_20_13_47_16_Texas::record_476,D3408-1_L_2024_02_20_13_47_16_Texas,/rhf/allocations/dsci435/smithsonian_full_sp26/raw/Images_with_annotations_for_CNN_training/D3408-1_L_2024_02_20_13_47_16_Texas.ndpi,D3408-1_L_2024_02_20_13_47_16_Texas.ndpi.ndpa,9d06560a8bbed4cf148ea0d147a5603b57bdd90ef6763749a801c9680aeb50ec,477,476,Cicatricosisporites dorogensis,Cicatricosisporites dorogensis,Cicatricosisporites sp.,exact,YES,circle,,
D3408_1_R_2024_02_20_19_10_35_Texas::record_1,D3408_1_R_2024_02_20_19_10_35_Texas,/rhf/allocations/dsci435/smithsonian_full_sp26/raw/Images_with_annotations_for_CNN_training/D3408_1_R_2024_02_20_19_10_35_Texas.ndpi,D3408_1_R_2024_02_20_19_10_35_Texas.ndpi.ndpa,ca7659c1a95c21b8d36938f6c98a3f2afd0e47601deebc14bb0476219fcdd32a,2,1,Cicatricosisporites sp.,Cicatricosisporites sp.,Cicatricosisporites sp.,exact,YES,circle,,Fern spores
D3408_1_R_2024_02_20_19_10_35_Texas::record_2,D3408_1_R_2024_02_20_19_10_35_Texas,/rhf/allocations/dsci435/smithsonian_full_sp26/raw/Images_with_annotations_for_CNN_training/D3408_1_R_2024_02_20_19_10_35_Texas.ndpi,D3408_1_R_2024_02_20_19_10_35_Texas.ndpi.ndpa,ca7659c1a95c21b8d36938f6c98a3f2afd0e47601deebc14bb0476219fcdd32a,3,2,Caryapollenites veripites,Caryapollenites veripites,Caryapollenites veripites,exact,YES,circle,,
D3408_1_R_2024_02_20_19_10_35_Texas::record_3,D3408_1_R_2024_02_20_19_10_35_Texas,/rhf/allocations/dsci435/smithsonian_full_sp26/raw/Images_with_annotations_for_CNN_training/D3408_1_R_2024_02_20_19_10_35_Texas.ndpi,D3408_1_R_2024_02_20_19_10_35_Texas.ndpi.ndpa,ca7659c1a95c21b8d36938f6c98a3f2afd0e47601deebc14bb0476219fcdd32a,4,3,Cyathidites sp.,Cyathidites sp.,Psilatriletes sp.,exact,YES,circle,,
D3408_1_R_2024_02_20_19_10_35_Texas::record_4,D3408_1_R_2024_02_20_19_10_35_Texas,/rhf/allocations/dsci435/smithsonian_full_sp26/raw/Images_with_annotations_for_CNN_training/D3408_1_R_2024_02_20_19_10_35_Texas.ndpi,D3408_1_R_2024_02_20_19_10_35_Texas.ndpi.ndpa,ca7659c1a95c21b8d36938f6c98a3f2afd0e47601deebc14bb0476219fcdd32a,6,4,Arecipites sp.,Arecipites sp.,Arecipites sp.,exact,YES,circle,,
D3408_1_R_2024_02_20_19_10_35_Texas::record_5,D3408_1_R_2024_02_20_19_10_35_Texas,/rhf/allocations/dsci435/smithsonian_full_sp26/raw/Images_with_annotations_for_CNN_training/D3408_1_R_2024_02_20_19_10_35_Texas.ndpi,D3408_1_R_2024_02_20_19_10_35_Texas.ndpi.ndpa,ca7659c1a95c21b8d36938f6c98a3f2afd0e47601deebc14bb0476219fcdd32a,7,5,Cicatricosisporites sp.,Cicatricosisporites sp.,Cicatricosisporites sp.,exact,YES,circle,,
D3408_1_R_2024_02_20_19_10_35_Texas::record_7,D3408_1_R_2024_02_20_19_10_35_Texas,/rhf/allocations/dsci435/smithsonian_full_sp26/raw/Images_with_annotations_for_CNN_training/D3408_1_R_2024_02_20_19_10_35_Texas.ndpi,D3408_1_R_2024_02_20_19_10_35_Texas.ndpi.ndpa,ca7659c1a95c21b8d36938f6c98a3f2afd0e47601deebc14bb0476219fcdd32a,9,7,Cicatricosisporites sp.,Cicatricosisporites sp.,Cicatricosisporites sp.,exact,YES,circle,,
D3408_1_R_2024_02_20_19_10_35_Texas::record_8,D3408_1_R_2024_02_20_19_10_35_Texas,/rhf/allocations/dsci435/smithsonian_full_sp26/raw/Images_with_annotations_for_CNN_training/D3408_1_R_2024_02_20_19_10_35_Texas.ndpi,D3408_1_R_2024_02_20_19_10_35_Texas.ndpi.ndpa,ca7659c1a95c21b8d36938f6c98a3f2afd0e47601deebc14bb0476219fcdd32a,10,8,Cicatricosisporites sp.,Cicatricosisporites sp.,Cicatricosisporites sp.,exact,YES,circle,,
D3408_1_R_2024_02_20_19_10_35_Texas::record_9,D3408_1_R_2024_02_20_19_10_35_Texas,/rhf/allocations/dsci435/smithsonian_full_sp26/raw/Images_with_annotations_for_CNN_training/D3408_1_R_2024_02_20_19_10_35_Texas.ndpi,D3408_1_R_2024_02_20_19_10_35_Texas.ndpi.ndpa,ca7659c1a95c21b8d36938f6c98a3f2afd0e47601deebc14bb0476219fcdd32a,11,9,Caryapollenites wodehousei,Caryapollenites wodehousei,Caryapollenites sp.,exact,YES,circle,,
D3408_1_R_2024_02_20_19_10_35_Texas::record_11,D3408_1_R_2024_02_20_19_10_35_Texas,/rhf/allocations/dsci435/smithsonian_full_sp26/raw/Images_with_annotations_for_CNN_training/D3408_1_R_2024_02_20_19_10_35_Texas.ndpi,D3408_1_R_2024_02_20_19_10_35_Texas.ndpi.ndpa,ca7659c1a95c21b8d36938f6c98a3f2afd0e47601deebc14bb0476219fcdd32a,13,11,Momipites sp.,Momipites sp.,Momipites sp,exact,YES,circle,,
D3408_1_R_2024_02_20_19_10_35_Texas::record_12,D3408_1_R_2024_02_20_19_10_35_Texas,/rhf/allocations/dsci435/smithsonian_full_sp26/raw/Images_with_annotations_for_CNN_training/D3408_1_R_2024_02_20_19_10_35_Texas.ndpi,D3408_1_R_2024_02_20_19_10_35_Texas.ndpi.ndpa,ca7659c1a95c21b8d36938f6c98a3f2afd0e47601deebc14bb0476219fcdd32a,14,12,Cupuliferoipollenites sp.,Cupuliferoipollenites sp.,Cupuliferoipollenites sp.,exact,YES,circle,,
D3408_1_R_2024_02_20_19_10_35_Texas::record_14,D3408_1_R_2024_02_20_19_10_35_Texas,/rhf/allocations/dsci435/smithsonian_full_sp26/raw/Images_with_annotations_for_CNN_training/D3408_1_R_2024_02_20_19_10_35_Texas.ndpi,D3408_1_R_2024_02_20_19_10_35_Texas.ndpi.ndpa,ca7659c1a95c21b8d36938f6c98a3f2afd0e47601deebc14bb0476219fcdd32a,16,14,Tetracolporopollenites sp.,Tetracolporopollenites sp.,Tetracolporopollenites sp.,exact,YES,circle,,
D3408_1_R_2024_02_20_19_10_35_Texas::record_20,D3408_1_R_2024_02_20_19_10_35_Texas,/rhf/allocations/dsci435/smithsonian_full_sp26/raw/Images_with_annotations_for_CNN_training/D3408_1_R_2024_02_20_19_10_35_Texas.ndpi,D3408_1_R_2024_02_20_19_10_35_Texas.ndpi.ndpa,ca7659c1a95c21b8d36938f6c98a3f2afd0e47601deebc14bb0476219fcdd32a,22,20,Cupuliferoipollenites sp.,Cupuliferoipollenites sp.,Cupuliferoipollenites sp.,exact,YES,circle,,
D3408_1_R_2024_02_20_19_10_35_Texas::record_22,D3408_1_R_2024_02_20_19_10_35_Texas,/rhf/allocations/dsci435/smithsonian_full_sp26/raw/Images_with_annotations_for_CNN_training/D3408_1_R_2024_02_20_19_10_35_Texas.ndpi,D3408_1_R_2024_02_20_19_10_35_Texas.ndpi.ndpa,ca7659c1a95c21b8d36938f6c98a3f2afd0e47601deebc14bb0476219fcdd32a,24,22,Caryapollenites imparalis,Caryapollenites imparalis,Caryapollenites sp.,exact,YES,circle,,
D3408_1_R_2024_02_20_19_10_35_Texas::record_23,D3408_1_R_2024_02_20_19_10_35_Texas,/rhf/allocations/dsci435/smithsonian_full_sp26/raw/Images_with_annotations_for_CNN_training/D3408_1_R_2024_02_20_19_10_35_Texas.ndpi,D3408_1_R_2024_02_20_19_10_35_Texas.ndpi.ndpa,ca7659c1a95c21b8d36938f6c98a3f2afd0e47601deebc14bb0476219fcdd32a,25,23,Monosulcites,Monosulcites,Monocolpites sp.,exact,YES,circle,,
D3408_1_R_2024_02_20_19_10_35_Texas::record_24,D3408_1_R_2024_02_20_19_10_35_Texas,/rhf/allocations/dsci435/smithsonian_full_sp26/raw/Images_with_annotations_for_CNN_training/D3408_1_R_2024_02_20_19_10_35_Texas.ndpi,D3408_1_R_2024_02_20_19_10_35_Texas.ndpi.ndpa,ca7659c1a95c21b8d36938f6c98a3f2afd0e47601deebc14bb0476219fcdd32a,26,24,Momipites wyomingensis,Momipites wyomingensis,Momipites wyomingensis,exact,YES,circle,,
D3408_1_R_2024_02_20_19_10_35_Texas::record_26,D3408_1_R_2024_02_20_19_10_35_Texas,/rhf/allocations/dsci435/smithsonian_full_sp26/raw/Images_with_annotations_for_CNN_training/D3408_1_R_2024_02_20_19_10_35_Texas.ndpi,D3408_1_R_2024_02_20_19_10_35_Texas.ndpi.ndpa,ca7659c1a95c21b8d36938f6c98a3f2afd0e47601deebc14bb0476219fcdd32a,28,26,Momipites flexus,Momipites flexus,Momipites flexus,exact,YES,circle,,
D3408_1_R_2024_02_20_19_10_35_Texas::record_32,D3408_1_R_2024_02_20_19_10_35_Texas,/rhf/allocations/dsci435/smithsonian_full_sp26/raw/Images_with_annotations_for_CNN_training/D3408_1_R_2024_02_20_19_10_35_Texas.ndpi,D3408_1_R_2024_02_20_19_10_35_Texas.ndpi.ndpa,ca7659c1a95c21b8d36938f6c98a3f2afd0e47601deebc14bb0476219fcdd32a,34,32,Momipites sp.,Momipites sp.,Momipites sp,exact,YES,circle,,
D3408_1_R_2024_02_20_19_10_35_Texas::record_34,D3408_1_R_2024_02_20_19_10_35_Texas,/rhf/allocations/dsci435/smithsonian_full_sp26/raw/Images_with_annotations_for_CNN_training/D3408_1_R_2024_02_20_19_10_35_Texas.ndpi,D3408_1_R_2024_02_20_19_10_35_Texas.ndpi.ndpa,ca7659c1a95c21b8d36938f6c98a3f2afd0e47601deebc14bb0476219fcdd32a,36,34,Arecipites sp.,Arecipites sp.,Arecipites sp.,exact,YES,circle,,
D3408_1_R_2024_02_20_19_10_35_Texas::record_40,D3408_1_R_2024_02_20_19_10_35_Texas,/rhf/allocations/dsci435/smithsonian_full_sp26/raw/Images_with_annotations_for_CNN_training/D3408_1_R_2024_02_20_19_10_35_Texas.ndpi,D3408_1_R_2024_02_20_19_10_35_Texas.ndpi.ndpa,ca7659c1a95c21b8d36938f6c98a3f2afd0e47601deebc14bb0476219fcdd32a,42,40,Monosulcites,Monosulcites,Monocolpites sp.,exact,YES,circle,,
D3408_1_R_2024_02_20_19_10_35_Texas::record_41,D3408_1_R_2024_02_20_19_10_35_Texas,/rhf/allocations/dsci435/smithsonian_full_sp26/raw/Images_with_annotations_for_CNN_training/D3408_1_R_2024_02_20_19_10_35_Texas.ndpi,D3408_1_R_2024_02_20_19_10_35_Texas.ndpi.ndpa,ca7659c1a95c21b8d36938f6c98a3f2afd0e47601deebc14bb0476219fcdd32a,43,41,Arecipites sp.,Arecipites sp.,Arecipites sp.,exact,YES,circle,,
D3408_1_R_2024_02_20_19_10_35_Texas::record_43,D3408_1_R_2024_02_20_19_10_35_Texas,/rhf/allocations/dsci435/smithsonian_full_sp26/raw/Images_with_annotations_for_CNN_training/D3408_1_R_2024_02_20_19_10_35_Texas.ndpi,D3408_1_R_2024_02_20_19_10_35_Texas.ndpi.ndpa,ca7659c1a95c21b8d36938f6c98a3f2afd0e47601deebc14bb0476219fcdd32a,45,43,Momipites sp.,Momipites sp.,Momipites sp,exact,YES,circle,,
D3408_1_R_2024_02_20_19_10_35_Texas::record_44,D3408_1_R_2024_02_20_19_10_35_Texas,/rhf/allocations/dsci435/smithsonian_full_sp26/raw/Images_with_annotations_for_CNN_training/D3408_1_R_2024_02_20_19_10_35_Texas.ndpi,D3408_1_R_2024_02_20_19_10_35_Texas.ndpi.ndpa,ca7659c1a95c21b8d36938f6c98a3f2afd0e47601deebc14bb0476219fcdd32a,46,44,Caryapollenites imparalis,Caryapollenites imparalis,Caryapollenites sp.,exact,YES,circle,,
D3408_1_R_2024_02_20_19_10_35_Texas::record_47,D3408_1_R_2024_02_20_19_10_35_Texas,/rhf/allocations/dsci435/smithsonian_full_sp26/raw/Images_with_annotations_for_CNN_training/D3408_1_R_2024_02_20_19_10_35_Texas.ndpi,D3408_1_R_2024_02_20_19_10_35_Texas.ndpi.ndpa,ca7659c1a95c21b8d36938f6c98a3f2afd0e47601deebc14bb0476219fcdd32a,49,47,Laevigatosporites sp.,Laevigatosporites sp.,Laevigatosporites sp.,exact,YES,circle,,
D3408_1_R_2024_02_20_19_10_35_Texas::record_50,D3408_1_R_2024_02_20_19_10_35_Texas,/rhf/allocations/dsci435/smithsonian_full_sp26/raw/Images_with_annotations_for_CNN_training/D3408_1_R_2024_02_20_19_10_35_Texas.ndpi,D3408_1_R_2024_02_20_19_10_35_Texas.ndpi.ndpa,ca7659c1a95c21b8d36938f6c98a3f2afd0e47601deebc14bb0476219fcdd32a,52,50,Caryapollenites imparalis,Caryapollenites imparalis,Caryapollenites sp.,exact,YES,circle,,
D3408_1_R_2024_02_20_19_10_35_Texas::record_59,D3408_1_R_2024_02_20_19_10_35_Texas,/rhf/allocations/dsci435/smithsonian_full_sp26/raw/Images_with_annotations_for_CNN_training/D3408_1_R_2024_02_20_19_10_35_Texas.ndpi,D3408_1_R_2024_02_20_19_10_35_Texas.ndpi.ndpa,ca7659c1a95c21b8d36938f6c98a3f2afd0e47601deebc14bb0476219fcdd32a,61,59,Caryapollenites imparalis,Caryapollenites imparalis,Caryapollenites sp.,exact,YES,circle,,
D3408_1_R_2024_02_20_19_10_35_Texas::record_63,D3408_1_R_2024_02_20_19_10_35_Texas,/rhf/allocations/dsci435/smithsonian_full_sp26/raw/Images_with_annotations_for_CNN_training/D3408_1_R_2024_02_20_19_10_35_Texas.ndpi,D3408_1_R_2024_02_20_19_10_35_Texas.ndpi.ndpa,ca7659c1a95c21b8d36938f6c98a3f2afd0e47601deebc14bb0476219fcdd32a,65,63,Caryapollenites imparalis,Caryapollenites imparalis,Caryapollenites sp.,exact,YES,circle,,
D3408_1_R_2024_02_20_19_10_35_Texas::record_64,D3408_1_R_2024_02_20_19_10_35_Texas,/rhf/allocations/dsci435/smithsonian_full_sp26/raw/Images_with_annotations_for_CNN_training/D3408_1_R_2024_02_20_19_10_35_Texas.ndpi,D3408_1_R_2024_02_20_19_10_35_Texas.ndpi.ndpa,ca7659c1a95c21b8d36938f6c98a3f2afd0e47601deebc14bb0476219fcdd32a,66,64,Monosulcites,Monosulcites,Monocolpites sp.,exact,YES,circle,,
D3408_1_R_2024_02_20_19_10_35_Texas::record_66,D3408_1_R_2024_02_20_19_10_35_Texas,/rhf/allocations/dsci435/smithsonian_full_sp26/raw/Images_with_annotations_for_CNN_training/D3408_1_R_2024_02_20_19_10_35_Texas.ndpi,D3408_1_R_2024_02_20_19_10_35_Texas.ndpi.ndpa,ca7659c1a95c21b8d36938f6c98a3f2afd0e47601deebc14bb0476219fcdd32a,68,66,Momipites wyomingensis,Momipites wyomingensis,Momipites wyomingensis,exact,YES,circle,,
D3408_1_R_2024_02_20_19_10_35_Texas::record_67,D3408_1_R_2024_02_20_19_10_35_Texas,/rhf/allocations/dsci435/smithsonian_full_sp26/raw/Images_with_annotations_for_CNN_training/D3408_1_R_2024_02_20_19_10_35_Texas.ndpi,D3408_1_R_2024_02_20_19_10_35_Texas.ndpi.ndpa,ca7659c1a95c21b8d36938f6c98a3f2afd0e47601deebc14bb0476219fcdd32a,69,67,Psilatricolpites sp.,Psilatricolpites sp.,Psilatricolpites sp.,exact,YES,circle,,
D3408_1_R_2024_02_20_19_10_35_Texas::record_69,D3408_1_R_2024_02_20_19_10_35_Texas,/rhf/allocations/dsci435/smithsonian_full_sp26/raw/Images_with_annotations_for_CNN_training/D3408_1_R_2024_02_20_19_10_35_Texas.ndpi,D3408_1_R_2024_02_20_19_10_35_Texas.ndpi.ndpa,ca7659c1a95c21b8d36938f6c98a3f2afd0e47601deebc14bb0476219fcdd32a,71,69,Arecipites sp.,Arecipites sp.,Arecipites sp.,exact,YES,circle,,
D3408_1_R_2024_02_20_19_10_35_Texas::record_74,D3408_1_R_2024_02_20_19_10_35_Texas,/rhf/allocations/dsci435/smithsonian_full_sp26/raw/Images_with_annotations_for_CNN_training/D3408_1_R_2024_02_20_19_10_35_Texas.ndpi,D3408_1_R_2024_02_20_19_10_35_Texas.ndpi.ndpa,ca7659c1a95c21b8d36938f6c98a3f2afd0e47601deebc14bb0476219fcdd32a,76,74,Monosulcites,Monosulcites,Monocolpites sp.,exact,YES,circle,,
D3408_1_R_2024_02_20_19_10_35_Texas::record_77,D3408_1_R_2024_02_20_19_10_35_Texas,/rhf/allocations/dsci435/smithsonian_full_sp26/raw/Images_with_annotations_for_CNN_training/D3408_1_R_2024_02_20_19_10_35_Texas.ndpi,D3408_1_R_2024_02_20_19_10_35_Texas.ndpi.ndpa,ca7659c1a95c21b8d36938f6c98a3f2afd0e47601deebc14bb0476219fcdd32a,79,77,Monosulcites,Monosulcites,Monocolpites sp.,exact,YES,circle,,
D3408_1_R_2024_02_20_19_10_35_Texas::record_80,D3408_1_R_2024_02_20_19_10_35_Texas,/rhf/allocations/dsci435/smithsonian_full_sp26/raw/Images_with_annotations_for_CNN_training/D3408_1_R_2024_02_20_19_10_35_Texas.ndpi,D3408_1_R_2024_02_20_19_10_35_Texas.ndpi.ndpa,ca7659c1a95c21b8d36938f6c98a3f2afd0e47601deebc14bb0476219fcdd32a,83,80,Momipites wyomingensis,Momipites wyomingensis,Momipites wyomingensis,exact,YES,circle,,
D3408_1_R_2024_02_20_19_10_35_Texas::record_81,D3408_1_R_2024_02_20_19_10_35_Texas,/rhf/allocations/dsci435/smithsonian_full_sp26/raw/Images_with_annotations_for_CNN_training/D3408_1_R_2024_02_20_19_10_35_Texas.ndpi,D3408_1_R_2024_02_20_19_10_35_Texas.ndpi.ndpa,ca7659c1a95c21b8d36938f6c98a3f2afd0e47601deebc14bb0476219fcdd32a,84,81,Caryapollenites veripites,Caryapollenites veripites,Caryapollenites veripites,exact,YES,circle,,
D3408_1_R_2024_02_20_19_10_35_Texas::record_82,D3408_1_R_2024_02_20_19_10_35_Texas,/rhf/allocations/dsci435/smithsonian_full_sp26/raw/Images_with_annotations_for_CNN_training/D3408_1_R_2024_02_20_19_10_35_Texas.ndpi,D3408_1_R_2024_02_20_19_10_35_Texas.ndpi.ndpa,ca7659c1a95c21b8d36938f6c98a3f2afd0e47601deebc14bb0476219fcdd32a,85,82,Caryapollenites veripites,Caryapollenites veripites,Caryapollenites veripites,exact,YES,circle,,
D3408_1_R_2024_02_20_19_10_35_Texas::record_83,D3408_1_R_2024_02_20_19_10_35_Texas,/rhf/allocations/dsci435/smithsonian_full_sp26/raw/Images_with_annotations_for_CNN_training/D3408_1_R_2024_02_20_19_10_35_Texas.ndpi,D3408_1_R_2024_02_20_19_10_35_Texas.ndpi.ndpa,ca7659c1a95c21b8d36938f6c98a3f2afd0e47601deebc14bb0476219fcdd32a,86,83,Ulmoideipites sp.,Ulmoideipites sp.,Ulmipollenites sp.,exact,YES,circle,,
D3408_1_R_2024_02_20_19_10_35_Texas::record_84,D3408_1_R_2024_02_20_19_10_35_Texas,/rhf/allocations/dsci435/smithsonian_full_sp26/raw/Images_with_annotations_for_CNN_training/D3408_1_R_2024_02_20_19_10_35_Texas.ndpi,D3408_1_R_2024_02_20_19_10_35_Texas.ndpi.ndpa,ca7659c1a95c21b8d36938f6c98a3f2afd0e47601deebc14bb0476219fcdd32a,87,84,Cupuliferoipollenites sp.,Cupuliferoipollenites sp.,Cupuliferoipollenites sp.,exact,YES,circle,,
D3408_1_R_2024_02_20_19_10_35_Texas::record_86,D3408_1_R_2024_02_20_19_10_35_Texas,/rhf/allocations/dsci435/smithsonian_full_sp26/raw/Images_with_annotations_for_CNN_training/D3408_1_R_2024_02_20_19_10_35_Texas.ndpi,D3408_1_R_2024_02_20_19_10_35_Texas.ndpi.ndpa,ca7659c1a95c21b8d36938f6c98a3f2afd0e47601deebc14bb0476219fcdd32a,90,86,Tetracolporopollenites sp.,Tetracolporopollenites sp.,Tetracolporopollenites sp.,exact,YES,circle,,
D3408_1_R_2024_02_20_19_10_35_Texas::record_88,D3408_1_R_2024_02_20_19_10_35_Texas,/rhf/allocations/dsci435/smithsonian_full_sp26/raw/Images_with_annotations_for_CNN_training/D3408_1_R_2024_02_20_19_10_35_Texas.ndpi,D3408_1_R_2024_02_20_19_10_35_Texas.ndpi.ndpa,ca7659c1a95c21b8d36938f6c98a3f2afd0e47601deebc14bb0476219fcdd32a,92,88,Caryapollenites wodehousei,Caryapollenites wodehousei,Caryapollenites sp.,exact,YES,circle,,
D3408_1_R_2024_02_20_19_10_35_Texas::record_89,D3408_1_R_2024_02_20_19_10_35_Texas,/rhf/allocations/dsci435/smithsonian_full_sp26/raw/Images_with_annotations_for_CNN_training/D3408_1_R_2024_02_20_19_10_35_Texas.ndpi,D3408_1_R_2024_02_20_19_10_35_Texas.ndpi.ndpa,ca7659c1a95c21b8d36938f6c98a3f2afd0e47601deebc14bb0476219fcdd32a,93,89,Caryapollenites veripites,Caryapollenites veripites,Caryapollenites veripites,exact,YES,circle,,
D3408_1_R_2024_02_20_19_10_35_Texas::record_90,D3408_1_R_2024_02_20_19_10_35_Texas,/rhf/allocations/dsci435/smithsonian_full_sp26/raw/Images_with_annotations_for_CNN_training/D3408_1_R_2024_02_20_19_10_35_Texas.ndpi,D3408_1_R_2024_02_20_19_10_35_Texas.ndpi.ndpa,ca7659c1a95c21b8d36938f6c98a3f2afd0e47601deebc14bb0476219fcdd32a,94,90,Psilatricolpites sp.,Psilatricolpites sp.,Psilatricolpites sp.,exact,YES,circle,,
D3408_1_R_2024_02_20_19_10_35_Texas::record_93,D3408_1_R_2024_02_20_19_10_35_Texas,/rhf/allocations/dsci435/smithsonian_full_sp26/raw/Images_with_annotations_for_CNN_training/D3408_1_R_2024_02_20_19_10_35_Texas.ndpi,D3408_1_R_2024_02_20_19_10_35_Texas.ndpi.ndpa,ca7659c1a95c21b8d36938f6c98a3f2afd0e47601deebc14bb0476219fcdd32a,97,93,Caryapollenites wodehousei,Caryapollenites wodehousei,Caryapollenites sp.,exact,YES,circle,,
D3408_1_R_2024_02_20_19_10_35_Texas::record_94,D3408_1_R_2024_02_20_19_10_35_Texas,/rhf/allocations/dsci435/smithsonian_full_sp26/raw/Images_with_annotations_for_CNN_training/D3408_1_R_2024_02_20_19_10_35_Texas.ndpi,D3408_1_R_2024_02_20_19_10_35_Texas.ndpi.ndpa,ca7659c1a95c21b8d36938f6c98a3f2afd0e47601deebc14bb0476219fcdd32a,98,94,Arecipites sp.,Arecipites sp.,Arecipites sp.,exact,YES,circle,,
D3408_1_R_2024_02_20_19_10_35_Texas::record_95,D3408_1_R_2024_02_20_19_10_35_Texas,/rhf/allocations/dsci435/smithsonian_full_sp26/raw/Images_with_annotations_for_CNN_training/D3408_1_R_2024_02_20_19_10_35_Texas.ndpi,D3408_1_R_2024_02_20_19_10_35_Texas.ndpi.ndpa,ca7659c1a95c21b8d36938f6c98a3f2afd0e47601deebc14bb0476219fcdd32a,99,95,Momipites wyomingensis,Momipites wyomingensis,Momipites wyomingensis,exact,YES,circle,,
D3408_1_R_2024_02_20_19_10_35_Texas::record_96,D3408_1_R_2024_02_20_19_10_35_Texas,/rhf/allocations/dsci435/smithsonian_full_sp26/raw/Images_with_annotations_for_CNN_training/D3408_1_R_2024_02_20_19_10_35_Texas.ndpi,D3408_1_R_2024_02_20_19_10_35_Texas.ndpi.ndpa,ca7659c1a95c21b8d36938f6c98a3f2afd0e47601deebc14bb0476219fcdd32a,100,96,Caryapollenites wodehousei,Caryapollenites wodehousei,Caryapollenites sp.,exact,YES,circle,,
D3408_1_R_2024_02_20_19_10_35_Texas::record_98,D3408_1_R_2024_02_20_19_10_35_Texas,/rhf/allocations/dsci435/smithsonian_full_sp26/raw/Images_with_annotations_for_CNN_training/D3408_1_R_2024_02_20_19_10_35_Texas.ndpi,D3408_1_R_2024_02_20_19_10_35_Texas.ndpi.ndpa,ca7659c1a95c21b8d36938f6c98a3f2afd0e47601deebc14bb0476219fcdd32a,102,98,Caryapollenites wodehousei,Caryapollenites wodehousei,Caryapollenites sp.,exact,YES,circle,,
D3408_1_R_2024_02_20_19_10_35_Texas::record_99,D3408_1_R_2024_02_20_19_10_35_Texas,/rhf/allocations/dsci435/smithsonian_full_sp26/raw/Images_with_annotations_for_CNN_training/D3408_1_R_2024_02_20_19_10_35_Texas.ndpi,D3408_1_R_2024_02_20_19_10_35_Texas.ndpi.ndpa,ca7659c1a95c21b8d36938f6c98a3f2afd0e47601deebc14bb0476219fcdd32a,103,99,Arecipites sp.,Arecipites sp.,Arecipites sp.,exact,YES,circle,,
D3408_1_R_2024_02_20_19_10_35_Texas::record_100,D3408_1_R_2024_02_20_19_10_35_Texas,/rhf/allocations/dsci435/smithsonian_full_sp26/raw/Images_with_annotations_for_CNN_training/D3408_1_R_2024_02_20_19_10_35_Texas.ndpi,D3408_1_R_2024_02_20_19_10_35_Texas.ndpi.ndpa,ca7659c1a95c21b8d36938f6c98a3f2afd0e47601deebc14bb0476219fcdd32a,104,100,Monocolpites sp.,Monocolpites sp.,Monocolpites sp.,exact,YES,circle,,
D3408_1_R_2024_02_20_19_10_35_Texas::record_101,D3408_1_R_2024_02_20_19_10_35_Texas,/rhf/allocations/dsci435/smithsonian_full_sp26/raw/Images_with_annotations_for_CNN_training/D3408_1_R_2024_02_20_19_10_35_Texas.ndpi,D3408_1_R_2024_02_20_19_10_35_Texas.ndpi.ndpa,ca7659c1a95c21b8d36938f6c98a3f2afd0e47601deebc14bb0476219fcdd32a,105,101,Momipites sp.,Momipites sp.,Momipites sp,exact,YES,circle,,
D3408_1_R_2024_02_20_19_10_35_Texas::record_102,D3408_1_R_2024_02_20_19_10_35_Texas,/rhf/allocations/dsci435/smithsonian_full_sp26/raw/Images_with_annotations_for_CNN_training/D3408_1_R_2024_02_20_19_10_35_Texas.ndpi,D3408_1_R_2024_02_20_19_10_35_Texas.ndpi.ndpa,ca7659c1a95c21b8d36938f6c98a3f2afd0e47601deebc14bb0476219fcdd32a,106,102,Momipites sp.,Momipites sp.,Momipites sp,exact,YES,circle,,
D3408_1_R_2024_02_20_19_10_35_Texas::record_103,D3408_1_R_2024_02_20_19_10_35_Texas,/rhf/allocations/dsci435/smithsonian_full_sp26/raw/Images_with_annotations_for_CNN_training/D3408_1_R_2024_02_20_19_10_35_Texas.ndpi,D3408_1_R_2024_02_20_19_10_35_Texas.ndpi.ndpa,ca7659c1a95c21b8d36938f6c98a3f2afd0e47601deebc14bb0476219fcdd32a,107,103,Arecipites sp.,Arecipites sp.,Arecipites sp.,exact,YES,circle,,
D3408_1_R_2024_02_20_19_10_35_Texas::record_105,D3408_1_R_2024_02_20_19_10_35_Texas,/rhf/allocations/dsci435/smithsonian_full_sp26/raw/Images_with_annotations_for_CNN_training/D3408_1_R_2024_02_20_19_10_35_Texas.ndpi,D3408_1_R_2024_02_20_19_10_35_Texas.ndpi.ndpa,ca7659c1a95c21b8d36938f6c98a3f2afd0e47601deebc14bb0476219fcdd32a,109,105,Tetracolporopollenites sp.,Tetracolporopollenites sp.,Tetracolporopollenites sp.,exact,YES,circle,,Sapotaceae
D3408_1_R_2024_02_20_19_10_35_Texas::record_107,D3408_1_R_2024_02_20_19_10_35_Texas,/rhf/allocations/dsci435/smithsonian_full_sp26/raw/Images_with_annotations_for_CNN_training/D3408_1_R_2024_02_20_19_10_35_Texas.ndpi,D3408_1_R_2024_02_20_19_10_35_Texas.ndpi.ndpa,ca7659c1a95c21b8d36938f6c98a3f2afd0e47601deebc14bb0476219fcdd32a,111,107,Caryapollenites imparalis,Caryapollenites imparalis,Caryapollenites sp.,exact,YES,circle,,
D3408_1_R_2024_02_20_19_10_35_Texas::record_109,D3408_1_R_2024_02_20_19_10_35_Texas,/rhf/allocations/dsci435/smithsonian_full_sp26/raw/Images_with_annotations_for_CNN_training/D3408_1_R_2024_02_20_19_10_35_Texas.ndpi,D3408_1_R_2024_02_20_19_10_35_Texas.ndpi.ndpa,ca7659c1a95c21b8d36938f6c98a3f2afd0e47601deebc14bb0476219fcdd32a,113,109,Caryapollenites wodehousei,Caryapollenites wodehousei,Caryapollenites sp.,exact,YES,circle,,
D3408_1_R_2024_02_20_19_10_35_Texas::record_110,D3408_1_R_2024_02_20_19_10_35_Texas,/rhf/allocations/dsci435/smithsonian_full_sp26/raw/Images_with_annotations_for_CNN_training/D3408_1_R_2024_02_20_19_10_35_Texas.ndpi,D3408_1_R_2024_02_20_19_10_35_Texas.ndpi.ndpa,ca7659c1a95c21b8d36938f6c98a3f2afd0e47601deebc14bb0476219fcdd32a,114,110,Caryapollenites imparalis,Caryapollenites imparalis,Caryapollenites sp.,exact,YES,circle,,
D3408_1_R_2024_02_20_19_10_35_Texas::record_111,D3408_1_R_2024_02_20_19_10_35_Texas,/rhf/allocations/dsci435/smithsonian_full_sp26/raw/Images_with_annotations_for_CNN_training/D3408_1_R_2024_02_20_19_10_35_Texas.ndpi,D3408_1_R_2024_02_20_19_10_35_Texas.ndpi.ndpa,ca7659c1a95c21b8d36938f6c98a3f2afd0e47601deebc14bb0476219fcdd32a,115,111,Caryapollenites imparalis,Caryapollenites imparalis,Caryapollenites sp.,exact,YES,circle,,
D3408_1_R_2024_02_20_19_10_35_Texas::record_113,D3408_1_R_2024_02_20_19_10_35_Texas,/rhf/allocations/dsci435/smithsonian_full_sp26/raw/Images_with_annotations_for_CNN_training/D3408_1_R_2024_02_20_19_10_35_Texas.ndpi,D3408_1_R_2024_02_20_19_10_35_Texas.ndpi.ndpa,ca7659c1a95c21b8d36938f6c98a3f2afd0e47601deebc14bb0476219fcdd32a,117,113,Illexpollenites sp.,Illexpollenites sp.,Illexpollenites sp.,exact,YES,circle,,
D3408_1_R_2024_02_20_19_10_35_Texas::record_115,D3408_1_R_2024_02_20_19_10_35_Texas,/rhf/allocations/dsci435/smithsonian_full_sp26/raw/Images_with_annotations_for_CNN_training/D3408_1_R_2024_02_20_19_10_35_Texas.ndpi,D3408_1_R_2024_02_20_19_10_35_Texas.ndpi.ndpa,ca7659c1a95c21b8d36938f6c98a3f2afd0e47601deebc14bb0476219fcdd32a,119,115,Momipites wyomingensis,Momipites wyomingensis,Momipites wyomingensis,exact,YES,circle,,
D3408_1_R_2024_02_20_19_10_35_Texas::record_117,D3408_1_R_2024_02_20_19_10_35_Texas,/rhf/allocations/dsci435/smithsonian_full_sp26/raw/Images_with_annotations_for_CNN_training/D3408_1_R_2024_02_20_19_10_35_Texas.ndpi,D3408_1_R_2024_02_20_19_10_35_Texas.ndpi.ndpa,ca7659c1a95c21b8d36938f6c98a3f2afd0e47601deebc14bb0476219fcdd32a,121,117,Monocolpites,Monocolpites,Monocolpites sp.,exact,YES,circle,,
D3408_1_R_2024_02_20_19_10_35_Texas::record_118,D3408_1_R_2024_02_20_19_10_35_Texas,/rhf/allocations/dsci435/smithsonian_full_sp26/raw/Images_with_annotations_for_CNN_training/D3408_1_R_2024_02_20_19_10_35_Texas.ndpi,D3408_1_R_2024_02_20_19_10_35_Texas.ndpi.ndpa,ca7659c1a95c21b8d36938f6c98a3f2afd0e47601deebc14bb0476219fcdd32a,122,118,Monocolpites,Monocolpites,Monocolpites sp.,exact,YES,circle,,
D3408_1_R_2024_02_20_19_10_35_Texas::record_119,D3408_1_R_2024_02_20_19_10_35_Texas,/rhf/allocations/dsci435/smithsonian_full_sp26/raw/Images_with_annotations_for_CNN_training/D3408_1_R_2024_02_20_19_10_35_Texas.ndpi,D3408_1_R_2024_02_20_19_10_35_Texas.ndpi.ndpa,ca7659c1a95c21b8d36938f6c98a3f2afd0e47601deebc14bb0476219fcdd32a,123,119,Monocolpites,Monocolpites,Monocolpites sp.,exact,YES,circle,,
D3408_1_R_2024_02_20_19_10_35_Texas::record_123,D3408_1_R_2024_02_20_19_10_35_Texas,/rhf/allocations/dsci435/smithsonian_full_sp26/raw/Images_with_annotations_for_CNN_training/D3408_1_R_2024_02_20_19_10_35_Texas.ndpi,D3408_1_R_2024_02_20_19_10_35_Texas.ndpi.ndpa,ca7659c1a95c21b8d36938f6c98a3f2afd0e47601deebc14bb0476219fcdd32a,127,123,Tetracolporopollenites sp.,Tetracolporopollenites sp.,Tetracolporopollenites sp.,exact,YES,circle,,
D3408_1_R_2024_02_20_19_10_35_Texas::record_125,D3408_1_R_2024_02_20_19_10_35_Texas,/rhf/allocations/dsci435/smithsonian_full_sp26/raw/Images_with_annotations_for_CNN_training/D3408_1_R_2024_02_20_19_10_35_Texas.ndpi,D3408_1_R_2024_02_20_19_10_35_Texas.ndpi.ndpa,ca7659c1a95c21b8d36938f6c98a3f2afd0e47601deebc14bb0476219fcdd32a,129,125,Betulaceae,Betulaceae,Betulaceae,exact,YES,circle,,
D3408_1_R_2024_02_20_19_10_35_Texas::record_126,D3408_1_R_2024_02_20_19_10_35_Texas,/rhf/allocations/dsci435/smithsonian_full_sp26/raw/Images_with_annotations_for_CNN_training/D3408_1_R_2024_02_20_19_10_35_Texas.ndpi,D3408_1_R_2024_02_20_19_10_35_Texas.ndpi.ndpa,ca7659c1a95c21b8d36938f6c98a3f2afd0e47601deebc14bb0476219fcdd32a,130,126,Caryapollenites wodehousei,Caryapollenites wodehousei,Caryapollenites sp.,exact,YES,circle,,
D3408_1_R_2024_02_20_19_10_35_Texas::record_129,D3408_1_R_2024_02_20_19_10_35_Texas,/rhf/allocations/dsci435/smithsonian_full_sp26/raw/Images_with_annotations_for_CNN_training/D3408_1_R_2024_02_20_19_10_35_Texas.ndpi,D3408_1_R_2024_02_20_19_10_35_Texas.ndpi.ndpa,ca7659c1a95c21b8d36938f6c98a3f2afd0e47601deebc14bb0476219fcdd32a,133,129,Arecipites sp.,Arecipites sp.,Arecipites sp.,exact,YES,circle,,
D3408_1_R_2024_02_20_19_10_35_Texas::record_130,D3408_1_R_2024_02_20_19_10_35_Texas,/rhf/allocations/dsci435/smithsonian_full_sp26/raw/Images_with_annotations_for_CNN_training/D3408_1_R_2024_02_20_19_10_35_Texas.ndpi,D3408_1_R_2024_02_20_19_10_35_Texas.ndpi.ndpa,ca7659c1a95c21b8d36938f6c98a3f2afd0e47601deebc14bb0476219fcdd32a,134,130,Arecipites sp.,Arecipites sp.,Arecipites sp.,exact,YES,circle,,
D3408_1_R_2024_02_20_19_10_35_Texas::record_132,D3408_1_R_2024_02_20_19_10_35_Texas,/rhf/allocations/dsci435/smithsonian_full_sp26/raw/Images_with_annotations_for_CNN_training/D3408_1_R_2024_02_20_19_10_35_Texas.ndpi,D3408_1_R_2024_02_20_19_10_35_Texas.ndpi.ndpa,ca7659c1a95c21b8d36938f6c98a3f2afd0e47601deebc14bb0476219fcdd32a,136,132,Ericipites sp.,Ericipites sp.,Ericipites sp.,exact,YES,circle,,
D3408_1_R_2024_02_20_19_10_35_Texas::record_133,D3408_1_R_2024_02_20_19_10_35_Texas,/rhf/allocations/dsci435/smithsonian_full_sp26/raw/Images_with_annotations_for_CNN_training/D3408_1_R_2024_02_20_19_10_35_Texas.ndpi,D3408_1_R_2024_02_20_19_10_35_Texas.ndpi.ndpa,ca7659c1a95c21b8d36938f6c98a3f2afd0e47601deebc14bb0476219fcdd32a,137,133,Caryapollenites sp.,Caryapollenites sp.,Caryapollenites sp.,exact,YES,circle,,
D3408_1_R_2024_02_20_19_10_35_Texas::record_136,D3408_1_R_2024_02_20_19_10_35_Texas,/rhf/allocations/dsci435/smithsonian_full_sp26/raw/Images_with_annotations_for_CNN_training/D3408_1_R_2024_02_20_19_10_35_Texas.ndpi,D3408_1_R_2024_02_20_19_10_35_Texas.ndpi.ndpa,ca7659c1a95c21b8d36938f6c98a3f2afd0e47601deebc14bb0476219fcdd32a,140,136,Caryapollenites imparalis,Caryapollenites imparalis,Caryapollenites sp.,exact,YES,circle,,
D3408_1_R_2024_02_20_19_10_35_Texas::record_137,D3408_1_R_2024_02_20_19_10_35_Texas,/rhf/allocations/dsci435/smithsonian_full_sp26/raw/Images_with_annotations_for_CNN_training/D3408_1_R_2024_02_20_19_10_35_Texas.ndpi,D3408_1_R_2024_02_20_19_10_35_Texas.ndpi.ndpa,ca7659c1a95c21b8d36938f6c98a3f2afd0e47601deebc14bb0476219fcdd32a,141,137,Arecipites sp.,Arecipites sp.,Arecipites sp.,exact,YES,circle,,
D3408_1_R_2024_02_20_19_10_35_Texas::record_140,D3408_1_R_2024_02_20_19_10_35_Texas,/rhf/allocations/dsci435/smithsonian_full_sp26/raw/Images_with_annotations_for_CNN_training/D3408_1_R_2024_02_20_19_10_35_Texas.ndpi,D3408_1_R_2024_02_20_19_10_35_Texas.ndpi.ndpa,ca7659c1a95c21b8d36938f6c98a3f2afd0e47601deebc14bb0476219fcdd32a,144,140,Monocolpites,Monocolpites,Monocolpites sp.,exact,YES,circle,,
D3408_1_R_2024_02_20_19_10_35_Texas::record_146,D3408_1_R_2024_02_20_19_10_35_Texas,/rhf/allocations/dsci435/smithsonian_full_sp26/raw/Images_with_annotations_for_CNN_training/D3408_1_R_2024_02_20_19_10_35_Texas.ndpi,D3408_1_R_2024_02_20_19_10_35_Texas.ndpi.ndpa,ca7659c1a95c21b8d36938f6c98a3f2afd0e47601deebc14bb0476219fcdd32a,150,146,Monocolpites,Monocolpites,Monocolpites sp.,exact,YES,circle,,
D3408_1_R_2024_02_20_19_10_35_Texas::record_153,D3408_1_R_2024_02_20_19_10_35_Texas,/rhf/allocations/dsci435/smithsonian_full_sp26/raw/Images_with_annotations_for_CNN_training/D3408_1_R_2024_02_20_19_10_35_Texas.ndpi,D3408_1_R_2024_02_20_19_10_35_Texas.ndpi.ndpa,ca7659c1a95c21b8d36938f6c98a3f2afd0e47601deebc14bb0476219fcdd32a,157,153,Psilatricolpites sp.,Psilatricolpites sp.,Psilatricolpites sp.,exact,YES,circle,,
D3408_1_R_2024_02_20_19_10_35_Texas::record_154,D3408_1_R_2024_02_20_19_10_35_Texas,/rhf/allocations/dsci435/smithsonian_full_sp26/raw/Images_with_annotations_for_CNN_training/D3408_1_R_2024_02_20_19_10_35_Texas.ndpi,D3408_1_R_2024_02_20_19_10_35_Texas.ndpi.ndpa,ca7659c1a95c21b8d36938f6c98a3f2afd0e47601deebc14bb0476219fcdd32a,158,154,Arecipites sp.,Arecipites sp.,Arecipites sp.,exact,YES,circle,,Monocolpites
D3408_1_R_2024_02_20_19_10_35_Texas::record_158,D3408_1_R_2024_02_20_19_10_35_Texas,/rhf/allocations/dsci435/smithsonian_full_sp26/raw/Images_with_annotations_for_CNN_training/D3408_1_R_2024_02_20_19_10_35_Texas.ndpi,D3408_1_R_2024_02_20_19_10_35_Texas.ndpi.ndpa,ca7659c1a95c21b8d36938f6c98a3f2afd0e47601deebc14bb0476219fcdd32a,162,158,Momipites flexus,Momipites flexus,Momipites flexus,exact,YES,circle,,
D3408_1_R_2024_02_20_19_10_35_Texas::record_170,D3408_1_R_2024_02_20_19_10_35_Texas,/rhf/allocations/dsci435/smithsonian_full_sp26/raw/Images_with_annotations_for_CNN_training/D3408_1_R_2024_02_20_19_10_35_Texas.ndpi,D3408_1_R_2024_02_20_19_10_35_Texas.ndpi.ndpa,ca7659c1a95c21b8d36938f6c98a3f2afd0e47601deebc14bb0476219fcdd32a,174,170,Caryapollenites wodehousei,Caryapollenites wodehousei,Caryapollenites sp.,exact,YES,circle,,
D3408_1_R_2024_02_20_19_10_35_Texas::record_173,D3408_1_R_2024_02_20_19_10_35_Texas,/rhf/allocations/dsci435/smithsonian_full_sp26/raw/Images_with_annotations_for_CNN_training/D3408_1_R_2024_02_20_19_10_35_Texas.ndpi,D3408_1_R_2024_02_20_19_10_35_Texas.ndpi.ndpa,ca7659c1a95c21b8d36938f6c98a3f2afd0e47601deebc14bb0476219fcdd32a,177,173,Rousea sp,Rousea sp,Rousea sp.,exact,YES,circle,,
D3408_1_R_2024_02_20_19_10_35_Texas::record_178,D3408_1_R_2024_02_20_19_10_35_Texas,/rhf/allocations/dsci435/smithsonian_full_sp26/raw/Images_with_annotations_for_CNN_training/D3408_1_R_2024_02_20_19_10_35_Texas.ndpi,D3408_1_R_2024_02_20_19_10_35_Texas.ndpi.ndpa,ca7659c1a95c21b8d36938f6c98a3f2afd0e47601deebc14bb0476219fcdd32a,182,178,Caryapollenites imparalis,Caryapollenites imparalis,Caryapollenites sp.,exact,YES,circle,,
D3408_1_R_2024_02_20_19_10_35_Texas::record_181,D3408_1_R_2024_02_20_19_10_35_Texas,/rhf/allocations/dsci435/smithsonian_full_sp26/raw/Images_with_annotations_for_CNN_training/D3408_1_R_2024_02_20_19_10_35_Texas.ndpi,D3408_1_R_2024_02_20_19_10_35_Texas.ndpi.ndpa,ca7659c1a95c21b8d36938f6c98a3f2afd0e47601deebc14bb0476219fcdd32a,185,181,Arecipites sp.,Arecipites sp.,Arecipites sp.,exact,YES,circle,,
D3408_1_R_2024_02_20_19_10_35_Texas::record_182,D3408_1_R_2024_02_20_19_10_35_Texas,/rhf/allocations/dsci435/smithsonian_full_sp26/raw/Images_with_annotations_for_CNN_training/D3408_1_R_2024_02_20_19_10_35_Texas.ndpi,D3408_1_R_2024_02_20_19_10_35_Texas.ndpi.ndpa,ca7659c1a95c21b8d36938f6c98a3f2afd0e47601deebc14bb0476219fcdd32a,186,182,Tetracolporopollenites sp.,Tetracolporopollenites sp.,Tetracolporopollenites sp.,exact,YES,circle,,
D3408_1_R_2024_02_20_19_10_35_Texas::record_184,D3408_1_R_2024_02_20_19_10_35_Texas,/rhf/allocations/dsci435/smithsonian_full_sp26/raw/Images_with_annotations_for_CNN_training/D3408_1_R_2024_02_20_19_10_35_Texas.ndpi,D3408_1_R_2024_02_20_19_10_35_Texas.ndpi.ndpa,ca7659c1a95c21b8d36938f6c98a3f2afd0e47601deebc14bb0476219fcdd32a,188,184,Caryapollenites wodehousei,Caryapollenites wodehousei,Caryapollenites sp.,exact,YES,circle,,
D3408_1_R_2024_02_20_19_10_35_Texas::record_187,D3408_1_R_2024_02_20_19_10_35_Texas,/rhf/allocations/dsci435/smithsonian_full_sp26/raw/Images_with_annotations_for_CNN_training/D3408_1_R_2024_02_20_19_10_35_Texas.ndpi,D3408_1_R_2024_02_20_19_10_35_Texas.ndpi.ndpa,ca7659c1a95c21b8d36938f6c98a3f2afd0e47601deebc14bb0476219fcdd32a,191,187,Caryapollenites wodehousei,Caryapollenites wodehousei,Caryapollenites sp.,exact,YES,circle,,
D3408_1_R_2024_02_20_19_10_35_Texas::record_189,D3408_1_R_2024_02_20_19_10_35_Texas,/rhf/allocations/dsci435/smithsonian_full_sp26/raw/Images_with_annotations_for_CNN_training/D3408_1_R_2024_02_20_19_10_35_Texas.ndpi,D3408_1_R_2024_02_20_19_10_35_Texas.ndpi.ndpa,ca7659c1a95c21b8d36938f6c98a3f2afd0e47601deebc14bb0476219fcdd32a,193,189,Momipites flexus,Momipites flexus,Momipites flexus,exact,YES,circle,,
D3408_1_R_2024_02_20_19_10_35_Texas::record_190,D3408_1_R_2024_02_20_19_10_35_Texas,/rhf/allocations/dsci435/smithsonian_full_sp26/raw/Images_with_annotations_for_CNN_training/D3408_1_R_2024_02_20_19_10_35_Texas.ndpi,D3408_1_R_2024_02_20_19_10_35_Texas.ndpi.ndpa,ca7659c1a95c21b8d36938f6c98a3f2afd0e47601deebc14bb0476219fcdd32a,194,190,Arecipites sp.,Arecipites sp.,Arecipites sp.,exact,YES,circle,,Monocolpites
D3408_1_R_2024_02_20_19_10_35_Texas::record_191,D3408_1_R_2024_02_20_19_10_35_Texas,/rhf/allocations/dsci435/smithsonian_full_sp26/raw/Images_with_annotations_for_CNN_training/D3408_1_R_2024_02_20_19_10_35_Texas.ndpi,D3408_1_R_2024_02_20_19_10_35_Texas.ndpi.ndpa,ca7659c1a95c21b8d36938f6c98a3f2afd0e47601deebc14bb0476219fcdd32a,195,191,Caryapollenites imparalis,Caryapollenites imparalis,Caryapollenites sp.,exact,YES,circle,,
D3408_1_R_2024_02_20_19_10_35_Texas::record_196,D3408_1_R_2024_02_20_19_10_35_Texas,/rhf/allocations/dsci435/smithsonian_full_sp26/raw/Images_with_annotations_for_CNN_training/D3408_1_R_2024_02_20_19_10_35_Texas.ndpi,D3408_1_R_2024_02_20_19_10_35_Texas.ndpi.ndpa,ca7659c1a95c21b8d36938f6c98a3f2afd0e47601deebc14bb0476219fcdd32a,200,196,Laevigatosporites sp.,Laevigatosporites sp.,Laevigatosporites sp.,exact,YES,circle,,
D3408_1_R_2024_02_20_19_10_35_Texas::record_197,D3408_1_R_2024_02_20_19_10_35_Texas,/rhf/allocations/dsci435/smithsonian_full_sp26/raw/Images_with_annotations_for_CNN_training/D3408_1_R_2024_02_20_19_10_35_Texas.ndpi,D3408_1_R_2024_02_20_19_10_35_Texas.ndpi.ndpa,ca7659c1a95c21b8d36938f6c98a3f2afd0e47601deebc14bb0476219fcdd32a,201,197,Caryapollenites sp.,Caryapollenites sp.,Caryapollenites sp.,exact,YES,circle,,
D3408_1_R_2024_02_20_19_10_35_Texas::record_205,D3408_1_R_2024_02_20_19_10_35_Texas,/rhf/allocations/dsci435/smithsonian_full_sp26/raw/Images_with_annotations_for_CNN_training/D3408_1_R_2024_02_20_19_10_35_Texas.ndpi,D3408_1_R_2024_02_20_19_10_35_Texas.ndpi.ndpa,ca7659c1a95c21b8d36938f6c98a3f2afd0e47601deebc14bb0476219fcdd32a,210,205,Psilatricolpites sp.,Psilatricolpites sp.,Psilatricolpites sp.,exact,YES,circle,,
D3408_1_R_2024_02_20_19_10_35_Texas::record_206,D3408_1_R_2024_02_20_19_10_35_Texas,/rhf/allocations/dsci435/smithsonian_full_sp26/raw/Images_with_annotations_for_CNN_training/D3408_1_R_2024_02_20_19_10_35_Texas.ndpi,D3408_1_R_2024_02_20_19_10_35_Texas.ndpi.ndpa,ca7659c1a95c21b8d36938f6c98a3f2afd0e47601deebc14bb0476219fcdd32a,211,206,Monocolpites sp,Monocolpites sp,Monocolpites sp.,exact,YES,circle,,Arecaceae
D3408_1_R_2024_02_20_19_10_35_Texas::record_207,D3408_1_R_2024_02_20_19_10_35_Texas,/rhf/allocations/dsci435/smithsonian_full_sp26/raw/Images_with_annotations_for_CNN_training/D3408_1_R_2024_02_20_19_10_35_Texas.ndpi,D3408_1_R_2024_02_20_19_10_35_Texas.ndpi.ndpa,ca7659c1a95c21b8d36938f6c98a3f2afd0e47601deebc14bb0476219fcdd32a,212,207,Cupuliferoipollenites sp.,Cupuliferoipollenites sp.,Cupuliferoipollenites sp.,exact,YES,circle,,Tricolporites
D3408_1_R_2024_02_20_19_10_35_Texas::record_209,D3408_1_R_2024_02_20_19_10_35_Texas,/rhf/allocations/dsci435/smithsonian_full_sp26/raw/Images_with_annotations_for_CNN_training/D3408_1_R_2024_02_20_19_10_35_Texas.ndpi,D3408_1_R_2024_02_20_19_10_35_Texas.ndpi.ndpa,ca7659c1a95c21b8d36938f6c98a3f2afd0e47601deebc14bb0476219fcdd32a,214,209,Cicatricosisporites sp.,Cicatricosisporites sp.,Cicatricosisporites sp.,exact,YES,circle,,
D3408_1_R_2024_02_20_19_10_35_Texas::record_210,D3408_1_R_2024_02_20_19_10_35_Texas,/rhf/allocations/dsci435/smithsonian_full_sp26/raw/Images_with_annotations_for_CNN_training/D3408_1_R_2024_02_20_19_10_35_Texas.ndpi,D3408_1_R_2024_02_20_19_10_35_Texas.ndpi.ndpa,ca7659c1a95c21b8d36938f6c98a3f2afd0e47601deebc14bb0476219fcdd32a,215,210,Tetracolporopollenites sp.,Tetracolporopollenites sp.,Tetracolporopollenites sp.,exact,YES,circle,,
D3408_1_R_2024_02_20_19_10_35_Texas::record_211,D3408_1_R_2024_02_20_19_10_35_Texas,/rhf/allocations/dsci435/smithsonian_full_sp26/raw/Images_with_annotations_for_CNN_training/D3408_1_R_2024_02_20_19_10_35_Texas.ndpi,D3408_1_R_2024_02_20_19_10_35_Texas.ndpi.ndpa,ca7659c1a95c21b8d36938f6c98a3f2afd0e47601deebc14bb0476219fcdd32a,216,211,Momipites flexus,Momipites flexus,Momipites flexus,exact,YES,circle,,
D3408_1_R_2024_02_20_19_10_35_Texas::record_213,D3408_1_R_2024_02_20_19_10_35_Texas,/rhf/allocations/dsci435/smithsonian_full_sp26/raw/Images_with_annotations_for_CNN_training/D3408_1_R_2024_02_20_19_10_35_Texas.ndpi,D3408_1_R_2024_02_20_19_10_35_Texas.ndpi.ndpa,ca7659c1a95c21b8d36938f6c98a3f2afd0e47601deebc14bb0476219fcdd32a,218,213,Arecipites sp.,Arecipites sp.,Arecipites sp.,exact,YES,circle,,Monocolpites
D3408_1_R_2024_02_20_19_10_35_Texas::record_214,D3408_1_R_2024_02_20_19_10_35_Texas,/rhf/allocations/dsci435/smithsonian_full_sp26/raw/Images_with_annotations_for_CNN_training/D3408_1_R_2024_02_20_19_10_35_Texas.ndpi,D3408_1_R_2024_02_20_19_10_35_Texas.ndpi.ndpa,ca7659c1a95c21b8d36938f6c98a3f2afd0e47601deebc14bb0476219fcdd32a,219,214,Monocolpites sp,Monocolpites sp,Monocolpites sp.,exact,YES,circle,,Monocolpites
D3408_1_R_2024_02_20_19_10_35_Texas::record_215,D3408_1_R_2024_02_20_19_10_35_Texas,/rhf/allocations/dsci435/smithsonian_full_sp26/raw/Images_with_annotations_for_CNN_training/D3408_1_R_2024_02_20_19_10_35_Texas.ndpi,D3408_1_R_2024_02_20_19_10_35_Texas.ndpi.ndpa,ca7659c1a95c21b8d36938f6c98a3f2afd0e47601deebc14bb0476219fcdd32a,220,215,Momipites ventifluminis,Momipites ventifluminis,Momipites ventifluminis,exact,YES,circle,,
D3408_1_R_2024_02_20_19_10_35_Texas::record_216,D3408_1_R_2024_02_20_19_10_35_Texas,/rhf/allocations/dsci435/smithsonian_full_sp26/raw/Images_with_annotations_for_CNN_training/D3408_1_R_2024_02_20_19_10_35_Texas.ndpi,D3408_1_R_2024_02_20_19_10_35_Texas.ndpi.ndpa,ca7659c1a95c21b8d36938f6c98a3f2afd0e47601deebc14bb0476219fcdd32a,221,216,Momipites wyomingensis,Momipites wyomingensis,Momipites wyomingensis,exact,YES,circle,,
D3408_1_R_2024_02_20_19_10_35_Texas::record_217,D3408_1_R_2024_02_20_19_10_35_Texas,/rhf/allocations/dsci435/smithsonian_full_sp26/raw/Images_with_annotations_for_CNN_training/D3408_1_R_2024_02_20_19_10_35_Texas.ndpi,D3408_1_R_2024_02_20_19_10_35_Texas.ndpi.ndpa,ca7659c1a95c21b8d36938f6c98a3f2afd0e47601deebc14bb0476219fcdd32a,222,217,Tetracolporopollenites sp.,Tetracolporopollenites sp.,Tetracolporopollenites sp.,exact,YES,circle,,
D3408_1_R_2024_02_20_19_10_35_Texas::record_224,D3408_1_R_2024_02_20_19_10_35_Texas,/rhf/allocations/dsci435/smithsonian_full_sp26/raw/Images_with_annotations_for_CNN_training/D3408_1_R_2024_02_20_19_10_35_Texas.ndpi,D3408_1_R_2024_02_20_19_10_35_Texas.ndpi.ndpa,ca7659c1a95c21b8d36938f6c98a3f2afd0e47601deebc14bb0476219fcdd32a,229,224,Arecipites sp.,Arecipites sp.,Arecipites sp.,exact,YES,circle,,Arecaceae
D3408_1_R_2024_02_20_19_10_35_Texas::record_226,D3408_1_R_2024_02_20_19_10_35_Texas,/rhf/allocations/dsci435/smithsonian_full_sp26/raw/Images_with_annotations_for_CNN_training/D3408_1_R_2024_02_20_19_10_35_Texas.ndpi,D3408_1_R_2024_02_20_19_10_35_Texas.ndpi.ndpa,ca7659c1a95c21b8d36938f6c98a3f2afd0e47601deebc14bb0476219fcdd32a,231,226,Arecipites sp.,Arecipites sp.,Arecipites sp.,exact,YES,circle,,
D3408_1_R_2024_02_20_19_10_35_Texas::record_232,D3408_1_R_2024_02_20_19_10_35_Texas,/rhf/allocations/dsci435/smithsonian_full_sp26/raw/Images_with_annotations_for_CNN_training/D3408_1_R_2024_02_20_19_10_35_Texas.ndpi,D3408_1_R_2024_02_20_19_10_35_Texas.ndpi.ndpa,ca7659c1a95c21b8d36938f6c98a3f2afd0e47601deebc14bb0476219fcdd32a,237,232,Caryapollenites imparalis,Caryapollenites imparalis,Caryapollenites sp.,exact,YES,circle,,
D3408_1_R_2024_02_20_19_10_35_Texas::record_238,D3408_1_R_2024_02_20_19_10_35_Texas,/rhf/allocations/dsci435/smithsonian_full_sp26/raw/Images_with_annotations_for_CNN_training/D3408_1_R_2024_02_20_19_10_35_Texas.ndpi,D3408_1_R_2024_02_20_19_10_35_Texas.ndpi.ndpa,ca7659c1a95c21b8d36938f6c98a3f2afd0e47601deebc14bb0476219fcdd32a,243,238,Inaperturopollenites sp.,Inaperturopollenites sp.,Inaperturopollenites sp.,exact,YES,circle,,
D3408_1_R_2024_02_20_19_10_35_Texas::record_240,D3408_1_R_2024_02_20_19_10_35_Texas,/rhf/allocations/dsci435/smithsonian_full_sp26/raw/Images_with_annotations_for_CNN_training/D3408_1_R_2024_02_20_19_10_35_Texas.ndpi,D3408_1_R_2024_02_20_19_10_35_Texas.ndpi.ndpa,ca7659c1a95c21b8d36938f6c98a3f2afd0e47601deebc14bb0476219fcdd32a,245,240,Momipites flexus,Momipites flexus,Momipites flexus,exact,YES,circle,,
D3408_1_R_2024_02_20_19_10_35_Texas::record_243,D3408_1_R_2024_02_20_19_10_35_Texas,/rhf/allocations/dsci435/smithsonian_full_sp26/raw/Images_with_annotations_for_CNN_training/D3408_1_R_2024_02_20_19_10_35_Texas.ndpi,D3408_1_R_2024_02_20_19_10_35_Texas.ndpi.ndpa,ca7659c1a95c21b8d36938f6c98a3f2afd0e47601deebc14bb0476219fcdd32a,248,243,Arecipites sp.,Arecipites sp.,Arecipites sp.,exact,YES,circle,,Monocolpites
D3408_1_R_2024_02_20_19_10_35_Texas::record_251,D3408_1_R_2024_02_20_19_10_35_Texas,/rhf/allocations/dsci435/smithsonian_full_sp26/raw/Images_with_annotations_for_CNN_training/D3408_1_R_2024_02_20_19_10_35_Texas.ndpi,D3408_1_R_2024_02_20_19_10_35_Texas.ndpi.ndpa,ca7659c1a95c21b8d36938f6c98a3f2afd0e47601deebc14bb0476219fcdd32a,256,251,Caryapollenites imparalis,Caryapollenites imparalis,Caryapollenites sp.,exact,YES,circle,,
D3408_1_R_2024_02_20_19_10_35_Texas::record_252,D3408_1_R_2024_02_20_19_10_35_Texas,/rhf/allocations/dsci435/smithsonian_full_sp26/raw/Images_with_annotations_for_CNN_training/D3408_1_R_2024_02_20_19_10_35_Texas.ndpi,D3408_1_R_2024_02_20_19_10_35_Texas.ndpi.ndpa,ca7659c1a95c21b8d36938f6c98a3f2afd0e47601deebc14bb0476219fcdd32a,257,252,Psilatriletes sp.,Psilatriletes sp.,Psilatriletes sp.,exact,YES,circle,,
D3408_1_R_2024_02_20_19_10_35_Texas::record_253,D3408_1_R_2024_02_20_19_10_35_Texas,/rhf/allocations/dsci435/smithsonian_full_sp26/raw/Images_with_annotations_for_CNN_training/D3408_1_R_2024_02_20_19_10_35_Texas.ndpi,D3408_1_R_2024_02_20_19_10_35_Texas.ndpi.ndpa,ca7659c1a95c21b8d36938f6c98a3f2afd0e47601deebc14bb0476219fcdd32a,258,253,Caryapollenites veripites,Caryapollenites veripites,Caryapollenites veripites,exact,YES,circle,,
D3408_1_R_2024_02_20_19_10_35_Texas::record_255,D3408_1_R_2024_02_20_19_10_35_Texas,/rhf/allocations/dsci435/smithsonian_full_sp26/raw/Images_with_annotations_for_CNN_training/D3408_1_R_2024_02_20_19_10_35_Texas.ndpi,D3408_1_R_2024_02_20_19_10_35_Texas.ndpi.ndpa,ca7659c1a95c21b8d36938f6c98a3f2afd0e47601deebc14bb0476219fcdd32a,260,255,Psilamonocolpites sp.,Psilamonocolpites sp.,Monocolpites sp.,exact,YES,circle,,Monocolpites
D3408_1_R_2024_02_20_19_10_35_Texas::record_256,D3408_1_R_2024_02_20_19_10_35_Texas,/rhf/allocations/dsci435/smithsonian_full_sp26/raw/Images_with_annotations_for_CNN_training/D3408_1_R_2024_02_20_19_10_35_Texas.ndpi,D3408_1_R_2024_02_20_19_10_35_Texas.ndpi.ndpa,ca7659c1a95c21b8d36938f6c98a3f2afd0e47601deebc14bb0476219fcdd32a,261,256,Caryapollenites veripites,Caryapollenites veripites,Caryapollenites veripites,exact,YES,circle,,
D3408_1_R_2024_02_20_19_10_35_Texas::record_257,D3408_1_R_2024_02_20_19_10_35_Texas,/rhf/allocations/dsci435/smithsonian_full_sp26/raw/Images_with_annotations_for_CNN_training/D3408_1_R_2024_02_20_19_10_35_Texas.ndpi,D3408_1_R_2024_02_20_19_10_35_Texas.ndpi.ndpa,ca7659c1a95c21b8d36938f6c98a3f2afd0e47601deebc14bb0476219fcdd32a,262,257,Tetracolporopollenites sp.,Tetracolporopollenites sp.,Tetracolporopollenites sp.,exact,YES,circle,,
D3408_1_R_2024_02_20_19_10_35_Texas::record_258,D3408_1_R_2024_02_20_19_10_35_Texas,/rhf/allocations/dsci435/smithsonian_full_sp26/raw/Images_with_annotations_for_CNN_training/D3408_1_R_2024_02_20_19_10_35_Texas.ndpi,D3408_1_R_2024_02_20_19_10_35_Texas.ndpi.ndpa,ca7659c1a95c21b8d36938f6c98a3f2afd0e47601deebc14bb0476219fcdd32a,263,258,Arecipites sp.,Arecipites sp.,Arecipites sp.,exact,YES,circle,,Monocolpites
D3408_1_R_2024_02_20_19_10_35_Texas::record_259,D3408_1_R_2024_02_20_19_10_35_Texas,/rhf/allocations/dsci435/smithsonian_full_sp26/raw/Images_with_annotations_for_CNN_training/D3408_1_R_2024_02_20_19_10_35_Texas.ndpi,D3408_1_R_2024_02_20_19_10_35_Texas.ndpi.ndpa,ca7659c1a95c21b8d36938f6c98a3f2afd0e47601deebc14bb0476219fcdd32a,264,259,Momipites flexus,Momipites flexus,Momipites flexus,exact,YES,circle,,
D3408_1_R_2024_02_20_19_10_35_Texas::record_260,D3408_1_R_2024_02_20_19_10_35_Texas,/rhf/allocations/dsci435/smithsonian_full_sp26/raw/Images_with_annotations_for_CNN_training/D3408_1_R_2024_02_20_19_10_35_Texas.ndpi,D3408_1_R_2024_02_20_19_10_35_Texas.ndpi.ndpa,ca7659c1a95c21b8d36938f6c98a3f2afd0e47601deebc14bb0476219fcdd32a,265,260,Arecipites sp.,Arecipites sp.,Arecipites sp.,exact,YES,circle,,Monocolpites
D3408_1_R_2024_02_20_19_10_35_Texas::record_261,D3408_1_R_2024_02_20_19_10_35_Texas,/rhf/allocations/dsci435/smithsonian_full_sp26/raw/Images_with_annotations_for_CNN_training/D3408_1_R_2024_02_20_19_10_35_Texas.ndpi,D3408_1_R_2024_02_20_19_10_35_Texas.ndpi.ndpa,ca7659c1a95c21b8d36938f6c98a3f2afd0e47601deebc14bb0476219fcdd32a,266,261,Momipites flexus,Momipites flexus,Momipites flexus,exact,YES,circle,,
D3408_1_R_2024_02_20_19_10_35_Texas::record_262,D3408_1_R_2024_02_20_19_10_35_Texas,/rhf/allocations/dsci435/smithsonian_full_sp26/raw/Images_with_annotations_for_CNN_training/D3408_1_R_2024_02_20_19_10_35_Texas.ndpi,D3408_1_R_2024_02_20_19_10_35_Texas.ndpi.ndpa,ca7659c1a95c21b8d36938f6c98a3f2afd0e47601deebc14bb0476219fcdd32a,267,262,Cupuliferoipollenites sp.,Cupuliferoipollenites sp.,Cupuliferoipollenites sp.,exact,YES,circle,,
D3408_1_R_2024_02_20_19_10_35_Texas::record_266,D3408_1_R_2024_02_20_19_10_35_Texas,/rhf/allocations/dsci435/smithsonian_full_sp26/raw/Images_with_annotations_for_CNN_training/D3408_1_R_2024_02_20_19_10_35_Texas.ndpi,D3408_1_R_2024_02_20_19_10_35_Texas.ndpi.ndpa,ca7659c1a95c21b8d36938f6c98a3f2afd0e47601deebc14bb0476219fcdd32a,271,266,Caryapollenites veripites,Caryapollenites veripites,Caryapollenites veripites,exact,YES,circle,,
D3408_1_R_2024_02_20_19_10_35_Texas::record_269,D3408_1_R_2024_02_20_19_10_35_Texas,/rhf/allocations/dsci435/smithsonian_full_sp26/raw/Images_with_annotations_for_CNN_training/D3408_1_R_2024_02_20_19_10_35_Texas.ndpi,D3408_1_R_2024_02_20_19_10_35_Texas.ndpi.ndpa,ca7659c1a95c21b8d36938f6c98a3f2afd0e47601deebc14bb0476219fcdd32a,274,269,Monocolpites sp.,Monocolpites sp.,Monocolpites sp.,exact,YES,circle,,Monocolpites
D3408_1_R_2024_02_20_19_10_35_Texas::record_276,D3408_1_R_2024_02_20_19_10_35_Texas,/rhf/allocations/dsci435/smithsonian_full_sp26/raw/Images_with_annotations_for_CNN_training/D3408_1_R_2024_02_20_19_10_35_Texas.ndpi,D3408_1_R_2024_02_20_19_10_35_Texas.ndpi.ndpa,ca7659c1a95c21b8d36938f6c98a3f2afd0e47601deebc14bb0476219fcdd32a,281,276,Momipites flexus,Momipites flexus,Momipites flexus,exact,YES,circle,,
D3408_1_R_2024_02_20_19_10_35_Texas::record_278,D3408_1_R_2024_02_20_19_10_35_Texas,/rhf/allocations/dsci435/smithsonian_full_sp26/raw/Images_with_annotations_for_CNN_training/D3408_1_R_2024_02_20_19_10_35_Texas.ndpi,D3408_1_R_2024_02_20_19_10_35_Texas.ndpi.ndpa,ca7659c1a95c21b8d36938f6c98a3f2afd0e47601deebc14bb0476219fcdd32a,283,278,Cupuliferoipollenites sp.,Cupuliferoipollenites sp.,Cupuliferoipollenites sp.,exact,YES,circle,,
D3408_1_R_2024_02_20_19_10_35_Texas::record_281,D3408_1_R_2024_02_20_19_10_35_Texas,/rhf/allocations/dsci435/smithsonian_full_sp26/raw/Images_with_annotations_for_CNN_training/D3408_1_R_2024_02_20_19_10_35_Texas.ndpi,D3408_1_R_2024_02_20_19_10_35_Texas.ndpi.ndpa,ca7659c1a95c21b8d36938f6c98a3f2afd0e47601deebc14bb0476219fcdd32a,286,281,Caryapollenites sp.,Caryapollenites sp.,Caryapollenites sp.,exact,YES,circle,,
D3408_1_R_2024_02_20_19_10_35_Texas::record_283,D3408_1_R_2024_02_20_19_10_35_Texas,/rhf/allocations/dsci435/smithsonian_full_sp26/raw/Images_with_annotations_for_CNN_training/D3408_1_R_2024_02_20_19_10_35_Texas.ndpi,D3408_1_R_2024_02_20_19_10_35_Texas.ndpi.ndpa,ca7659c1a95c21b8d36938f6c98a3f2afd0e47601deebc14bb0476219fcdd32a,288,283,Arecipites sp.,Arecipites sp.,Arecipites sp.,exact,YES,circle,,Monocolpites
D3408_1_R_2024_02_20_19_10_35_Texas::record_284,D3408_1_R_2024_02_20_19_10_35_Texas,/rhf/allocations/dsci435/smithsonian_full_sp26/raw/Images_with_annotations_for_CNN_training/D3408_1_R_2024_02_20_19_10_35_Texas.ndpi,D3408_1_R_2024_02_20_19_10_35_Texas.ndpi.ndpa,ca7659c1a95c21b8d36938f6c98a3f2afd0e47601deebc14bb0476219fcdd32a,289,284,Caryapollenites veripites,Caryapollenites veripites,Caryapollenites veripites,exact,YES,circle,,
D3408_1_R_2024_02_20_19_10_35_Texas::record_288,D3408_1_R_2024_02_20_19_10_35_Texas,/rhf/allocations/dsci435/smithsonian_full_sp26/raw/Images_with_annotations_for_CNN_training/D3408_1_R_2024_02_20_19_10_35_Texas.ndpi,D3408_1_R_2024_02_20_19_10_35_Texas.ndpi.ndpa,ca7659c1a95c21b8d36938f6c98a3f2afd0e47601deebc14bb0476219fcdd32a,293,288,Rousea sp.,Rousea sp.,Rousea sp.,exact,YES,circle,,Retitripollenites
D3408_1_R_2024_02_20_19_10_35_Texas::record_289,D3408_1_R_2024_02_20_19_10_35_Texas,/rhf/allocations/dsci435/smithsonian_full_sp26/raw/Images_with_annotations_for_CNN_training/D3408_1_R_2024_02_20_19_10_35_Texas.ndpi,D3408_1_R_2024_02_20_19_10_35_Texas.ndpi.ndpa,ca7659c1a95c21b8d36938f6c98a3f2afd0e47601deebc14bb0476219fcdd32a,294,289,Arecipites sp.,Arecipites sp.,Arecipites sp.,exact,YES,circle,,Monocolpites
D3408_1_R_2024_02_20_19_10_35_Texas::record_290,D3408_1_R_2024_02_20_19_10_35_Texas,/rhf/allocations/dsci435/smithsonian_full_sp26/raw/Images_with_annotations_for_CNN_training/D3408_1_R_2024_02_20_19_10_35_Texas.ndpi,D3408_1_R_2024_02_20_19_10_35_Texas.ndpi.ndpa,ca7659c1a95c21b8d36938f6c98a3f2afd0e47601deebc14bb0476219fcdd32a,295,290,Arecipites sp.,Arecipites sp.,Arecipites sp.,exact,YES,circle,,Monocolpites
D3408_1_R_2024_02_20_19_10_35_Texas::record_291,D3408_1_R_2024_02_20_19_10_35_Texas,/rhf/allocations/dsci435/smithsonian_full_sp26/raw/Images_with_annotations_for_CNN_training/D3408_1_R_2024_02_20_19_10_35_Texas.ndpi,D3408_1_R_2024_02_20_19_10_35_Texas.ndpi.ndpa,ca7659c1a95c21b8d36938f6c98a3f2afd0e47601deebc14bb0476219fcdd32a,296,291,Arecipites sp.,Arecipites sp.,Arecipites sp.,exact,YES,circle,,
D3408_1_R_2024_02_20_19_10_35_Texas::record_292,D3408_1_R_2024_02_20_19_10_35_Texas,/rhf/allocations/dsci435/smithsonian_full_sp26/raw/Images_with_annotations_for_CNN_training/D3408_1_R_2024_02_20_19_10_35_Texas.ndpi,D3408_1_R_2024_02_20_19_10_35_Texas.ndpi.ndpa,ca7659c1a95c21b8d36938f6c98a3f2afd0e47601deebc14bb0476219fcdd32a,297,292,Inaperturopollenites sp.,Inaperturopollenites sp.,Inaperturopollenites sp.,exact,YES,circle,,
D3408_1_R_2024_02_20_19_10_35_Texas::record_296,D3408_1_R_2024_02_20_19_10_35_Texas,/rhf/allocations/dsci435/smithsonian_full_sp26/raw/Images_with_annotations_for_CNN_training/D3408_1_R_2024_02_20_19_10_35_Texas.ndpi,D3408_1_R_2024_02_20_19_10_35_Texas.ndpi.ndpa,ca7659c1a95c21b8d36938f6c98a3f2afd0e47601deebc14bb0476219fcdd32a,301,296,Momipites sp.,Momipites sp.,Momipites sp,exact,YES,circle,,
D3408_1_R_2024_02_20_19_10_35_Texas::record_302,D3408_1_R_2024_02_20_19_10_35_Texas,/rhf/allocations/dsci435/smithsonian_full_sp26/raw/Images_with_annotations_for_CNN_training/D3408_1_R_2024_02_20_19_10_35_Texas.ndpi,D3408_1_R_2024_02_20_19_10_35_Texas.ndpi.ndpa,ca7659c1a95c21b8d36938f6c98a3f2afd0e47601deebc14bb0476219fcdd32a,307,302,Arecipites sp.,Arecipites sp.,Arecipites sp.,exact,YES,circle,,Monocolpites
D3408_1_R_2024_02_20_19_10_35_Texas::record_305,D3408_1_R_2024_02_20_19_10_35_Texas,/rhf/allocations/dsci435/smithsonian_full_sp26/raw/Images_with_annotations_for_CNN_training/D3408_1_R_2024_02_20_19_10_35_Texas.ndpi,D3408_1_R_2024_02_20_19_10_35_Texas.ndpi.ndpa,ca7659c1a95c21b8d36938f6c98a3f2afd0e47601deebc14bb0476219fcdd32a,310,305,Caryapollenites imparalis,Caryapollenites imparalis,Caryapollenites sp.,exact,YES,circle,,
D3408_1_R_2024_02_20_19_10_35_Texas::record_306,D3408_1_R_2024_02_20_19_10_35_Texas,/rhf/allocations/dsci435/smithsonian_full_sp26/raw/Images_with_annotations_for_CNN_training/D3408_1_R_2024_02_20_19_10_35_Texas.ndpi,D3408_1_R_2024_02_20_19_10_35_Texas.ndpi.ndpa,ca7659c1a95c21b8d36938f6c98a3f2afd0e47601deebc14bb0476219fcdd32a,311,306,Momipites wyomingensis,Momipites wyomingensis,Momipites wyomingensis,exact,YES,circle,,
D3408_1_R_2024_02_20_19_10_35_Texas::record_307,D3408_1_R_2024_02_20_19_10_35_Texas,/rhf/allocations/dsci435/smithsonian_full_sp26/raw/Images_with_annotations_for_CNN_training/D3408_1_R_2024_02_20_19_10_35_Texas.ndpi,D3408_1_R_2024_02_20_19_10_35_Texas.ndpi.ndpa,ca7659c1a95c21b8d36938f6c98a3f2afd0e47601deebc14bb0476219fcdd32a,312,307,Momipites flexus,Momipites flexus,Momipites flexus,exact,YES,circle,,
D3408_1_R_2024_02_20_19_10_35_Texas::record_308,D3408_1_R_2024_02_20_19_10_35_Texas,/rhf/allocations/dsci435/smithsonian_full_sp26/raw/Images_with_annotations_for_CNN_training/D3408_1_R_2024_02_20_19_10_35_Texas.ndpi,D3408_1_R_2024_02_20_19_10_35_Texas.ndpi.ndpa,ca7659c1a95c21b8d36938f6c98a3f2afd0e47601deebc14bb0476219fcdd32a,313,308,Retipollenites,Retipollenites,Retipollenites sp.,exact,YES,circle,,
D3408_1_R_2024_02_20_19_10_35_Texas::record_309,D3408_1_R_2024_02_20_19_10_35_Texas,/rhf/allocations/dsci435/smithsonian_full_sp26/raw/Images_with_annotations_for_CNN_training/D3408_1_R_2024_02_20_19_10_35_Texas.ndpi,D3408_1_R_2024_02_20_19_10_35_Texas.ndpi.ndpa,ca7659c1a95c21b8d36938f6c98a3f2afd0e47601deebc14bb0476219fcdd32a,314,309,Caryapollenites imparalis,Caryapollenites imparalis,Caryapollenites sp.,exact,YES,circle,,
D3408_1_R_2024_02_20_19_10_35_Texas::record_311,D3408_1_R_2024_02_20_19_10_35_Texas,/rhf/allocations/dsci435/smithsonian_full_sp26/raw/Images_with_annotations_for_CNN_training/D3408_1_R_2024_02_20_19_10_35_Texas.ndpi,D3408_1_R_2024_02_20_19_10_35_Texas.ndpi.ndpa,ca7659c1a95c21b8d36938f6c98a3f2afd0e47601deebc14bb0476219fcdd32a,316,311,Laevigatosporites sp.,Laevigatosporites sp.,Laevigatosporites sp.,exact,YES,circle,,
D3408_1_R_2024_02_20_19_10_35_Texas::record_315,D3408_1_R_2024_02_20_19_10_35_Texas,/rhf/allocations/dsci435/smithsonian_full_sp26/raw/Images_with_annotations_for_CNN_training/D3408_1_R_2024_02_20_19_10_35_Texas.ndpi,D3408_1_R_2024_02_20_19_10_35_Texas.ndpi.ndpa,ca7659c1a95c21b8d36938f6c98a3f2afd0e47601deebc14bb0476219fcdd32a,320,315,Betulaceae,Betulaceae,Betulaceae,exact,YES,circle,,
D3408_1_R_2024_02_20_19_10_35_Texas::record_316,D3408_1_R_2024_02_20_19_10_35_Texas,/rhf/allocations/dsci435/smithsonian_full_sp26/raw/Images_with_annotations_for_CNN_training/D3408_1_R_2024_02_20_19_10_35_Texas.ndpi,D3408_1_R_2024_02_20_19_10_35_Texas.ndpi.ndpa,ca7659c1a95c21b8d36938f6c98a3f2afd0e47601deebc14bb0476219fcdd32a,321,316,Cupuliferoipollenites sp.,Cupuliferoipollenites sp.,Cupuliferoipollenites sp.,exact,YES,circle,,Tricolporites
D3408_1_R_2024_02_20_19_10_35_Texas::record_318,D3408_1_R_2024_02_20_19_10_35_Texas,/rhf/allocations/dsci435/smithsonian_full_sp26/raw/Images_with_annotations_for_CNN_training/D3408_1_R_2024_02_20_19_10_35_Texas.ndpi,D3408_1_R_2024_02_20_19_10_35_Texas.ndpi.ndpa,ca7659c1a95c21b8d36938f6c98a3f2afd0e47601deebc14bb0476219fcdd32a,324,318,Laevigatosporites sp.,Laevigatosporites sp.,Laevigatosporites sp.,exact,YES,circle,,
D3408_1_R_2024_02_20_19_10_35_Texas::record_321,D3408_1_R_2024_02_20_19_10_35_Texas,/rhf/allocations/dsci435/smithsonian_full_sp26/raw/Images_with_annotations_for_CNN_training/D3408_1_R_2024_02_20_19_10_35_Texas.ndpi,D3408_1_R_2024_02_20_19_10_35_Texas.ndpi.ndpa,ca7659c1a95c21b8d36938f6c98a3f2afd0e47601deebc14bb0476219fcdd32a,327,321,Momipites flexus,Momipites flexus,Momipites flexus,exact,YES,circle,,
D3408_1_R_2024_02_20_19_10_35_Texas::record_323,D3408_1_R_2024_02_20_19_10_35_Texas,/rhf/allocations/dsci435/smithsonian_full_sp26/raw/Images_with_annotations_for_CNN_training/D3408_1_R_2024_02_20_19_10_35_Texas.ndpi,D3408_1_R_2024_02_20_19_10_35_Texas.ndpi.ndpa,ca7659c1a95c21b8d36938f6c98a3f2afd0e47601deebc14bb0476219fcdd32a,329,323,Psilatriletes sp.,Psilatriletes sp.,Psilatriletes sp.,exact,YES,circle,,
D3408_1_R_2024_02_20_19_10_35_Texas::record_324,D3408_1_R_2024_02_20_19_10_35_Texas,/rhf/allocations/dsci435/smithsonian_full_sp26/raw/Images_with_annotations_for_CNN_training/D3408_1_R_2024_02_20_19_10_35_Texas.ndpi,D3408_1_R_2024_02_20_19_10_35_Texas.ndpi.ndpa,ca7659c1a95c21b8d36938f6c98a3f2afd0e47601deebc14bb0476219fcdd32a,330,324,Caryapollenites veripites,Caryapollenites veripites,Caryapollenites veripites,exact,YES,circle,,
D3408_1_R_2024_02_20_19_10_35_Texas::record_325,D3408_1_R_2024_02_20_19_10_35_Texas,/rhf/allocations/dsci435/smithsonian_full_sp26/raw/Images_with_annotations_for_CNN_training/D3408_1_R_2024_02_20_19_10_35_Texas.ndpi,D3408_1_R_2024_02_20_19_10_35_Texas.ndpi.ndpa,ca7659c1a95c21b8d36938f6c98a3f2afd0e47601deebc14bb0476219fcdd32a,331,325,Momipites sp.,Momipites sp.,Momipites sp,exact,YES,circle,,
D3408_1_R_2024_02_20_19_10_35_Texas::record_326,D3408_1_R_2024_02_20_19_10_35_Texas,/rhf/allocations/dsci435/smithsonian_full_sp26/raw/Images_with_annotations_for_CNN_training/D3408_1_R_2024_02_20_19_10_35_Texas.ndpi,D3408_1_R_2024_02_20_19_10_35_Texas.ndpi.ndpa,ca7659c1a95c21b8d36938f6c98a3f2afd0e47601deebc14bb0476219fcdd32a,332,326,Laevigatosporites sp.,Laevigatosporites sp.,Laevigatosporites sp.,exact,YES,circle,,
D3408_1_R_2024_02_20_19_10_35_Texas::record_329,D3408_1_R_2024_02_20_19_10_35_Texas,/rhf/allocations/dsci435/smithsonian_full_sp26/raw/Images_with_annotations_for_CNN_training/D3408_1_R_2024_02_20_19_10_35_Texas.ndpi,D3408_1_R_2024_02_20_19_10_35_Texas.ndpi.ndpa,ca7659c1a95c21b8d36938f6c98a3f2afd0e47601deebc14bb0476219fcdd32a,335,329,Caryapollenites veripites,Caryapollenites veripites,Caryapollenites veripites,exact,YES,circle,,
D3408_1_R_2024_02_20_19_10_35_Texas::record_332,D3408_1_R_2024_02_20_19_10_35_Texas,/rhf/allocations/dsci435/smithsonian_full_sp26/raw/Images_with_annotations_for_CNN_training/D3408_1_R_2024_02_20_19_10_35_Texas.ndpi,D3408_1_R_2024_02_20_19_10_35_Texas.ndpi.ndpa,ca7659c1a95c21b8d36938f6c98a3f2afd0e47601deebc14bb0476219fcdd32a,338,332,Caryapollenites veripites,Caryapollenites veripites,Caryapollenites veripites,exact,YES,circle,,
D3408_1_R_2024_02_20_19_10_35_Texas::record_333,D3408_1_R_2024_02_20_19_10_35_Texas,/rhf/allocations/dsci435/smithsonian_full_sp26/raw/Images_with_annotations_for_CNN_training/D3408_1_R_2024_02_20_19_10_35_Texas.ndpi,D3408_1_R_2024_02_20_19_10_35_Texas.ndpi.ndpa,ca7659c1a95c21b8d36938f6c98a3f2afd0e47601deebc14bb0476219fcdd32a,339,333,Rhoipites sp.,Rhoipites sp.,Rhoipites sp.,exact,YES,circle,,Retitricolporites
D3408_1_R_2024_02_20_19_10_35_Texas::record_334,D3408_1_R_2024_02_20_19_10_35_Texas,/rhf/allocations/dsci435/smithsonian_full_sp26/raw/Images_with_annotations_for_CNN_training/D3408_1_R_2024_02_20_19_10_35_Texas.ndpi,D3408_1_R_2024_02_20_19_10_35_Texas.ndpi.ndpa,ca7659c1a95c21b8d36938f6c98a3f2afd0e47601deebc14bb0476219fcdd32a,340,334,Arecipites sp.,Arecipites sp.,Arecipites sp.,exact,YES,circle,,Monocolpites
D3408_1_R_2024_02_20_19_10_35_Texas::record_338,D3408_1_R_2024_02_20_19_10_35_Texas,/rhf/allocations/dsci435/smithsonian_full_sp26/raw/Images_with_annotations_for_CNN_training/D3408_1_R_2024_02_20_19_10_35_Texas.ndpi,D3408_1_R_2024_02_20_19_10_35_Texas.ndpi.ndpa,ca7659c1a95c21b8d36938f6c98a3f2afd0e47601deebc14bb0476219fcdd32a,344,338,Arecipites sp.,Arecipites sp.,Arecipites sp.,exact,YES,circle,,
D3408_1_R_2024_02_20_19_10_35_Texas::record_340,D3408_1_R_2024_02_20_19_10_35_Texas,/rhf/allocations/dsci435/smithsonian_full_sp26/raw/Images_with_annotations_for_CNN_training/D3408_1_R_2024_02_20_19_10_35_Texas.ndpi,D3408_1_R_2024_02_20_19_10_35_Texas.ndpi.ndpa,ca7659c1a95c21b8d36938f6c98a3f2afd0e47601deebc14bb0476219fcdd32a,346,340,Rhoipites sp.,Rhoipites sp.,Rhoipites sp.,exact,YES,circle,,Tricolporites
D3408_1_R_2024_02_20_19_10_35_Texas::record_347,D3408_1_R_2024_02_20_19_10_35_Texas,/rhf/allocations/dsci435/smithsonian_full_sp26/raw/Images_with_annotations_for_CNN_training/D3408_1_R_2024_02_20_19_10_35_Texas.ndpi,D3408_1_R_2024_02_20_19_10_35_Texas.ndpi.ndpa,ca7659c1a95c21b8d36938f6c98a3f2afd0e47601deebc14bb0476219fcdd32a,353,347,Psilatricolpites sp.,Psilatricolpites sp.,Psilatricolpites sp.,exact,YES,circle,,
D3408_1_R_2024_02_20_19_10_35_Texas::record_348,D3408_1_R_2024_02_20_19_10_35_Texas,/rhf/allocations/dsci435/smithsonian_full_sp26/raw/Images_with_annotations_for_CNN_training/D3408_1_R_2024_02_20_19_10_35_Texas.ndpi,D3408_1_R_2024_02_20_19_10_35_Texas.ndpi.ndpa,ca7659c1a95c21b8d36938f6c98a3f2afd0e47601deebc14bb0476219fcdd32a,354,348,Caryapollenites wodehousei,Caryapollenites wodehousei,Caryapollenites sp.,exact,YES,circle,,
D3408_1_R_2024_02_20_19_10_35_Texas::record_349,D3408_1_R_2024_02_20_19_10_35_Texas,/rhf/allocations/dsci435/smithsonian_full_sp26/raw/Images_with_annotations_for_CNN_training/D3408_1_R_2024_02_20_19_10_35_Texas.ndpi,D3408_1_R_2024_02_20_19_10_35_Texas.ndpi.ndpa,ca7659c1a95c21b8d36938f6c98a3f2afd0e47601deebc14bb0476219fcdd32a,355,349,Caryapollenites imparalis,Caryapollenites imparalis,Caryapollenites sp.,exact,YES,circle,,
D3408_1_R_2024_02_20_19_10_35_Texas::record_351,D3408_1_R_2024_02_20_19_10_35_Texas,/rhf/allocations/dsci435/smithsonian_full_sp26/raw/Images_with_annotations_for_CNN_training/D3408_1_R_2024_02_20_19_10_35_Texas.ndpi,D3408_1_R_2024_02_20_19_10_35_Texas.ndpi.ndpa,ca7659c1a95c21b8d36938f6c98a3f2afd0e47601deebc14bb0476219fcdd32a,357,351,Cicatricosisporites sp.,Cicatricosisporites sp.,Cicatricosisporites sp.,exact,YES,circle,,Fern spores
D3408_1_R_2024_02_20_19_10_35_Texas::record_352,D3408_1_R_2024_02_20_19_10_35_Texas,/rhf/allocations/dsci435/smithsonian_full_sp26/raw/Images_with_annotations_for_CNN_training/D3408_1_R_2024_02_20_19_10_35_Texas.ndpi,D3408_1_R_2024_02_20_19_10_35_Texas.ndpi.ndpa,ca7659c1a95c21b8d36938f6c98a3f2afd0e47601deebc14bb0476219fcdd32a,358,352,Cicatricosisporites sp.,Cicatricosisporites sp.,Cicatricosisporites sp.,exact,YES,circle,,Fern spores
D3408_1_R_2024_02_20_19_10_35_Texas::record_353,D3408_1_R_2024_02_20_19_10_35_Texas,/rhf/allocations/dsci435/smithsonian_full_sp26/raw/Images_with_annotations_for_CNN_training/D3408_1_R_2024_02_20_19_10_35_Texas.ndpi,D3408_1_R_2024_02_20_19_10_35_Texas.ndpi.ndpa,ca7659c1a95c21b8d36938f6c98a3f2afd0e47601deebc14bb0476219fcdd32a,359,353,Cicatricosisporites sp.,Cicatricosisporites sp.,Cicatricosisporites sp.,exact,YES,circle,,Fern spores
D3408_1_R_2024_02_20_19_10_35_Texas::record_354,D3408_1_R_2024_02_20_19_10_35_Texas,/rhf/allocations/dsci435/smithsonian_full_sp26/raw/Images_with_annotations_for_CNN_training/D3408_1_R_2024_02_20_19_10_35_Texas.ndpi,D3408_1_R_2024_02_20_19_10_35_Texas.ndpi.ndpa,ca7659c1a95c21b8d36938f6c98a3f2afd0e47601deebc14bb0476219fcdd32a,360,354,Cicatricosisporites sp.,Cicatricosisporites sp.,Cicatricosisporites sp.,exact,YES,circle,,Fern spores
D3408_1_R_2024_02_20_19_10_35_Texas::record_355,D3408_1_R_2024_02_20_19_10_35_Texas,/rhf/allocations/dsci435/smithsonian_full_sp26/raw/Images_with_annotations_for_CNN_training/D3408_1_R_2024_02_20_19_10_35_Texas.ndpi,D3408_1_R_2024_02_20_19_10_35_Texas.ndpi.ndpa,ca7659c1a95c21b8d36938f6c98a3f2afd0e47601deebc14bb0476219fcdd32a,361,355,Cicatricosisporites sp.,Cicatricosisporites sp.,Cicatricosisporites sp.,exact,YES,circle,,Fern spores
D3408_1_R_2024_02_20_19_10_35_Texas::record_356,D3408_1_R_2024_02_20_19_10_35_Texas,/rhf/allocations/dsci435/smithsonian_full_sp26/raw/Images_with_annotations_for_CNN_training/D3408_1_R_2024_02_20_19_10_35_Texas.ndpi,D3408_1_R_2024_02_20_19_10_35_Texas.ndpi.ndpa,ca7659c1a95c21b8d36938f6c98a3f2afd0e47601deebc14bb0476219fcdd32a,362,356,Cicatricosisporites sp.,Cicatricosisporites sp.,Cicatricosisporites sp.,exact,YES,circle,,Fern spores
D3408_1_R_2024_02_20_19_10_35_Texas::record_357,D3408_1_R_2024_02_20_19_10_35_Texas,/rhf/allocations/dsci435/smithsonian_full_sp26/raw/Images_with_annotations_for_CNN_training/D3408_1_R_2024_02_20_19_10_35_Texas.ndpi,D3408_1_R_2024_02_20_19_10_35_Texas.ndpi.ndpa,ca7659c1a95c21b8d36938f6c98a3f2afd0e47601deebc14bb0476219fcdd32a,363,357,Cicatricosisporites sp.,Cicatricosisporites sp.,Cicatricosisporites sp.,exact,YES,circle,,Fern spores
D3408_1_R_2024_02_20_19_10_35_Texas::record_358,D3408_1_R_2024_02_20_19_10_35_Texas,/rhf/allocations/dsci435/smithsonian_full_sp26/raw/Images_with_annotations_for_CNN_training/D3408_1_R_2024_02_20_19_10_35_Texas.ndpi,D3408_1_R_2024_02_20_19_10_35_Texas.ndpi.ndpa,ca7659c1a95c21b8d36938f6c98a3f2afd0e47601deebc14bb0476219fcdd32a,364,358,Cicatricosisporites sp.,Cicatricosisporites sp.,Cicatricosisporites sp.,exact,YES,circle,,Fern spores
D3408_1_R_2024_02_20_19_10_35_Texas::record_359,D3408_1_R_2024_02_20_19_10_35_Texas,/rhf/allocations/dsci435/smithsonian_full_sp26/raw/Images_with_annotations_for_CNN_training/D3408_1_R_2024_02_20_19_10_35_Texas.ndpi,D3408_1_R_2024_02_20_19_10_35_Texas.ndpi.ndpa,ca7659c1a95c21b8d36938f6c98a3f2afd0e47601deebc14bb0476219fcdd32a,365,359,Cicatricosisporites sp.,Cicatricosisporites sp.,Cicatricosisporites sp.,exact,YES,circle,,Fern spores
D3408_1_R_2024_02_20_19_10_35_Texas::record_360,D3408_1_R_2024_02_20_19_10_35_Texas,/rhf/allocations/dsci435/smithsonian_full_sp26/raw/Images_with_annotations_for_CNN_training/D3408_1_R_2024_02_20_19_10_35_Texas.ndpi,D3408_1_R_2024_02_20_19_10_35_Texas.ndpi.ndpa,ca7659c1a95c21b8d36938f6c98a3f2afd0e47601deebc14bb0476219fcdd32a,366,360,Cicatricosisporites sp.,Cicatricosisporites sp.,Cicatricosisporites sp.,exact,YES,circle,,Fern spores
D3408_1_R_2024_02_20_19_10_35_Texas::record_361,D3408_1_R_2024_02_20_19_10_35_Texas,/rhf/allocations/dsci435/smithsonian_full_sp26/raw/Images_with_annotations_for_CNN_training/D3408_1_R_2024_02_20_19_10_35_Texas.ndpi,D3408_1_R_2024_02_20_19_10_35_Texas.ndpi.ndpa,ca7659c1a95c21b8d36938f6c98a3f2afd0e47601deebc14bb0476219fcdd32a,367,361,Momipites flexus,Momipites flexus,Momipites flexus,exact,YES,circle,,
D3408_1_R_2024_02_20_19_10_35_Texas::record_362,D3408_1_R_2024_02_20_19_10_35_Texas,/rhf/allocations/dsci435/smithsonian_full_sp26/raw/Images_with_annotations_for_CNN_training/D3408_1_R_2024_02_20_19_10_35_Texas.ndpi,D3408_1_R_2024_02_20_19_10_35_Texas.ndpi.ndpa,ca7659c1a95c21b8d36938f6c98a3f2afd0e47601deebc14bb0476219fcdd32a,368,362,Momipites flexus,Momipites flexus,Momipites flexus,exact,YES,circle,,
D3408_1_R_2024_02_20_19_10_35_Texas::record_363,D3408_1_R_2024_02_20_19_10_35_Texas,/rhf/allocations/dsci435/smithsonian_full_sp26/raw/Images_with_annotations_for_CNN_training/D3408_1_R_2024_02_20_19_10_35_Texas.ndpi,D3408_1_R_2024_02_20_19_10_35_Texas.ndpi.ndpa,ca7659c1a95c21b8d36938f6c98a3f2afd0e47601deebc14bb0476219fcdd32a,369,363,Momipites flexus,Momipites flexus,Momipites flexus,exact,YES,circle,,
D3408_1_R_2024_02_20_19_10_35_Texas::record_364,D3408_1_R_2024_02_20_19_10_35_Texas,/rhf/allocations/dsci435/smithsonian_full_sp26/raw/Images_with_annotations_for_CNN_training/D3408_1_R_2024_02_20_19_10_35_Texas.ndpi,D3408_1_R_2024_02_20_19_10_35_Texas.ndpi.ndpa,ca7659c1a95c21b8d36938f6c98a3f2afd0e47601deebc14bb0476219fcdd32a,370,364,Momipites flexus,Momipites flexus,Momipites flexus,exact,YES,circle,,
D3408_1_R_2024_02_20_19_10_35_Texas::record_365,D3408_1_R_2024_02_20_19_10_35_Texas,/rhf/allocations/dsci435/smithsonian_full_sp26/raw/Images_with_annotations_for_CNN_training/D3408_1_R_2024_02_20_19_10_35_Texas.ndpi,D3408_1_R_2024_02_20_19_10_35_Texas.ndpi.ndpa,ca7659c1a95c21b8d36938f6c98a3f2afd0e47601deebc14bb0476219fcdd32a,371,365,Momipites flexus,Momipites flexus,Momipites flexus,exact,YES,circle,,
D3408_1_R_2024_02_20_19_10_35_Texas::record_366,D3408_1_R_2024_02_20_19_10_35_Texas,/rhf/allocations/dsci435/smithsonian_full_sp26/raw/Images_with_annotations_for_CNN_training/D3408_1_R_2024_02_20_19_10_35_Texas.ndpi,D3408_1_R_2024_02_20_19_10_35_Texas.ndpi.ndpa,ca7659c1a95c21b8d36938f6c98a3f2afd0e47601deebc14bb0476219fcdd32a,372,366,Momipites flexus,Momipites flexus,Momipites flexus,exact,YES,circle,,
D3408_1_R_2024_02_20_19_10_35_Texas::record_367,D3408_1_R_2024_02_20_19_10_35_Texas,/rhf/allocations/dsci435/smithsonian_full_sp26/raw/Images_with_annotations_for_CNN_training/D3408_1_R_2024_02_20_19_10_35_Texas.ndpi,D3408_1_R_2024_02_20_19_10_35_Texas.ndpi.ndpa,ca7659c1a95c21b8d36938f6c98a3f2afd0e47601deebc14bb0476219fcdd32a,373,367,Momipites flexus,Momipites flexus,Momipites flexus,exact,YES,circle,,
D3408_1_R_2024_02_20_19_10_35_Texas::record_368,D3408_1_R_2024_02_20_19_10_35_Texas,/rhf/allocations/dsci435/smithsonian_full_sp26/raw/Images_with_annotations_for_CNN_training/D3408_1_R_2024_02_20_19_10_35_Texas.ndpi,D3408_1_R_2024_02_20_19_10_35_Texas.ndpi.ndpa,ca7659c1a95c21b8d36938f6c98a3f2afd0e47601deebc14bb0476219fcdd32a,374,368,Momipites flexus,Momipites flexus,Momipites flexus,exact,YES,circle,,
D3408_1_R_2024_02_20_19_10_35_Texas::record_369,D3408_1_R_2024_02_20_19_10_35_Texas,/rhf/allocations/dsci435/smithsonian_full_sp26/raw/Images_with_annotations_for_CNN_training/D3408_1_R_2024_02_20_19_10_35_Texas.ndpi,D3408_1_R_2024_02_20_19_10_35_Texas.ndpi.ndpa,ca7659c1a95c21b8d36938f6c98a3f2afd0e47601deebc14bb0476219fcdd32a,375,369,Momipites flexus,Momipites flexus,Momipites flexus,exact,YES,circle,,
D3408_1_R_2024_02_20_19_10_35_Texas::record_370,D3408_1_R_2024_02_20_19_10_35_Texas,/rhf/allocations/dsci435/smithsonian_full_sp26/raw/Images_with_annotations_for_CNN_training/D3408_1_R_2024_02_20_19_10_35_Texas.ndpi,D3408_1_R_2024_02_20_19_10_35_Texas.ndpi.ndpa,ca7659c1a95c21b8d36938f6c98a3f2afd0e47601deebc14bb0476219fcdd32a,376,370,Momipites flexus,Momipites flexus,Momipites flexus,exact,YES,circle,,
D3408_1_R_2024_02_20_19_10_35_Texas::record_371,D3408_1_R_2024_02_20_19_10_35_Texas,/rhf/allocations/dsci435/smithsonian_full_sp26/raw/Images_with_annotations_for_CNN_training/D3408_1_R_2024_02_20_19_10_35_Texas.ndpi,D3408_1_R_2024_02_20_19_10_35_Texas.ndpi.ndpa,ca7659c1a95c21b8d36938f6c98a3f2afd0e47601deebc14bb0476219fcdd32a,377,371,Momipites flexus,Momipites flexus,Momipites flexus,exact,YES,circle,,
D3408_1_R_2024_02_20_19_10_35_Texas::record_372,D3408_1_R_2024_02_20_19_10_35_Texas,/rhf/allocations/dsci435/smithsonian_full_sp26/raw/Images_with_annotations_for_CNN_training/D3408_1_R_2024_02_20_19_10_35_Texas.ndpi,D3408_1_R_2024_02_20_19_10_35_Texas.ndpi.ndpa,ca7659c1a95c21b8d36938f6c98a3f2afd0e47601deebc14bb0476219fcdd32a,378,372,Rousea sp.,Rousea sp.,Rousea sp.,exact,YES,circle,,
D3408_1_R_2024_02_20_19_10_35_Texas::record_373,D3408_1_R_2024_02_20_19_10_35_Texas,/rhf/allocations/dsci435/smithsonian_full_sp26/raw/Images_with_annotations_for_CNN_training/D3408_1_R_2024_02_20_19_10_35_Texas.ndpi,D3408_1_R_2024_02_20_19_10_35_Texas.ndpi.ndpa,ca7659c1a95c21b8d36938f6c98a3f2afd0e47601deebc14bb0476219fcdd32a,379,373,Rousea sp.,Rousea sp.,Rousea sp.,exact,YES,circle,,
D3408_1_R_2024_02_20_19_10_35_Texas::record_375,D3408_1_R_2024_02_20_19_10_35_Texas,/rhf/allocations/dsci435/smithsonian_full_sp26/raw/Images_with_annotations_for_CNN_training/D3408_1_R_2024_02_20_19_10_35_Texas.ndpi,D3408_1_R_2024_02_20_19_10_35_Texas.ndpi.ndpa,ca7659c1a95c21b8d36938f6c98a3f2afd0e47601deebc14bb0476219fcdd32a,381,375,Illexpollenites sp.,Illexpollenites sp.,Illexpollenites sp.,exact,YES,circle,,
D3408_1_R_2024_02_20_19_10_35_Texas::record_376,D3408_1_R_2024_02_20_19_10_35_Texas,/rhf/allocations/dsci435/smithsonian_full_sp26/raw/Images_with_annotations_for_CNN_training/D3408_1_R_2024_02_20_19_10_35_Texas.ndpi,D3408_1_R_2024_02_20_19_10_35_Texas.ndpi.ndpa,ca7659c1a95c21b8d36938f6c98a3f2afd0e47601deebc14bb0476219fcdd32a,382,376,Momipites flexus,Momipites flexus,Momipites flexus,exact,YES,circle,,
D3408_1_R_2024_02_20_19_10_35_Texas::record_377,D3408_1_R_2024_02_20_19_10_35_Texas,/rhf/allocations/dsci435/smithsonian_full_sp26/raw/Images_with_annotations_for_CNN_training/D3408_1_R_2024_02_20_19_10_35_Texas.ndpi,D3408_1_R_2024_02_20_19_10_35_Texas.ndpi.ndpa,ca7659c1a95c21b8d36938f6c98a3f2afd0e47601deebc14bb0476219fcdd32a,383,377,Tiliapollenites sp.,Tiliapollenites sp.,Bombacacidites sp.,exact,YES,circle,,
D3408_1_R_2024_02_20_19_10_35_Texas::record_378,D3408_1_R_2024_02_20_19_10_35_Texas,/rhf/allocations/dsci435/smithsonian_full_sp26/raw/Images_with_annotations_for_CNN_training/D3408_1_R_2024_02_20_19_10_35_Texas.ndpi,D3408_1_R_2024_02_20_19_10_35_Texas.ndpi.ndpa,ca7659c1a95c21b8d36938f6c98a3f2afd0e47601deebc14bb0476219fcdd32a,384,378,Arecipites sp.,Arecipites sp.,Arecipites sp.,exact,YES,circle,,
D3408_1_R_2024_02_20_19_10_35_Texas::record_379,D3408_1_R_2024_02_20_19_10_35_Texas,/rhf/allocations/dsci435/smithsonian_full_sp26/raw/Images_with_annotations_for_CNN_training/D3408_1_R_2024_02_20_19_10_35_Texas.ndpi,D3408_1_R_2024_02_20_19_10_35_Texas.ndpi.ndpa,ca7659c1a95c21b8d36938f6c98a3f2afd0e47601deebc14bb0476219fcdd32a,385,379,Arecipites sp.,Arecipites sp.,Arecipites sp.,exact,YES,circle,,
D3408_1_R_2024_02_20_19_10_35_Texas::record_380,D3408_1_R_2024_02_20_19_10_35_Texas,/rhf/allocations/dsci435/smithsonian_full_sp26/raw/Images_with_annotations_for_CNN_training/D3408_1_R_2024_02_20_19_10_35_Texas.ndpi,D3408_1_R_2024_02_20_19_10_35_Texas.ndpi.ndpa,ca7659c1a95c21b8d36938f6c98a3f2afd0e47601deebc14bb0476219fcdd32a,386,380,Tetracolporopollenites sp.,Tetracolporopollenites sp.,Tetracolporopollenites sp.,exact,YES,circle,,
D3408_1_R_2024_02_20_19_10_35_Texas::record_381,D3408_1_R_2024_02_20_19_10_35_Texas,/rhf/allocations/dsci435/smithsonian_full_sp26/raw/Images_with_annotations_for_CNN_training/D3408_1_R_2024_02_20_19_10_35_Texas.ndpi,D3408_1_R_2024_02_20_19_10_35_Texas.ndpi.ndpa,ca7659c1a95c21b8d36938f6c98a3f2afd0e47601deebc14bb0476219fcdd32a,387,381,Psilamonocolpites sp.,Psilamonocolpites sp.,Monocolpites sp.,exact,YES,circle,,
D3408_1_R_2024_02_20_19_10_35_Texas::record_382,D3408_1_R_2024_02_20_19_10_35_Texas,/rhf/allocations/dsci435/smithsonian_full_sp26/raw/Images_with_annotations_for_CNN_training/D3408_1_R_2024_02_20_19_10_35_Texas.ndpi,D3408_1_R_2024_02_20_19_10_35_Texas.ndpi.ndpa,ca7659c1a95c21b8d36938f6c98a3f2afd0e47601deebc14bb0476219fcdd32a,388,382,Arecipites sp.,Arecipites sp.,Arecipites sp.,exact,YES,circle,,
D3408_1_R_2024_02_20_19_10_35_Texas::record_383,D3408_1_R_2024_02_20_19_10_35_Texas,/rhf/allocations/dsci435/smithsonian_full_sp26/raw/Images_with_annotations_for_CNN_training/D3408_1_R_2024_02_20_19_10_35_Texas.ndpi,D3408_1_R_2024_02_20_19_10_35_Texas.ndpi.ndpa,ca7659c1a95c21b8d36938f6c98a3f2afd0e47601deebc14bb0476219fcdd32a,389,383,Illexpollenites sp.,Illexpollenites sp.,Illexpollenites sp.,exact,YES,circle,,
D3408_1_R_2024_02_20_19_10_35_Texas::record_385,D3408_1_R_2024_02_20_19_10_35_Texas,/rhf/allocations/dsci435/smithsonian_full_sp26/raw/Images_with_annotations_for_CNN_training/D3408_1_R_2024_02_20_19_10_35_Texas.ndpi,D3408_1_R_2024_02_20_19_10_35_Texas.ndpi.ndpa,ca7659c1a95c21b8d36938f6c98a3f2afd0e47601deebc14bb0476219fcdd32a,391,385,Illexpollenites sp.,Illexpollenites sp.,Illexpollenites sp.,exact,YES,circle,,
D3408_1_R_2024_02_20_19_10_35_Texas::record_386,D3408_1_R_2024_02_20_19_10_35_Texas,/rhf/allocations/dsci435/smithsonian_full_sp26/raw/Images_with_annotations_for_CNN_training/D3408_1_R_2024_02_20_19_10_35_Texas.ndpi,D3408_1_R_2024_02_20_19_10_35_Texas.ndpi.ndpa,ca7659c1a95c21b8d36938f6c98a3f2afd0e47601deebc14bb0476219fcdd32a,392,386,Illexpollenites sp.,Illexpollenites sp.,Illexpollenites sp.,exact,YES,circle,,
D3408_1_R_2024_02_20_19_10_35_Texas::record_387,D3408_1_R_2024_02_20_19_10_35_Texas,/rhf/allocations/dsci435/smithsonian_full_sp26/raw/Images_with_annotations_for_CNN_training/D3408_1_R_2024_02_20_19_10_35_Texas.ndpi,D3408_1_R_2024_02_20_19_10_35_Texas.ndpi.ndpa,ca7659c1a95c21b8d36938f6c98a3f2afd0e47601deebc14bb0476219fcdd32a,393,387,Tetracolporopollenites sp.,Tetracolporopollenites sp.,Tetracolporopollenites sp.,exact,YES,circle,,
D3408_1_R_2024_02_20_19_10_35_Texas::record_388,D3408_1_R_2024_02_20_19_10_35_Texas,/rhf/allocations/dsci435/smithsonian_full_sp26/raw/Images_with_annotations_for_CNN_training/D3408_1_R_2024_02_20_19_10_35_Texas.ndpi,D3408_1_R_2024_02_20_19_10_35_Texas.ndpi.ndpa,ca7659c1a95c21b8d36938f6c98a3f2afd0e47601deebc14bb0476219fcdd32a,394,388,Momipites flexus,Momipites flexus,Momipites flexus,exact,YES,circle,,
D3408_1_R_2024_02_20_19_10_35_Texas::record_389,D3408_1_R_2024_02_20_19_10_35_Texas,/rhf/allocations/dsci435/smithsonian_full_sp26/raw/Images_with_annotations_for_CNN_training/D3408_1_R_2024_02_20_19_10_35_Texas.ndpi,D3408_1_R_2024_02_20_19_10_35_Texas.ndpi.ndpa,ca7659c1a95c21b8d36938f6c98a3f2afd0e47601deebc14bb0476219fcdd32a,395,389,Momipites flexus,Momipites flexus,Momipites flexus,exact,YES,circle,,
D3408_1_R_2024_02_20_19_10_35_Texas::record_390,D3408_1_R_2024_02_20_19_10_35_Texas,/rhf/allocations/dsci435/smithsonian_full_sp26/raw/Images_with_annotations_for_CNN_training/D3408_1_R_2024_02_20_19_10_35_Texas.ndpi,D3408_1_R_2024_02_20_19_10_35_Texas.ndpi.ndpa,ca7659c1a95c21b8d36938f6c98a3f2afd0e47601deebc14bb0476219fcdd32a,396,390,Illexpollenites sp.,Illexpollenites sp.,Illexpollenites sp.,exact,YES,circle,,
D3408_1_R_2024_02_20_19_10_35_Texas::record_391,D3408_1_R_2024_02_20_19_10_35_Texas,/rhf/allocations/dsci435/smithsonian_full_sp26/raw/Images_with_annotations_for_CNN_training/D3408_1_R_2024_02_20_19_10_35_Texas.ndpi,D3408_1_R_2024_02_20_19_10_35_Texas.ndpi.ndpa,ca7659c1a95c21b8d36938f6c98a3f2afd0e47601deebc14bb0476219fcdd32a,397,391,Arecipites sp.,Arecipites sp.,Arecipites sp.,exact,YES,circle,,
D3408_1_R_2024_02_20_19_10_35_Texas::record_392,D3408_1_R_2024_02_20_19_10_35_Texas,/rhf/allocations/dsci435/smithsonian_full_sp26/raw/Images_with_annotations_for_CNN_training/D3408_1_R_2024_02_20_19_10_35_Texas.ndpi,D3408_1_R_2024_02_20_19_10_35_Texas.ndpi.ndpa,ca7659c1a95c21b8d36938f6c98a3f2afd0e47601deebc14bb0476219fcdd32a,398,392,Illexpollenites sp.,Illexpollenites sp.,Illexpollenites sp.,exact,YES,circle,,
D3408_1_R_2024_02_20_19_10_35_Texas::record_393,D3408_1_R_2024_02_20_19_10_35_Texas,/rhf/allocations/dsci435/smithsonian_full_sp26/raw/Images_with_annotations_for_CNN_training/D3408_1_R_2024_02_20_19_10_35_Texas.ndpi,D3408_1_R_2024_02_20_19_10_35_Texas.ndpi.ndpa,ca7659c1a95c21b8d36938f6c98a3f2afd0e47601deebc14bb0476219fcdd32a,399,393,Cicatricosisporites sp.,Cicatricosisporites sp.,Cicatricosisporites sp.,exact,YES,circle,,
D3408_1_R_2024_02_20_19_10_35_Texas::record_394,D3408_1_R_2024_02_20_19_10_35_Texas,/rhf/allocations/dsci435/smithsonian_full_sp26/raw/Images_with_annotations_for_CNN_training/D3408_1_R_2024_02_20_19_10_35_Texas.ndpi,D3408_1_R_2024_02_20_19_10_35_Texas.ndpi.ndpa,ca7659c1a95c21b8d36938f6c98a3f2afd0e47601deebc14bb0476219fcdd32a,400,394,Arecipites sp.,Arecipites sp.,Arecipites sp.,exact,YES,circle,,
D3408_1_R_2024_02_20_19_10_35_Texas::record_395,D3408_1_R_2024_02_20_19_10_35_Texas,/rhf/allocations/dsci435/smithsonian_full_sp26/raw/Images_with_annotations_for_CNN_training/D3408_1_R_2024_02_20_19_10_35_Texas.ndpi,D3408_1_R_2024_02_20_19_10_35_Texas.ndpi.ndpa,ca7659c1a95c21b8d36938f6c98a3f2afd0e47601deebc14bb0476219fcdd32a,401,395,Illexpollenites sp.,Illexpollenites sp.,Illexpollenites sp.,exact,YES,circle,,
D3408_1_R_2024_02_20_19_10_35_Texas::record_396,D3408_1_R_2024_02_20_19_10_35_Texas,/rhf/allocations/dsci435/smithsonian_full_sp26/raw/Images_with_annotations_for_CNN_training/D3408_1_R_2024_02_20_19_10_35_Texas.ndpi,D3408_1_R_2024_02_20_19_10_35_Texas.ndpi.ndpa,ca7659c1a95c21b8d36938f6c98a3f2afd0e47601deebc14bb0476219fcdd32a,402,396,Rousea sp.,Rousea sp.,Rousea sp.,exact,YES,circle,,
D3408_1_R_2024_02_20_19_10_35_Texas::record_397,D3408_1_R_2024_02_20_19_10_35_Texas,/rhf/allocations/dsci435/smithsonian_full_sp26/raw/Images_with_annotations_for_CNN_training/D3408_1_R_2024_02_20_19_10_35_Texas.ndpi,D3408_1_R_2024_02_20_19_10_35_Texas.ndpi.ndpa,ca7659c1a95c21b8d36938f6c98a3f2afd0e47601deebc14bb0476219fcdd32a,403,397,Illexpollenites sp.,Illexpollenites sp.,Illexpollenites sp.,exact,YES,circle,,
D3408_1_R_2024_02_20_19_10_35_Texas::record_398,D3408_1_R_2024_02_20_19_10_35_Texas,/rhf/allocations/dsci435/smithsonian_full_sp26/raw/Images_with_annotations_for_CNN_training/D3408_1_R_2024_02_20_19_10_35_Texas.ndpi,D3408_1_R_2024_02_20_19_10_35_Texas.ndpi.ndpa,ca7659c1a95c21b8d36938f6c98a3f2afd0e47601deebc14bb0476219fcdd32a,404,398,Arecipites sp.,Arecipites sp.,Arecipites sp.,exact,YES,circle,,
D3408_1_R_2024_02_20_19_10_35_Texas::record_399,D3408_1_R_2024_02_20_19_10_35_Texas,/rhf/allocations/dsci435/smithsonian_full_sp26/raw/Images_with_annotations_for_CNN_training/D3408_1_R_2024_02_20_19_10_35_Texas.ndpi,D3408_1_R_2024_02_20_19_10_35_Texas.ndpi.ndpa,ca7659c1a95c21b8d36938f6c98a3f2afd0e47601deebc14bb0476219fcdd32a,405,399,Illexpollenites sp.,Illexpollenites sp.,Illexpollenites sp.,exact,YES,circle,,
D3408_1_R_2024_02_20_19_10_35_Texas::record_400,D3408_1_R_2024_02_20_19_10_35_Texas,/rhf/allocations/dsci435/smithsonian_full_sp26/raw/Images_with_annotations_for_CNN_training/D3408_1_R_2024_02_20_19_10_35_Texas.ndpi,D3408_1_R_2024_02_20_19_10_35_Texas.ndpi.ndpa,ca7659c1a95c21b8d36938f6c98a3f2afd0e47601deebc14bb0476219fcdd32a,406,400,Illexpollenites sp.,Illexpollenites sp.,Illexpollenites sp.,exact,YES,circle,,
D3408_1_R_2024_02_20_19_10_35_Texas::record_401,D3408_1_R_2024_02_20_19_10_35_Texas,/rhf/allocations/dsci435/smithsonian_full_sp26/raw/Images_with_annotations_for_CNN_training/D3408_1_R_2024_02_20_19_10_35_Texas.ndpi,D3408_1_R_2024_02_20_19_10_35_Texas.ndpi.ndpa,ca7659c1a95c21b8d36938f6c98a3f2afd0e47601deebc14bb0476219fcdd32a,407,401,Cicatricosisporites sp.,Cicatricosisporites sp.,Cicatricosisporites sp.,exact,YES,circle,,
D3408_1_R_2024_02_20_19_10_35_Texas::record_402,D3408_1_R_2024_02_20_19_10_35_Texas,/rhf/allocations/dsci435/smithsonian_full_sp26/raw/Images_with_annotations_for_CNN_training/D3408_1_R_2024_02_20_19_10_35_Texas.ndpi,D3408_1_R_2024_02_20_19_10_35_Texas.ndpi.ndpa,ca7659c1a95c21b8d36938f6c98a3f2afd0e47601deebc14bb0476219fcdd32a,408,402,Tetraxolporopollenites sp.,Tetraxolporopollenites sp.,Tetracolporopollenites sp.,exact,YES,circle,,
D3408_1_R_2024_02_20_19_10_35_Texas::record_403,D3408_1_R_2024_02_20_19_10_35_Texas,/rhf/allocations/dsci435/smithsonian_full_sp26/raw/Images_with_annotations_for_CNN_training/D3408_1_R_2024_02_20_19_10_35_Texas.ndpi,D3408_1_R_2024_02_20_19_10_35_Texas.ndpi.ndpa,ca7659c1a95c21b8d36938f6c98a3f2afd0e47601deebc14bb0476219fcdd32a,409,403,Tetracolporopollenites sp.,Tetracolporopollenites sp.,Tetracolporopollenites sp.,exact,YES,circle,,
D3408_1_R_2024_02_20_19_10_35_Texas::record_404,D3408_1_R_2024_02_20_19_10_35_Texas,/rhf/allocations/dsci435/smithsonian_full_sp26/raw/Images_with_annotations_for_CNN_training/D3408_1_R_2024_02_20_19_10_35_Texas.ndpi,D3408_1_R_2024_02_20_19_10_35_Texas.ndpi.ndpa,ca7659c1a95c21b8d36938f6c98a3f2afd0e47601deebc14bb0476219fcdd32a,410,404,Illexpollenites sp.,Illexpollenites sp.,Illexpollenites sp.,exact,YES,circle,,
D3408_1_R_2024_02_20_19_10_35_Texas::record_405,D3408_1_R_2024_02_20_19_10_35_Texas,/rhf/allocations/dsci435/smithsonian_full_sp26/raw/Images_with_annotations_for_CNN_training/D3408_1_R_2024_02_20_19_10_35_Texas.ndpi,D3408_1_R_2024_02_20_19_10_35_Texas.ndpi.ndpa,ca7659c1a95c21b8d36938f6c98a3f2afd0e47601deebc14bb0476219fcdd32a,411,405,Illexpollenites sp.,Illexpollenites sp.,Illexpollenites sp.,exact,YES,circle,,
D3408_1_R_2024_02_20_19_10_35_Texas::record_406,D3408_1_R_2024_02_20_19_10_35_Texas,/rhf/allocations/dsci435/smithsonian_full_sp26/raw/Images_with_annotations_for_CNN_training/D3408_1_R_2024_02_20_19_10_35_Texas.ndpi,D3408_1_R_2024_02_20_19_10_35_Texas.ndpi.ndpa,ca7659c1a95c21b8d36938f6c98a3f2afd0e47601deebc14bb0476219fcdd32a,412,406,Illexpollenites sp.,Illexpollenites sp.,Illexpollenites sp.,exact,YES,circle,,
D3408_1_R_2024_02_20_19_10_35_Texas::record_407,D3408_1_R_2024_02_20_19_10_35_Texas,/rhf/allocations/dsci435/smithsonian_full_sp26/raw/Images_with_annotations_for_CNN_training/D3408_1_R_2024_02_20_19_10_35_Texas.ndpi,D3408_1_R_2024_02_20_19_10_35_Texas.ndpi.ndpa,ca7659c1a95c21b8d36938f6c98a3f2afd0e47601deebc14bb0476219fcdd32a,413,407,Tetracolporopollenites sp.,Tetracolporopollenites sp.,Tetracolporopollenites sp.,exact,YES,circle,,
D3408_1_R_2024_02_20_19_10_35_Texas::record_408,D3408_1_R_2024_02_20_19_10_35_Texas,/rhf/allocations/dsci435/smithsonian_full_sp26/raw/Images_with_annotations_for_CNN_training/D3408_1_R_2024_02_20_19_10_35_Texas.ndpi,D3408_1_R_2024_02_20_19_10_35_Texas.ndpi.ndpa,ca7659c1a95c21b8d36938f6c98a3f2afd0e47601deebc14bb0476219fcdd32a,414,408,Illexpollenites sp.,Illexpollenites sp.,Illexpollenites sp.,exact,YES,circle,,
D3408_1_R_2024_02_20_19_10_35_Texas::record_409,D3408_1_R_2024_02_20_19_10_35_Texas,/rhf/allocations/dsci435/smithsonian_full_sp26/raw/Images_with_annotations_for_CNN_training/D3408_1_R_2024_02_20_19_10_35_Texas.ndpi,D3408_1_R_2024_02_20_19_10_35_Texas.ndpi.ndpa,ca7659c1a95c21b8d36938f6c98a3f2afd0e47601deebc14bb0476219fcdd32a,415,409,Tetracolporopollenites sp.,Tetracolporopollenites sp.,Tetracolporopollenites sp.,exact,YES,circle,,
D3408_1_R_2024_02_20_19_10_35_Texas::record_410,D3408_1_R_2024_02_20_19_10_35_Texas,/rhf/allocations/dsci435/smithsonian_full_sp26/raw/Images_with_annotations_for_CNN_training/D3408_1_R_2024_02_20_19_10_35_Texas.ndpi,D3408_1_R_2024_02_20_19_10_35_Texas.ndpi.ndpa,ca7659c1a95c21b8d36938f6c98a3f2afd0e47601deebc14bb0476219fcdd32a,416,410,Tetracolporopollenites sp.,Tetracolporopollenites sp.,Tetracolporopollenites sp.,exact,YES,circle,,
D3408_1_R_2024_02_20_19_10_35_Texas::record_411,D3408_1_R_2024_02_20_19_10_35_Texas,/rhf/allocations/dsci435/smithsonian_full_sp26/raw/Images_with_annotations_for_CNN_training/D3408_1_R_2024_02_20_19_10_35_Texas.ndpi,D3408_1_R_2024_02_20_19_10_35_Texas.ndpi.ndpa,ca7659c1a95c21b8d36938f6c98a3f2afd0e47601deebc14bb0476219fcdd32a,417,411,Cicatricosisporites sp.,Cicatricosisporites sp.,Cicatricosisporites sp.,exact,YES,circle,,
D3408_1_R_2024_02_20_19_10_35_Texas::record_412,D3408_1_R_2024_02_20_19_10_35_Texas,/rhf/allocations/dsci435/smithsonian_full_sp26/raw/Images_with_annotations_for_CNN_training/D3408_1_R_2024_02_20_19_10_35_Texas.ndpi,D3408_1_R_2024_02_20_19_10_35_Texas.ndpi.ndpa,ca7659c1a95c21b8d36938f6c98a3f2afd0e47601deebc14bb0476219fcdd32a,418,412,Cicatricosisporites sp.,Cicatricosisporites sp.,Cicatricosisporites sp.,exact,YES,circle,,
D3408_1_R_2024_02_20_19_10_35_Texas::record_413,D3408_1_R_2024_02_20_19_10_35_Texas,/rhf/allocations/dsci435/smithsonian_full_sp26/raw/Images_with_annotations_for_CNN_training/D3408_1_R_2024_02_20_19_10_35_Texas.ndpi,D3408_1_R_2024_02_20_19_10_35_Texas.ndpi.ndpa,ca7659c1a95c21b8d36938f6c98a3f2afd0e47601deebc14bb0476219fcdd32a,419,413,Cicatricosisporites sp.,Cicatricosisporites sp.,Cicatricosisporites sp.,exact,YES,circle,,
D3408_1_R_2024_02_20_19_10_35_Texas::record_414,D3408_1_R_2024_02_20_19_10_35_Texas,/rhf/allocations/dsci435/smithsonian_full_sp26/raw/Images_with_annotations_for_CNN_training/D3408_1_R_2024_02_20_19_10_35_Texas.ndpi,D3408_1_R_2024_02_20_19_10_35_Texas.ndpi.ndpa,ca7659c1a95c21b8d36938f6c98a3f2afd0e47601deebc14bb0476219fcdd32a,420,414,Cicatricosisporites sp.,Cicatricosisporites sp.,Cicatricosisporites sp.,exact,YES,circle,,
D3408_1_R_2024_02_20_19_10_35_Texas::record_415,D3408_1_R_2024_02_20_19_10_35_Texas,/rhf/allocations/dsci435/smithsonian_full_sp26/raw/Images_with_annotations_for_CNN_training/D3408_1_R_2024_02_20_19_10_35_Texas.ndpi,D3408_1_R_2024_02_20_19_10_35_Texas.ndpi.ndpa,ca7659c1a95c21b8d36938f6c98a3f2afd0e47601deebc14bb0476219fcdd32a,421,415,Cicatricosisporites sp.,Cicatricosisporites sp.,Cicatricosisporites sp.,exact,YES,circle,,
D3408_1_R_2024_02_20_19_10_35_Texas::record_416,D3408_1_R_2024_02_20_19_10_35_Texas,/rhf/allocations/dsci435/smithsonian_full_sp26/raw/Images_with_annotations_for_CNN_training/D3408_1_R_2024_02_20_19_10_35_Texas.ndpi,D3408_1_R_2024_02_20_19_10_35_Texas.ndpi.ndpa,ca7659c1a95c21b8d36938f6c98a3f2afd0e47601deebc14bb0476219fcdd32a,422,416,Cicatricosisporites sp.,Cicatricosisporites sp.,Cicatricosisporites sp.,exact,YES,circle,,
D3408_1_R_2024_02_20_19_10_35_Texas::record_417,D3408_1_R_2024_02_20_19_10_35_Texas,/rhf/allocations/dsci435/smithsonian_full_sp26/raw/Images_with_annotations_for_CNN_training/D3408_1_R_2024_02_20_19_10_35_Texas.ndpi,D3408_1_R_2024_02_20_19_10_35_Texas.ndpi.ndpa,ca7659c1a95c21b8d36938f6c98a3f2afd0e47601deebc14bb0476219fcdd32a,423,417,Cicatricosisporites sp.,Cicatricosisporites sp.,Cicatricosisporites sp.,exact,YES,circle,,
D3408_1_R_2024_02_20_19_10_35_Texas::record_418,D3408_1_R_2024_02_20_19_10_35_Texas,/rhf/allocations/dsci435/smithsonian_full_sp26/raw/Images_with_annotations_for_CNN_training/D3408_1_R_2024_02_20_19_10_35_Texas.ndpi,D3408_1_R_2024_02_20_19_10_35_Texas.ndpi.ndpa,ca7659c1a95c21b8d36938f6c98a3f2afd0e47601deebc14bb0476219fcdd32a,424,418,Cicatricosisporites sp.,Cicatricosisporites sp.,Cicatricosisporites sp.,exact,YES,circle,,
D3408_1_R_2024_02_20_19_10_35_Texas::record_419,D3408_1_R_2024_02_20_19_10_35_Texas,/rhf/allocations/dsci435/smithsonian_full_sp26/raw/Images_with_annotations_for_CNN_training/D3408_1_R_2024_02_20_19_10_35_Texas.ndpi,D3408_1_R_2024_02_20_19_10_35_Texas.ndpi.ndpa,ca7659c1a95c21b8d36938f6c98a3f2afd0e47601deebc14bb0476219fcdd32a,425,419,Momipites flexus,Momipites flexus,Momipites flexus,exact,YES,circle,,
D3408_1_R_2024_02_20_19_10_35_Texas::record_420,D3408_1_R_2024_02_20_19_10_35_Texas,/rhf/allocations/dsci435/smithsonian_full_sp26/raw/Images_with_annotations_for_CNN_training/D3408_1_R_2024_02_20_19_10_35_Texas.ndpi,D3408_1_R_2024_02_20_19_10_35_Texas.ndpi.ndpa,ca7659c1a95c21b8d36938f6c98a3f2afd0e47601deebc14bb0476219fcdd32a,426,420,Illexpollenites sp.,Illexpollenites sp.,Illexpollenites sp.,exact,YES,circle,,
D3408_1_R_2024_02_20_19_10_35_Texas::record_421,D3408_1_R_2024_02_20_19_10_35_Texas,/rhf/allocations/dsci435/smithsonian_full_sp26/raw/Images_with_annotations_for_CNN_training/D3408_1_R_2024_02_20_19_10_35_Texas.ndpi,D3408_1_R_2024_02_20_19_10_35_Texas.ndpi.ndpa,ca7659c1a95c21b8d36938f6c98a3f2afd0e47601deebc14bb0476219fcdd32a,427,421,Tetracolporopollenites sp.,Tetracolporopollenites sp.,Tetracolporopollenites sp.,exact,YES,circle,,
D3408_1_R_2024_02_20_19_10_35_Texas::record_422,D3408_1_R_2024_02_20_19_10_35_Texas,/rhf/allocations/dsci435/smithsonian_full_sp26/raw/Images_with_annotations_for_CNN_training/D3408_1_R_2024_02_20_19_10_35_Texas.ndpi,D3408_1_R_2024_02_20_19_10_35_Texas.ndpi.ndpa,ca7659c1a95c21b8d36938f6c98a3f2afd0e47601deebc14bb0476219fcdd32a,428,422,Caryapollenites sp.,Caryapollenites sp.,Caryapollenites sp.,exact,YES,circle,,
D3408_1_R_2024_02_20_19_10_35_Texas::record_423,D3408_1_R_2024_02_20_19_10_35_Texas,/rhf/allocations/dsci435/smithsonian_full_sp26/raw/Images_with_annotations_for_CNN_training/D3408_1_R_2024_02_20_19_10_35_Texas.ndpi,D3408_1_R_2024_02_20_19_10_35_Texas.ndpi.ndpa,ca7659c1a95c21b8d36938f6c98a3f2afd0e47601deebc14bb0476219fcdd32a,429,423,Tetracolporopollenites sp.,Tetracolporopollenites sp.,Tetracolporopollenites sp.,exact,YES,circle,,
D3408_1_R_2024_02_20_19_10_35_Texas::record_424,D3408_1_R_2024_02_20_19_10_35_Texas,/rhf/allocations/dsci435/smithsonian_full_sp26/raw/Images_with_annotations_for_CNN_training/D3408_1_R_2024_02_20_19_10_35_Texas.ndpi,D3408_1_R_2024_02_20_19_10_35_Texas.ndpi.ndpa,ca7659c1a95c21b8d36938f6c98a3f2afd0e47601deebc14bb0476219fcdd32a,430,424,Tetracolporopollenites sp.,Tetracolporopollenites sp.,Tetracolporopollenites sp.,exact,YES,circle,,
D3408_1_R_2024_02_20_19_10_35_Texas::record_425,D3408_1_R_2024_02_20_19_10_35_Texas,/rhf/allocations/dsci435/smithsonian_full_sp26/raw/Images_with_annotations_for_CNN_training/D3408_1_R_2024_02_20_19_10_35_Texas.ndpi,D3408_1_R_2024_02_20_19_10_35_Texas.ndpi.ndpa,ca7659c1a95c21b8d36938f6c98a3f2afd0e47601deebc14bb0476219fcdd32a,431,425,Tetracolporopollenites sp.,Tetracolporopollenites sp.,Tetracolporopollenites sp.,exact,YES,circle,,
D3408_1_R_2024_02_20_19_10_35_Texas::record_426,D3408_1_R_2024_02_20_19_10_35_Texas,/rhf/allocations/dsci435/smithsonian_full_sp26/raw/Images_with_annotations_for_CNN_training/D3408_1_R_2024_02_20_19_10_35_Texas.ndpi,D3408_1_R_2024_02_20_19_10_35_Texas.ndpi.ndpa,ca7659c1a95c21b8d36938f6c98a3f2afd0e47601deebc14bb0476219fcdd32a,432,426,Tetracolporopollenites sp.,Tetracolporopollenites sp.,Tetracolporopollenites sp.,exact,YES,circle,,
D3408_1_R_2024_02_20_19_10_35_Texas::record_427,D3408_1_R_2024_02_20_19_10_35_Texas,/rhf/allocations/dsci435/smithsonian_full_sp26/raw/Images_with_annotations_for_CNN_training/D3408_1_R_2024_02_20_19_10_35_Texas.ndpi,D3408_1_R_2024_02_20_19_10_35_Texas.ndpi.ndpa,ca7659c1a95c21b8d36938f6c98a3f2afd0e47601deebc14bb0476219fcdd32a,433,427,Tetracolporopollenites sp.,Tetracolporopollenites sp.,Tetracolporopollenites sp.,exact,YES,circle,,
D3408_1_R_2024_02_20_19_10_35_Texas::record_428,D3408_1_R_2024_02_20_19_10_35_Texas,/rhf/allocations/dsci435/smithsonian_full_sp26/raw/Images_with_annotations_for_CNN_training/D3408_1_R_2024_02_20_19_10_35_Texas.ndpi,D3408_1_R_2024_02_20_19_10_35_Texas.ndpi.ndpa,ca7659c1a95c21b8d36938f6c98a3f2afd0e47601deebc14bb0476219fcdd32a,434,428,Tetracolporopollenites sp.,Tetracolporopollenites sp.,Tetracolporopollenites sp.,exact,YES,circle,,
D3408_1_R_2024_02_20_19_10_35_Texas::record_429,D3408_1_R_2024_02_20_19_10_35_Texas,/rhf/allocations/dsci435/smithsonian_full_sp26/raw/Images_with_annotations_for_CNN_training/D3408_1_R_2024_02_20_19_10_35_Texas.ndpi,D3408_1_R_2024_02_20_19_10_35_Texas.ndpi.ndpa,ca7659c1a95c21b8d36938f6c98a3f2afd0e47601deebc14bb0476219fcdd32a,435,429,Cicatricosisporites sp.,Cicatricosisporites sp.,Cicatricosisporites sp.,exact,YES,circle,,
D3408_1_R_2024_02_20_19_10_35_Texas::record_430,D3408_1_R_2024_02_20_19_10_35_Texas,/rhf/allocations/dsci435/smithsonian_full_sp26/raw/Images_with_annotations_for_CNN_training/D3408_1_R_2024_02_20_19_10_35_Texas.ndpi,D3408_1_R_2024_02_20_19_10_35_Texas.ndpi.ndpa,ca7659c1a95c21b8d36938f6c98a3f2afd0e47601deebc14bb0476219fcdd32a,436,430,Tetracolporopollenites sp.,Tetracolporopollenites sp.,Tetracolporopollenites sp.,exact,YES,circle,,
D3408_1_R_2024_02_20_19_10_35_Texas::record_431,D3408_1_R_2024_02_20_19_10_35_Texas,/rhf/allocations/dsci435/smithsonian_full_sp26/raw/Images_with_annotations_for_CNN_training/D3408_1_R_2024_02_20_19_10_35_Texas.ndpi,D3408_1_R_2024_02_20_19_10_35_Texas.ndpi.ndpa,ca7659c1a95c21b8d36938f6c98a3f2afd0e47601deebc14bb0476219fcdd32a,437,431,Momipites flexus,Momipites flexus,Momipites flexus,exact,YES,circle,,
D3408_1_R_2024_02_20_19_10_35_Texas::record_432,D3408_1_R_2024_02_20_19_10_35_Texas,/rhf/allocations/dsci435/smithsonian_full_sp26/raw/Images_with_annotations_for_CNN_training/D3408_1_R_2024_02_20_19_10_35_Texas.ndpi,D3408_1_R_2024_02_20_19_10_35_Texas.ndpi.ndpa,ca7659c1a95c21b8d36938f6c98a3f2afd0e47601deebc14bb0476219fcdd32a,438,432,Tetracolporopollenites sp.,Tetracolporopollenites sp.,Tetracolporopollenites sp.,exact,YES,circle,,
D3408_1_R_2024_02_20_19_10_35_Texas::record_433,D3408_1_R_2024_02_20_19_10_35_Texas,/rhf/allocations/dsci435/smithsonian_full_sp26/raw/Images_with_annotations_for_CNN_training/D3408_1_R_2024_02_20_19_10_35_Texas.ndpi,D3408_1_R_2024_02_20_19_10_35_Texas.ndpi.ndpa,ca7659c1a95c21b8d36938f6c98a3f2afd0e47601deebc14bb0476219fcdd32a,439,433,Tetracolporopollenites sp.,Tetracolporopollenites sp.,Tetracolporopollenites sp.,exact,YES,circle,,
D3408_1_R_2024_02_20_19_10_35_Texas::record_434,D3408_1_R_2024_02_20_19_10_35_Texas,/rhf/allocations/dsci435/smithsonian_full_sp26/raw/Images_with_annotations_for_CNN_training/D3408_1_R_2024_02_20_19_10_35_Texas.ndpi,D3408_1_R_2024_02_20_19_10_35_Texas.ndpi.ndpa,ca7659c1a95c21b8d36938f6c98a3f2afd0e47601deebc14bb0476219fcdd32a,440,434,Illexpollenites sp.,Illexpollenites sp.,Illexpollenites sp.,exact,YES,circle,,
D3408_1_R_2024_02_20_19_10_35_Texas::record_435,D3408_1_R_2024_02_20_19_10_35_Texas,/rhf/allocations/dsci435/smithsonian_full_sp26/raw/Images_with_annotations_for_CNN_training/D3408_1_R_2024_02_20_19_10_35_Texas.ndpi,D3408_1_R_2024_02_20_19_10_35_Texas.ndpi.ndpa,ca7659c1a95c21b8d36938f6c98a3f2afd0e47601deebc14bb0476219fcdd32a,441,435,Momipites flexus,Momipites flexus,Momipites flexus,exact,YES,circle,,
D3408_1_R_2024_02_20_19_10_35_Texas::record_436,D3408_1_R_2024_02_20_19_10_35_Texas,/rhf/allocations/dsci435/smithsonian_full_sp26/raw/Images_with_annotations_for_CNN_training/D3408_1_R_2024_02_20_19_10_35_Texas.ndpi,D3408_1_R_2024_02_20_19_10_35_Texas.ndpi.ndpa,ca7659c1a95c21b8d36938f6c98a3f2afd0e47601deebc14bb0476219fcdd32a,442,436,Tetracolporopollenites sp.,Tetracolporopollenites sp.,Tetracolporopollenites sp.,exact,YES,circle,,
D3408_1_R_2024_02_20_19_10_35_Texas::record_437,D3408_1_R_2024_02_20_19_10_35_Texas,/rhf/allocations/dsci435/smithsonian_full_sp26/raw/Images_with_annotations_for_CNN_training/D3408_1_R_2024_02_20_19_10_35_Texas.ndpi,D3408_1_R_2024_02_20_19_10_35_Texas.ndpi.ndpa,ca7659c1a95c21b8d36938f6c98a3f2afd0e47601deebc14bb0476219fcdd32a,443,437,Tetracolporopollenites sp.,Tetracolporopollenites sp.,Tetracolporopollenites sp.,exact,YES,circle,,
D3408_1_R_2024_02_20_19_10_35_Texas::record_438,D3408_1_R_2024_02_20_19_10_35_Texas,/rhf/allocations/dsci435/smithsonian_full_sp26/raw/Images_with_annotations_for_CNN_training/D3408_1_R_2024_02_20_19_10_35_Texas.ndpi,D3408_1_R_2024_02_20_19_10_35_Texas.ndpi.ndpa,ca7659c1a95c21b8d36938f6c98a3f2afd0e47601deebc14bb0476219fcdd32a,444,438,Tetracolporopollenites sp.,Tetracolporopollenites sp.,Tetracolporopollenites sp.,exact,YES,circle,,
D3408_1_R_2024_02_20_19_10_35_Texas::record_439,D3408_1_R_2024_02_20_19_10_35_Texas,/rhf/allocations/dsci435/smithsonian_full_sp26/raw/Images_with_annotations_for_CNN_training/D3408_1_R_2024_02_20_19_10_35_Texas.ndpi,D3408_1_R_2024_02_20_19_10_35_Texas.ndpi.ndpa,ca7659c1a95c21b8d36938f6c98a3f2afd0e47601deebc14bb0476219fcdd32a,445,439,Momipites flexus,Momipites flexus,Momipites flexus,exact,YES,circle,,
D3408_1_R_2024_02_20_19_10_35_Texas::record_440,D3408_1_R_2024_02_20_19_10_35_Texas,/rhf/allocations/dsci435/smithsonian_full_sp26/raw/Images_with_annotations_for_CNN_training/D3408_1_R_2024_02_20_19_10_35_Texas.ndpi,D3408_1_R_2024_02_20_19_10_35_Texas.ndpi.ndpa,ca7659c1a95c21b8d36938f6c98a3f2afd0e47601deebc14bb0476219fcdd32a,446,440,Tetracolporopollenites sp.,Tetracolporopollenites sp.,Tetracolporopollenites sp.,exact,YES,circle,,
D3408_1_R_2024_02_20_19_10_35_Texas::record_441,D3408_1_R_2024_02_20_19_10_35_Texas,/rhf/allocations/dsci435/smithsonian_full_sp26/raw/Images_with_annotations_for_CNN_training/D3408_1_R_2024_02_20_19_10_35_Texas.ndpi,D3408_1_R_2024_02_20_19_10_35_Texas.ndpi.ndpa,ca7659c1a95c21b8d36938f6c98a3f2afd0e47601deebc14bb0476219fcdd32a,447,441,Cicatricosisporites sp.,Cicatricosisporites sp.,Cicatricosisporites sp.,exact,YES,circle,,
D3408_1_R_2024_02_20_19_10_35_Texas::record_442,D3408_1_R_2024_02_20_19_10_35_Texas,/rhf/allocations/dsci435/smithsonian_full_sp26/raw/Images_with_annotations_for_CNN_training/D3408_1_R_2024_02_20_19_10_35_Texas.ndpi,D3408_1_R_2024_02_20_19_10_35_Texas.ndpi.ndpa,ca7659c1a95c21b8d36938f6c98a3f2afd0e47601deebc14bb0476219fcdd32a,448,442,Cicatricosisporites sp.,Cicatricosisporites sp.,Cicatricosisporites sp.,exact,YES,circle,,
D3408_1_R_2024_02_20_19_10_35_Texas::record_443,D3408_1_R_2024_02_20_19_10_35_Texas,/rhf/allocations/dsci435/smithsonian_full_sp26/raw/Images_with_annotations_for_CNN_training/D3408_1_R_2024_02_20_19_10_35_Texas.ndpi,D3408_1_R_2024_02_20_19_10_35_Texas.ndpi.ndpa,ca7659c1a95c21b8d36938f6c98a3f2afd0e47601deebc14bb0476219fcdd32a,449,443,Illexpollenites sp.,Illexpollenites sp.,Illexpollenites sp.,exact,YES,circle,,
D3408_1_R_2024_02_20_19_10_35_Texas::record_444,D3408_1_R_2024_02_20_19_10_35_Texas,/rhf/allocations/dsci435/smithsonian_full_sp26/raw/Images_with_annotations_for_CNN_training/D3408_1_R_2024_02_20_19_10_35_Texas.ndpi,D3408_1_R_2024_02_20_19_10_35_Texas.ndpi.ndpa,ca7659c1a95c21b8d36938f6c98a3f2afd0e47601deebc14bb0476219fcdd32a,450,444,Cicatricosisporites sp.,Cicatricosisporites sp.,Cicatricosisporites sp.,exact,YES,circle,,
D3408_1_R_2024_02_20_19_10_35_Texas::record_445,D3408_1_R_2024_02_20_19_10_35_Texas,/rhf/allocations/dsci435/smithsonian_full_sp26/raw/Images_with_annotations_for_CNN_training/D3408_1_R_2024_02_20_19_10_35_Texas.ndpi,D3408_1_R_2024_02_20_19_10_35_Texas.ndpi.ndpa,ca7659c1a95c21b8d36938f6c98a3f2afd0e47601deebc14bb0476219fcdd32a,451,445,Momipites flexus,Momipites flexus,Momipites flexus,exact,YES,circle,,
D3408_1_R_2024_02_20_19_10_35_Texas::record_446,D3408_1_R_2024_02_20_19_10_35_Texas,/rhf/allocations/dsci435/smithsonian_full_sp26/raw/Images_with_annotations_for_CNN_training/D3408_1_R_2024_02_20_19_10_35_Texas.ndpi,D3408_1_R_2024_02_20_19_10_35_Texas.ndpi.ndpa,ca7659c1a95c21b8d36938f6c98a3f2afd0e47601deebc14bb0476219fcdd32a,452,446,Cicatricosisporites sp.,Cicatricosisporites sp.,Cicatricosisporites sp.,exact,YES,circle,,
D3408_1_R_2024_02_20_19_10_35_Texas::record_447,D3408_1_R_2024_02_20_19_10_35_Texas,/rhf/allocations/dsci435/smithsonian_full_sp26/raw/Images_with_annotations_for_CNN_training/D3408_1_R_2024_02_20_19_10_35_Texas.ndpi,D3408_1_R_2024_02_20_19_10_35_Texas.ndpi.ndpa,ca7659c1a95c21b8d36938f6c98a3f2afd0e47601deebc14bb0476219fcdd32a,453,447,Cicatricosisporites sp.,Cicatricosisporites sp.,Cicatricosisporites sp.,exact,YES,circle,,
D3408_1_R_2024_02_20_19_10_35_Texas::record_448,D3408_1_R_2024_02_20_19_10_35_Texas,/rhf/allocations/dsci435/smithsonian_full_sp26/raw/Images_with_annotations_for_CNN_training/D3408_1_R_2024_02_20_19_10_35_Texas.ndpi,D3408_1_R_2024_02_20_19_10_35_Texas.ndpi.ndpa,ca7659c1a95c21b8d36938f6c98a3f2afd0e47601deebc14bb0476219fcdd32a,454,448,Caryapollenites imparalis,Caryapollenites imparalis,Caryapollenites sp.,exact,YES,circle,,
D3408_1_R_2024_02_20_19_10_35_Texas::record_449,D3408_1_R_2024_02_20_19_10_35_Texas,/rhf/allocations/dsci435/smithsonian_full_sp26/raw/Images_with_annotations_for_CNN_training/D3408_1_R_2024_02_20_19_10_35_Texas.ndpi,D3408_1_R_2024_02_20_19_10_35_Texas.ndpi.ndpa,ca7659c1a95c21b8d36938f6c98a3f2afd0e47601deebc14bb0476219fcdd32a,455,449,Momipites flexus,Momipites flexus,Momipites flexus,exact,YES,circle,,
D3408_1_R_2024_02_20_19_10_35_Texas::record_450,D3408_1_R_2024_02_20_19_10_35_Texas,/rhf/allocations/dsci435/smithsonian_full_sp26/raw/Images_with_annotations_for_CNN_training/D3408_1_R_2024_02_20_19_10_35_Texas.ndpi,D3408_1_R_2024_02_20_19_10_35_Texas.ndpi.ndpa,ca7659c1a95c21b8d36938f6c98a3f2afd0e47601deebc14bb0476219fcdd32a,456,450,Caryapollenites imparalis,Caryapollenites imparalis,Caryapollenites sp.,exact,YES,circle,,
D3408_1_R_2024_02_20_19_10_35_Texas::record_451,D3408_1_R_2024_02_20_19_10_35_Texas,/rhf/allocations/dsci435/smithsonian_full_sp26/raw/Images_with_annotations_for_CNN_training/D3408_1_R_2024_02_20_19_10_35_Texas.ndpi,D3408_1_R_2024_02_20_19_10_35_Texas.ndpi.ndpa,ca7659c1a95c21b8d36938f6c98a3f2afd0e47601deebc14bb0476219fcdd32a,457,451,Tetracolporopollenites sp.,Tetracolporopollenites sp.,Tetracolporopollenites sp.,exact,YES,circle,,
D3408_1_R_2024_02_20_19_10_35_Texas::record_452,D3408_1_R_2024_02_20_19_10_35_Texas,/rhf/allocations/dsci435/smithsonian_full_sp26/raw/Images_with_annotations_for_CNN_training/D3408_1_R_2024_02_20_19_10_35_Texas.ndpi,D3408_1_R_2024_02_20_19_10_35_Texas.ndpi.ndpa,ca7659c1a95c21b8d36938f6c98a3f2afd0e47601deebc14bb0476219fcdd32a,458,452,Caryapollenites imparalis,Caryapollenites imparalis,Caryapollenites sp.,exact,YES,circle,,
D3408_1_R_2024_02_20_19_10_35_Texas::record_453,D3408_1_R_2024_02_20_19_10_35_Texas,/rhf/allocations/dsci435/smithsonian_full_sp26/raw/Images_with_annotations_for_CNN_training/D3408_1_R_2024_02_20_19_10_35_Texas.ndpi,D3408_1_R_2024_02_20_19_10_35_Texas.ndpi.ndpa,ca7659c1a95c21b8d36938f6c98a3f2afd0e47601deebc14bb0476219fcdd32a,459,453,Rousea sp.,Rousea sp.,Rousea sp.,exact,YES,circle,,
D3408_1_R_2024_02_20_19_10_35_Texas::record_454,D3408_1_R_2024_02_20_19_10_35_Texas,/rhf/allocations/dsci435/smithsonian_full_sp26/raw/Images_with_annotations_for_CNN_training/D3408_1_R_2024_02_20_19_10_35_Texas.ndpi,D3408_1_R_2024_02_20_19_10_35_Texas.ndpi.ndpa,ca7659c1a95c21b8d36938f6c98a3f2afd0e47601deebc14bb0476219fcdd32a,460,454,Rousea sp.,Rousea sp.,Rousea sp.,exact,YES,circle,,
D3408_1_R_2024_02_20_19_10_35_Texas::record_455,D3408_1_R_2024_02_20_19_10_35_Texas,/rhf/allocations/dsci435/smithsonian_full_sp26/raw/Images_with_annotations_for_CNN_training/D3408_1_R_2024_02_20_19_10_35_Texas.ndpi,D3408_1_R_2024_02_20_19_10_35_Texas.ndpi.ndpa,ca7659c1a95c21b8d36938f6c98a3f2afd0e47601deebc14bb0476219fcdd32a,461,455,Tetracolporopollenites sp.,Tetracolporopollenites sp.,Tetracolporopollenites sp.,exact,YES,circle,,
D3408_1_R_2024_02_20_19_10_35_Texas::record_456,D3408_1_R_2024_02_20_19_10_35_Texas,/rhf/allocations/dsci435/smithsonian_full_sp26/raw/Images_with_annotations_for_CNN_training/D3408_1_R_2024_02_20_19_10_35_Texas.ndpi,D3408_1_R_2024_02_20_19_10_35_Texas.ndpi.ndpa,ca7659c1a95c21b8d36938f6c98a3f2afd0e47601deebc14bb0476219fcdd32a,462,456,Psilamonocolpites sp.,Psilamonocolpites sp.,Monocolpites sp.,exact,YES,circle,,
D3408_1_R_2024_02_20_19_10_35_Texas::record_457,D3408_1_R_2024_02_20_19_10_35_Texas,/rhf/allocations/dsci435/smithsonian_full_sp26/raw/Images_with_annotations_for_CNN_training/D3408_1_R_2024_02_20_19_10_35_Texas.ndpi,D3408_1_R_2024_02_20_19_10_35_Texas.ndpi.ndpa,ca7659c1a95c21b8d36938f6c98a3f2afd0e47601deebc14bb0476219fcdd32a,463,457,Rousea sp.,Rousea sp.,Rousea sp.,exact,YES,circle,,
D3408_1_R_2024_02_20_19_10_35_Texas::record_458,D3408_1_R_2024_02_20_19_10_35_Texas,/rhf/allocations/dsci435/smithsonian_full_sp26/raw/Images_with_annotations_for_CNN_training/D3408_1_R_2024_02_20_19_10_35_Texas.ndpi,D3408_1_R_2024_02_20_19_10_35_Texas.ndpi.ndpa,ca7659c1a95c21b8d36938f6c98a3f2afd0e47601deebc14bb0476219fcdd32a,464,458,Caryapollenites imparalis,Caryapollenites imparalis,Caryapollenites sp.,exact,YES,circle,,
D3408_1_R_2024_02_20_19_10_35_Texas::record_459,D3408_1_R_2024_02_20_19_10_35_Texas,/rhf/allocations/dsci435/smithsonian_full_sp26/raw/Images_with_annotations_for_CNN_training/D3408_1_R_2024_02_20_19_10_35_Texas.ndpi,D3408_1_R_2024_02_20_19_10_35_Texas.ndpi.ndpa,ca7659c1a95c21b8d36938f6c98a3f2afd0e47601deebc14bb0476219fcdd32a,465,459,Caryapollenites imparalis,Caryapollenites imparalis,Caryapollenites sp.,exact,YES,circle,,
D3408_1_R_2024_02_20_19_10_35_Texas::record_460,D3408_1_R_2024_02_20_19_10_35_Texas,/rhf/allocations/dsci435/smithsonian_full_sp26/raw/Images_with_annotations_for_CNN_training/D3408_1_R_2024_02_20_19_10_35_Texas.ndpi,D3408_1_R_2024_02_20_19_10_35_Texas.ndpi.ndpa,ca7659c1a95c21b8d36938f6c98a3f2afd0e47601deebc14bb0476219fcdd32a,466,460,Rousea sp.,Rousea sp.,Rousea sp.,exact,YES,circle,,
D3408_1_R_2024_02_20_19_10_35_Texas::record_461,D3408_1_R_2024_02_20_19_10_35_Texas,/rhf/allocations/dsci435/smithsonian_full_sp26/raw/Images_with_annotations_for_CNN_training/D3408_1_R_2024_02_20_19_10_35_Texas.ndpi,D3408_1_R_2024_02_20_19_10_35_Texas.ndpi.ndpa,ca7659c1a95c21b8d36938f6c98a3f2afd0e47601deebc14bb0476219fcdd32a,467,461,Illexpollenites sp.,Illexpollenites sp.,Illexpollenites sp.,exact,YES,circle,,
D3408_1_R_2024_02_20_19_10_35_Texas::record_462,D3408_1_R_2024_02_20_19_10_35_Texas,/rhf/allocations/dsci435/smithsonian_full_sp26/raw/Images_with_annotations_for_CNN_training/D3408_1_R_2024_02_20_19_10_35_Texas.ndpi,D3408_1_R_2024_02_20_19_10_35_Texas.ndpi.ndpa,ca7659c1a95c21b8d36938f6c98a3f2afd0e47601deebc14bb0476219fcdd32a,468,462,Tetracolporopollenites sp.,Tetracolporopollenites sp.,Tetracolporopollenites sp.,exact,YES,circle,,
D3408_1_R_2024_02_20_19_10_35_Texas::record_463,D3408_1_R_2024_02_20_19_10_35_Texas,/rhf/allocations/dsci435/smithsonian_full_sp26/raw/Images_with_annotations_for_CNN_training/D3408_1_R_2024_02_20_19_10_35_Texas.ndpi,D3408_1_R_2024_02_20_19_10_35_Texas.ndpi.ndpa,ca7659c1a95c21b8d36938f6c98a3f2afd0e47601deebc14bb0476219fcdd32a,469,463,Rousea sp.,Rousea sp.,Rousea sp.,exact,YES,circle,,
D3408_1_R_2024_02_20_19_10_35_Texas::record_464,D3408_1_R_2024_02_20_19_10_35_Texas,/rhf/allocations/dsci435/smithsonian_full_sp26/raw/Images_with_annotations_for_CNN_training/D3408_1_R_2024_02_20_19_10_35_Texas.ndpi,D3408_1_R_2024_02_20_19_10_35_Texas.ndpi.ndpa,ca7659c1a95c21b8d36938f6c98a3f2afd0e47601deebc14bb0476219fcdd32a,470,464,Caryapollenites imparalis,Caryapollenites imparalis,Caryapollenites sp.,exact,YES,circle,,
D3408_1_R_2024_02_20_19_10_35_Texas::record_465,D3408_1_R_2024_02_20_19_10_35_Texas,/rhf/allocations/dsci435/smithsonian_full_sp26/raw/Images_with_annotations_for_CNN_training/D3408_1_R_2024_02_20_19_10_35_Texas.ndpi,D3408_1_R_2024_02_20_19_10_35_Texas.ndpi.ndpa,ca7659c1a95c21b8d36938f6c98a3f2afd0e47601deebc14bb0476219fcdd32a,471,465,Tiliapollenites sp.,Tiliapollenites sp.,Bombacacidites sp.,exact,YES,circle,,
D3408_1_R_2024_02_20_19_10_35_Texas::record_466,D3408_1_R_2024_02_20_19_10_35_Texas,/rhf/allocations/dsci435/smithsonian_full_sp26/raw/Images_with_annotations_for_CNN_training/D3408_1_R_2024_02_20_19_10_35_Texas.ndpi,D3408_1_R_2024_02_20_19_10_35_Texas.ndpi.ndpa,ca7659c1a95c21b8d36938f6c98a3f2afd0e47601deebc14bb0476219fcdd32a,472,466,Rousea sp.,Rousea sp.,Rousea sp.,exact,YES,circle,,
D3408_1_R_2024_02_20_19_10_35_Texas::record_467,D3408_1_R_2024_02_20_19_10_35_Texas,/rhf/allocations/dsci435/smithsonian_full_sp26/raw/Images_with_annotations_for_CNN_training/D3408_1_R_2024_02_20_19_10_35_Texas.ndpi,D3408_1_R_2024_02_20_19_10_35_Texas.ndpi.ndpa,ca7659c1a95c21b8d36938f6c98a3f2afd0e47601deebc14bb0476219fcdd32a,473,467,Caryapollenites imparalis,Caryapollenites imparalis,Caryapollenites sp.,exact,YES,circle,,
D3408_1_R_2024_02_20_19_10_35_Texas::record_468,D3408_1_R_2024_02_20_19_10_35_Texas,/rhf/allocations/dsci435/smithsonian_full_sp26/raw/Images_with_annotations_for_CNN_training/D3408_1_R_2024_02_20_19_10_35_Texas.ndpi,D3408_1_R_2024_02_20_19_10_35_Texas.ndpi.ndpa,ca7659c1a95c21b8d36938f6c98a3f2afd0e47601deebc14bb0476219fcdd32a,474,468,Caryapollenites imparalis,Caryapollenites imparalis,Caryapollenites sp.,exact,YES,circle,,
D3408_1_R_2024_02_20_19_10_35_Texas::record_469,D3408_1_R_2024_02_20_19_10_35_Texas,/rhf/allocations/dsci435/smithsonian_full_sp26/raw/Images_with_annotations_for_CNN_training/D3408_1_R_2024_02_20_19_10_35_Texas.ndpi,D3408_1_R_2024_02_20_19_10_35_Texas.ndpi.ndpa,ca7659c1a95c21b8d36938f6c98a3f2afd0e47601deebc14bb0476219fcdd32a,475,469,Momipites ventifluminis,Momipites ventifluminis,Momipites ventifluminis,exact,YES,circle,,
D3408_1_R_2024_02_20_19_10_35_Texas::record_470,D3408_1_R_2024_02_20_19_10_35_Texas,/rhf/allocations/dsci435/smithsonian_full_sp26/raw/Images_with_annotations_for_CNN_training/D3408_1_R_2024_02_20_19_10_35_Texas.ndpi,D3408_1_R_2024_02_20_19_10_35_Texas.ndpi.ndpa,ca7659c1a95c21b8d36938f6c98a3f2afd0e47601deebc14bb0476219fcdd32a,476,470,Illexpollenites sp.,Illexpollenites sp.,Illexpollenites sp.,exact,YES,circle,,
D3408_1_R_2024_02_20_19_10_35_Texas::record_471,D3408_1_R_2024_02_20_19_10_35_Texas,/rhf/allocations/dsci435/smithsonian_full_sp26/raw/Images_with_annotations_for_CNN_training/D3408_1_R_2024_02_20_19_10_35_Texas.ndpi,D3408_1_R_2024_02_20_19_10_35_Texas.ndpi.ndpa,ca7659c1a95c21b8d36938f6c98a3f2afd0e47601deebc14bb0476219fcdd32a,477,471,Tetracolporopollenites sp.,Tetracolporopollenites sp.,Tetracolporopollenites sp.,exact,YES,circle,,
D3408_1_R_2024_02_20_19_10_35_Texas::record_472,D3408_1_R_2024_02_20_19_10_35_Texas,/rhf/allocations/dsci435/smithsonian_full_sp26/raw/Images_with_annotations_for_CNN_training/D3408_1_R_2024_02_20_19_10_35_Texas.ndpi,D3408_1_R_2024_02_20_19_10_35_Texas.ndpi.ndpa,ca7659c1a95c21b8d36938f6c98a3f2afd0e47601deebc14bb0476219fcdd32a,478,472,Rousea sp.,Rousea sp.,Rousea sp.,exact,YES,circle,,
D3408_1_R_2024_02_20_19_10_35_Texas::record_473,D3408_1_R_2024_02_20_19_10_35_Texas,/rhf/allocations/dsci435/smithsonian_full_sp26/raw/Images_with_annotations_for_CNN_training/D3408_1_R_2024_02_20_19_10_35_Texas.ndpi,D3408_1_R_2024_02_20_19_10_35_Texas.ndpi.ndpa,ca7659c1a95c21b8d36938f6c98a3f2afd0e47601deebc14bb0476219fcdd32a,479,473,Rousea sp.,Rousea sp.,Rousea sp.,exact,YES,circle,,
D3408_1_R_2024_02_20_19_10_35_Texas::record_474,D3408_1_R_2024_02_20_19_10_35_Texas,/rhf/allocations/dsci435/smithsonian_full_sp26/raw/Images_with_annotations_for_CNN_training/D3408_1_R_2024_02_20_19_10_35_Texas.ndpi,D3408_1_R_2024_02_20_19_10_35_Texas.ndpi.ndpa,ca7659c1a95c21b8d36938f6c98a3f2afd0e47601deebc14bb0476219fcdd32a,480,474,Tetracolporopollenites sp.,Tetracolporopollenites sp.,Tetracolporopollenites sp.,exact,YES,circle,,
D3408_1_R_2024_02_20_19_10_35_Texas::record_475,D3408_1_R_2024_02_20_19_10_35_Texas,/rhf/allocations/dsci435/smithsonian_full_sp26/raw/Images_with_annotations_for_CNN_training/D3408_1_R_2024_02_20_19_10_35_Texas.ndpi,D3408_1_R_2024_02_20_19_10_35_Texas.ndpi.ndpa,ca7659c1a95c21b8d36938f6c98a3f2afd0e47601deebc14bb0476219fcdd32a,481,475,Momipites flexus,Momipites flexus,Momipites flexus,exact,YES,circle,,
D3408_1_R_2024_02_20_19_10_35_Texas::record_476,D3408_1_R_2024_02_20_19_10_35_Texas,/rhf/allocations/dsci435/smithsonian_full_sp26/raw/Images_with_annotations_for_CNN_training/D3408_1_R_2024_02_20_19_10_35_Texas.ndpi,D3408_1_R_2024_02_20_19_10_35_Texas.ndpi.ndpa,ca7659c1a95c21b8d36938f6c98a3f2afd0e47601deebc14bb0476219fcdd32a,482,476,Momipites flexus,Momipites flexus,Momipites flexus,exact,YES,circle,,
D3408_1_R_2024_02_20_19_10_35_Texas::record_477,D3408_1_R_2024_02_20_19_10_35_Texas,/rhf/allocations/dsci435/smithsonian_full_sp26/raw/Images_with_annotations_for_CNN_training/D3408_1_R_2024_02_20_19_10_35_Texas.ndpi,D3408_1_R_2024_02_20_19_10_35_Texas.ndpi.ndpa,ca7659c1a95c21b8d36938f6c98a3f2afd0e47601deebc14bb0476219fcdd32a,483,477,Tetracolporopollenites sp.,Tetracolporopollenites sp.,Tetracolporopollenites sp.,exact,YES,circle,,
D3408_1_R_2024_02_20_19_10_35_Texas::record_478,D3408_1_R_2024_02_20_19_10_35_Texas,/rhf/allocations/dsci435/smithsonian_full_sp26/raw/Images_with_annotations_for_CNN_training/D3408_1_R_2024_02_20_19_10_35_Texas.ndpi,D3408_1_R_2024_02_20_19_10_35_Texas.ndpi.ndpa,ca7659c1a95c21b8d36938f6c98a3f2afd0e47601deebc14bb0476219fcdd32a,484,478,Rousea sp.,Rousea sp.,Rousea sp.,exact,YES,circle,,
D3408_1_R_2024_02_20_19_10_35_Texas::record_479,D3408_1_R_2024_02_20_19_10_35_Texas,/rhf/allocations/dsci435/smithsonian_full_sp26/raw/Images_with_annotations_for_CNN_training/D3408_1_R_2024_02_20_19_10_35_Texas.ndpi,D3408_1_R_2024_02_20_19_10_35_Texas.ndpi.ndpa,ca7659c1a95c21b8d36938f6c98a3f2afd0e47601deebc14bb0476219fcdd32a,485,479,Rousea sp.,Rousea sp.,Rousea sp.,exact,YES,circle,,
D4200_2_2024_02_06_12_29_47_Wyoming::record_5,D4200_2_2024_02_06_12_29_47_Wyoming,/rhf/allocations/dsci435/smithsonian_full_sp26/raw/Images_with_annotations_for_CNN_training/D4200_2_2024_02_06_12_29_47_Wyoming.ndpi,D4200_2_2024_02_06_12_29_47_Wyoming.ndpi.ndpa,3d223e6fa4f44a2e066bb78b7ba98cbc7cb70de3d01a346051e96f0c0ffe234b,6,5,Rousea sp.,Rousea sp.,Rousea sp.,exact,YES,circle,,
D3283-2_2024_02_06_15_37_28_Kentucky::record_1,D3283-2_2024_02_06_15_37_28_Kentucky,/rhf/allocations/dsci435/smithsonian_full_sp26/raw/Images_with_annotations_for_CNN_training/D3283-2_2024_02_06_15_37_28_Kentucky.ndpi,D3283-2_2024_02_06_15_37_28_Kentucky.ndpi.ndpa,a04e1e0ff54800a6828a38b8caf382dadcfad73eebd4b52d49efae1bc8ae987e,2,1,Bisaccate pollen,Bisaccate pollen,Bisaccate,exact,YES,circle,,Broken
D3283-2_2024_02_06_15_37_28_Kentucky::record_11,D3283-2_2024_02_06_15_37_28_Kentucky,/rhf/allocations/dsci435/smithsonian_full_sp26/raw/Images_with_annotations_for_CNN_training/D3283-2_2024_02_06_15_37_28_Kentucky.ndpi,D3283-2_2024_02_06_15_37_28_Kentucky.ndpi.ndpa,a04e1e0ff54800a6828a38b8caf382dadcfad73eebd4b52d49efae1bc8ae987e,14,11,Arecipites sp.,Arecipites sp.,Arecipites sp.,exact,YES,circle,,
D3283-2_2024_02_06_15_37_28_Kentucky::record_18,D3283-2_2024_02_06_15_37_28_Kentucky,/rhf/allocations/dsci435/smithsonian_full_sp26/raw/Images_with_annotations_for_CNN_training/D3283-2_2024_02_06_15_37_28_Kentucky.ndpi,D3283-2_2024_02_06_15_37_28_Kentucky.ndpi.ndpa,a04e1e0ff54800a6828a38b8caf382dadcfad73eebd4b52d49efae1bc8ae987e,21,18,Taxodium sp.,Taxodium sp.,Taxodium sp.,exact,YES,circle,,
D3283-2_2024_02_06_15_37_28_Kentucky::record_22,D3283-2_2024_02_06_15_37_28_Kentucky,/rhf/allocations/dsci435/smithsonian_full_sp26/raw/Images_with_annotations_for_CNN_training/D3283-2_2024_02_06_15_37_28_Kentucky.ndpi,D3283-2_2024_02_06_15_37_28_Kentucky.ndpi.ndpa,a04e1e0ff54800a6828a38b8caf382dadcfad73eebd4b52d49efae1bc8ae987e,25,22,Arecipites sp.,Arecipites sp.,Arecipites sp.,exact,YES,circle,,
D3283-2_2024_02_06_15_37_28_Kentucky::record_25,D3283-2_2024_02_06_15_37_28_Kentucky,/rhf/allocations/dsci435/smithsonian_full_sp26/raw/Images_with_annotations_for_CNN_training/D3283-2_2024_02_06_15_37_28_Kentucky.ndpi,D3283-2_2024_02_06_15_37_28_Kentucky.ndpi.ndpa,a04e1e0ff54800a6828a38b8caf382dadcfad73eebd4b52d49efae1bc8ae987e,28,25,Arecipites sp.,Arecipites sp.,Arecipites sp.,exact,YES,circle,,
D3283-2_2024_02_06_15_37_28_Kentucky::record_34,D3283-2_2024_02_06_15_37_28_Kentucky,/rhf/allocations/dsci435/smithsonian_full_sp26/raw/Images_with_annotations_for_CNN_training/D3283-2_2024_02_06_15_37_28_Kentucky.ndpi,D3283-2_2024_02_06_15_37_28_Kentucky.ndpi.ndpa,a04e1e0ff54800a6828a38b8caf382dadcfad73eebd4b52d49efae1bc8ae987e,37,34,Arecipites sp.,Arecipites sp.,Arecipites sp.,exact,YES,circle,,Image NanoZoomer
D3283-2_2024_02_06_15_37_28_Kentucky::record_42,D3283-2_2024_02_06_15_37_28_Kentucky,/rhf/allocations/dsci435/smithsonian_full_sp26/raw/Images_with_annotations_for_CNN_training/D3283-2_2024_02_06_15_37_28_Kentucky.ndpi,D3283-2_2024_02_06_15_37_28_Kentucky.ndpi.ndpa,a04e1e0ff54800a6828a38b8caf382dadcfad73eebd4b52d49efae1bc8ae987e,45,42,Cyathidites sp.,Cyathidites sp.,Psilatriletes sp.,exact,YES,circle,,
D3283-2_2024_02_06_15_37_28_Kentucky::record_46,D3283-2_2024_02_06_15_37_28_Kentucky,/rhf/allocations/dsci435/smithsonian_full_sp26/raw/Images_with_annotations_for_CNN_training/D3283-2_2024_02_06_15_37_28_Kentucky.ndpi,D3283-2_2024_02_06_15_37_28_Kentucky.ndpi.ndpa,a04e1e0ff54800a6828a38b8caf382dadcfad73eebd4b52d49efae1bc8ae987e,49,46,Alnipollenites sp.,Alnipollenites sp.,Alnipollenites verus,exact,YES,circle,,
D3283-2_2024_02_06_15_37_28_Kentucky::record_50,D3283-2_2024_02_06_15_37_28_Kentucky,/rhf/allocations/dsci435/smithsonian_full_sp26/raw/Images_with_annotations_for_CNN_training/D3283-2_2024_02_06_15_37_28_Kentucky.ndpi,D3283-2_2024_02_06_15_37_28_Kentucky.ndpi.ndpa,a04e1e0ff54800a6828a38b8caf382dadcfad73eebd4b52d49efae1bc8ae987e,53,50,Momipites flexus,Momipites flexus,Momipites flexus,exact,YES,circle,,pol triangular
D3283-2_2024_02_06_15_37_28_Kentucky::record_51,D3283-2_2024_02_06_15_37_28_Kentucky,/rhf/allocations/dsci435/smithsonian_full_sp26/raw/Images_with_annotations_for_CNN_training/D3283-2_2024_02_06_15_37_28_Kentucky.ndpi,D3283-2_2024_02_06_15_37_28_Kentucky.ndpi.ndpa,a04e1e0ff54800a6828a38b8caf382dadcfad73eebd4b52d49efae1bc8ae987e,54,51,Monosulcites,Monosulcites,Monocolpites sp.,exact,YES,circle,,
D3283-2_2024_02_06_15_37_28_Kentucky::record_57,D3283-2_2024_02_06_15_37_28_Kentucky,/rhf/allocations/dsci435/smithsonian_full_sp26/raw/Images_with_annotations_for_CNN_training/D3283-2_2024_02_06_15_37_28_Kentucky.ndpi,D3283-2_2024_02_06_15_37_28_Kentucky.ndpi.ndpa,a04e1e0ff54800a6828a38b8caf382dadcfad73eebd4b52d49efae1bc8ae987e,60,57,Psilamonocolpites sp.,Psilamonocolpites sp.,Monocolpites sp.,exact,YES,circle,,
D3846_L_2024_02_20_11_51_22_N_Dakota::record_4,D3846_L_2024_02_20_11_51_22_N_Dakota,/rhf/allocations/dsci435/smithsonian_full_sp26/raw/Images_with_annotations_for_CNN_training/D3846_L_2024_02_20_11_51_22_N_Dakota.ndpi,D3846_L_2024_02_20_11_51_22_N_Dakota.ndpi.ndpa,1566b97fb157c0a76796378032d2ee20d3de09efc36ee77c2c99d1eb2ef0e912,5,4,Bipol,Bipol,Bisaccate,exact,YES,circle,,
D3846_L_2024_02_20_11_51_22_N_Dakota::record_11,D3846_L_2024_02_20_11_51_22_N_Dakota,/rhf/allocations/dsci435/smithsonian_full_sp26/raw/Images_with_annotations_for_CNN_training/D3846_L_2024_02_20_11_51_22_N_Dakota.ndpi,D3846_L_2024_02_20_11_51_22_N_Dakota.ndpi.ndpa,1566b97fb157c0a76796378032d2ee20d3de09efc36ee77c2c99d1eb2ef0e912,13,11,Bipol,Bipol,Bisaccate,exact,YES,circle,,
D3846_L_2024_02_20_11_51_22_N_Dakota::record_12,D3846_L_2024_02_20_11_51_22_N_Dakota,/rhf/allocations/dsci435/smithsonian_full_sp26/raw/Images_with_annotations_for_CNN_training/D3846_L_2024_02_20_11_51_22_N_Dakota.ndpi,D3846_L_2024_02_20_11_51_22_N_Dakota.ndpi.ndpa,1566b97fb157c0a76796378032d2ee20d3de09efc36ee77c2c99d1eb2ef0e912,14,12,Trilete,Trilete,Psilatriletes sp.,exact,YES,circle,,
D3846_L_2024_02_20_11_51_22_N_Dakota::record_15,D3846_L_2024_02_20_11_51_22_N_Dakota,/rhf/allocations/dsci435/smithsonian_full_sp26/raw/Images_with_annotations_for_CNN_training/D3846_L_2024_02_20_11_51_22_N_Dakota.ndpi,D3846_L_2024_02_20_11_51_22_N_Dakota.ndpi.ndpa,1566b97fb157c0a76796378032d2ee20d3de09efc36ee77c2c99d1eb2ef0e912,17,15,Trilete,Trilete,Psilatriletes sp.,exact,YES,circle,,
D3846_L_2024_02_20_11_51_22_N_Dakota::record_22,D3846_L_2024_02_20_11_51_22_N_Dakota,/rhf/allocations/dsci435/smithsonian_full_sp26/raw/Images_with_annotations_for_CNN_training/D3846_L_2024_02_20_11_51_22_N_Dakota.ndpi,D3846_L_2024_02_20_11_51_22_N_Dakota.ndpi.ndpa,1566b97fb157c0a76796378032d2ee20d3de09efc36ee77c2c99d1eb2ef0e912,24,22,Bipol,Bipol,Bisaccate,exact,YES,circle,,
D8401-A_L_2024_01_18_13_05_54_Alaska::record_1,D8401-A_L_2024_01_18_13_05_54_Alaska,/rhf/allocations/dsci435/smithsonian_full_sp26/raw/Images_with_annotations_for_CNN_training/D8401-A_L_2024_01_18_13_05_54_Alaska.ndpi,D8401-A_L_2024_01_18_13_05_54_Alaska.ndpi.ndpa,58fab7d9bf7d64c103dfb697c8203054a030f97cfacf13620b4c847eec46d8d5,82,1,Juglans nigripites,Juglans nigripites,Polyatriopollenites type,exact,YES,circle,,
D8401-A_L_2024_01_18_13_05_54_Alaska::record_2,D8401-A_L_2024_01_18_13_05_54_Alaska,/rhf/allocations/dsci435/smithsonian_full_sp26/raw/Images_with_annotations_for_CNN_training/D8401-A_L_2024_01_18_13_05_54_Alaska.ndpi,D8401-A_L_2024_01_18_13_05_54_Alaska.ndpi.ndpa,58fab7d9bf7d64c103dfb697c8203054a030f97cfacf13620b4c847eec46d8d5,83,2,Betulaceae,Betulaceae,Betulaceae,exact,YES,circle,,
D8401-A_L_2024_01_18_13_05_54_Alaska::record_4,D8401-A_L_2024_01_18_13_05_54_Alaska,/rhf/allocations/dsci435/smithsonian_full_sp26/raw/Images_with_annotations_for_CNN_training/D8401-A_L_2024_01_18_13_05_54_Alaska.ndpi,D8401-A_L_2024_01_18_13_05_54_Alaska.ndpi.ndpa,58fab7d9bf7d64c103dfb697c8203054a030f97cfacf13620b4c847eec46d8d5,88,4,Betulaceae,Betulaceae,Betulaceae,exact,YES,circle,,
D8401-A_L_2024_01_18_13_05_54_Alaska::record_5,D8401-A_L_2024_01_18_13_05_54_Alaska,/rhf/allocations/dsci435/smithsonian_full_sp26/raw/Images_with_annotations_for_CNN_training/D8401-A_L_2024_01_18_13_05_54_Alaska.ndpi,D8401-A_L_2024_01_18_13_05_54_Alaska.ndpi.ndpa,58fab7d9bf7d64c103dfb697c8203054a030f97cfacf13620b4c847eec46d8d5,90,5,Bipol,Bipol,Bisaccate,exact,YES,circle,,
D8401-A_L_2024_01_18_13_05_54_Alaska::record_8,D8401-A_L_2024_01_18_13_05_54_Alaska,/rhf/allocations/dsci435/smithsonian_full_sp26/raw/Images_with_annotations_for_CNN_training/D8401-A_L_2024_01_18_13_05_54_Alaska.ndpi,D8401-A_L_2024_01_18_13_05_54_Alaska.ndpi.ndpa,58fab7d9bf7d64c103dfb697c8203054a030f97cfacf13620b4c847eec46d8d5,93,8,Ulmipollenites sp.,Ulmipollenites sp.,Ulmipollenites sp.,exact,YES,circle,,
D8401-A_L_2024_01_18_13_05_54_Alaska::record_9,D8401-A_L_2024_01_18_13_05_54_Alaska,/rhf/allocations/dsci435/smithsonian_full_sp26/raw/Images_with_annotations_for_CNN_training/D8401-A_L_2024_01_18_13_05_54_Alaska.ndpi,D8401-A_L_2024_01_18_13_05_54_Alaska.ndpi.ndpa,58fab7d9bf7d64c103dfb697c8203054a030f97cfacf13620b4c847eec46d8d5,94,9,Ulmipollenites sp.,Ulmipollenites sp.,Ulmipollenites sp.,exact,YES,circle,,
D8401-A_L_2024_01_18_13_05_54_Alaska::record_10,D8401-A_L_2024_01_18_13_05_54_Alaska,/rhf/allocations/dsci435/smithsonian_full_sp26/raw/Images_with_annotations_for_CNN_training/D8401-A_L_2024_01_18_13_05_54_Alaska.ndpi,D8401-A_L_2024_01_18_13_05_54_Alaska.ndpi.ndpa,58fab7d9bf7d64c103dfb697c8203054a030f97cfacf13620b4c847eec46d8d5,95,10,Ericipites sp.,Ericipites sp.,Ericipites sp.,exact,YES,circle,,
D8401-A_L_2024_01_18_13_05_54_Alaska::record_11,D8401-A_L_2024_01_18_13_05_54_Alaska,/rhf/allocations/dsci435/smithsonian_full_sp26/raw/Images_with_annotations_for_CNN_training/D8401-A_L_2024_01_18_13_05_54_Alaska.ndpi,D8401-A_L_2024_01_18_13_05_54_Alaska.ndpi.ndpa,58fab7d9bf7d64c103dfb697c8203054a030f97cfacf13620b4c847eec46d8d5,96,11,Alnipollenites verus,Alnipollenites verus,Alnipollenites verus,exact,YES,circle,,
D8401-A_L_2024_01_18_13_05_54_Alaska::record_13,D8401-A_L_2024_01_18_13_05_54_Alaska,/rhf/allocations/dsci435/smithsonian_full_sp26/raw/Images_with_annotations_for_CNN_training/D8401-A_L_2024_01_18_13_05_54_Alaska.ndpi,D8401-A_L_2024_01_18_13_05_54_Alaska.ndpi.ndpa,58fab7d9bf7d64c103dfb697c8203054a030f97cfacf13620b4c847eec46d8d5,99,13,Tetracolporopollenites sp.,Tetracolporopollenites sp.,Tetracolporopollenites sp.,exact,YES,circle,,
D8401-A_L_2024_01_18_13_05_54_Alaska::record_15,D8401-A_L_2024_01_18_13_05_54_Alaska,/rhf/allocations/dsci435/smithsonian_full_sp26/raw/Images_with_annotations_for_CNN_training/D8401-A_L_2024_01_18_13_05_54_Alaska.ndpi,D8401-A_L_2024_01_18_13_05_54_Alaska.ndpi.ndpa,58fab7d9bf7d64c103dfb697c8203054a030f97cfacf13620b4c847eec46d8d5,101,15,Betulaceae,Betulaceae,Betulaceae,exact,YES,circle,,
D8401-A_L_2024_01_18_13_05_54_Alaska::record_18,D8401-A_L_2024_01_18_13_05_54_Alaska,/rhf/allocations/dsci435/smithsonian_full_sp26/raw/Images_with_annotations_for_CNN_training/D8401-A_L_2024_01_18_13_05_54_Alaska.ndpi,D8401-A_L_2024_01_18_13_05_54_Alaska.ndpi.ndpa,58fab7d9bf7d64c103dfb697c8203054a030f97cfacf13620b4c847eec46d8d5,104,18,Alnipollenites verus,Alnipollenites verus,Alnipollenites verus,exact,YES,circle,,
D8401-A_L_2024_01_18_13_05_54_Alaska::record_19,D8401-A_L_2024_01_18_13_05_54_Alaska,/rhf/allocations/dsci435/smithsonian_full_sp26/raw/Images_with_annotations_for_CNN_training/D8401-A_L_2024_01_18_13_05_54_Alaska.ndpi,D8401-A_L_2024_01_18_13_05_54_Alaska.ndpi.ndpa,58fab7d9bf7d64c103dfb697c8203054a030f97cfacf13620b4c847eec46d8d5,105,19,Arecipites sp.,Arecipites sp.,Arecipites sp.,exact,YES,circle,,
D8401-A_L_2024_01_18_13_05_54_Alaska::record_20,D8401-A_L_2024_01_18_13_05_54_Alaska,/rhf/allocations/dsci435/smithsonian_full_sp26/raw/Images_with_annotations_for_CNN_training/D8401-A_L_2024_01_18_13_05_54_Alaska.ndpi,D8401-A_L_2024_01_18_13_05_54_Alaska.ndpi.ndpa,58fab7d9bf7d64c103dfb697c8203054a030f97cfacf13620b4c847eec46d8d5,106,20,Alnipollenites verus,Alnipollenites verus,Alnipollenites verus,exact,YES,circle,,
D8401-A_L_2024_01_18_13_05_54_Alaska::record_22,D8401-A_L_2024_01_18_13_05_54_Alaska,/rhf/allocations/dsci435/smithsonian_full_sp26/raw/Images_with_annotations_for_CNN_training/D8401-A_L_2024_01_18_13_05_54_Alaska.ndpi,D8401-A_L_2024_01_18_13_05_54_Alaska.ndpi.ndpa,58fab7d9bf7d64c103dfb697c8203054a030f97cfacf13620b4c847eec46d8d5,108,22,Betulaceae,Betulaceae,Betulaceae,exact,YES,circle,,
D8401-A_L_2024_01_18_13_05_54_Alaska::record_23,D8401-A_L_2024_01_18_13_05_54_Alaska,/rhf/allocations/dsci435/smithsonian_full_sp26/raw/Images_with_annotations_for_CNN_training/D8401-A_L_2024_01_18_13_05_54_Alaska.ndpi,D8401-A_L_2024_01_18_13_05_54_Alaska.ndpi.ndpa,58fab7d9bf7d64c103dfb697c8203054a030f97cfacf13620b4c847eec46d8d5,109,23,Momipites,Momipites,Momipites sp,exact,YES,circle,,
D8401-A_L_2024_01_18_13_05_54_Alaska::record_26,D8401-A_L_2024_01_18_13_05_54_Alaska,/rhf/allocations/dsci435/smithsonian_full_sp26/raw/Images_with_annotations_for_CNN_training/D8401-A_L_2024_01_18_13_05_54_Alaska.ndpi,D8401-A_L_2024_01_18_13_05_54_Alaska.ndpi.ndpa,58fab7d9bf7d64c103dfb697c8203054a030f97cfacf13620b4c847eec46d8d5,112,26,Bipol,Bipol,Bisaccate,exact,YES,circle,,
D8401-A_L_2024_01_18_13_05_54_Alaska::record_29,D8401-A_L_2024_01_18_13_05_54_Alaska,/rhf/allocations/dsci435/smithsonian_full_sp26/raw/Images_with_annotations_for_CNN_training/D8401-A_L_2024_01_18_13_05_54_Alaska.ndpi,D8401-A_L_2024_01_18_13_05_54_Alaska.ndpi.ndpa,58fab7d9bf7d64c103dfb697c8203054a030f97cfacf13620b4c847eec46d8d5,115,29,Alnipollenites verus,Alnipollenites verus,Alnipollenites verus,exact,YES,circle,,
D8401-A_L_2024_01_18_13_05_54_Alaska::record_34,D8401-A_L_2024_01_18_13_05_54_Alaska,/rhf/allocations/dsci435/smithsonian_full_sp26/raw/Images_with_annotations_for_CNN_training/D8401-A_L_2024_01_18_13_05_54_Alaska.ndpi,D8401-A_L_2024_01_18_13_05_54_Alaska.ndpi.ndpa,58fab7d9bf7d64c103dfb697c8203054a030f97cfacf13620b4c847eec46d8d5,120,34,Tiliapollenites sp.,Tiliapollenites sp.,Bombacacidites sp.,exact,YES,circle,,
D8401-A_L_2024_01_18_13_05_54_Alaska::record_39,D8401-A_L_2024_01_18_13_05_54_Alaska,/rhf/allocations/dsci435/smithsonian_full_sp26/raw/Images_with_annotations_for_CNN_training/D8401-A_L_2024_01_18_13_05_54_Alaska.ndpi,D8401-A_L_2024_01_18_13_05_54_Alaska.ndpi.ndpa,58fab7d9bf7d64c103dfb697c8203054a030f97cfacf13620b4c847eec46d8d5,126,39,Psilatricolpites sp.,Psilatricolpites sp.,Psilatricolpites sp.,exact,YES,circle,,
D8401-A_L_2024_01_18_13_05_54_Alaska::record_40,D8401-A_L_2024_01_18_13_05_54_Alaska,/rhf/allocations/dsci435/smithsonian_full_sp26/raw/Images_with_annotations_for_CNN_training/D8401-A_L_2024_01_18_13_05_54_Alaska.ndpi,D8401-A_L_2024_01_18_13_05_54_Alaska.ndpi.ndpa,58fab7d9bf7d64c103dfb697c8203054a030f97cfacf13620b4c847eec46d8d5,127,40,Bipol,Bipol,Bisaccate,exact,YES,circle,,
D8401-A_L_2024_01_18_13_05_54_Alaska::record_41,D8401-A_L_2024_01_18_13_05_54_Alaska,/rhf/allocations/dsci435/smithsonian_full_sp26/raw/Images_with_annotations_for_CNN_training/D8401-A_L_2024_01_18_13_05_54_Alaska.ndpi,D8401-A_L_2024_01_18_13_05_54_Alaska.ndpi.ndpa,58fab7d9bf7d64c103dfb697c8203054a030f97cfacf13620b4c847eec46d8d5,128,41,Betulaceae,Betulaceae,Betulaceae,exact,YES,circle,,
D8401-A_L_2024_01_18_13_05_54_Alaska::record_42,D8401-A_L_2024_01_18_13_05_54_Alaska,/rhf/allocations/dsci435/smithsonian_full_sp26/raw/Images_with_annotations_for_CNN_training/D8401-A_L_2024_01_18_13_05_54_Alaska.ndpi,D8401-A_L_2024_01_18_13_05_54_Alaska.ndpi.ndpa,58fab7d9bf7d64c103dfb697c8203054a030f97cfacf13620b4c847eec46d8d5,129,42,Bipol,Bipol,Bisaccate,exact,YES,circle,,
D8401-A_L_2024_01_18_13_05_54_Alaska::record_48,D8401-A_L_2024_01_18_13_05_54_Alaska,/rhf/allocations/dsci435/smithsonian_full_sp26/raw/Images_with_annotations_for_CNN_training/D8401-A_L_2024_01_18_13_05_54_Alaska.ndpi,D8401-A_L_2024_01_18_13_05_54_Alaska.ndpi.ndpa,58fab7d9bf7d64c103dfb697c8203054a030f97cfacf13620b4c847eec46d8d5,141,48,Ulmoideipites sp.,Ulmoideipites sp.,Ulmipollenites sp.,exact,YES,circle,,
D8401-A_L_2024_01_18_13_05_54_Alaska::record_52,D8401-A_L_2024_01_18_13_05_54_Alaska,/rhf/allocations/dsci435/smithsonian_full_sp26/raw/Images_with_annotations_for_CNN_training/D8401-A_L_2024_01_18_13_05_54_Alaska.ndpi,D8401-A_L_2024_01_18_13_05_54_Alaska.ndpi.ndpa,58fab7d9bf7d64c103dfb697c8203054a030f97cfacf13620b4c847eec46d8d5,145,52,Ericipites sp.,Ericipites sp.,Ericipites sp.,exact,YES,circle,,
D8401-A_L_2024_01_18_13_05_54_Alaska::record_54,D8401-A_L_2024_01_18_13_05_54_Alaska,/rhf/allocations/dsci435/smithsonian_full_sp26/raw/Images_with_annotations_for_CNN_training/D8401-A_L_2024_01_18_13_05_54_Alaska.ndpi,D8401-A_L_2024_01_18_13_05_54_Alaska.ndpi.ndpa,58fab7d9bf7d64c103dfb697c8203054a030f97cfacf13620b4c847eec46d8d5,147,54,Bipol,Bipol,Bisaccate,exact,YES,circle,,
D8401-A_L_2024_01_18_13_05_54_Alaska::record_56,D8401-A_L_2024_01_18_13_05_54_Alaska,/rhf/allocations/dsci435/smithsonian_full_sp26/raw/Images_with_annotations_for_CNN_training/D8401-A_L_2024_01_18_13_05_54_Alaska.ndpi,D8401-A_L_2024_01_18_13_05_54_Alaska.ndpi.ndpa,58fab7d9bf7d64c103dfb697c8203054a030f97cfacf13620b4c847eec46d8d5,149,56,Bipol,Bipol,Bisaccate,exact,YES,circle,,
D8401-A_L_2024_01_18_13_05_54_Alaska::record_57,D8401-A_L_2024_01_18_13_05_54_Alaska,/rhf/allocations/dsci435/smithsonian_full_sp26/raw/Images_with_annotations_for_CNN_training/D8401-A_L_2024_01_18_13_05_54_Alaska.ndpi,D8401-A_L_2024_01_18_13_05_54_Alaska.ndpi.ndpa,58fab7d9bf7d64c103dfb697c8203054a030f97cfacf13620b4c847eec46d8d5,150,57,Bipol,Bipol,Bisaccate,exact,YES,circle,,
D8401-A_L_2024_01_18_13_05_54_Alaska::record_59,D8401-A_L_2024_01_18_13_05_54_Alaska,/rhf/allocations/dsci435/smithsonian_full_sp26/raw/Images_with_annotations_for_CNN_training/D8401-A_L_2024_01_18_13_05_54_Alaska.ndpi,D8401-A_L_2024_01_18_13_05_54_Alaska.ndpi.ndpa,58fab7d9bf7d64c103dfb697c8203054a030f97cfacf13620b4c847eec46d8d5,152,59,Bipol,Bipol,Bisaccate,exact,YES,circle,,
D8401-A_L_2024_01_18_13_05_54_Alaska::record_60,D8401-A_L_2024_01_18_13_05_54_Alaska,/rhf/allocations/dsci435/smithsonian_full_sp26/raw/Images_with_annotations_for_CNN_training/D8401-A_L_2024_01_18_13_05_54_Alaska.ndpi,D8401-A_L_2024_01_18_13_05_54_Alaska.ndpi.ndpa,58fab7d9bf7d64c103dfb697c8203054a030f97cfacf13620b4c847eec46d8d5,153,60,Alnipollenites verus,Alnipollenites verus,Alnipollenites verus,exact,YES,circle,,
D8401-A_L_2024_01_18_13_05_54_Alaska::record_61,D8401-A_L_2024_01_18_13_05_54_Alaska,/rhf/allocations/dsci435/smithsonian_full_sp26/raw/Images_with_annotations_for_CNN_training/D8401-A_L_2024_01_18_13_05_54_Alaska.ndpi,D8401-A_L_2024_01_18_13_05_54_Alaska.ndpi.ndpa,58fab7d9bf7d64c103dfb697c8203054a030f97cfacf13620b4c847eec46d8d5,154,61,Ericipites sp.,Ericipites sp.,Ericipites sp.,exact,YES,circle,,
D8401-A_L_2024_01_18_13_05_54_Alaska::record_62,D8401-A_L_2024_01_18_13_05_54_Alaska,/rhf/allocations/dsci435/smithsonian_full_sp26/raw/Images_with_annotations_for_CNN_training/D8401-A_L_2024_01_18_13_05_54_Alaska.ndpi,D8401-A_L_2024_01_18_13_05_54_Alaska.ndpi.ndpa,58fab7d9bf7d64c103dfb697c8203054a030f97cfacf13620b4c847eec46d8d5,155,62,Betulaceae,Betulaceae,Betulaceae,exact,YES,circle,,
D8401-A_L_2024_01_18_13_05_54_Alaska::record_63,D8401-A_L_2024_01_18_13_05_54_Alaska,/rhf/allocations/dsci435/smithsonian_full_sp26/raw/Images_with_annotations_for_CNN_training/D8401-A_L_2024_01_18_13_05_54_Alaska.ndpi,D8401-A_L_2024_01_18_13_05_54_Alaska.ndpi.ndpa,58fab7d9bf7d64c103dfb697c8203054a030f97cfacf13620b4c847eec46d8d5,156,63,Bipol,Bipol,Bisaccate,exact,YES,circle,,
D8401-A_L_2024_01_18_13_05_54_Alaska::record_66,D8401-A_L_2024_01_18_13_05_54_Alaska,/rhf/allocations/dsci435/smithsonian_full_sp26/raw/Images_with_annotations_for_CNN_training/D8401-A_L_2024_01_18_13_05_54_Alaska.ndpi,D8401-A_L_2024_01_18_13_05_54_Alaska.ndpi.ndpa,58fab7d9bf7d64c103dfb697c8203054a030f97cfacf13620b4c847eec46d8d5,159,66,Bipol,Bipol,Bisaccate,exact,YES,circle,,
D8401-A_L_2024_01_18_13_05_54_Alaska::record_68,D8401-A_L_2024_01_18_13_05_54_Alaska,/rhf/allocations/dsci435/smithsonian_full_sp26/raw/Images_with_annotations_for_CNN_training/D8401-A_L_2024_01_18_13_05_54_Alaska.ndpi,D8401-A_L_2024_01_18_13_05_54_Alaska.ndpi.ndpa,58fab7d9bf7d64c103dfb697c8203054a030f97cfacf13620b4c847eec46d8d5,161,68,Alnipollenites verus,Alnipollenites verus,Alnipollenites verus,exact,YES,circle,,
D8401-A_L_2024_01_18_13_05_54_Alaska::record_71,D8401-A_L_2024_01_18_13_05_54_Alaska,/rhf/allocations/dsci435/smithsonian_full_sp26/raw/Images_with_annotations_for_CNN_training/D8401-A_L_2024_01_18_13_05_54_Alaska.ndpi,D8401-A_L_2024_01_18_13_05_54_Alaska.ndpi.ndpa,58fab7d9bf7d64c103dfb697c8203054a030f97cfacf13620b4c847eec46d8d5,164,71,Betulaceae,Betulaceae,Betulaceae,exact,YES,circle,,
D8401-A_L_2024_01_18_13_05_54_Alaska::record_73,D8401-A_L_2024_01_18_13_05_54_Alaska,/rhf/allocations/dsci435/smithsonian_full_sp26/raw/Images_with_annotations_for_CNN_training/D8401-A_L_2024_01_18_13_05_54_Alaska.ndpi,D8401-A_L_2024_01_18_13_05_54_Alaska.ndpi.ndpa,58fab7d9bf7d64c103dfb697c8203054a030f97cfacf13620b4c847eec46d8d5,166,73,Alnipollenites verus,Alnipollenites verus,Alnipollenites verus,exact,YES,circle,,
D8401-A_L_2024_01_18_13_05_54_Alaska::record_74,D8401-A_L_2024_01_18_13_05_54_Alaska,/rhf/allocations/dsci435/smithsonian_full_sp26/raw/Images_with_annotations_for_CNN_training/D8401-A_L_2024_01_18_13_05_54_Alaska.ndpi,D8401-A_L_2024_01_18_13_05_54_Alaska.ndpi.ndpa,58fab7d9bf7d64c103dfb697c8203054a030f97cfacf13620b4c847eec46d8d5,167,74,Betulaceae,Betulaceae,Betulaceae,exact,YES,circle,,
D8401-A_L_2024_01_18_13_05_54_Alaska::record_75,D8401-A_L_2024_01_18_13_05_54_Alaska,/rhf/allocations/dsci435/smithsonian_full_sp26/raw/Images_with_annotations_for_CNN_training/D8401-A_L_2024_01_18_13_05_54_Alaska.ndpi,D8401-A_L_2024_01_18_13_05_54_Alaska.ndpi.ndpa,58fab7d9bf7d64c103dfb697c8203054a030f97cfacf13620b4c847eec46d8d5,168,75,Bipol,Bipol,Bisaccate,exact,YES,circle,,
D8401-A_L_2024_01_18_13_05_54_Alaska::record_76,D8401-A_L_2024_01_18_13_05_54_Alaska,/rhf/allocations/dsci435/smithsonian_full_sp26/raw/Images_with_annotations_for_CNN_training/D8401-A_L_2024_01_18_13_05_54_Alaska.ndpi,D8401-A_L_2024_01_18_13_05_54_Alaska.ndpi.ndpa,58fab7d9bf7d64c103dfb697c8203054a030f97cfacf13620b4c847eec46d8d5,169,76,Ericipites sp.,Ericipites sp.,Ericipites sp.,exact,YES,circle,,
D8401-A_L_2024_01_18_13_05_54_Alaska::record_77,D8401-A_L_2024_01_18_13_05_54_Alaska,/rhf/allocations/dsci435/smithsonian_full_sp26/raw/Images_with_annotations_for_CNN_training/D8401-A_L_2024_01_18_13_05_54_Alaska.ndpi,D8401-A_L_2024_01_18_13_05_54_Alaska.ndpi.ndpa,58fab7d9bf7d64c103dfb697c8203054a030f97cfacf13620b4c847eec46d8d5,170,77,Bipol,Bipol,Bisaccate,exact,YES,circle,,
D8401-A_L_2024_01_18_13_05_54_Alaska::record_79,D8401-A_L_2024_01_18_13_05_54_Alaska,/rhf/allocations/dsci435/smithsonian_full_sp26/raw/Images_with_annotations_for_CNN_training/D8401-A_L_2024_01_18_13_05_54_Alaska.ndpi,D8401-A_L_2024_01_18_13_05_54_Alaska.ndpi.ndpa,58fab7d9bf7d64c103dfb697c8203054a030f97cfacf13620b4c847eec46d8d5,172,79,Alnipollenites verus,Alnipollenites verus,Alnipollenites verus,exact,YES,circle,,
D8401-A_L_2024_01_18_13_05_54_Alaska::record_82,D8401-A_L_2024_01_18_13_05_54_Alaska,/rhf/allocations/dsci435/smithsonian_full_sp26/raw/Images_with_annotations_for_CNN_training/D8401-A_L_2024_01_18_13_05_54_Alaska.ndpi,D8401-A_L_2024_01_18_13_05_54_Alaska.ndpi.ndpa,58fab7d9bf7d64c103dfb697c8203054a030f97cfacf13620b4c847eec46d8d5,175,82,Alnipollenites verus,Alnipollenites verus,Alnipollenites verus,exact,YES,circle,,
D8401-A_L_2024_01_18_13_05_54_Alaska::record_85,D8401-A_L_2024_01_18_13_05_54_Alaska,/rhf/allocations/dsci435/smithsonian_full_sp26/raw/Images_with_annotations_for_CNN_training/D8401-A_L_2024_01_18_13_05_54_Alaska.ndpi,D8401-A_L_2024_01_18_13_05_54_Alaska.ndpi.ndpa,58fab7d9bf7d64c103dfb697c8203054a030f97cfacf13620b4c847eec46d8d5,178,85,Betulaceae,Betulaceae,Betulaceae,exact,YES,circle,,
D8401-A_L_2024_01_18_13_05_54_Alaska::record_87,D8401-A_L_2024_01_18_13_05_54_Alaska,/rhf/allocations/dsci435/smithsonian_full_sp26/raw/Images_with_annotations_for_CNN_training/D8401-A_L_2024_01_18_13_05_54_Alaska.ndpi,D8401-A_L_2024_01_18_13_05_54_Alaska.ndpi.ndpa,58fab7d9bf7d64c103dfb697c8203054a030f97cfacf13620b4c847eec46d8d5,180,87,Bipol,Bipol,Bisaccate,exact,YES,circle,,
D8401-A_L_2024_01_18_13_05_54_Alaska::record_88,D8401-A_L_2024_01_18_13_05_54_Alaska,/rhf/allocations/dsci435/smithsonian_full_sp26/raw/Images_with_annotations_for_CNN_training/D8401-A_L_2024_01_18_13_05_54_Alaska.ndpi,D8401-A_L_2024_01_18_13_05_54_Alaska.ndpi.ndpa,58fab7d9bf7d64c103dfb697c8203054a030f97cfacf13620b4c847eec46d8d5,181,88,Taxodium sp.,Taxodium sp.,Taxodium sp.,exact,YES,circle,,
D8401-A_L_2024_01_18_13_05_54_Alaska::record_90,D8401-A_L_2024_01_18_13_05_54_Alaska,/rhf/allocations/dsci435/smithsonian_full_sp26/raw/Images_with_annotations_for_CNN_training/D8401-A_L_2024_01_18_13_05_54_Alaska.ndpi,D8401-A_L_2024_01_18_13_05_54_Alaska.ndpi.ndpa,58fab7d9bf7d64c103dfb697c8203054a030f97cfacf13620b4c847eec46d8d5,183,90,Laevigatosporites sp.,Laevigatosporites sp.,Laevigatosporites sp.,exact,YES,circle,,
D8401-A_L_2024_01_18_13_05_54_Alaska::record_92,D8401-A_L_2024_01_18_13_05_54_Alaska,/rhf/allocations/dsci435/smithsonian_full_sp26/raw/Images_with_annotations_for_CNN_training/D8401-A_L_2024_01_18_13_05_54_Alaska.ndpi,D8401-A_L_2024_01_18_13_05_54_Alaska.ndpi.ndpa,58fab7d9bf7d64c103dfb697c8203054a030f97cfacf13620b4c847eec46d8d5,185,92,Alnipollenites verus,Alnipollenites verus,Alnipollenites verus,exact,YES,circle,,
D8401-A_L_2024_01_18_13_05_54_Alaska::record_97,D8401-A_L_2024_01_18_13_05_54_Alaska,/rhf/allocations/dsci435/smithsonian_full_sp26/raw/Images_with_annotations_for_CNN_training/D8401-A_L_2024_01_18_13_05_54_Alaska.ndpi,D8401-A_L_2024_01_18_13_05_54_Alaska.ndpi.ndpa,58fab7d9bf7d64c103dfb697c8203054a030f97cfacf13620b4c847eec46d8d5,191,97,Bipol,Bipol,Bisaccate,exact,YES,circle,,
D8401-A_L_2024_01_18_13_05_54_Alaska::record_103,D8401-A_L_2024_01_18_13_05_54_Alaska,/rhf/allocations/dsci435/smithsonian_full_sp26/raw/Images_with_annotations_for_CNN_training/D8401-A_L_2024_01_18_13_05_54_Alaska.ndpi,D8401-A_L_2024_01_18_13_05_54_Alaska.ndpi.ndpa,58fab7d9bf7d64c103dfb697c8203054a030f97cfacf13620b4c847eec46d8d5,197,103,Bipol,Bipol,Bisaccate,exact,YES,circle,,
D8401-A_L_2024_01_18_13_05_54_Alaska::record_104,D8401-A_L_2024_01_18_13_05_54_Alaska,/rhf/allocations/dsci435/smithsonian_full_sp26/raw/Images_with_annotations_for_CNN_training/D8401-A_L_2024_01_18_13_05_54_Alaska.ndpi,D8401-A_L_2024_01_18_13_05_54_Alaska.ndpi.ndpa,58fab7d9bf7d64c103dfb697c8203054a030f97cfacf13620b4c847eec46d8d5,198,104,Bipol,Bipol,Bisaccate,exact,YES,circle,,
D8401-A_L_2024_01_18_13_05_54_Alaska::record_105,D8401-A_L_2024_01_18_13_05_54_Alaska,/rhf/allocations/dsci435/smithsonian_full_sp26/raw/Images_with_annotations_for_CNN_training/D8401-A_L_2024_01_18_13_05_54_Alaska.ndpi,D8401-A_L_2024_01_18_13_05_54_Alaska.ndpi.ndpa,58fab7d9bf7d64c103dfb697c8203054a030f97cfacf13620b4c847eec46d8d5,199,105,Betulaceae,Betulaceae,Betulaceae,exact,YES,circle,,
D8401-A_L_2024_01_18_13_05_54_Alaska::record_110,D8401-A_L_2024_01_18_13_05_54_Alaska,/rhf/allocations/dsci435/smithsonian_full_sp26/raw/Images_with_annotations_for_CNN_training/D8401-A_L_2024_01_18_13_05_54_Alaska.ndpi,D8401-A_L_2024_01_18_13_05_54_Alaska.ndpi.ndpa,58fab7d9bf7d64c103dfb697c8203054a030f97cfacf13620b4c847eec46d8d5,204,110,Cupuliferoipollenites sp.,Cupuliferoipollenites sp.,Cupuliferoipollenites sp.,exact,YES,circle,,
D8401-A_L_2024_01_18_13_05_54_Alaska::record_115,D8401-A_L_2024_01_18_13_05_54_Alaska,/rhf/allocations/dsci435/smithsonian_full_sp26/raw/Images_with_annotations_for_CNN_training/D8401-A_L_2024_01_18_13_05_54_Alaska.ndpi,D8401-A_L_2024_01_18_13_05_54_Alaska.ndpi.ndpa,58fab7d9bf7d64c103dfb697c8203054a030f97cfacf13620b4c847eec46d8d5,209,115,Bipol,Bipol,Bisaccate,exact,YES,circle,,
D8401-A_L_2024_01_18_13_05_54_Alaska::record_117,D8401-A_L_2024_01_18_13_05_54_Alaska,/rhf/allocations/dsci435/smithsonian_full_sp26/raw/Images_with_annotations_for_CNN_training/D8401-A_L_2024_01_18_13_05_54_Alaska.ndpi,D8401-A_L_2024_01_18_13_05_54_Alaska.ndpi.ndpa,58fab7d9bf7d64c103dfb697c8203054a030f97cfacf13620b4c847eec46d8d5,211,117,Bipol,Bipol,Bisaccate,exact,YES,circle,,
D8401-A_L_2024_01_18_13_05_54_Alaska::record_119,D8401-A_L_2024_01_18_13_05_54_Alaska,/rhf/allocations/dsci435/smithsonian_full_sp26/raw/Images_with_annotations_for_CNN_training/D8401-A_L_2024_01_18_13_05_54_Alaska.ndpi,D8401-A_L_2024_01_18_13_05_54_Alaska.ndpi.ndpa,58fab7d9bf7d64c103dfb697c8203054a030f97cfacf13620b4c847eec46d8d5,213,119,Inaperturopollenites sp.,Inaperturopollenites sp.,Inaperturopollenites sp.,exact,YES,circle,,
D8401-A_L_2024_01_18_13_05_54_Alaska::record_120,D8401-A_L_2024_01_18_13_05_54_Alaska,/rhf/allocations/dsci435/smithsonian_full_sp26/raw/Images_with_annotations_for_CNN_training/D8401-A_L_2024_01_18_13_05_54_Alaska.ndpi,D8401-A_L_2024_01_18_13_05_54_Alaska.ndpi.ndpa,58fab7d9bf7d64c103dfb697c8203054a030f97cfacf13620b4c847eec46d8d5,214,120,Inaperturopollenites sp.,Inaperturopollenites sp.,Inaperturopollenites sp.,exact,YES,circle,,
D8401-A_L_2024_01_18_13_05_54_Alaska::record_126,D8401-A_L_2024_01_18_13_05_54_Alaska,/rhf/allocations/dsci435/smithsonian_full_sp26/raw/Images_with_annotations_for_CNN_training/D8401-A_L_2024_01_18_13_05_54_Alaska.ndpi,D8401-A_L_2024_01_18_13_05_54_Alaska.ndpi.ndpa,58fab7d9bf7d64c103dfb697c8203054a030f97cfacf13620b4c847eec46d8d5,220,126,Betulaceae,Betulaceae,Betulaceae,exact,YES,circle,,
D8401-A_L_2024_01_18_13_05_54_Alaska::record_128,D8401-A_L_2024_01_18_13_05_54_Alaska,/rhf/allocations/dsci435/smithsonian_full_sp26/raw/Images_with_annotations_for_CNN_training/D8401-A_L_2024_01_18_13_05_54_Alaska.ndpi,D8401-A_L_2024_01_18_13_05_54_Alaska.ndpi.ndpa,58fab7d9bf7d64c103dfb697c8203054a030f97cfacf13620b4c847eec46d8d5,222,128,Ericipites sp.,Ericipites sp.,Ericipites sp.,exact,YES,circle,,
D8401-A_L_2024_01_18_13_05_54_Alaska::record_131,D8401-A_L_2024_01_18_13_05_54_Alaska,/rhf/allocations/dsci435/smithsonian_full_sp26/raw/Images_with_annotations_for_CNN_training/D8401-A_L_2024_01_18_13_05_54_Alaska.ndpi,D8401-A_L_2024_01_18_13_05_54_Alaska.ndpi.ndpa,58fab7d9bf7d64c103dfb697c8203054a030f97cfacf13620b4c847eec46d8d5,225,131,Betulaceae,Betulaceae,Betulaceae,exact,YES,circle,,
D8401-A_L_2024_01_18_13_05_54_Alaska::record_132,D8401-A_L_2024_01_18_13_05_54_Alaska,/rhf/allocations/dsci435/smithsonian_full_sp26/raw/Images_with_annotations_for_CNN_training/D8401-A_L_2024_01_18_13_05_54_Alaska.ndpi,D8401-A_L_2024_01_18_13_05_54_Alaska.ndpi.ndpa,58fab7d9bf7d64c103dfb697c8203054a030f97cfacf13620b4c847eec46d8d5,226,132,Illexpollenites sp.,Illexpollenites sp.,Illexpollenites sp.,exact,YES,circle,,
D8401-A_L_2024_01_18_13_05_54_Alaska::record_133,D8401-A_L_2024_01_18_13_05_54_Alaska,/rhf/allocations/dsci435/smithsonian_full_sp26/raw/Images_with_annotations_for_CNN_training/D8401-A_L_2024_01_18_13_05_54_Alaska.ndpi,D8401-A_L_2024_01_18_13_05_54_Alaska.ndpi.ndpa,58fab7d9bf7d64c103dfb697c8203054a030f97cfacf13620b4c847eec46d8d5,227,133,Polyatriopollenites vermontensis,Polyatriopollenites vermontensis,Polyatriopollenites type,exact,YES,circle,,
D8401-A_L_2024_01_18_13_05_54_Alaska::record_134,D8401-A_L_2024_01_18_13_05_54_Alaska,/rhf/allocations/dsci435/smithsonian_full_sp26/raw/Images_with_annotations_for_CNN_training/D8401-A_L_2024_01_18_13_05_54_Alaska.ndpi,D8401-A_L_2024_01_18_13_05_54_Alaska.ndpi.ndpa,58fab7d9bf7d64c103dfb697c8203054a030f97cfacf13620b4c847eec46d8d5,228,134,Alnipollenites verus,Alnipollenites verus,Alnipollenites verus,exact,YES,circle,,
D8401-A_L_2024_01_18_13_05_54_Alaska::record_136,D8401-A_L_2024_01_18_13_05_54_Alaska,/rhf/allocations/dsci435/smithsonian_full_sp26/raw/Images_with_annotations_for_CNN_training/D8401-A_L_2024_01_18_13_05_54_Alaska.ndpi,D8401-A_L_2024_01_18_13_05_54_Alaska.ndpi.ndpa,58fab7d9bf7d64c103dfb697c8203054a030f97cfacf13620b4c847eec46d8d5,230,136,Bipol,Bipol,Bisaccate,exact,YES,circle,,
D8401-A_L_2024_01_18_13_05_54_Alaska::record_145,D8401-A_L_2024_01_18_13_05_54_Alaska,/rhf/allocations/dsci435/smithsonian_full_sp26/raw/Images_with_annotations_for_CNN_training/D8401-A_L_2024_01_18_13_05_54_Alaska.ndpi,D8401-A_L_2024_01_18_13_05_54_Alaska.ndpi.ndpa,58fab7d9bf7d64c103dfb697c8203054a030f97cfacf13620b4c847eec46d8d5,239,145,Polyatriopollenites vermontensis,Polyatriopollenites vermontensis,Polyatriopollenites type,exact,YES,circle,,
D8401-A_L_2024_01_18_13_05_54_Alaska::record_148,D8401-A_L_2024_01_18_13_05_54_Alaska,/rhf/allocations/dsci435/smithsonian_full_sp26/raw/Images_with_annotations_for_CNN_training/D8401-A_L_2024_01_18_13_05_54_Alaska.ndpi,D8401-A_L_2024_01_18_13_05_54_Alaska.ndpi.ndpa,58fab7d9bf7d64c103dfb697c8203054a030f97cfacf13620b4c847eec46d8d5,242,148,Alnipollenites verus,Alnipollenites verus,Alnipollenites verus,exact,YES,circle,,
D8401-A_L_2024_01_18_13_05_54_Alaska::record_151,D8401-A_L_2024_01_18_13_05_54_Alaska,/rhf/allocations/dsci435/smithsonian_full_sp26/raw/Images_with_annotations_for_CNN_training/D8401-A_L_2024_01_18_13_05_54_Alaska.ndpi,D8401-A_L_2024_01_18_13_05_54_Alaska.ndpi.ndpa,58fab7d9bf7d64c103dfb697c8203054a030f97cfacf13620b4c847eec46d8d5,245,151,Monocolpites sp.,Monocolpites sp.,Monocolpites sp.,exact,YES,circle,,
D8401-A_L_2024_01_18_13_05_54_Alaska::record_152,D8401-A_L_2024_01_18_13_05_54_Alaska,/rhf/allocations/dsci435/smithsonian_full_sp26/raw/Images_with_annotations_for_CNN_training/D8401-A_L_2024_01_18_13_05_54_Alaska.ndpi,D8401-A_L_2024_01_18_13_05_54_Alaska.ndpi.ndpa,58fab7d9bf7d64c103dfb697c8203054a030f97cfacf13620b4c847eec46d8d5,246,152,Betulaceae,Betulaceae,Betulaceae,exact,YES,circle,,
D8401-A_L_2024_01_18_13_05_54_Alaska::record_155,D8401-A_L_2024_01_18_13_05_54_Alaska,/rhf/allocations/dsci435/smithsonian_full_sp26/raw/Images_with_annotations_for_CNN_training/D8401-A_L_2024_01_18_13_05_54_Alaska.ndpi,D8401-A_L_2024_01_18_13_05_54_Alaska.ndpi.ndpa,58fab7d9bf7d64c103dfb697c8203054a030f97cfacf13620b4c847eec46d8d5,249,155,Ericipites sp.,Ericipites sp.,Ericipites sp.,exact,YES,circle,,
D8401-A_L_2024_01_18_13_05_54_Alaska::record_156,D8401-A_L_2024_01_18_13_05_54_Alaska,/rhf/allocations/dsci435/smithsonian_full_sp26/raw/Images_with_annotations_for_CNN_training/D8401-A_L_2024_01_18_13_05_54_Alaska.ndpi,D8401-A_L_2024_01_18_13_05_54_Alaska.ndpi.ndpa,58fab7d9bf7d64c103dfb697c8203054a030f97cfacf13620b4c847eec46d8d5,250,156,Ericipites sp.,Ericipites sp.,Ericipites sp.,exact,YES,circle,,
D8401-A_L_2024_01_18_13_05_54_Alaska::record_165,D8401-A_L_2024_01_18_13_05_54_Alaska,/rhf/allocations/dsci435/smithsonian_full_sp26/raw/Images_with_annotations_for_CNN_training/D8401-A_L_2024_01_18_13_05_54_Alaska.ndpi,D8401-A_L_2024_01_18_13_05_54_Alaska.ndpi.ndpa,58fab7d9bf7d64c103dfb697c8203054a030f97cfacf13620b4c847eec46d8d5,259,165,Bipol,Bipol,Bisaccate,exact,YES,circle,,
D8401-A_L_2024_01_18_13_05_54_Alaska::record_170,D8401-A_L_2024_01_18_13_05_54_Alaska,/rhf/allocations/dsci435/smithsonian_full_sp26/raw/Images_with_annotations_for_CNN_training/D8401-A_L_2024_01_18_13_05_54_Alaska.ndpi,D8401-A_L_2024_01_18_13_05_54_Alaska.ndpi.ndpa,58fab7d9bf7d64c103dfb697c8203054a030f97cfacf13620b4c847eec46d8d5,264,170,Bipol,Bipol,Bisaccate,exact,YES,circle,,
D8401-A_L_2024_01_18_13_05_54_Alaska::record_171,D8401-A_L_2024_01_18_13_05_54_Alaska,/rhf/allocations/dsci435/smithsonian_full_sp26/raw/Images_with_annotations_for_CNN_training/D8401-A_L_2024_01_18_13_05_54_Alaska.ndpi,D8401-A_L_2024_01_18_13_05_54_Alaska.ndpi.ndpa,58fab7d9bf7d64c103dfb697c8203054a030f97cfacf13620b4c847eec46d8d5,265,171,Betulaceae,Betulaceae,Betulaceae,exact,YES,circle,,
D8401-A_L_2024_01_18_13_05_54_Alaska::record_173,D8401-A_L_2024_01_18_13_05_54_Alaska,/rhf/allocations/dsci435/smithsonian_full_sp26/raw/Images_with_annotations_for_CNN_training/D8401-A_L_2024_01_18_13_05_54_Alaska.ndpi,D8401-A_L_2024_01_18_13_05_54_Alaska.ndpi.ndpa,58fab7d9bf7d64c103dfb697c8203054a030f97cfacf13620b4c847eec46d8d5,267,173,Cupuliferoipollenites sp.,Cupuliferoipollenites sp.,Cupuliferoipollenites sp.,exact,YES,circle,,
D8401-A_L_2024_01_18_13_05_54_Alaska::record_175,D8401-A_L_2024_01_18_13_05_54_Alaska,/rhf/allocations/dsci435/smithsonian_full_sp26/raw/Images_with_annotations_for_CNN_training/D8401-A_L_2024_01_18_13_05_54_Alaska.ndpi,D8401-A_L_2024_01_18_13_05_54_Alaska.ndpi.ndpa,58fab7d9bf7d64c103dfb697c8203054a030f97cfacf13620b4c847eec46d8d5,269,175,Inaperturopollenites sp.,Inaperturopollenites sp.,Inaperturopollenites sp.,exact,YES,circle,,
D8401-A_L_2024_01_18_13_05_54_Alaska::record_176,D8401-A_L_2024_01_18_13_05_54_Alaska,/rhf/allocations/dsci435/smithsonian_full_sp26/raw/Images_with_annotations_for_CNN_training/D8401-A_L_2024_01_18_13_05_54_Alaska.ndpi,D8401-A_L_2024_01_18_13_05_54_Alaska.ndpi.ndpa,58fab7d9bf7d64c103dfb697c8203054a030f97cfacf13620b4c847eec46d8d5,270,176,Polyatriopollenites vermontensis,Polyatriopollenites vermontensis,Polyatriopollenites type,exact,YES,circle,,
D8401-A_L_2024_01_18_13_05_54_Alaska::record_177,D8401-A_L_2024_01_18_13_05_54_Alaska,/rhf/allocations/dsci435/smithsonian_full_sp26/raw/Images_with_annotations_for_CNN_training/D8401-A_L_2024_01_18_13_05_54_Alaska.ndpi,D8401-A_L_2024_01_18_13_05_54_Alaska.ndpi.ndpa,58fab7d9bf7d64c103dfb697c8203054a030f97cfacf13620b4c847eec46d8d5,271,177,Caryapollenites sp.,Caryapollenites sp.,Caryapollenites sp.,exact,YES,circle,,
D8401-A_L_2024_01_18_13_05_54_Alaska::record_178,D8401-A_L_2024_01_18_13_05_54_Alaska,/rhf/allocations/dsci435/smithsonian_full_sp26/raw/Images_with_annotations_for_CNN_training/D8401-A_L_2024_01_18_13_05_54_Alaska.ndpi,D8401-A_L_2024_01_18_13_05_54_Alaska.ndpi.ndpa,58fab7d9bf7d64c103dfb697c8203054a030f97cfacf13620b4c847eec46d8d5,272,178,Bipol,Bipol,Bisaccate,exact,YES,circle,,
D8401-A_L_2024_01_18_13_05_54_Alaska::record_184,D8401-A_L_2024_01_18_13_05_54_Alaska,/rhf/allocations/dsci435/smithsonian_full_sp26/raw/Images_with_annotations_for_CNN_training/D8401-A_L_2024_01_18_13_05_54_Alaska.ndpi,D8401-A_L_2024_01_18_13_05_54_Alaska.ndpi.ndpa,58fab7d9bf7d64c103dfb697c8203054a030f97cfacf13620b4c847eec46d8d5,278,184,Bisaccate,Bisaccate,Bisaccate,exact,YES,circle,,
D8401-A_L_2024_01_18_13_05_54_Alaska::record_190,D8401-A_L_2024_01_18_13_05_54_Alaska,/rhf/allocations/dsci435/smithsonian_full_sp26/raw/Images_with_annotations_for_CNN_training/D8401-A_L_2024_01_18_13_05_54_Alaska.ndpi,D8401-A_L_2024_01_18_13_05_54_Alaska.ndpi.ndpa,58fab7d9bf7d64c103dfb697c8203054a030f97cfacf13620b4c847eec46d8d5,284,190,Monocolpites sp.,Monocolpites sp.,Monocolpites sp.,exact,YES,circle,,
D8401-A_L_2024_01_18_13_05_54_Alaska::record_191,D8401-A_L_2024_01_18_13_05_54_Alaska,/rhf/allocations/dsci435/smithsonian_full_sp26/raw/Images_with_annotations_for_CNN_training/D8401-A_L_2024_01_18_13_05_54_Alaska.ndpi,D8401-A_L_2024_01_18_13_05_54_Alaska.ndpi.ndpa,58fab7d9bf7d64c103dfb697c8203054a030f97cfacf13620b4c847eec46d8d5,285,191,Betulaceae,Betulaceae,Betulaceae,exact,YES,circle,,
D8401-A_L_2024_01_18_13_05_54_Alaska::record_192,D8401-A_L_2024_01_18_13_05_54_Alaska,/rhf/allocations/dsci435/smithsonian_full_sp26/raw/Images_with_annotations_for_CNN_training/D8401-A_L_2024_01_18_13_05_54_Alaska.ndpi,D8401-A_L_2024_01_18_13_05_54_Alaska.ndpi.ndpa,58fab7d9bf7d64c103dfb697c8203054a030f97cfacf13620b4c847eec46d8d5,286,192,Betulaceae,Betulaceae,Betulaceae,exact,YES,circle,,
D8401-A_L_2024_01_18_13_05_54_Alaska::record_193,D8401-A_L_2024_01_18_13_05_54_Alaska,/rhf/allocations/dsci435/smithsonian_full_sp26/raw/Images_with_annotations_for_CNN_training/D8401-A_L_2024_01_18_13_05_54_Alaska.ndpi,D8401-A_L_2024_01_18_13_05_54_Alaska.ndpi.ndpa,58fab7d9bf7d64c103dfb697c8203054a030f97cfacf13620b4c847eec46d8d5,287,193,Bipol,Bipol,Bisaccate,exact,YES,circle,,
D8401-A_L_2024_01_18_13_05_54_Alaska::record_195,D8401-A_L_2024_01_18_13_05_54_Alaska,/rhf/allocations/dsci435/smithsonian_full_sp26/raw/Images_with_annotations_for_CNN_training/D8401-A_L_2024_01_18_13_05_54_Alaska.ndpi,D8401-A_L_2024_01_18_13_05_54_Alaska.ndpi.ndpa,58fab7d9bf7d64c103dfb697c8203054a030f97cfacf13620b4c847eec46d8d5,289,195,Ericipites sp.,Ericipites sp.,Ericipites sp.,exact,YES,circle,,
D8401-A_L_2024_01_18_13_05_54_Alaska::record_198,D8401-A_L_2024_01_18_13_05_54_Alaska,/rhf/allocations/dsci435/smithsonian_full_sp26/raw/Images_with_annotations_for_CNN_training/D8401-A_L_2024_01_18_13_05_54_Alaska.ndpi,D8401-A_L_2024_01_18_13_05_54_Alaska.ndpi.ndpa,58fab7d9bf7d64c103dfb697c8203054a030f97cfacf13620b4c847eec46d8d5,292,198,bipol,bipol,Bisaccate,exact,YES,circle,,
D8401-A_L_2024_01_18_13_05_54_Alaska::record_199,D8401-A_L_2024_01_18_13_05_54_Alaska,/rhf/allocations/dsci435/smithsonian_full_sp26/raw/Images_with_annotations_for_CNN_training/D8401-A_L_2024_01_18_13_05_54_Alaska.ndpi,D8401-A_L_2024_01_18_13_05_54_Alaska.ndpi.ndpa,58fab7d9bf7d64c103dfb697c8203054a030f97cfacf13620b4c847eec46d8d5,293,199,Betulaceae,Betulaceae,Betulaceae,exact,YES,circle,,
D8401-A_L_2024_01_18_13_05_54_Alaska::record_200,D8401-A_L_2024_01_18_13_05_54_Alaska,/rhf/allocations/dsci435/smithsonian_full_sp26/raw/Images_with_annotations_for_CNN_training/D8401-A_L_2024_01_18_13_05_54_Alaska.ndpi,D8401-A_L_2024_01_18_13_05_54_Alaska.ndpi.ndpa,58fab7d9bf7d64c103dfb697c8203054a030f97cfacf13620b4c847eec46d8d5,294,200,Bisaccate,Bisaccate,Bisaccate,exact,YES,circle,,
D8401-A_L_2024_01_18_13_05_54_Alaska::record_201,D8401-A_L_2024_01_18_13_05_54_Alaska,/rhf/allocations/dsci435/smithsonian_full_sp26/raw/Images_with_annotations_for_CNN_training/D8401-A_L_2024_01_18_13_05_54_Alaska.ndpi,D8401-A_L_2024_01_18_13_05_54_Alaska.ndpi.ndpa,58fab7d9bf7d64c103dfb697c8203054a030f97cfacf13620b4c847eec46d8d5,295,201,Betulaceae,Betulaceae,Betulaceae,exact,YES,circle,,
D8401-A_L_2024_01_18_13_05_54_Alaska::record_203,D8401-A_L_2024_01_18_13_05_54_Alaska,/rhf/allocations/dsci435/smithsonian_full_sp26/raw/Images_with_annotations_for_CNN_training/D8401-A_L_2024_01_18_13_05_54_Alaska.ndpi,D8401-A_L_2024_01_18_13_05_54_Alaska.ndpi.ndpa,58fab7d9bf7d64c103dfb697c8203054a030f97cfacf13620b4c847eec46d8d5,297,203,Ericipites sp.,Ericipites sp.,Ericipites sp.,exact,YES,circle,,
D8401-A_L_2024_01_18_13_05_54_Alaska::record_206,D8401-A_L_2024_01_18_13_05_54_Alaska,/rhf/allocations/dsci435/smithsonian_full_sp26/raw/Images_with_annotations_for_CNN_training/D8401-A_L_2024_01_18_13_05_54_Alaska.ndpi,D8401-A_L_2024_01_18_13_05_54_Alaska.ndpi.ndpa,58fab7d9bf7d64c103dfb697c8203054a030f97cfacf13620b4c847eec46d8d5,301,206,Betulaceae,Betulaceae,Betulaceae,exact,YES,circle,,
D8401-A_L_2024_01_18_13_05_54_Alaska::record_207,D8401-A_L_2024_01_18_13_05_54_Alaska,/rhf/allocations/dsci435/smithsonian_full_sp26/raw/Images_with_annotations_for_CNN_training/D8401-A_L_2024_01_18_13_05_54_Alaska.ndpi,D8401-A_L_2024_01_18_13_05_54_Alaska.ndpi.ndpa,58fab7d9bf7d64c103dfb697c8203054a030f97cfacf13620b4c847eec46d8d5,302,207,Bipol,Bipol,Bisaccate,exact,YES,circle,,
D8401-A_L_2024_01_18_13_05_54_Alaska::record_211,D8401-A_L_2024_01_18_13_05_54_Alaska,/rhf/allocations/dsci435/smithsonian_full_sp26/raw/Images_with_annotations_for_CNN_training/D8401-A_L_2024_01_18_13_05_54_Alaska.ndpi,D8401-A_L_2024_01_18_13_05_54_Alaska.ndpi.ndpa,58fab7d9bf7d64c103dfb697c8203054a030f97cfacf13620b4c847eec46d8d5,306,211,Bipol,Bipol,Bisaccate,exact,YES,circle,,
D8401-A_L_2024_01_18_13_05_54_Alaska::record_219,D8401-A_L_2024_01_18_13_05_54_Alaska,/rhf/allocations/dsci435/smithsonian_full_sp26/raw/Images_with_annotations_for_CNN_training/D8401-A_L_2024_01_18_13_05_54_Alaska.ndpi,D8401-A_L_2024_01_18_13_05_54_Alaska.ndpi.ndpa,58fab7d9bf7d64c103dfb697c8203054a030f97cfacf13620b4c847eec46d8d5,314,219,Quercus sp.,Quercus sp.,Quercus sp.,exact,YES,circle,,
D8401-A_L_2024_01_18_13_05_54_Alaska::record_220,D8401-A_L_2024_01_18_13_05_54_Alaska,/rhf/allocations/dsci435/smithsonian_full_sp26/raw/Images_with_annotations_for_CNN_training/D8401-A_L_2024_01_18_13_05_54_Alaska.ndpi,D8401-A_L_2024_01_18_13_05_54_Alaska.ndpi.ndpa,58fab7d9bf7d64c103dfb697c8203054a030f97cfacf13620b4c847eec46d8d5,315,220,Bombacacidites sp.,Bombacacidites sp.,Bombacacidites sp.,exact,YES,circle,,
D8401-A_L_2024_01_18_13_05_54_Alaska::record_221,D8401-A_L_2024_01_18_13_05_54_Alaska,/rhf/allocations/dsci435/smithsonian_full_sp26/raw/Images_with_annotations_for_CNN_training/D8401-A_L_2024_01_18_13_05_54_Alaska.ndpi,D8401-A_L_2024_01_18_13_05_54_Alaska.ndpi.ndpa,58fab7d9bf7d64c103dfb697c8203054a030f97cfacf13620b4c847eec46d8d5,316,221,Alnipollenites verus,Alnipollenites verus,Alnipollenites verus,exact,YES,circle,,
D8401-A_L_2024_01_18_13_05_54_Alaska::record_223,D8401-A_L_2024_01_18_13_05_54_Alaska,/rhf/allocations/dsci435/smithsonian_full_sp26/raw/Images_with_annotations_for_CNN_training/D8401-A_L_2024_01_18_13_05_54_Alaska.ndpi,D8401-A_L_2024_01_18_13_05_54_Alaska.ndpi.ndpa,58fab7d9bf7d64c103dfb697c8203054a030f97cfacf13620b4c847eec46d8d5,319,223,Ulmoideipites sp.,Ulmoideipites sp.,Ulmipollenites sp.,exact,YES,circle,,
D8401-A_L_2024_01_18_13_05_54_Alaska::record_226,D8401-A_L_2024_01_18_13_05_54_Alaska,/rhf/allocations/dsci435/smithsonian_full_sp26/raw/Images_with_annotations_for_CNN_training/D8401-A_L_2024_01_18_13_05_54_Alaska.ndpi,D8401-A_L_2024_01_18_13_05_54_Alaska.ndpi.ndpa,58fab7d9bf7d64c103dfb697c8203054a030f97cfacf13620b4c847eec46d8d5,322,226,Bipol,Bipol,Bisaccate,exact,YES,circle,,
D8401-A_L_2024_01_18_13_05_54_Alaska::record_228,D8401-A_L_2024_01_18_13_05_54_Alaska,/rhf/allocations/dsci435/smithsonian_full_sp26/raw/Images_with_annotations_for_CNN_training/D8401-A_L_2024_01_18_13_05_54_Alaska.ndpi,D8401-A_L_2024_01_18_13_05_54_Alaska.ndpi.ndpa,58fab7d9bf7d64c103dfb697c8203054a030f97cfacf13620b4c847eec46d8d5,324,228,Alnipollenites verus,Alnipollenites verus,Alnipollenites verus,exact,YES,circle,,
D8401-A_L_2024_01_18_13_05_54_Alaska::record_229,D8401-A_L_2024_01_18_13_05_54_Alaska,/rhf/allocations/dsci435/smithsonian_full_sp26/raw/Images_with_annotations_for_CNN_training/D8401-A_L_2024_01_18_13_05_54_Alaska.ndpi,D8401-A_L_2024_01_18_13_05_54_Alaska.ndpi.ndpa,58fab7d9bf7d64c103dfb697c8203054a030f97cfacf13620b4c847eec46d8d5,325,229,Bipol,Bipol,Bisaccate,exact,YES,circle,,
D8401-A_L_2024_01_18_13_05_54_Alaska::record_232,D8401-A_L_2024_01_18_13_05_54_Alaska,/rhf/allocations/dsci435/smithsonian_full_sp26/raw/Images_with_annotations_for_CNN_training/D8401-A_L_2024_01_18_13_05_54_Alaska.ndpi,D8401-A_L_2024_01_18_13_05_54_Alaska.ndpi.ndpa,58fab7d9bf7d64c103dfb697c8203054a030f97cfacf13620b4c847eec46d8d5,328,232,Bipol,Bipol,Bisaccate,exact,YES,circle,,
D8401-A_L_2024_01_18_13_05_54_Alaska::record_234,D8401-A_L_2024_01_18_13_05_54_Alaska,/rhf/allocations/dsci435/smithsonian_full_sp26/raw/Images_with_annotations_for_CNN_training/D8401-A_L_2024_01_18_13_05_54_Alaska.ndpi,D8401-A_L_2024_01_18_13_05_54_Alaska.ndpi.ndpa,58fab7d9bf7d64c103dfb697c8203054a030f97cfacf13620b4c847eec46d8d5,330,234,Betulaceae,Betulaceae,Betulaceae,exact,YES,circle,,
D8401-A_L_2024_01_18_13_05_54_Alaska::record_235,D8401-A_L_2024_01_18_13_05_54_Alaska,/rhf/allocations/dsci435/smithsonian_full_sp26/raw/Images_with_annotations_for_CNN_training/D8401-A_L_2024_01_18_13_05_54_Alaska.ndpi,D8401-A_L_2024_01_18_13_05_54_Alaska.ndpi.ndpa,58fab7d9bf7d64c103dfb697c8203054a030f97cfacf13620b4c847eec46d8d5,331,235,Bipol,Bipol,Bisaccate,exact,YES,circle,,
D8401-A_L_2024_01_18_13_05_54_Alaska::record_236,D8401-A_L_2024_01_18_13_05_54_Alaska,/rhf/allocations/dsci435/smithsonian_full_sp26/raw/Images_with_annotations_for_CNN_training/D8401-A_L_2024_01_18_13_05_54_Alaska.ndpi,D8401-A_L_2024_01_18_13_05_54_Alaska.ndpi.ndpa,58fab7d9bf7d64c103dfb697c8203054a030f97cfacf13620b4c847eec46d8d5,332,236,Bipol,Bipol,Bisaccate,exact,YES,circle,,
D8401-A_L_2024_01_18_13_05_54_Alaska::record_237,D8401-A_L_2024_01_18_13_05_54_Alaska,/rhf/allocations/dsci435/smithsonian_full_sp26/raw/Images_with_annotations_for_CNN_training/D8401-A_L_2024_01_18_13_05_54_Alaska.ndpi,D8401-A_L_2024_01_18_13_05_54_Alaska.ndpi.ndpa,58fab7d9bf7d64c103dfb697c8203054a030f97cfacf13620b4c847eec46d8d5,333,237,Ericipites sp.,Ericipites sp.,Ericipites sp.,exact,YES,circle,,
D8401-A_L_2024_01_18_13_05_54_Alaska::record_238,D8401-A_L_2024_01_18_13_05_54_Alaska,/rhf/allocations/dsci435/smithsonian_full_sp26/raw/Images_with_annotations_for_CNN_training/D8401-A_L_2024_01_18_13_05_54_Alaska.ndpi,D8401-A_L_2024_01_18_13_05_54_Alaska.ndpi.ndpa,58fab7d9bf7d64c103dfb697c8203054a030f97cfacf13620b4c847eec46d8d5,334,238,Bipol,Bipol,Bisaccate,exact,YES,circle,,
D8401-A_L_2024_01_18_13_05_54_Alaska::record_241,D8401-A_L_2024_01_18_13_05_54_Alaska,/rhf/allocations/dsci435/smithsonian_full_sp26/raw/Images_with_annotations_for_CNN_training/D8401-A_L_2024_01_18_13_05_54_Alaska.ndpi,D8401-A_L_2024_01_18_13_05_54_Alaska.ndpi.ndpa,58fab7d9bf7d64c103dfb697c8203054a030f97cfacf13620b4c847eec46d8d5,337,241,Ulmipollenites sp.,Ulmipollenites sp.,Ulmipollenites sp.,exact,YES,circle,,
D8401-A_L_2024_01_18_13_05_54_Alaska::record_243,D8401-A_L_2024_01_18_13_05_54_Alaska,/rhf/allocations/dsci435/smithsonian_full_sp26/raw/Images_with_annotations_for_CNN_training/D8401-A_L_2024_01_18_13_05_54_Alaska.ndpi,D8401-A_L_2024_01_18_13_05_54_Alaska.ndpi.ndpa,58fab7d9bf7d64c103dfb697c8203054a030f97cfacf13620b4c847eec46d8d5,339,243,Quercus sp.,Quercus sp.,Quercus sp.,exact,YES,circle,,
D8401-A_L_2024_01_18_13_05_54_Alaska::record_244,D8401-A_L_2024_01_18_13_05_54_Alaska,/rhf/allocations/dsci435/smithsonian_full_sp26/raw/Images_with_annotations_for_CNN_training/D8401-A_L_2024_01_18_13_05_54_Alaska.ndpi,D8401-A_L_2024_01_18_13_05_54_Alaska.ndpi.ndpa,58fab7d9bf7d64c103dfb697c8203054a030f97cfacf13620b4c847eec46d8d5,340,244,Inaperturopollenites sp.,Inaperturopollenites sp.,Inaperturopollenites sp.,exact,YES,circle,,
D8401-A_L_2024_01_18_13_05_54_Alaska::record_245,D8401-A_L_2024_01_18_13_05_54_Alaska,/rhf/allocations/dsci435/smithsonian_full_sp26/raw/Images_with_annotations_for_CNN_training/D8401-A_L_2024_01_18_13_05_54_Alaska.ndpi,D8401-A_L_2024_01_18_13_05_54_Alaska.ndpi.ndpa,58fab7d9bf7d64c103dfb697c8203054a030f97cfacf13620b4c847eec46d8d5,341,245,Bipol,Bipol,Bisaccate,exact,YES,circle,,
D8401-A_L_2024_01_18_13_05_54_Alaska::record_246,D8401-A_L_2024_01_18_13_05_54_Alaska,/rhf/allocations/dsci435/smithsonian_full_sp26/raw/Images_with_annotations_for_CNN_training/D8401-A_L_2024_01_18_13_05_54_Alaska.ndpi,D8401-A_L_2024_01_18_13_05_54_Alaska.ndpi.ndpa,58fab7d9bf7d64c103dfb697c8203054a030f97cfacf13620b4c847eec46d8d5,342,246,Bipol,Bipol,Bisaccate,exact,YES,circle,,
D8401-A_L_2024_01_18_13_05_54_Alaska::record_247,D8401-A_L_2024_01_18_13_05_54_Alaska,/rhf/allocations/dsci435/smithsonian_full_sp26/raw/Images_with_annotations_for_CNN_training/D8401-A_L_2024_01_18_13_05_54_Alaska.ndpi,D8401-A_L_2024_01_18_13_05_54_Alaska.ndpi.ndpa,58fab7d9bf7d64c103dfb697c8203054a030f97cfacf13620b4c847eec46d8d5,343,247,Ulmoideipites sp.,Ulmoideipites sp.,Ulmipollenites sp.,exact,YES,circle,,
D8401-A_L_2024_01_18_13_05_54_Alaska::record_248,D8401-A_L_2024_01_18_13_05_54_Alaska,/rhf/allocations/dsci435/smithsonian_full_sp26/raw/Images_with_annotations_for_CNN_training/D8401-A_L_2024_01_18_13_05_54_Alaska.ndpi,D8401-A_L_2024_01_18_13_05_54_Alaska.ndpi.ndpa,58fab7d9bf7d64c103dfb697c8203054a030f97cfacf13620b4c847eec46d8d5,344,248,Arecipites sp.,Arecipites sp.,Arecipites sp.,exact,YES,circle,,
D8401-A_L_2024_01_18_13_05_54_Alaska::record_249,D8401-A_L_2024_01_18_13_05_54_Alaska,/rhf/allocations/dsci435/smithsonian_full_sp26/raw/Images_with_annotations_for_CNN_training/D8401-A_L_2024_01_18_13_05_54_Alaska.ndpi,D8401-A_L_2024_01_18_13_05_54_Alaska.ndpi.ndpa,58fab7d9bf7d64c103dfb697c8203054a030f97cfacf13620b4c847eec46d8d5,345,249,Betulaceae,Betulaceae,Betulaceae,exact,YES,circle,,
D8401-A_L_2024_01_18_13_05_54_Alaska::record_251,D8401-A_L_2024_01_18_13_05_54_Alaska,/rhf/allocations/dsci435/smithsonian_full_sp26/raw/Images_with_annotations_for_CNN_training/D8401-A_L_2024_01_18_13_05_54_Alaska.ndpi,D8401-A_L_2024_01_18_13_05_54_Alaska.ndpi.ndpa,58fab7d9bf7d64c103dfb697c8203054a030f97cfacf13620b4c847eec46d8d5,347,251,Betulaceae,Betulaceae,Betulaceae,exact,YES,circle,,
D8401-A_L_2024_01_18_13_05_54_Alaska::record_252,D8401-A_L_2024_01_18_13_05_54_Alaska,/rhf/allocations/dsci435/smithsonian_full_sp26/raw/Images_with_annotations_for_CNN_training/D8401-A_L_2024_01_18_13_05_54_Alaska.ndpi,D8401-A_L_2024_01_18_13_05_54_Alaska.ndpi.ndpa,58fab7d9bf7d64c103dfb697c8203054a030f97cfacf13620b4c847eec46d8d5,348,252,Monocolpites sp.,Monocolpites sp.,Monocolpites sp.,exact,YES,circle,,Arecaceae
D8401-A_L_2024_01_18_13_05_54_Alaska::record_254,D8401-A_L_2024_01_18_13_05_54_Alaska,/rhf/allocations/dsci435/smithsonian_full_sp26/raw/Images_with_annotations_for_CNN_training/D8401-A_L_2024_01_18_13_05_54_Alaska.ndpi,D8401-A_L_2024_01_18_13_05_54_Alaska.ndpi.ndpa,58fab7d9bf7d64c103dfb697c8203054a030f97cfacf13620b4c847eec46d8d5,350,254,Monocolpites sp.,Monocolpites sp.,Monocolpites sp.,exact,YES,circle,,Arecaceae
D8401-A_L_2024_01_18_13_05_54_Alaska::record_256,D8401-A_L_2024_01_18_13_05_54_Alaska,/rhf/allocations/dsci435/smithsonian_full_sp26/raw/Images_with_annotations_for_CNN_training/D8401-A_L_2024_01_18_13_05_54_Alaska.ndpi,D8401-A_L_2024_01_18_13_05_54_Alaska.ndpi.ndpa,58fab7d9bf7d64c103dfb697c8203054a030f97cfacf13620b4c847eec46d8d5,353,256,Bisaccate,Bisaccate,Bisaccate,exact,YES,circle,,
D8401-A_L_2024_01_18_13_05_54_Alaska::record_258,D8401-A_L_2024_01_18_13_05_54_Alaska,/rhf/allocations/dsci435/smithsonian_full_sp26/raw/Images_with_annotations_for_CNN_training/D8401-A_L_2024_01_18_13_05_54_Alaska.ndpi,D8401-A_L_2024_01_18_13_05_54_Alaska.ndpi.ndpa,58fab7d9bf7d64c103dfb697c8203054a030f97cfacf13620b4c847eec46d8d5,355,258,Alnipollenites verus,Alnipollenites verus,Alnipollenites verus,exact,YES,circle,,
D8401-A_L_2024_01_18_13_05_54_Alaska::record_259,D8401-A_L_2024_01_18_13_05_54_Alaska,/rhf/allocations/dsci435/smithsonian_full_sp26/raw/Images_with_annotations_for_CNN_training/D8401-A_L_2024_01_18_13_05_54_Alaska.ndpi,D8401-A_L_2024_01_18_13_05_54_Alaska.ndpi.ndpa,58fab7d9bf7d64c103dfb697c8203054a030f97cfacf13620b4c847eec46d8d5,356,259,Bipol,Bipol,Bisaccate,exact,YES,circle,,
D8401-A_L_2024_01_18_13_05_54_Alaska::record_262,D8401-A_L_2024_01_18_13_05_54_Alaska,/rhf/allocations/dsci435/smithsonian_full_sp26/raw/Images_with_annotations_for_CNN_training/D8401-A_L_2024_01_18_13_05_54_Alaska.ndpi,D8401-A_L_2024_01_18_13_05_54_Alaska.ndpi.ndpa,58fab7d9bf7d64c103dfb697c8203054a030f97cfacf13620b4c847eec46d8d5,359,262,Betulaceae,Betulaceae,Betulaceae,exact,YES,circle,,
D8401-A_L_2024_01_18_13_05_54_Alaska::record_266,D8401-A_L_2024_01_18_13_05_54_Alaska,/rhf/allocations/dsci435/smithsonian_full_sp26/raw/Images_with_annotations_for_CNN_training/D8401-A_L_2024_01_18_13_05_54_Alaska.ndpi,D8401-A_L_2024_01_18_13_05_54_Alaska.ndpi.ndpa,58fab7d9bf7d64c103dfb697c8203054a030f97cfacf13620b4c847eec46d8d5,363,266,Ericipites sp.,Ericipites sp.,Ericipites sp.,exact,YES,circle,,
D8401-A_L_2024_01_18_13_05_54_Alaska::record_267,D8401-A_L_2024_01_18_13_05_54_Alaska,/rhf/allocations/dsci435/smithsonian_full_sp26/raw/Images_with_annotations_for_CNN_training/D8401-A_L_2024_01_18_13_05_54_Alaska.ndpi,D8401-A_L_2024_01_18_13_05_54_Alaska.ndpi.ndpa,58fab7d9bf7d64c103dfb697c8203054a030f97cfacf13620b4c847eec46d8d5,364,267,Ulmoideipites sp.,Ulmoideipites sp.,Ulmipollenites sp.,exact,YES,circle,,
D8401-A_L_2024_01_18_13_05_54_Alaska::record_271,D8401-A_L_2024_01_18_13_05_54_Alaska,/rhf/allocations/dsci435/smithsonian_full_sp26/raw/Images_with_annotations_for_CNN_training/D8401-A_L_2024_01_18_13_05_54_Alaska.ndpi,D8401-A_L_2024_01_18_13_05_54_Alaska.ndpi.ndpa,58fab7d9bf7d64c103dfb697c8203054a030f97cfacf13620b4c847eec46d8d5,368,271,Betulaceae,Betulaceae,Betulaceae,exact,YES,circle,,
D8401-A_L_2024_01_18_13_05_54_Alaska::record_272,D8401-A_L_2024_01_18_13_05_54_Alaska,/rhf/allocations/dsci435/smithsonian_full_sp26/raw/Images_with_annotations_for_CNN_training/D8401-A_L_2024_01_18_13_05_54_Alaska.ndpi,D8401-A_L_2024_01_18_13_05_54_Alaska.ndpi.ndpa,58fab7d9bf7d64c103dfb697c8203054a030f97cfacf13620b4c847eec46d8d5,369,272,Bipol,Bipol,Bisaccate,exact,YES,circle,,
D8401-A_L_2024_01_18_13_05_54_Alaska::record_273,D8401-A_L_2024_01_18_13_05_54_Alaska,/rhf/allocations/dsci435/smithsonian_full_sp26/raw/Images_with_annotations_for_CNN_training/D8401-A_L_2024_01_18_13_05_54_Alaska.ndpi,D8401-A_L_2024_01_18_13_05_54_Alaska.ndpi.ndpa,58fab7d9bf7d64c103dfb697c8203054a030f97cfacf13620b4c847eec46d8d5,370,273,Ericipites sp.,Ericipites sp.,Ericipites sp.,exact,YES,circle,,
D8401-A_L_2024_01_18_13_05_54_Alaska::record_274,D8401-A_L_2024_01_18_13_05_54_Alaska,/rhf/allocations/dsci435/smithsonian_full_sp26/raw/Images_with_annotations_for_CNN_training/D8401-A_L_2024_01_18_13_05_54_Alaska.ndpi,D8401-A_L_2024_01_18_13_05_54_Alaska.ndpi.ndpa,58fab7d9bf7d64c103dfb697c8203054a030f97cfacf13620b4c847eec46d8d5,371,274,Ericipites sp.,Ericipites sp.,Ericipites sp.,exact,YES,circle,,
D8401-A_L_2024_01_18_13_05_54_Alaska::record_275,D8401-A_L_2024_01_18_13_05_54_Alaska,/rhf/allocations/dsci435/smithsonian_full_sp26/raw/Images_with_annotations_for_CNN_training/D8401-A_L_2024_01_18_13_05_54_Alaska.ndpi,D8401-A_L_2024_01_18_13_05_54_Alaska.ndpi.ndpa,58fab7d9bf7d64c103dfb697c8203054a030f97cfacf13620b4c847eec46d8d5,372,275,Inaperturopollenites sp.,Inaperturopollenites sp.,Inaperturopollenites sp.,exact,YES,circle,,
D8401-A_L_2024_01_18_13_05_54_Alaska::record_278,D8401-A_L_2024_01_18_13_05_54_Alaska,/rhf/allocations/dsci435/smithsonian_full_sp26/raw/Images_with_annotations_for_CNN_training/D8401-A_L_2024_01_18_13_05_54_Alaska.ndpi,D8401-A_L_2024_01_18_13_05_54_Alaska.ndpi.ndpa,58fab7d9bf7d64c103dfb697c8203054a030f97cfacf13620b4c847eec46d8d5,375,278,Taxodium sp.,Taxodium sp.,Taxodium sp.,exact,YES,circle,,
D8401-A_L_2024_01_18_13_05_54_Alaska::record_279,D8401-A_L_2024_01_18_13_05_54_Alaska,/rhf/allocations/dsci435/smithsonian_full_sp26/raw/Images_with_annotations_for_CNN_training/D8401-A_L_2024_01_18_13_05_54_Alaska.ndpi,D8401-A_L_2024_01_18_13_05_54_Alaska.ndpi.ndpa,58fab7d9bf7d64c103dfb697c8203054a030f97cfacf13620b4c847eec46d8d5,376,279,Bipol,Bipol,Bisaccate,exact,YES,circle,,
D8401-A_L_2024_01_18_13_05_54_Alaska::record_280,D8401-A_L_2024_01_18_13_05_54_Alaska,/rhf/allocations/dsci435/smithsonian_full_sp26/raw/Images_with_annotations_for_CNN_training/D8401-A_L_2024_01_18_13_05_54_Alaska.ndpi,D8401-A_L_2024_01_18_13_05_54_Alaska.ndpi.ndpa,58fab7d9bf7d64c103dfb697c8203054a030f97cfacf13620b4c847eec46d8d5,377,280,Bipol,Bipol,Bisaccate,exact,YES,circle,,
D8401-A_L_2024_01_18_13_05_54_Alaska::record_281,D8401-A_L_2024_01_18_13_05_54_Alaska,/rhf/allocations/dsci435/smithsonian_full_sp26/raw/Images_with_annotations_for_CNN_training/D8401-A_L_2024_01_18_13_05_54_Alaska.ndpi,D8401-A_L_2024_01_18_13_05_54_Alaska.ndpi.ndpa,58fab7d9bf7d64c103dfb697c8203054a030f97cfacf13620b4c847eec46d8d5,378,281,Ericipites sp.,Ericipites sp.,Ericipites sp.,exact,YES,circle,,
D8401-A_L_2024_01_18_13_05_54_Alaska::record_285,D8401-A_L_2024_01_18_13_05_54_Alaska,/rhf/allocations/dsci435/smithsonian_full_sp26/raw/Images_with_annotations_for_CNN_training/D8401-A_L_2024_01_18_13_05_54_Alaska.ndpi,D8401-A_L_2024_01_18_13_05_54_Alaska.ndpi.ndpa,58fab7d9bf7d64c103dfb697c8203054a030f97cfacf13620b4c847eec46d8d5,382,285,Bipol,Bipol,Bisaccate,exact,YES,circle,,
D8401-A_L_2024_01_18_13_05_54_Alaska::record_286,D8401-A_L_2024_01_18_13_05_54_Alaska,/rhf/allocations/dsci435/smithsonian_full_sp26/raw/Images_with_annotations_for_CNN_training/D8401-A_L_2024_01_18_13_05_54_Alaska.ndpi,D8401-A_L_2024_01_18_13_05_54_Alaska.ndpi.ndpa,58fab7d9bf7d64c103dfb697c8203054a030f97cfacf13620b4c847eec46d8d5,383,286,Laevigatosporites sp.,Laevigatosporites sp.,Laevigatosporites sp.,exact,YES,circle,,
D8401-A_L_2024_01_18_13_05_54_Alaska::record_288,D8401-A_L_2024_01_18_13_05_54_Alaska,/rhf/allocations/dsci435/smithsonian_full_sp26/raw/Images_with_annotations_for_CNN_training/D8401-A_L_2024_01_18_13_05_54_Alaska.ndpi,D8401-A_L_2024_01_18_13_05_54_Alaska.ndpi.ndpa,58fab7d9bf7d64c103dfb697c8203054a030f97cfacf13620b4c847eec46d8d5,385,288,Betulaceae,Betulaceae,Betulaceae,exact,YES,circle,,
D8401-A_L_2024_01_18_13_05_54_Alaska::record_289,D8401-A_L_2024_01_18_13_05_54_Alaska,/rhf/allocations/dsci435/smithsonian_full_sp26/raw/Images_with_annotations_for_CNN_training/D8401-A_L_2024_01_18_13_05_54_Alaska.ndpi,D8401-A_L_2024_01_18_13_05_54_Alaska.ndpi.ndpa,58fab7d9bf7d64c103dfb697c8203054a030f97cfacf13620b4c847eec46d8d5,386,289,Alnipollenites verus,Alnipollenites verus,Alnipollenites verus,exact,YES,circle,,
D8401-A_L_2024_01_18_13_05_54_Alaska::record_290,D8401-A_L_2024_01_18_13_05_54_Alaska,/rhf/allocations/dsci435/smithsonian_full_sp26/raw/Images_with_annotations_for_CNN_training/D8401-A_L_2024_01_18_13_05_54_Alaska.ndpi,D8401-A_L_2024_01_18_13_05_54_Alaska.ndpi.ndpa,58fab7d9bf7d64c103dfb697c8203054a030f97cfacf13620b4c847eec46d8d5,387,290,Bombacacidites sp.,Bombacacidites sp.,Bombacacidites sp.,exact,YES,circle,,
D8401-A_L_2024_01_18_13_05_54_Alaska::record_292,D8401-A_L_2024_01_18_13_05_54_Alaska,/rhf/allocations/dsci435/smithsonian_full_sp26/raw/Images_with_annotations_for_CNN_training/D8401-A_L_2024_01_18_13_05_54_Alaska.ndpi,D8401-A_L_2024_01_18_13_05_54_Alaska.ndpi.ndpa,58fab7d9bf7d64c103dfb697c8203054a030f97cfacf13620b4c847eec46d8d5,389,292,Alnipollenites verus,Alnipollenites verus,Alnipollenites verus,exact,YES,circle,,
D8401-A_L_2024_01_18_13_05_54_Alaska::record_293,D8401-A_L_2024_01_18_13_05_54_Alaska,/rhf/allocations/dsci435/smithsonian_full_sp26/raw/Images_with_annotations_for_CNN_training/D8401-A_L_2024_01_18_13_05_54_Alaska.ndpi,D8401-A_L_2024_01_18_13_05_54_Alaska.ndpi.ndpa,58fab7d9bf7d64c103dfb697c8203054a030f97cfacf13620b4c847eec46d8d5,390,293,Bipol,Bipol,Bisaccate,exact,YES,circle,,
D8401-A_L_2024_01_18_13_05_54_Alaska::record_298,D8401-A_L_2024_01_18_13_05_54_Alaska,/rhf/allocations/dsci435/smithsonian_full_sp26/raw/Images_with_annotations_for_CNN_training/D8401-A_L_2024_01_18_13_05_54_Alaska.ndpi,D8401-A_L_2024_01_18_13_05_54_Alaska.ndpi.ndpa,58fab7d9bf7d64c103dfb697c8203054a030f97cfacf13620b4c847eec46d8d5,396,298,Juglans nigripites,Juglans nigripites,Polyatriopollenites type,exact,YES,circle,,
D8401-A_L_2024_01_18_13_05_54_Alaska::record_300,D8401-A_L_2024_01_18_13_05_54_Alaska,/rhf/allocations/dsci435/smithsonian_full_sp26/raw/Images_with_annotations_for_CNN_training/D8401-A_L_2024_01_18_13_05_54_Alaska.ndpi,D8401-A_L_2024_01_18_13_05_54_Alaska.ndpi.ndpa,58fab7d9bf7d64c103dfb697c8203054a030f97cfacf13620b4c847eec46d8d5,398,300,Betulaceae,Betulaceae,Betulaceae,exact,YES,circle,,
D8401-A_L_2024_01_18_13_05_54_Alaska::record_301,D8401-A_L_2024_01_18_13_05_54_Alaska,/rhf/allocations/dsci435/smithsonian_full_sp26/raw/Images_with_annotations_for_CNN_training/D8401-A_L_2024_01_18_13_05_54_Alaska.ndpi,D8401-A_L_2024_01_18_13_05_54_Alaska.ndpi.ndpa,58fab7d9bf7d64c103dfb697c8203054a030f97cfacf13620b4c847eec46d8d5,399,301,Caryapollenites sp.,Caryapollenites sp.,Caryapollenites sp.,exact,YES,circle,,
D8401-A_L_2024_01_18_13_05_54_Alaska::record_302,D8401-A_L_2024_01_18_13_05_54_Alaska,/rhf/allocations/dsci435/smithsonian_full_sp26/raw/Images_with_annotations_for_CNN_training/D8401-A_L_2024_01_18_13_05_54_Alaska.ndpi,D8401-A_L_2024_01_18_13_05_54_Alaska.ndpi.ndpa,58fab7d9bf7d64c103dfb697c8203054a030f97cfacf13620b4c847eec46d8d5,400,302,Caryapollenites sp.,Caryapollenites sp.,Caryapollenites sp.,exact,YES,circle,,
D8401-A_L_2024_01_18_13_05_54_Alaska::record_303,D8401-A_L_2024_01_18_13_05_54_Alaska,/rhf/allocations/dsci435/smithsonian_full_sp26/raw/Images_with_annotations_for_CNN_training/D8401-A_L_2024_01_18_13_05_54_Alaska.ndpi,D8401-A_L_2024_01_18_13_05_54_Alaska.ndpi.ndpa,58fab7d9bf7d64c103dfb697c8203054a030f97cfacf13620b4c847eec46d8d5,401,303,Alnipollenites verus,Alnipollenites verus,Alnipollenites verus,exact,YES,circle,,
D8401-A_L_2024_01_18_13_05_54_Alaska::record_304,D8401-A_L_2024_01_18_13_05_54_Alaska,/rhf/allocations/dsci435/smithsonian_full_sp26/raw/Images_with_annotations_for_CNN_training/D8401-A_L_2024_01_18_13_05_54_Alaska.ndpi,D8401-A_L_2024_01_18_13_05_54_Alaska.ndpi.ndpa,58fab7d9bf7d64c103dfb697c8203054a030f97cfacf13620b4c847eec46d8d5,402,304,Illexpollenites sp.,Illexpollenites sp.,Illexpollenites sp.,exact,YES,circle,,
D8401-A_L_2024_01_18_13_05_54_Alaska::record_305,D8401-A_L_2024_01_18_13_05_54_Alaska,/rhf/allocations/dsci435/smithsonian_full_sp26/raw/Images_with_annotations_for_CNN_training/D8401-A_L_2024_01_18_13_05_54_Alaska.ndpi,D8401-A_L_2024_01_18_13_05_54_Alaska.ndpi.ndpa,58fab7d9bf7d64c103dfb697c8203054a030f97cfacf13620b4c847eec46d8d5,403,305,Momipites sp.,Momipites sp.,Momipites sp,exact,YES,circle,,
D8401-A_L_2024_01_18_13_05_54_Alaska::record_306,D8401-A_L_2024_01_18_13_05_54_Alaska,/rhf/allocations/dsci435/smithsonian_full_sp26/raw/Images_with_annotations_for_CNN_training/D8401-A_L_2024_01_18_13_05_54_Alaska.ndpi,D8401-A_L_2024_01_18_13_05_54_Alaska.ndpi.ndpa,58fab7d9bf7d64c103dfb697c8203054a030f97cfacf13620b4c847eec46d8d5,404,306,Caryapollenites sp.,Caryapollenites sp.,Caryapollenites sp.,exact,YES,circle,,
D8401-A_L_2024_01_18_13_05_54_Alaska::record_308,D8401-A_L_2024_01_18_13_05_54_Alaska,/rhf/allocations/dsci435/smithsonian_full_sp26/raw/Images_with_annotations_for_CNN_training/D8401-A_L_2024_01_18_13_05_54_Alaska.ndpi,D8401-A_L_2024_01_18_13_05_54_Alaska.ndpi.ndpa,58fab7d9bf7d64c103dfb697c8203054a030f97cfacf13620b4c847eec46d8d5,406,308,Betulaceae,Betulaceae,Betulaceae,exact,YES,circle,,
D8401-A_L_2024_01_18_13_05_54_Alaska::record_309,D8401-A_L_2024_01_18_13_05_54_Alaska,/rhf/allocations/dsci435/smithsonian_full_sp26/raw/Images_with_annotations_for_CNN_training/D8401-A_L_2024_01_18_13_05_54_Alaska.ndpi,D8401-A_L_2024_01_18_13_05_54_Alaska.ndpi.ndpa,58fab7d9bf7d64c103dfb697c8203054a030f97cfacf13620b4c847eec46d8d5,407,309,Alnipollenites verus,Alnipollenites verus,Alnipollenites verus,exact,YES,circle,,
D8401-A_L_2024_01_18_13_05_54_Alaska::record_310,D8401-A_L_2024_01_18_13_05_54_Alaska,/rhf/allocations/dsci435/smithsonian_full_sp26/raw/Images_with_annotations_for_CNN_training/D8401-A_L_2024_01_18_13_05_54_Alaska.ndpi,D8401-A_L_2024_01_18_13_05_54_Alaska.ndpi.ndpa,58fab7d9bf7d64c103dfb697c8203054a030f97cfacf13620b4c847eec46d8d5,408,310,Betulaceae,Betulaceae,Betulaceae,exact,YES,circle,,
D8401-A_L_2024_01_18_13_05_54_Alaska::record_311,D8401-A_L_2024_01_18_13_05_54_Alaska,/rhf/allocations/dsci435/smithsonian_full_sp26/raw/Images_with_annotations_for_CNN_training/D8401-A_L_2024_01_18_13_05_54_Alaska.ndpi,D8401-A_L_2024_01_18_13_05_54_Alaska.ndpi.ndpa,58fab7d9bf7d64c103dfb697c8203054a030f97cfacf13620b4c847eec46d8d5,409,311,Ericaipites sp.,Ericaipites sp.,Ericipites sp.,exact,YES,circle,,
D8401-A_L_2024_01_18_13_05_54_Alaska::record_312,D8401-A_L_2024_01_18_13_05_54_Alaska,/rhf/allocations/dsci435/smithsonian_full_sp26/raw/Images_with_annotations_for_CNN_training/D8401-A_L_2024_01_18_13_05_54_Alaska.ndpi,D8401-A_L_2024_01_18_13_05_54_Alaska.ndpi.ndpa,58fab7d9bf7d64c103dfb697c8203054a030f97cfacf13620b4c847eec46d8d5,410,312,Ericipites sp.,Ericipites sp.,Ericipites sp.,exact,YES,circle,,
D8401-A_L_2024_01_18_13_05_54_Alaska::record_313,D8401-A_L_2024_01_18_13_05_54_Alaska,/rhf/allocations/dsci435/smithsonian_full_sp26/raw/Images_with_annotations_for_CNN_training/D8401-A_L_2024_01_18_13_05_54_Alaska.ndpi,D8401-A_L_2024_01_18_13_05_54_Alaska.ndpi.ndpa,58fab7d9bf7d64c103dfb697c8203054a030f97cfacf13620b4c847eec46d8d5,411,313,Ericipites sp.,Ericipites sp.,Ericipites sp.,exact,YES,circle,,
D8401-A_L_2024_01_18_13_05_54_Alaska::record_314,D8401-A_L_2024_01_18_13_05_54_Alaska,/rhf/allocations/dsci435/smithsonian_full_sp26/raw/Images_with_annotations_for_CNN_training/D8401-A_L_2024_01_18_13_05_54_Alaska.ndpi,D8401-A_L_2024_01_18_13_05_54_Alaska.ndpi.ndpa,58fab7d9bf7d64c103dfb697c8203054a030f97cfacf13620b4c847eec46d8d5,412,314,Ericipites sp.,Ericipites sp.,Ericipites sp.,exact,YES,circle,,
D8401-A_L_2024_01_18_13_05_54_Alaska::record_315,D8401-A_L_2024_01_18_13_05_54_Alaska,/rhf/allocations/dsci435/smithsonian_full_sp26/raw/Images_with_annotations_for_CNN_training/D8401-A_L_2024_01_18_13_05_54_Alaska.ndpi,D8401-A_L_2024_01_18_13_05_54_Alaska.ndpi.ndpa,58fab7d9bf7d64c103dfb697c8203054a030f97cfacf13620b4c847eec46d8d5,413,315,Ericipites sp.,Ericipites sp.,Ericipites sp.,exact,YES,circle,,
D8401-A_L_2024_01_18_13_05_54_Alaska::record_316,D8401-A_L_2024_01_18_13_05_54_Alaska,/rhf/allocations/dsci435/smithsonian_full_sp26/raw/Images_with_annotations_for_CNN_training/D8401-A_L_2024_01_18_13_05_54_Alaska.ndpi,D8401-A_L_2024_01_18_13_05_54_Alaska.ndpi.ndpa,58fab7d9bf7d64c103dfb697c8203054a030f97cfacf13620b4c847eec46d8d5,414,316,Ericipites sp.,Ericipites sp.,Ericipites sp.,exact,YES,circle,,
D8401-A_L_2024_01_18_13_05_54_Alaska::record_317,D8401-A_L_2024_01_18_13_05_54_Alaska,/rhf/allocations/dsci435/smithsonian_full_sp26/raw/Images_with_annotations_for_CNN_training/D8401-A_L_2024_01_18_13_05_54_Alaska.ndpi,D8401-A_L_2024_01_18_13_05_54_Alaska.ndpi.ndpa,58fab7d9bf7d64c103dfb697c8203054a030f97cfacf13620b4c847eec46d8d5,415,317,Ericipites sp.,Ericipites sp.,Ericipites sp.,exact,YES,circle,,
D8401-A_L_2024_01_18_13_05_54_Alaska::record_318,D8401-A_L_2024_01_18_13_05_54_Alaska,/rhf/allocations/dsci435/smithsonian_full_sp26/raw/Images_with_annotations_for_CNN_training/D8401-A_L_2024_01_18_13_05_54_Alaska.ndpi,D8401-A_L_2024_01_18_13_05_54_Alaska.ndpi.ndpa,58fab7d9bf7d64c103dfb697c8203054a030f97cfacf13620b4c847eec46d8d5,416,318,Bombacacidites sp.,Bombacacidites sp.,Bombacacidites sp.,exact,YES,circle,,
D8401-A_L_2024_01_18_13_05_54_Alaska::record_319,D8401-A_L_2024_01_18_13_05_54_Alaska,/rhf/allocations/dsci435/smithsonian_full_sp26/raw/Images_with_annotations_for_CNN_training/D8401-A_L_2024_01_18_13_05_54_Alaska.ndpi,D8401-A_L_2024_01_18_13_05_54_Alaska.ndpi.ndpa,58fab7d9bf7d64c103dfb697c8203054a030f97cfacf13620b4c847eec46d8d5,417,319,Ericipites sp.,Ericipites sp.,Ericipites sp.,exact,YES,circle,,
D8401-A_L_2024_01_18_13_05_54_Alaska::record_320,D8401-A_L_2024_01_18_13_05_54_Alaska,/rhf/allocations/dsci435/smithsonian_full_sp26/raw/Images_with_annotations_for_CNN_training/D8401-A_L_2024_01_18_13_05_54_Alaska.ndpi,D8401-A_L_2024_01_18_13_05_54_Alaska.ndpi.ndpa,58fab7d9bf7d64c103dfb697c8203054a030f97cfacf13620b4c847eec46d8d5,418,320,Ericipites sp.,Ericipites sp.,Ericipites sp.,exact,YES,circle,,
D8401-A_L_2024_01_18_13_05_54_Alaska::record_321,D8401-A_L_2024_01_18_13_05_54_Alaska,/rhf/allocations/dsci435/smithsonian_full_sp26/raw/Images_with_annotations_for_CNN_training/D8401-A_L_2024_01_18_13_05_54_Alaska.ndpi,D8401-A_L_2024_01_18_13_05_54_Alaska.ndpi.ndpa,58fab7d9bf7d64c103dfb697c8203054a030f97cfacf13620b4c847eec46d8d5,419,321,Ulmopollenites sp.,Ulmopollenites sp.,Ulmipollenites sp.,exact,YES,circle,,
D8401-A_L_2024_01_18_13_05_54_Alaska::record_322,D8401-A_L_2024_01_18_13_05_54_Alaska,/rhf/allocations/dsci435/smithsonian_full_sp26/raw/Images_with_annotations_for_CNN_training/D8401-A_L_2024_01_18_13_05_54_Alaska.ndpi,D8401-A_L_2024_01_18_13_05_54_Alaska.ndpi.ndpa,58fab7d9bf7d64c103dfb697c8203054a030f97cfacf13620b4c847eec46d8d5,420,322,Ericipites sp.,Ericipites sp.,Ericipites sp.,exact,YES,circle,,
D8401-A_L_2024_01_18_13_05_54_Alaska::record_323,D8401-A_L_2024_01_18_13_05_54_Alaska,/rhf/allocations/dsci435/smithsonian_full_sp26/raw/Images_with_annotations_for_CNN_training/D8401-A_L_2024_01_18_13_05_54_Alaska.ndpi,D8401-A_L_2024_01_18_13_05_54_Alaska.ndpi.ndpa,58fab7d9bf7d64c103dfb697c8203054a030f97cfacf13620b4c847eec46d8d5,421,323,Ericipites sp.,Ericipites sp.,Ericipites sp.,exact,YES,circle,,
D8401-A_L_2024_01_18_13_05_54_Alaska::record_324,D8401-A_L_2024_01_18_13_05_54_Alaska,/rhf/allocations/dsci435/smithsonian_full_sp26/raw/Images_with_annotations_for_CNN_training/D8401-A_L_2024_01_18_13_05_54_Alaska.ndpi,D8401-A_L_2024_01_18_13_05_54_Alaska.ndpi.ndpa,58fab7d9bf7d64c103dfb697c8203054a030f97cfacf13620b4c847eec46d8d5,422,324,Ericipites sp.,Ericipites sp.,Ericipites sp.,exact,YES,circle,,
D8401-A_L_2024_01_18_13_05_54_Alaska::record_325,D8401-A_L_2024_01_18_13_05_54_Alaska,/rhf/allocations/dsci435/smithsonian_full_sp26/raw/Images_with_annotations_for_CNN_training/D8401-A_L_2024_01_18_13_05_54_Alaska.ndpi,D8401-A_L_2024_01_18_13_05_54_Alaska.ndpi.ndpa,58fab7d9bf7d64c103dfb697c8203054a030f97cfacf13620b4c847eec46d8d5,423,325,Ericipites sp.,Ericipites sp.,Ericipites sp.,exact,YES,circle,,
D8401-A_L_2024_01_18_13_05_54_Alaska::record_326,D8401-A_L_2024_01_18_13_05_54_Alaska,/rhf/allocations/dsci435/smithsonian_full_sp26/raw/Images_with_annotations_for_CNN_training/D8401-A_L_2024_01_18_13_05_54_Alaska.ndpi,D8401-A_L_2024_01_18_13_05_54_Alaska.ndpi.ndpa,58fab7d9bf7d64c103dfb697c8203054a030f97cfacf13620b4c847eec46d8d5,424,326,Ericipites sp.,Ericipites sp.,Ericipites sp.,exact,YES,circle,,
D8401-A_L_2024_01_18_13_05_54_Alaska::record_328,D8401-A_L_2024_01_18_13_05_54_Alaska,/rhf/allocations/dsci435/smithsonian_full_sp26/raw/Images_with_annotations_for_CNN_training/D8401-A_L_2024_01_18_13_05_54_Alaska.ndpi,D8401-A_L_2024_01_18_13_05_54_Alaska.ndpi.ndpa,58fab7d9bf7d64c103dfb697c8203054a030f97cfacf13620b4c847eec46d8d5,426,328,Tiliapollenites sp.,Tiliapollenites sp.,Bombacacidites sp.,exact,YES,circle,,
D8401-A_L_2024_01_18_13_05_54_Alaska::record_332,D8401-A_L_2024_01_18_13_05_54_Alaska,/rhf/allocations/dsci435/smithsonian_full_sp26/raw/Images_with_annotations_for_CNN_training/D8401-A_L_2024_01_18_13_05_54_Alaska.ndpi,D8401-A_L_2024_01_18_13_05_54_Alaska.ndpi.ndpa,58fab7d9bf7d64c103dfb697c8203054a030f97cfacf13620b4c847eec46d8d5,430,332,Tiliapollenites sp.,Tiliapollenites sp.,Bombacacidites sp.,exact,YES,circle,,
D8401-A_L_2024_01_18_13_05_54_Alaska::record_333,D8401-A_L_2024_01_18_13_05_54_Alaska,/rhf/allocations/dsci435/smithsonian_full_sp26/raw/Images_with_annotations_for_CNN_training/D8401-A_L_2024_01_18_13_05_54_Alaska.ndpi,D8401-A_L_2024_01_18_13_05_54_Alaska.ndpi.ndpa,58fab7d9bf7d64c103dfb697c8203054a030f97cfacf13620b4c847eec46d8d5,431,333,Ericipites sp.,Ericipites sp.,Ericipites sp.,exact,YES,circle,,
D8401-A_L_2024_01_18_13_05_54_Alaska::record_334,D8401-A_L_2024_01_18_13_05_54_Alaska,/rhf/allocations/dsci435/smithsonian_full_sp26/raw/Images_with_annotations_for_CNN_training/D8401-A_L_2024_01_18_13_05_54_Alaska.ndpi,D8401-A_L_2024_01_18_13_05_54_Alaska.ndpi.ndpa,58fab7d9bf7d64c103dfb697c8203054a030f97cfacf13620b4c847eec46d8d5,432,334,Polyatriopollenites vermontensis,Polyatriopollenites vermontensis,Polyatriopollenites type,exact,YES,circle,,
D8401-A_L_2024_01_18_13_05_54_Alaska::record_335,D8401-A_L_2024_01_18_13_05_54_Alaska,/rhf/allocations/dsci435/smithsonian_full_sp26/raw/Images_with_annotations_for_CNN_training/D8401-A_L_2024_01_18_13_05_54_Alaska.ndpi,D8401-A_L_2024_01_18_13_05_54_Alaska.ndpi.ndpa,58fab7d9bf7d64c103dfb697c8203054a030f97cfacf13620b4c847eec46d8d5,433,335,Caryapollenites sp.,Caryapollenites sp.,Caryapollenites sp.,exact,YES,circle,,
D8401-A_L_2024_01_18_13_05_54_Alaska::record_336,D8401-A_L_2024_01_18_13_05_54_Alaska,/rhf/allocations/dsci435/smithsonian_full_sp26/raw/Images_with_annotations_for_CNN_training/D8401-A_L_2024_01_18_13_05_54_Alaska.ndpi,D8401-A_L_2024_01_18_13_05_54_Alaska.ndpi.ndpa,58fab7d9bf7d64c103dfb697c8203054a030f97cfacf13620b4c847eec46d8d5,434,336,Ericipites sp.,Ericipites sp.,Ericipites sp.,exact,YES,circle,,
D8401-A_L_2024_01_18_13_05_54_Alaska::record_337,D8401-A_L_2024_01_18_13_05_54_Alaska,/rhf/allocations/dsci435/smithsonian_full_sp26/raw/Images_with_annotations_for_CNN_training/D8401-A_L_2024_01_18_13_05_54_Alaska.ndpi,D8401-A_L_2024_01_18_13_05_54_Alaska.ndpi.ndpa,58fab7d9bf7d64c103dfb697c8203054a030f97cfacf13620b4c847eec46d8d5,435,337,Ericipites sp.,Ericipites sp.,Ericipites sp.,exact,YES,circle,,
D8401-A_L_2024_01_18_13_05_54_Alaska::record_338,D8401-A_L_2024_01_18_13_05_54_Alaska,/rhf/allocations/dsci435/smithsonian_full_sp26/raw/Images_with_annotations_for_CNN_training/D8401-A_L_2024_01_18_13_05_54_Alaska.ndpi,D8401-A_L_2024_01_18_13_05_54_Alaska.ndpi.ndpa,58fab7d9bf7d64c103dfb697c8203054a030f97cfacf13620b4c847eec46d8d5,436,338,Polyatriopollenites vermontensis,Polyatriopollenites vermontensis,Polyatriopollenites type,exact,YES,circle,,
D8401-A_L_2024_01_18_13_05_54_Alaska::record_339,D8401-A_L_2024_01_18_13_05_54_Alaska,/rhf/allocations/dsci435/smithsonian_full_sp26/raw/Images_with_annotations_for_CNN_training/D8401-A_L_2024_01_18_13_05_54_Alaska.ndpi,D8401-A_L_2024_01_18_13_05_54_Alaska.ndpi.ndpa,58fab7d9bf7d64c103dfb697c8203054a030f97cfacf13620b4c847eec46d8d5,437,339,Ericipites sp.,Ericipites sp.,Ericipites sp.,exact,YES,circle,,
D8401-A_L_2024_01_18_13_05_54_Alaska::record_340,D8401-A_L_2024_01_18_13_05_54_Alaska,/rhf/allocations/dsci435/smithsonian_full_sp26/raw/Images_with_annotations_for_CNN_training/D8401-A_L_2024_01_18_13_05_54_Alaska.ndpi,D8401-A_L_2024_01_18_13_05_54_Alaska.ndpi.ndpa,58fab7d9bf7d64c103dfb697c8203054a030f97cfacf13620b4c847eec46d8d5,438,340,Betulaceae,Betulaceae,Betulaceae,exact,YES,circle,,
D8401-A_L_2024_01_18_13_05_54_Alaska::record_341,D8401-A_L_2024_01_18_13_05_54_Alaska,/rhf/allocations/dsci435/smithsonian_full_sp26/raw/Images_with_annotations_for_CNN_training/D8401-A_L_2024_01_18_13_05_54_Alaska.ndpi,D8401-A_L_2024_01_18_13_05_54_Alaska.ndpi.ndpa,58fab7d9bf7d64c103dfb697c8203054a030f97cfacf13620b4c847eec46d8d5,439,341,Polyatriopollenites vermontensis,Polyatriopollenites vermontensis,Polyatriopollenites type,exact,YES,circle,,
D8401-A_L_2024_01_18_13_05_54_Alaska::record_342,D8401-A_L_2024_01_18_13_05_54_Alaska,/rhf/allocations/dsci435/smithsonian_full_sp26/raw/Images_with_annotations_for_CNN_training/D8401-A_L_2024_01_18_13_05_54_Alaska.ndpi,D8401-A_L_2024_01_18_13_05_54_Alaska.ndpi.ndpa,58fab7d9bf7d64c103dfb697c8203054a030f97cfacf13620b4c847eec46d8d5,440,342,Polyatriopollenites vermontensis,Polyatriopollenites vermontensis,Polyatriopollenites type,exact,YES,circle,,
D8401-A_L_2024_01_18_13_05_54_Alaska::record_344,D8401-A_L_2024_01_18_13_05_54_Alaska,/rhf/allocations/dsci435/smithsonian_full_sp26/raw/Images_with_annotations_for_CNN_training/D8401-A_L_2024_01_18_13_05_54_Alaska.ndpi,D8401-A_L_2024_01_18_13_05_54_Alaska.ndpi.ndpa,58fab7d9bf7d64c103dfb697c8203054a030f97cfacf13620b4c847eec46d8d5,442,344,Ericipites sp.,Ericipites sp.,Ericipites sp.,exact,YES,circle,,
D8401-A_L_2024_01_18_13_05_54_Alaska::record_345,D8401-A_L_2024_01_18_13_05_54_Alaska,/rhf/allocations/dsci435/smithsonian_full_sp26/raw/Images_with_annotations_for_CNN_training/D8401-A_L_2024_01_18_13_05_54_Alaska.ndpi,D8401-A_L_2024_01_18_13_05_54_Alaska.ndpi.ndpa,58fab7d9bf7d64c103dfb697c8203054a030f97cfacf13620b4c847eec46d8d5,443,345,Betulaceae,Betulaceae,Betulaceae,exact,YES,circle,,
D8401-A_L_2024_01_18_13_05_54_Alaska::record_346,D8401-A_L_2024_01_18_13_05_54_Alaska,/rhf/allocations/dsci435/smithsonian_full_sp26/raw/Images_with_annotations_for_CNN_training/D8401-A_L_2024_01_18_13_05_54_Alaska.ndpi,D8401-A_L_2024_01_18_13_05_54_Alaska.ndpi.ndpa,58fab7d9bf7d64c103dfb697c8203054a030f97cfacf13620b4c847eec46d8d5,444,346,Caryapollenites sp.,Caryapollenites sp.,Caryapollenites sp.,exact,YES,circle,,
D8401-A_L_2024_01_18_13_05_54_Alaska::record_347,D8401-A_L_2024_01_18_13_05_54_Alaska,/rhf/allocations/dsci435/smithsonian_full_sp26/raw/Images_with_annotations_for_CNN_training/D8401-A_L_2024_01_18_13_05_54_Alaska.ndpi,D8401-A_L_2024_01_18_13_05_54_Alaska.ndpi.ndpa,58fab7d9bf7d64c103dfb697c8203054a030f97cfacf13620b4c847eec46d8d5,445,347,Caryapollenites sp.,Caryapollenites sp.,Caryapollenites sp.,exact,YES,circle,,
D8401-A_L_2024_01_18_13_05_54_Alaska::record_348,D8401-A_L_2024_01_18_13_05_54_Alaska,/rhf/allocations/dsci435/smithsonian_full_sp26/raw/Images_with_annotations_for_CNN_training/D8401-A_L_2024_01_18_13_05_54_Alaska.ndpi,D8401-A_L_2024_01_18_13_05_54_Alaska.ndpi.ndpa,58fab7d9bf7d64c103dfb697c8203054a030f97cfacf13620b4c847eec46d8d5,446,348,Polyatriopollenites vermontensis,Polyatriopollenites vermontensis,Polyatriopollenites type,exact,YES,circle,,
D8401-A_L_2024_01_18_13_05_54_Alaska::record_349,D8401-A_L_2024_01_18_13_05_54_Alaska,/rhf/allocations/dsci435/smithsonian_full_sp26/raw/Images_with_annotations_for_CNN_training/D8401-A_L_2024_01_18_13_05_54_Alaska.ndpi,D8401-A_L_2024_01_18_13_05_54_Alaska.ndpi.ndpa,58fab7d9bf7d64c103dfb697c8203054a030f97cfacf13620b4c847eec46d8d5,447,349,Juglans nigripites,Juglans nigripites,Polyatriopollenites type,exact,YES,circle,,
D8401-A_L_2024_01_18_13_05_54_Alaska::record_350,D8401-A_L_2024_01_18_13_05_54_Alaska,/rhf/allocations/dsci435/smithsonian_full_sp26/raw/Images_with_annotations_for_CNN_training/D8401-A_L_2024_01_18_13_05_54_Alaska.ndpi,D8401-A_L_2024_01_18_13_05_54_Alaska.ndpi.ndpa,58fab7d9bf7d64c103dfb697c8203054a030f97cfacf13620b4c847eec46d8d5,448,350,Illexpollenites sp.,Illexpollenites sp.,Illexpollenites sp.,exact,YES,circle,,
D8401-A_L_2024_01_18_13_05_54_Alaska::record_351,D8401-A_L_2024_01_18_13_05_54_Alaska,/rhf/allocations/dsci435/smithsonian_full_sp26/raw/Images_with_annotations_for_CNN_training/D8401-A_L_2024_01_18_13_05_54_Alaska.ndpi,D8401-A_L_2024_01_18_13_05_54_Alaska.ndpi.ndpa,58fab7d9bf7d64c103dfb697c8203054a030f97cfacf13620b4c847eec46d8d5,449,351,Ulmoideipites sp.,Ulmoideipites sp.,Ulmipollenites sp.,exact,YES,circle,,
D8401-A_L_2024_01_18_13_05_54_Alaska::record_352,D8401-A_L_2024_01_18_13_05_54_Alaska,/rhf/allocations/dsci435/smithsonian_full_sp26/raw/Images_with_annotations_for_CNN_training/D8401-A_L_2024_01_18_13_05_54_Alaska.ndpi,D8401-A_L_2024_01_18_13_05_54_Alaska.ndpi.ndpa,58fab7d9bf7d64c103dfb697c8203054a030f97cfacf13620b4c847eec46d8d5,450,352,Alnipollenites verus,Alnipollenites verus,Alnipollenites verus,exact,YES,circle,,
D8401-A_L_2024_01_18_13_05_54_Alaska::record_353,D8401-A_L_2024_01_18_13_05_54_Alaska,/rhf/allocations/dsci435/smithsonian_full_sp26/raw/Images_with_annotations_for_CNN_training/D8401-A_L_2024_01_18_13_05_54_Alaska.ndpi,D8401-A_L_2024_01_18_13_05_54_Alaska.ndpi.ndpa,58fab7d9bf7d64c103dfb697c8203054a030f97cfacf13620b4c847eec46d8d5,451,353,Betulaceae,Betulaceae,Betulaceae,exact,YES,circle,,
D8401-A_L_2024_01_18_13_05_54_Alaska::record_354,D8401-A_L_2024_01_18_13_05_54_Alaska,/rhf/allocations/dsci435/smithsonian_full_sp26/raw/Images_with_annotations_for_CNN_training/D8401-A_L_2024_01_18_13_05_54_Alaska.ndpi,D8401-A_L_2024_01_18_13_05_54_Alaska.ndpi.ndpa,58fab7d9bf7d64c103dfb697c8203054a030f97cfacf13620b4c847eec46d8d5,452,354,Ericipites sp.,Ericipites sp.,Ericipites sp.,exact,YES,circle,,
D8401-A_L_2024_01_18_13_05_54_Alaska::record_356,D8401-A_L_2024_01_18_13_05_54_Alaska,/rhf/allocations/dsci435/smithsonian_full_sp26/raw/Images_with_annotations_for_CNN_training/D8401-A_L_2024_01_18_13_05_54_Alaska.ndpi,D8401-A_L_2024_01_18_13_05_54_Alaska.ndpi.ndpa,58fab7d9bf7d64c103dfb697c8203054a030f97cfacf13620b4c847eec46d8d5,454,356,Betulaceae,Betulaceae,Betulaceae,exact,YES,circle,,
D8401-A_L_2024_01_18_13_05_54_Alaska::record_357,D8401-A_L_2024_01_18_13_05_54_Alaska,/rhf/allocations/dsci435/smithsonian_full_sp26/raw/Images_with_annotations_for_CNN_training/D8401-A_L_2024_01_18_13_05_54_Alaska.ndpi,D8401-A_L_2024_01_18_13_05_54_Alaska.ndpi.ndpa,58fab7d9bf7d64c103dfb697c8203054a030f97cfacf13620b4c847eec46d8d5,455,357,Alnipollenites verus,Alnipollenites verus,Alnipollenites verus,exact,YES,circle,,
D8401-A_L_2024_01_18_13_05_54_Alaska::record_358,D8401-A_L_2024_01_18_13_05_54_Alaska,/rhf/allocations/dsci435/smithsonian_full_sp26/raw/Images_with_annotations_for_CNN_training/D8401-A_L_2024_01_18_13_05_54_Alaska.ndpi,D8401-A_L_2024_01_18_13_05_54_Alaska.ndpi.ndpa,58fab7d9bf7d64c103dfb697c8203054a030f97cfacf13620b4c847eec46d8d5,456,358,Bisaccate,Bisaccate,Bisaccate,exact,YES,circle,,
D8401-A_L_2024_01_18_13_05_54_Alaska::record_360,D8401-A_L_2024_01_18_13_05_54_Alaska,/rhf/allocations/dsci435/smithsonian_full_sp26/raw/Images_with_annotations_for_CNN_training/D8401-A_L_2024_01_18_13_05_54_Alaska.ndpi,D8401-A_L_2024_01_18_13_05_54_Alaska.ndpi.ndpa,58fab7d9bf7d64c103dfb697c8203054a030f97cfacf13620b4c847eec46d8d5,458,360,Juglans nigripites,Juglans nigripites,Polyatriopollenites type,exact,YES,circle,,
D8401-A_L_2024_01_18_13_05_54_Alaska::record_361,D8401-A_L_2024_01_18_13_05_54_Alaska,/rhf/allocations/dsci435/smithsonian_full_sp26/raw/Images_with_annotations_for_CNN_training/D8401-A_L_2024_01_18_13_05_54_Alaska.ndpi,D8401-A_L_2024_01_18_13_05_54_Alaska.ndpi.ndpa,58fab7d9bf7d64c103dfb697c8203054a030f97cfacf13620b4c847eec46d8d5,459,361,Tiliapollenites sp.,Tiliapollenites sp.,Bombacacidites sp.,exact,YES,circle,,
D8401-A_L_2024_01_18_13_05_54_Alaska::record_362,D8401-A_L_2024_01_18_13_05_54_Alaska,/rhf/allocations/dsci435/smithsonian_full_sp26/raw/Images_with_annotations_for_CNN_training/D8401-A_L_2024_01_18_13_05_54_Alaska.ndpi,D8401-A_L_2024_01_18_13_05_54_Alaska.ndpi.ndpa,58fab7d9bf7d64c103dfb697c8203054a030f97cfacf13620b4c847eec46d8d5,460,362,Tiliapollenites sp.,Tiliapollenites sp.,Bombacacidites sp.,exact,YES,circle,,
D8401-A_L_2024_01_18_13_05_54_Alaska::record_363,D8401-A_L_2024_01_18_13_05_54_Alaska,/rhf/allocations/dsci435/smithsonian_full_sp26/raw/Images_with_annotations_for_CNN_training/D8401-A_L_2024_01_18_13_05_54_Alaska.ndpi,D8401-A_L_2024_01_18_13_05_54_Alaska.ndpi.ndpa,58fab7d9bf7d64c103dfb697c8203054a030f97cfacf13620b4c847eec46d8d5,461,363,Polyatriopollenites vermontensis,Polyatriopollenites vermontensis,Polyatriopollenites type,exact,YES,circle,,
D8401-A_L_2024_01_18_13_05_54_Alaska::record_364,D8401-A_L_2024_01_18_13_05_54_Alaska,/rhf/allocations/dsci435/smithsonian_full_sp26/raw/Images_with_annotations_for_CNN_training/D8401-A_L_2024_01_18_13_05_54_Alaska.ndpi,D8401-A_L_2024_01_18_13_05_54_Alaska.ndpi.ndpa,58fab7d9bf7d64c103dfb697c8203054a030f97cfacf13620b4c847eec46d8d5,462,364,Inaperturopollenites sp.,Inaperturopollenites sp.,Inaperturopollenites sp.,exact,YES,circle,,
D8401-A_L_2024_01_18_13_05_54_Alaska::record_365,D8401-A_L_2024_01_18_13_05_54_Alaska,/rhf/allocations/dsci435/smithsonian_full_sp26/raw/Images_with_annotations_for_CNN_training/D8401-A_L_2024_01_18_13_05_54_Alaska.ndpi,D8401-A_L_2024_01_18_13_05_54_Alaska.ndpi.ndpa,58fab7d9bf7d64c103dfb697c8203054a030f97cfacf13620b4c847eec46d8d5,463,365,Ericipites sp.,Ericipites sp.,Ericipites sp.,exact,YES,circle,,
D8401-A_L_2024_01_18_13_05_54_Alaska::record_367,D8401-A_L_2024_01_18_13_05_54_Alaska,/rhf/allocations/dsci435/smithsonian_full_sp26/raw/Images_with_annotations_for_CNN_training/D8401-A_L_2024_01_18_13_05_54_Alaska.ndpi,D8401-A_L_2024_01_18_13_05_54_Alaska.ndpi.ndpa,58fab7d9bf7d64c103dfb697c8203054a030f97cfacf13620b4c847eec46d8d5,465,367,Caryapollenites sp.,Caryapollenites sp.,Caryapollenites sp.,exact,YES,circle,,
D8401-A_L_2024_01_18_13_05_54_Alaska::record_368,D8401-A_L_2024_01_18_13_05_54_Alaska,/rhf/allocations/dsci435/smithsonian_full_sp26/raw/Images_with_annotations_for_CNN_training/D8401-A_L_2024_01_18_13_05_54_Alaska.ndpi,D8401-A_L_2024_01_18_13_05_54_Alaska.ndpi.ndpa,58fab7d9bf7d64c103dfb697c8203054a030f97cfacf13620b4c847eec46d8d5,466,368,Bombacacidites sp.,Bombacacidites sp.,Bombacacidites sp.,exact,YES,circle,,
D8401-A_L_2024_01_18_13_05_54_Alaska::record_369,D8401-A_L_2024_01_18_13_05_54_Alaska,/rhf/allocations/dsci435/smithsonian_full_sp26/raw/Images_with_annotations_for_CNN_training/D8401-A_L_2024_01_18_13_05_54_Alaska.ndpi,D8401-A_L_2024_01_18_13_05_54_Alaska.ndpi.ndpa,58fab7d9bf7d64c103dfb697c8203054a030f97cfacf13620b4c847eec46d8d5,467,369,Caryapollenites sp.,Caryapollenites sp.,Caryapollenites sp.,exact,YES,circle,,
D8401-A_L_2024_01_18_13_05_54_Alaska::record_372,D8401-A_L_2024_01_18_13_05_54_Alaska,/rhf/allocations/dsci435/smithsonian_full_sp26/raw/Images_with_annotations_for_CNN_training/D8401-A_L_2024_01_18_13_05_54_Alaska.ndpi,D8401-A_L_2024_01_18_13_05_54_Alaska.ndpi.ndpa,58fab7d9bf7d64c103dfb697c8203054a030f97cfacf13620b4c847eec46d8d5,470,372,Tiliapollenites sp.,Tiliapollenites sp.,Bombacacidites sp.,exact,YES,circle,,
D8401-A_L_2024_01_18_13_05_54_Alaska::record_373,D8401-A_L_2024_01_18_13_05_54_Alaska,/rhf/allocations/dsci435/smithsonian_full_sp26/raw/Images_with_annotations_for_CNN_training/D8401-A_L_2024_01_18_13_05_54_Alaska.ndpi,D8401-A_L_2024_01_18_13_05_54_Alaska.ndpi.ndpa,58fab7d9bf7d64c103dfb697c8203054a030f97cfacf13620b4c847eec46d8d5,471,373,Polyatriopollenites vermontensis,Polyatriopollenites vermontensis,Polyatriopollenites type,exact,YES,circle,,
D8401-A_L_2024_01_18_13_05_54_Alaska::record_375,D8401-A_L_2024_01_18_13_05_54_Alaska,/rhf/allocations/dsci435/smithsonian_full_sp26/raw/Images_with_annotations_for_CNN_training/D8401-A_L_2024_01_18_13_05_54_Alaska.ndpi,D8401-A_L_2024_01_18_13_05_54_Alaska.ndpi.ndpa,58fab7d9bf7d64c103dfb697c8203054a030f97cfacf13620b4c847eec46d8d5,473,375,Caryapollenites sp.,Caryapollenites sp.,Caryapollenites sp.,exact,YES,circle,,
D8401-A_L_2024_01_18_13_05_54_Alaska::record_376,D8401-A_L_2024_01_18_13_05_54_Alaska,/rhf/allocations/dsci435/smithsonian_full_sp26/raw/Images_with_annotations_for_CNN_training/D8401-A_L_2024_01_18_13_05_54_Alaska.ndpi,D8401-A_L_2024_01_18_13_05_54_Alaska.ndpi.ndpa,58fab7d9bf7d64c103dfb697c8203054a030f97cfacf13620b4c847eec46d8d5,474,376,Caryapollenites sp.,Caryapollenites sp.,Caryapollenites sp.,exact,YES,circle,,
D8401-A_L_2024_01_18_13_05_54_Alaska::record_377,D8401-A_L_2024_01_18_13_05_54_Alaska,/rhf/allocations/dsci435/smithsonian_full_sp26/raw/Images_with_annotations_for_CNN_training/D8401-A_L_2024_01_18_13_05_54_Alaska.ndpi,D8401-A_L_2024_01_18_13_05_54_Alaska.ndpi.ndpa,58fab7d9bf7d64c103dfb697c8203054a030f97cfacf13620b4c847eec46d8d5,475,377,Caryapollenites sp.,Caryapollenites sp.,Caryapollenites sp.,exact,YES,circle,,
D8401-A_L_2024_01_18_13_05_54_Alaska::record_378,D8401-A_L_2024_01_18_13_05_54_Alaska,/rhf/allocations/dsci435/smithsonian_full_sp26/raw/Images_with_annotations_for_CNN_training/D8401-A_L_2024_01_18_13_05_54_Alaska.ndpi,D8401-A_L_2024_01_18_13_05_54_Alaska.ndpi.ndpa,58fab7d9bf7d64c103dfb697c8203054a030f97cfacf13620b4c847eec46d8d5,476,378,Polyatriopollenites vermontensis,Polyatriopollenites vermontensis,Polyatriopollenites type,exact,YES,circle,,
D8401-A_L_2024_01_18_13_05_54_Alaska::record_380,D8401-A_L_2024_01_18_13_05_54_Alaska,/rhf/allocations/dsci435/smithsonian_full_sp26/raw/Images_with_annotations_for_CNN_training/D8401-A_L_2024_01_18_13_05_54_Alaska.ndpi,D8401-A_L_2024_01_18_13_05_54_Alaska.ndpi.ndpa,58fab7d9bf7d64c103dfb697c8203054a030f97cfacf13620b4c847eec46d8d5,478,380,Ericipites sp.,Ericipites sp.,Ericipites sp.,exact,YES,circle,,
D8401-A_L_2024_01_18_13_05_54_Alaska::record_381,D8401-A_L_2024_01_18_13_05_54_Alaska,/rhf/allocations/dsci435/smithsonian_full_sp26/raw/Images_with_annotations_for_CNN_training/D8401-A_L_2024_01_18_13_05_54_Alaska.ndpi,D8401-A_L_2024_01_18_13_05_54_Alaska.ndpi.ndpa,58fab7d9bf7d64c103dfb697c8203054a030f97cfacf13620b4c847eec46d8d5,479,381,Ericipites sp.,Ericipites sp.,Ericipites sp.,exact,YES,circle,,
D8401-A_L_2024_01_18_13_05_54_Alaska::record_382,D8401-A_L_2024_01_18_13_05_54_Alaska,/rhf/allocations/dsci435/smithsonian_full_sp26/raw/Images_with_annotations_for_CNN_training/D8401-A_L_2024_01_18_13_05_54_Alaska.ndpi,D8401-A_L_2024_01_18_13_05_54_Alaska.ndpi.ndpa,58fab7d9bf7d64c103dfb697c8203054a030f97cfacf13620b4c847eec46d8d5,480,382,Ericipites sp.,Ericipites sp.,Ericipites sp.,exact,YES,circle,,
D8401-A_L_2024_01_18_13_05_54_Alaska::record_383,D8401-A_L_2024_01_18_13_05_54_Alaska,/rhf/allocations/dsci435/smithsonian_full_sp26/raw/Images_with_annotations_for_CNN_training/D8401-A_L_2024_01_18_13_05_54_Alaska.ndpi,D8401-A_L_2024_01_18_13_05_54_Alaska.ndpi.ndpa,58fab7d9bf7d64c103dfb697c8203054a030f97cfacf13620b4c847eec46d8d5,481,383,Ericipites sp.,Ericipites sp.,Ericipites sp.,exact,YES,circle,,
D8401-A_L_2024_01_18_13_05_54_Alaska::record_384,D8401-A_L_2024_01_18_13_05_54_Alaska,/rhf/allocations/dsci435/smithsonian_full_sp26/raw/Images_with_annotations_for_CNN_training/D8401-A_L_2024_01_18_13_05_54_Alaska.ndpi,D8401-A_L_2024_01_18_13_05_54_Alaska.ndpi.ndpa,58fab7d9bf7d64c103dfb697c8203054a030f97cfacf13620b4c847eec46d8d5,482,384,Ericipites sp.,Ericipites sp.,Ericipites sp.,exact,YES,circle,,
D8401-A_L_2024_01_18_13_05_54_Alaska::record_386,D8401-A_L_2024_01_18_13_05_54_Alaska,/rhf/allocations/dsci435/smithsonian_full_sp26/raw/Images_with_annotations_for_CNN_training/D8401-A_L_2024_01_18_13_05_54_Alaska.ndpi,D8401-A_L_2024_01_18_13_05_54_Alaska.ndpi.ndpa,58fab7d9bf7d64c103dfb697c8203054a030f97cfacf13620b4c847eec46d8d5,484,386,Illexpollenites sp.,Illexpollenites sp.,Illexpollenites sp.,exact,YES,circle,,
D8401-A_L_2024_01_18_13_05_54_Alaska::record_387,D8401-A_L_2024_01_18_13_05_54_Alaska,/rhf/allocations/dsci435/smithsonian_full_sp26/raw/Images_with_annotations_for_CNN_training/D8401-A_L_2024_01_18_13_05_54_Alaska.ndpi,D8401-A_L_2024_01_18_13_05_54_Alaska.ndpi.ndpa,58fab7d9bf7d64c103dfb697c8203054a030f97cfacf13620b4c847eec46d8d5,485,387,Ericipites sp.,Ericipites sp.,Ericipites sp.,exact,YES,circle,,
D8401-A_L_2024_01_18_13_05_54_Alaska::record_388,D8401-A_L_2024_01_18_13_05_54_Alaska,/rhf/allocations/dsci435/smithsonian_full_sp26/raw/Images_with_annotations_for_CNN_training/D8401-A_L_2024_01_18_13_05_54_Alaska.ndpi,D8401-A_L_2024_01_18_13_05_54_Alaska.ndpi.ndpa,58fab7d9bf7d64c103dfb697c8203054a030f97cfacf13620b4c847eec46d8d5,486,388,Ulmipollenites sp.,Ulmipollenites sp.,Ulmipollenites sp.,exact,YES,circle,,
D8401-A_L_2024_01_18_13_05_54_Alaska::record_389,D8401-A_L_2024_01_18_13_05_54_Alaska,/rhf/allocations/dsci435/smithsonian_full_sp26/raw/Images_with_annotations_for_CNN_training/D8401-A_L_2024_01_18_13_05_54_Alaska.ndpi,D8401-A_L_2024_01_18_13_05_54_Alaska.ndpi.ndpa,58fab7d9bf7d64c103dfb697c8203054a030f97cfacf13620b4c847eec46d8d5,487,389,Psilatricolpites sp.,Psilatricolpites sp.,Psilatricolpites sp.,exact,YES,circle,,
D1821_1_L_2024_01_22_16_22_31_New_Mex::record_3,D1821_1_L_2024_01_22_16_22_31_New_Mex,/rhf/allocations/dsci435/smithsonian_full_sp26/raw/Images_with_annotations_for_CNN_training/D1821_1_L_2024_01_22_16_22_31_New_Mex.ndpi,D1821_1_L_2024_01_22_16_22_31_New_Mex.ndpi.ndpa,bda5b1d8863e0a7c14cff1f062ffaee4a1edd317fccd2b2ba1ad3bbe5261de91,4,3,Inaperturopollenites sp.,Inaperturopollenites sp.,Inaperturopollenites sp.,exact,YES,circle,,
D1821_1_L_2024_01_22_16_22_31_New_Mex::record_4,D1821_1_L_2024_01_22_16_22_31_New_Mex,/rhf/allocations/dsci435/smithsonian_full_sp26/raw/Images_with_annotations_for_CNN_training/D1821_1_L_2024_01_22_16_22_31_New_Mex.ndpi,D1821_1_L_2024_01_22_16_22_31_New_Mex.ndpi.ndpa,bda5b1d8863e0a7c14cff1f062ffaee4a1edd317fccd2b2ba1ad3bbe5261de91,5,4,Momipites,Momipites,Momipites sp,exact,YES,circle,,
D1821_1_L_2024_01_22_16_22_31_New_Mex::record_5,D1821_1_L_2024_01_22_16_22_31_New_Mex,/rhf/allocations/dsci435/smithsonian_full_sp26/raw/Images_with_annotations_for_CNN_training/D1821_1_L_2024_01_22_16_22_31_New_Mex.ndpi,D1821_1_L_2024_01_22_16_22_31_New_Mex.ndpi.ndpa,bda5b1d8863e0a7c14cff1f062ffaee4a1edd317fccd2b2ba1ad3bbe5261de91,6,5,Bisaccate,Bisaccate,Bisaccate,exact,YES,circle,,
D1821_1_L_2024_01_22_16_22_31_New_Mex::record_6,D1821_1_L_2024_01_22_16_22_31_New_Mex,/rhf/allocations/dsci435/smithsonian_full_sp26/raw/Images_with_annotations_for_CNN_training/D1821_1_L_2024_01_22_16_22_31_New_Mex.ndpi,D1821_1_L_2024_01_22_16_22_31_New_Mex.ndpi.ndpa,bda5b1d8863e0a7c14cff1f062ffaee4a1edd317fccd2b2ba1ad3bbe5261de91,7,6,Tiliapollenites sp.,Tiliapollenites sp.,Bombacacidites sp.,exact,YES,circle,,
D1821_1_L_2024_01_22_16_22_31_New_Mex::record_24,D1821_1_L_2024_01_22_16_22_31_New_Mex,/rhf/allocations/dsci435/smithsonian_full_sp26/raw/Images_with_annotations_for_CNN_training/D1821_1_L_2024_01_22_16_22_31_New_Mex.ndpi,D1821_1_L_2024_01_22_16_22_31_New_Mex.ndpi.ndpa,bda5b1d8863e0a7c14cff1f062ffaee4a1edd317fccd2b2ba1ad3bbe5261de91,26,24,Bisaccate,Bisaccate,Bisaccate,exact,YES,circle,,
D1821_1_L_2024_01_22_16_22_31_New_Mex::record_26,D1821_1_L_2024_01_22_16_22_31_New_Mex,/rhf/allocations/dsci435/smithsonian_full_sp26/raw/Images_with_annotations_for_CNN_training/D1821_1_L_2024_01_22_16_22_31_New_Mex.ndpi,D1821_1_L_2024_01_22_16_22_31_New_Mex.ndpi.ndpa,bda5b1d8863e0a7c14cff1f062ffaee4a1edd317fccd2b2ba1ad3bbe5261de91,28,26,Bisaccate,Bisaccate,Bisaccate,exact,YES,circle,,
D1821_1_L_2024_01_22_16_22_31_New_Mex::record_30,D1821_1_L_2024_01_22_16_22_31_New_Mex,/rhf/allocations/dsci435/smithsonian_full_sp26/raw/Images_with_annotations_for_CNN_training/D1821_1_L_2024_01_22_16_22_31_New_Mex.ndpi,D1821_1_L_2024_01_22_16_22_31_New_Mex.ndpi.ndpa,bda5b1d8863e0a7c14cff1f062ffaee4a1edd317fccd2b2ba1ad3bbe5261de91,32,30,Quercus sp.,Quercus sp.,Quercus sp.,exact,YES,circle,,
D1821_1_L_2024_01_22_16_22_31_New_Mex::record_40,D1821_1_L_2024_01_22_16_22_31_New_Mex,/rhf/allocations/dsci435/smithsonian_full_sp26/raw/Images_with_annotations_for_CNN_training/D1821_1_L_2024_01_22_16_22_31_New_Mex.ndpi,D1821_1_L_2024_01_22_16_22_31_New_Mex.ndpi.ndpa,bda5b1d8863e0a7c14cff1f062ffaee4a1edd317fccd2b2ba1ad3bbe5261de91,42,40,Bisaccate,Bisaccate,Bisaccate,exact,YES,circle,,
D1821_1_L_2024_01_22_16_22_31_New_Mex::record_47,D1821_1_L_2024_01_22_16_22_31_New_Mex,/rhf/allocations/dsci435/smithsonian_full_sp26/raw/Images_with_annotations_for_CNN_training/D1821_1_L_2024_01_22_16_22_31_New_Mex.ndpi,D1821_1_L_2024_01_22_16_22_31_New_Mex.ndpi.ndpa,bda5b1d8863e0a7c14cff1f062ffaee4a1edd317fccd2b2ba1ad3bbe5261de91,51,47,Bisaccate,Bisaccate,Bisaccate,exact,YES,circle,,
D1821_1_L_2024_01_22_16_22_31_New_Mex::record_48,D1821_1_L_2024_01_22_16_22_31_New_Mex,/rhf/allocations/dsci435/smithsonian_full_sp26/raw/Images_with_annotations_for_CNN_training/D1821_1_L_2024_01_22_16_22_31_New_Mex.ndpi,D1821_1_L_2024_01_22_16_22_31_New_Mex.ndpi.ndpa,bda5b1d8863e0a7c14cff1f062ffaee4a1edd317fccd2b2ba1ad3bbe5261de91,52,48,Bisaccate,Bisaccate,Bisaccate,exact,YES,circle,,
D1821_1_L_2024_01_22_16_22_31_New_Mex::record_57,D1821_1_L_2024_01_22_16_22_31_New_Mex,/rhf/allocations/dsci435/smithsonian_full_sp26/raw/Images_with_annotations_for_CNN_training/D1821_1_L_2024_01_22_16_22_31_New_Mex.ndpi,D1821_1_L_2024_01_22_16_22_31_New_Mex.ndpi.ndpa,bda5b1d8863e0a7c14cff1f062ffaee4a1edd317fccd2b2ba1ad3bbe5261de91,61,57,Bisaccate,Bisaccate,Bisaccate,exact,YES,circle,,
D1821_1_L_2024_01_22_16_22_31_New_Mex::record_87,D1821_1_L_2024_01_22_16_22_31_New_Mex,/rhf/allocations/dsci435/smithsonian_full_sp26/raw/Images_with_annotations_for_CNN_training/D1821_1_L_2024_01_22_16_22_31_New_Mex.ndpi,D1821_1_L_2024_01_22_16_22_31_New_Mex.ndpi.ndpa,bda5b1d8863e0a7c14cff1f062ffaee4a1edd317fccd2b2ba1ad3bbe5261de91,91,87,Ulmipollenites sp.,Ulmipollenites sp.,Ulmipollenites sp.,exact,YES,circle,,
D1821_1_L_2024_01_22_16_22_31_New_Mex::record_91,D1821_1_L_2024_01_22_16_22_31_New_Mex,/rhf/allocations/dsci435/smithsonian_full_sp26/raw/Images_with_annotations_for_CNN_training/D1821_1_L_2024_01_22_16_22_31_New_Mex.ndpi,D1821_1_L_2024_01_22_16_22_31_New_Mex.ndpi.ndpa,bda5b1d8863e0a7c14cff1f062ffaee4a1edd317fccd2b2ba1ad3bbe5261de91,95,91,Arecipites sp.,Arecipites sp.,Arecipites sp.,exact,YES,circle,,
D1821_1_L_2024_01_22_16_22_31_New_Mex::record_92,D1821_1_L_2024_01_22_16_22_31_New_Mex,/rhf/allocations/dsci435/smithsonian_full_sp26/raw/Images_with_annotations_for_CNN_training/D1821_1_L_2024_01_22_16_22_31_New_Mex.ndpi,D1821_1_L_2024_01_22_16_22_31_New_Mex.ndpi.ndpa,bda5b1d8863e0a7c14cff1f062ffaee4a1edd317fccd2b2ba1ad3bbe5261de91,96,92,Betulaceae,Betulaceae,Betulaceae,exact,YES,circle,,
D1821_1_L_2024_01_22_16_22_31_New_Mex::record_93,D1821_1_L_2024_01_22_16_22_31_New_Mex,/rhf/allocations/dsci435/smithsonian_full_sp26/raw/Images_with_annotations_for_CNN_training/D1821_1_L_2024_01_22_16_22_31_New_Mex.ndpi,D1821_1_L_2024_01_22_16_22_31_New_Mex.ndpi.ndpa,bda5b1d8863e0a7c14cff1f062ffaee4a1edd317fccd2b2ba1ad3bbe5261de91,97,93,Bisaccate,Bisaccate,Bisaccate,exact,YES,circle,,
D1821_1_L_2024_01_22_16_22_31_New_Mex::record_94,D1821_1_L_2024_01_22_16_22_31_New_Mex,/rhf/allocations/dsci435/smithsonian_full_sp26/raw/Images_with_annotations_for_CNN_training/D1821_1_L_2024_01_22_16_22_31_New_Mex.ndpi,D1821_1_L_2024_01_22_16_22_31_New_Mex.ndpi.ndpa,bda5b1d8863e0a7c14cff1f062ffaee4a1edd317fccd2b2ba1ad3bbe5261de91,98,94,Quercus sp.,Quercus sp.,Quercus sp.,exact,YES,circle,,
D1821_1_L_2024_01_22_16_22_31_New_Mex::record_97,D1821_1_L_2024_01_22_16_22_31_New_Mex,/rhf/allocations/dsci435/smithsonian_full_sp26/raw/Images_with_annotations_for_CNN_training/D1821_1_L_2024_01_22_16_22_31_New_Mex.ndpi,D1821_1_L_2024_01_22_16_22_31_New_Mex.ndpi.ndpa,bda5b1d8863e0a7c14cff1f062ffaee4a1edd317fccd2b2ba1ad3bbe5261de91,101,97,Quercus sp.,Quercus sp.,Quercus sp.,exact,YES,circle,,
D1821_1_L_2024_01_22_16_22_31_New_Mex::record_98,D1821_1_L_2024_01_22_16_22_31_New_Mex,/rhf/allocations/dsci435/smithsonian_full_sp26/raw/Images_with_annotations_for_CNN_training/D1821_1_L_2024_01_22_16_22_31_New_Mex.ndpi,D1821_1_L_2024_01_22_16_22_31_New_Mex.ndpi.ndpa,bda5b1d8863e0a7c14cff1f062ffaee4a1edd317fccd2b2ba1ad3bbe5261de91,102,98,Momipites wyomingensis,Momipites wyomingensis,Momipites wyomingensis,exact,YES,circle,,
D1821_1_L_2024_01_22_16_22_31_New_Mex::record_100,D1821_1_L_2024_01_22_16_22_31_New_Mex,/rhf/allocations/dsci435/smithsonian_full_sp26/raw/Images_with_annotations_for_CNN_training/D1821_1_L_2024_01_22_16_22_31_New_Mex.ndpi,D1821_1_L_2024_01_22_16_22_31_New_Mex.ndpi.ndpa,bda5b1d8863e0a7c14cff1f062ffaee4a1edd317fccd2b2ba1ad3bbe5261de91,104,100,Ulmoideipites sp.,Ulmoideipites sp.,Ulmipollenites sp.,exact,YES,circle,,
D1821_1_L_2024_01_22_16_22_31_New_Mex::record_101,D1821_1_L_2024_01_22_16_22_31_New_Mex,/rhf/allocations/dsci435/smithsonian_full_sp26/raw/Images_with_annotations_for_CNN_training/D1821_1_L_2024_01_22_16_22_31_New_Mex.ndpi,D1821_1_L_2024_01_22_16_22_31_New_Mex.ndpi.ndpa,bda5b1d8863e0a7c14cff1f062ffaee4a1edd317fccd2b2ba1ad3bbe5261de91,105,101,Tiliapollenites sp.,Tiliapollenites sp.,Bombacacidites sp.,exact,YES,circle,,
D1821_1_L_2024_01_22_16_22_31_New_Mex::record_102,D1821_1_L_2024_01_22_16_22_31_New_Mex,/rhf/allocations/dsci435/smithsonian_full_sp26/raw/Images_with_annotations_for_CNN_training/D1821_1_L_2024_01_22_16_22_31_New_Mex.ndpi,D1821_1_L_2024_01_22_16_22_31_New_Mex.ndpi.ndpa,bda5b1d8863e0a7c14cff1f062ffaee4a1edd317fccd2b2ba1ad3bbe5261de91,106,102,Ulmipollenites tricostatus,Ulmipollenites tricostatus,Ulmipollenites sp.,exact,YES,circle,,
D1821_1_L_2024_01_22_16_22_31_New_Mex::record_103,D1821_1_L_2024_01_22_16_22_31_New_Mex,/rhf/allocations/dsci435/smithsonian_full_sp26/raw/Images_with_annotations_for_CNN_training/D1821_1_L_2024_01_22_16_22_31_New_Mex.ndpi,D1821_1_L_2024_01_22_16_22_31_New_Mex.ndpi.ndpa,bda5b1d8863e0a7c14cff1f062ffaee4a1edd317fccd2b2ba1ad3bbe5261de91,107,103,Myrtaceae type,Myrtaceae type,Nudopollis sp.,exact,YES,circle,,
D1821_1_L_2024_01_22_16_22_31_New_Mex::record_104,D1821_1_L_2024_01_22_16_22_31_New_Mex,/rhf/allocations/dsci435/smithsonian_full_sp26/raw/Images_with_annotations_for_CNN_training/D1821_1_L_2024_01_22_16_22_31_New_Mex.ndpi,D1821_1_L_2024_01_22_16_22_31_New_Mex.ndpi.ndpa,bda5b1d8863e0a7c14cff1f062ffaee4a1edd317fccd2b2ba1ad3bbe5261de91,108,104,Deltoidospora sp.,Deltoidospora sp.,Psilatriletes sp.,exact,YES,circle,,
D1821_1_L_2024_01_22_16_22_31_New_Mex::record_105,D1821_1_L_2024_01_22_16_22_31_New_Mex,/rhf/allocations/dsci435/smithsonian_full_sp26/raw/Images_with_annotations_for_CNN_training/D1821_1_L_2024_01_22_16_22_31_New_Mex.ndpi,D1821_1_L_2024_01_22_16_22_31_New_Mex.ndpi.ndpa,bda5b1d8863e0a7c14cff1f062ffaee4a1edd317fccd2b2ba1ad3bbe5261de91,109,105,Ulmipollenites sp.,Ulmipollenites sp.,Ulmipollenites sp.,exact,YES,circle,,
D1821_1_L_2024_01_22_16_22_31_New_Mex::record_106,D1821_1_L_2024_01_22_16_22_31_New_Mex,/rhf/allocations/dsci435/smithsonian_full_sp26/raw/Images_with_annotations_for_CNN_training/D1821_1_L_2024_01_22_16_22_31_New_Mex.ndpi,D1821_1_L_2024_01_22_16_22_31_New_Mex.ndpi.ndpa,bda5b1d8863e0a7c14cff1f062ffaee4a1edd317fccd2b2ba1ad3bbe5261de91,110,106,Ulmipollenites sp.,Ulmipollenites sp.,Ulmipollenites sp.,exact,YES,circle,,
D1821_1_L_2024_01_22_16_22_31_New_Mex::record_107,D1821_1_L_2024_01_22_16_22_31_New_Mex,/rhf/allocations/dsci435/smithsonian_full_sp26/raw/Images_with_annotations_for_CNN_training/D1821_1_L_2024_01_22_16_22_31_New_Mex.ndpi,D1821_1_L_2024_01_22_16_22_31_New_Mex.ndpi.ndpa,bda5b1d8863e0a7c14cff1f062ffaee4a1edd317fccd2b2ba1ad3bbe5261de91,111,107,Alnipollenites sp.,Alnipollenites sp.,Alnipollenites verus,exact,YES,circle,,
D1821_1_R_2024_01_23_15_01_49_New_Mex::record_5,D1821_1_R_2024_01_23_15_01_49_New_Mex,/rhf/allocations/dsci435/smithsonian_full_sp26/raw/Images_with_annotations_for_CNN_training/D1821_1_R_2024_01_23_15_01_49_New_Mex.ndpi,D1821_1_R_2024_01_23_15_01_49_New_Mex.ndpi.ndpa,70a46122717e49ec1560c0bdf580a2da8530cbea06bde48463991a647f3ec176,6,5,Myrtaceae type,Myrtaceae type,Nudopollis sp.,exact,YES,circle,,
D1821_1_R_2024_01_23_15_01_49_New_Mex::record_11,D1821_1_R_2024_01_23_15_01_49_New_Mex,/rhf/allocations/dsci435/smithsonian_full_sp26/raw/Images_with_annotations_for_CNN_training/D1821_1_R_2024_01_23_15_01_49_New_Mex.ndpi,D1821_1_R_2024_01_23_15_01_49_New_Mex.ndpi.ndpa,70a46122717e49ec1560c0bdf580a2da8530cbea06bde48463991a647f3ec176,12,11,Tiliapollenites sp.,Tiliapollenites sp.,Bombacacidites sp.,exact,YES,circle,,
D1821_1_R_2024_01_23_15_01_49_New_Mex::record_13,D1821_1_R_2024_01_23_15_01_49_New_Mex,/rhf/allocations/dsci435/smithsonian_full_sp26/raw/Images_with_annotations_for_CNN_training/D1821_1_R_2024_01_23_15_01_49_New_Mex.ndpi,D1821_1_R_2024_01_23_15_01_49_New_Mex.ndpi.ndpa,70a46122717e49ec1560c0bdf580a2da8530cbea06bde48463991a647f3ec176,14,13,Ulmipollenites sp.,Ulmipollenites sp.,Ulmipollenites sp.,exact,YES,circle,,
D1821_1_R_2024_01_23_15_01_49_New_Mex::record_16,D1821_1_R_2024_01_23_15_01_49_New_Mex,/rhf/allocations/dsci435/smithsonian_full_sp26/raw/Images_with_annotations_for_CNN_training/D1821_1_R_2024_01_23_15_01_49_New_Mex.ndpi,D1821_1_R_2024_01_23_15_01_49_New_Mex.ndpi.ndpa,70a46122717e49ec1560c0bdf580a2da8530cbea06bde48463991a647f3ec176,17,16,Tiliapollenites sp.,Tiliapollenites sp.,Bombacacidites sp.,exact,YES,circle,,
D1821_1_R_2024_01_23_15_01_49_New_Mex::record_33,D1821_1_R_2024_01_23_15_01_49_New_Mex,/rhf/allocations/dsci435/smithsonian_full_sp26/raw/Images_with_annotations_for_CNN_training/D1821_1_R_2024_01_23_15_01_49_New_Mex.ndpi,D1821_1_R_2024_01_23_15_01_49_New_Mex.ndpi.ndpa,70a46122717e49ec1560c0bdf580a2da8530cbea06bde48463991a647f3ec176,34,33,Myrtaceae type,Myrtaceae type,Nudopollis sp.,exact,YES,circle,,
D1821_1_R_2024_01_23_15_01_49_New_Mex::record_39,D1821_1_R_2024_01_23_15_01_49_New_Mex,/rhf/allocations/dsci435/smithsonian_full_sp26/raw/Images_with_annotations_for_CNN_training/D1821_1_R_2024_01_23_15_01_49_New_Mex.ndpi,D1821_1_R_2024_01_23_15_01_49_New_Mex.ndpi.ndpa,70a46122717e49ec1560c0bdf580a2da8530cbea06bde48463991a647f3ec176,40,39,Ulmipollenites sp.,Ulmipollenites sp.,Ulmipollenites sp.,exact,YES,circle,,
D1821_1_R_2024_01_23_15_01_49_New_Mex::record_43,D1821_1_R_2024_01_23_15_01_49_New_Mex,/rhf/allocations/dsci435/smithsonian_full_sp26/raw/Images_with_annotations_for_CNN_training/D1821_1_R_2024_01_23_15_01_49_New_Mex.ndpi,D1821_1_R_2024_01_23_15_01_49_New_Mex.ndpi.ndpa,70a46122717e49ec1560c0bdf580a2da8530cbea06bde48463991a647f3ec176,44,43,Betulaceae,Betulaceae,Betulaceae,exact,YES,circle,,
D1821_1_R_2024_01_23_15_01_49_New_Mex::record_44,D1821_1_R_2024_01_23_15_01_49_New_Mex,/rhf/allocations/dsci435/smithsonian_full_sp26/raw/Images_with_annotations_for_CNN_training/D1821_1_R_2024_01_23_15_01_49_New_Mex.ndpi,D1821_1_R_2024_01_23_15_01_49_New_Mex.ndpi.ndpa,70a46122717e49ec1560c0bdf580a2da8530cbea06bde48463991a647f3ec176,45,44,Ulmipollenites sp.,Ulmipollenites sp.,Ulmipollenites sp.,exact,YES,circle,,
D1821_1_R_2024_01_23_15_01_49_New_Mex::record_47,D1821_1_R_2024_01_23_15_01_49_New_Mex,/rhf/allocations/dsci435/smithsonian_full_sp26/raw/Images_with_annotations_for_CNN_training/D1821_1_R_2024_01_23_15_01_49_New_Mex.ndpi,D1821_1_R_2024_01_23_15_01_49_New_Mex.ndpi.ndpa,70a46122717e49ec1560c0bdf580a2da8530cbea06bde48463991a647f3ec176,48,47,Ulmipollenites sp.,Ulmipollenites sp.,Ulmipollenites sp.,exact,YES,circle,,
D1821_1_R_2024_01_23_15_01_49_New_Mex::record_49,D1821_1_R_2024_01_23_15_01_49_New_Mex,/rhf/allocations/dsci435/smithsonian_full_sp26/raw/Images_with_annotations_for_CNN_training/D1821_1_R_2024_01_23_15_01_49_New_Mex.ndpi,D1821_1_R_2024_01_23_15_01_49_New_Mex.ndpi.ndpa,70a46122717e49ec1560c0bdf580a2da8530cbea06bde48463991a647f3ec176,50,49,Ulmipollenites sp.,Ulmipollenites sp.,Ulmipollenites sp.,exact,YES,circle,,
D1821_1_R_2024_01_23_15_01_49_New_Mex::record_50,D1821_1_R_2024_01_23_15_01_49_New_Mex,/rhf/allocations/dsci435/smithsonian_full_sp26/raw/Images_with_annotations_for_CNN_training/D1821_1_R_2024_01_23_15_01_49_New_Mex.ndpi,D1821_1_R_2024_01_23_15_01_49_New_Mex.ndpi.ndpa,70a46122717e49ec1560c0bdf580a2da8530cbea06bde48463991a647f3ec176,51,50,Betulaceae,Betulaceae,Betulaceae,exact,YES,circle,,
D1821_1_R_2024_01_23_15_01_49_New_Mex::record_72,D1821_1_R_2024_01_23_15_01_49_New_Mex,/rhf/allocations/dsci435/smithsonian_full_sp26/raw/Images_with_annotations_for_CNN_training/D1821_1_R_2024_01_23_15_01_49_New_Mex.ndpi,D1821_1_R_2024_01_23_15_01_49_New_Mex.ndpi.ndpa,70a46122717e49ec1560c0bdf580a2da8530cbea06bde48463991a647f3ec176,73,72,Bipol,Bipol,Bisaccate,exact,YES,circle,,
D1821_1_R_2024_01_23_15_01_49_New_Mex::record_74,D1821_1_R_2024_01_23_15_01_49_New_Mex,/rhf/allocations/dsci435/smithsonian_full_sp26/raw/Images_with_annotations_for_CNN_training/D1821_1_R_2024_01_23_15_01_49_New_Mex.ndpi,D1821_1_R_2024_01_23_15_01_49_New_Mex.ndpi.ndpa,70a46122717e49ec1560c0bdf580a2da8530cbea06bde48463991a647f3ec176,75,74,Deltoidospora sp.,Deltoidospora sp.,Psilatriletes sp.,exact,YES,circle,,
D3869-1_L_2024_02_20_12_12_54_Wyoming::record_2,D3869-1_L_2024_02_20_12_12_54_Wyoming,/rhf/allocations/dsci435/smithsonian_full_sp26/raw/Images_with_annotations_for_CNN_training/D3869-1_L_2024_02_20_12_12_54_Wyoming.ndpi,D3869-1_L_2024_02_20_12_12_54_Wyoming.ndpi.ndpa,9b0cfdcfc8e3806b059590eaaffb1227cd08dbee7699ccb3710ed067c5fd5f87,3,2,Bipol,Bipol,Bisaccate,exact,YES,circle,,
D3869-1_L_2024_02_20_12_12_54_Wyoming::record_11,D3869-1_L_2024_02_20_12_12_54_Wyoming,/rhf/allocations/dsci435/smithsonian_full_sp26/raw/Images_with_annotations_for_CNN_training/D3869-1_L_2024_02_20_12_12_54_Wyoming.ndpi,D3869-1_L_2024_02_20_12_12_54_Wyoming.ndpi.ndpa,9b0cfdcfc8e3806b059590eaaffb1227cd08dbee7699ccb3710ed067c5fd5f87,12,11,Bipol,Bipol,Bisaccate,exact,YES,circle,,
D3869-1_L_2024_02_20_12_12_54_Wyoming::record_12,D3869-1_L_2024_02_20_12_12_54_Wyoming,/rhf/allocations/dsci435/smithsonian_full_sp26/raw/Images_with_annotations_for_CNN_training/D3869-1_L_2024_02_20_12_12_54_Wyoming.ndpi,D3869-1_L_2024_02_20_12_12_54_Wyoming.ndpi.ndpa,9b0cfdcfc8e3806b059590eaaffb1227cd08dbee7699ccb3710ed067c5fd5f87,13,12,Bipol,Bipol,Bisaccate,exact,YES,circle,,
D3869-1_L_2024_02_20_12_12_54_Wyoming::record_14,D3869-1_L_2024_02_20_12_12_54_Wyoming,/rhf/allocations/dsci435/smithsonian_full_sp26/raw/Images_with_annotations_for_CNN_training/D3869-1_L_2024_02_20_12_12_54_Wyoming.ndpi,D3869-1_L_2024_02_20_12_12_54_Wyoming.ndpi.ndpa,9b0cfdcfc8e3806b059590eaaffb1227cd08dbee7699ccb3710ed067c5fd5f87,15,14,Psilatricolpites sp.,Psilatricolpites sp.,Psilatricolpites sp.,exact,YES,circle,,
D3869-1_L_2024_02_20_12_12_54_Wyoming::record_15,D3869-1_L_2024_02_20_12_12_54_Wyoming,/rhf/allocations/dsci435/smithsonian_full_sp26/raw/Images_with_annotations_for_CNN_training/D3869-1_L_2024_02_20_12_12_54_Wyoming.ndpi,D3869-1_L_2024_02_20_12_12_54_Wyoming.ndpi.ndpa,9b0cfdcfc8e3806b059590eaaffb1227cd08dbee7699ccb3710ed067c5fd5f87,16,15,Bipol,Bipol,Bisaccate,exact,YES,circle,,
D3869-1_L_2024_02_20_12_12_54_Wyoming::record_18,D3869-1_L_2024_02_20_12_12_54_Wyoming,/rhf/allocations/dsci435/smithsonian_full_sp26/raw/Images_with_annotations_for_CNN_training/D3869-1_L_2024_02_20_12_12_54_Wyoming.ndpi,D3869-1_L_2024_02_20_12_12_54_Wyoming.ndpi.ndpa,9b0cfdcfc8e3806b059590eaaffb1227cd08dbee7699ccb3710ed067c5fd5f87,19,18,Bipol,Bipol,Bisaccate,exact,YES,circle,,
D3869-1_L_2024_02_20_12_12_54_Wyoming::record_22,D3869-1_L_2024_02_20_12_12_54_Wyoming,/rhf/allocations/dsci435/smithsonian_full_sp26/raw/Images_with_annotations_for_CNN_training/D3869-1_L_2024_02_20_12_12_54_Wyoming.ndpi,D3869-1_L_2024_02_20_12_12_54_Wyoming.ndpi.ndpa,9b0cfdcfc8e3806b059590eaaffb1227cd08dbee7699ccb3710ed067c5fd5f87,23,22,Bipol,Bipol,Bisaccate,exact,YES,circle,,
D3869-1_L_2024_02_20_12_12_54_Wyoming::record_23,D3869-1_L_2024_02_20_12_12_54_Wyoming,/rhf/allocations/dsci435/smithsonian_full_sp26/raw/Images_with_annotations_for_CNN_training/D3869-1_L_2024_02_20_12_12_54_Wyoming.ndpi,D3869-1_L_2024_02_20_12_12_54_Wyoming.ndpi.ndpa,9b0cfdcfc8e3806b059590eaaffb1227cd08dbee7699ccb3710ed067c5fd5f87,24,23,Bipol,Bipol,Bisaccate,exact,YES,circle,,
D3869-1_L_2024_02_20_12_12_54_Wyoming::record_26,D3869-1_L_2024_02_20_12_12_54_Wyoming,/rhf/allocations/dsci435/smithsonian_full_sp26/raw/Images_with_annotations_for_CNN_training/D3869-1_L_2024_02_20_12_12_54_Wyoming.ndpi,D3869-1_L_2024_02_20_12_12_54_Wyoming.ndpi.ndpa,9b0cfdcfc8e3806b059590eaaffb1227cd08dbee7699ccb3710ed067c5fd5f87,27,26,Bipol,Bipol,Bisaccate,exact,YES,circle,,
D3869-1_L_2024_02_20_12_12_54_Wyoming::record_27,D3869-1_L_2024_02_20_12_12_54_Wyoming,/rhf/allocations/dsci435/smithsonian_full_sp26/raw/Images_with_annotations_for_CNN_training/D3869-1_L_2024_02_20_12_12_54_Wyoming.ndpi,D3869-1_L_2024_02_20_12_12_54_Wyoming.ndpi.ndpa,9b0cfdcfc8e3806b059590eaaffb1227cd08dbee7699ccb3710ed067c5fd5f87,28,27,Bipol,Bipol,Bisaccate,exact,YES,circle,,
D3869-1_L_2024_02_20_12_12_54_Wyoming::record_28,D3869-1_L_2024_02_20_12_12_54_Wyoming,/rhf/allocations/dsci435/smithsonian_full_sp26/raw/Images_with_annotations_for_CNN_training/D3869-1_L_2024_02_20_12_12_54_Wyoming.ndpi,D3869-1_L_2024_02_20_12_12_54_Wyoming.ndpi.ndpa,9b0cfdcfc8e3806b059590eaaffb1227cd08dbee7699ccb3710ed067c5fd5f87,29,28,Bipol,Bipol,Bisaccate,exact,YES,circle,,
D3869-1_L_2024_02_20_12_12_54_Wyoming::record_29,D3869-1_L_2024_02_20_12_12_54_Wyoming,/rhf/allocations/dsci435/smithsonian_full_sp26/raw/Images_with_annotations_for_CNN_training/D3869-1_L_2024_02_20_12_12_54_Wyoming.ndpi,D3869-1_L_2024_02_20_12_12_54_Wyoming.ndpi.ndpa,9b0cfdcfc8e3806b059590eaaffb1227cd08dbee7699ccb3710ed067c5fd5f87,30,29,Bipol,Bipol,Bisaccate,exact,YES,circle,,
D3869-1_L_2024_02_20_12_12_54_Wyoming::record_30,D3869-1_L_2024_02_20_12_12_54_Wyoming,/rhf/allocations/dsci435/smithsonian_full_sp26/raw/Images_with_annotations_for_CNN_training/D3869-1_L_2024_02_20_12_12_54_Wyoming.ndpi,D3869-1_L_2024_02_20_12_12_54_Wyoming.ndpi.ndpa,9b0cfdcfc8e3806b059590eaaffb1227cd08dbee7699ccb3710ed067c5fd5f87,31,30,Bipol,Bipol,Bisaccate,exact,YES,circle,,
D3869-1_L_2024_02_20_12_12_54_Wyoming::record_32,D3869-1_L_2024_02_20_12_12_54_Wyoming,/rhf/allocations/dsci435/smithsonian_full_sp26/raw/Images_with_annotations_for_CNN_training/D3869-1_L_2024_02_20_12_12_54_Wyoming.ndpi,D3869-1_L_2024_02_20_12_12_54_Wyoming.ndpi.ndpa,9b0cfdcfc8e3806b059590eaaffb1227cd08dbee7699ccb3710ed067c5fd5f87,33,32,Bipol,Bipol,Bisaccate,exact,YES,circle,,
D3869-1_L_2024_02_20_12_12_54_Wyoming::record_33,D3869-1_L_2024_02_20_12_12_54_Wyoming,/rhf/allocations/dsci435/smithsonian_full_sp26/raw/Images_with_annotations_for_CNN_training/D3869-1_L_2024_02_20_12_12_54_Wyoming.ndpi,D3869-1_L_2024_02_20_12_12_54_Wyoming.ndpi.ndpa,9b0cfdcfc8e3806b059590eaaffb1227cd08dbee7699ccb3710ed067c5fd5f87,34,33,Bipol,Bipol,Bisaccate,exact,YES,circle,,
D3869-1_L_2024_02_20_12_12_54_Wyoming::record_35,D3869-1_L_2024_02_20_12_12_54_Wyoming,/rhf/allocations/dsci435/smithsonian_full_sp26/raw/Images_with_annotations_for_CNN_training/D3869-1_L_2024_02_20_12_12_54_Wyoming.ndpi,D3869-1_L_2024_02_20_12_12_54_Wyoming.ndpi.ndpa,9b0cfdcfc8e3806b059590eaaffb1227cd08dbee7699ccb3710ed067c5fd5f87,36,35,Bipol,Bipol,Bisaccate,exact,YES,circle,,
D3869-1_L_2024_02_20_12_12_54_Wyoming::record_36,D3869-1_L_2024_02_20_12_12_54_Wyoming,/rhf/allocations/dsci435/smithsonian_full_sp26/raw/Images_with_annotations_for_CNN_training/D3869-1_L_2024_02_20_12_12_54_Wyoming.ndpi,D3869-1_L_2024_02_20_12_12_54_Wyoming.ndpi.ndpa,9b0cfdcfc8e3806b059590eaaffb1227cd08dbee7699ccb3710ed067c5fd5f87,37,36,Bipol,Bipol,Bisaccate,exact,YES,circle,,
D3869-1_L_2024_02_20_12_12_54_Wyoming::record_38,D3869-1_L_2024_02_20_12_12_54_Wyoming,/rhf/allocations/dsci435/smithsonian_full_sp26/raw/Images_with_annotations_for_CNN_training/D3869-1_L_2024_02_20_12_12_54_Wyoming.ndpi,D3869-1_L_2024_02_20_12_12_54_Wyoming.ndpi.ndpa,9b0cfdcfc8e3806b059590eaaffb1227cd08dbee7699ccb3710ed067c5fd5f87,39,38,Bipol,Bipol,Bisaccate,exact,YES,circle,,
D3869-1_L_2024_02_20_12_12_54_Wyoming::record_46,D3869-1_L_2024_02_20_12_12_54_Wyoming,/rhf/allocations/dsci435/smithsonian_full_sp26/raw/Images_with_annotations_for_CNN_training/D3869-1_L_2024_02_20_12_12_54_Wyoming.ndpi,D3869-1_L_2024_02_20_12_12_54_Wyoming.ndpi.ndpa,9b0cfdcfc8e3806b059590eaaffb1227cd08dbee7699ccb3710ed067c5fd5f87,47,46,Bipol,Bipol,Bisaccate,exact,YES,circle,,
D3869-1_L_2024_02_20_12_12_54_Wyoming::record_47,D3869-1_L_2024_02_20_12_12_54_Wyoming,/rhf/allocations/dsci435/smithsonian_full_sp26/raw/Images_with_annotations_for_CNN_training/D3869-1_L_2024_02_20_12_12_54_Wyoming.ndpi,D3869-1_L_2024_02_20_12_12_54_Wyoming.ndpi.ndpa,9b0cfdcfc8e3806b059590eaaffb1227cd08dbee7699ccb3710ed067c5fd5f87,48,47,Bipol,Bipol,Bisaccate,exact,YES,circle,,
D3869-1_L_2024_02_20_12_12_54_Wyoming::record_52,D3869-1_L_2024_02_20_12_12_54_Wyoming,/rhf/allocations/dsci435/smithsonian_full_sp26/raw/Images_with_annotations_for_CNN_training/D3869-1_L_2024_02_20_12_12_54_Wyoming.ndpi,D3869-1_L_2024_02_20_12_12_54_Wyoming.ndpi.ndpa,9b0cfdcfc8e3806b059590eaaffb1227cd08dbee7699ccb3710ed067c5fd5f87,53,52,Bipol,Bipol,Bisaccate,exact,YES,circle,,
D3869-1_L_2024_02_20_12_12_54_Wyoming::record_58,D3869-1_L_2024_02_20_12_12_54_Wyoming,/rhf/allocations/dsci435/smithsonian_full_sp26/raw/Images_with_annotations_for_CNN_training/D3869-1_L_2024_02_20_12_12_54_Wyoming.ndpi,D3869-1_L_2024_02_20_12_12_54_Wyoming.ndpi.ndpa,9b0cfdcfc8e3806b059590eaaffb1227cd08dbee7699ccb3710ed067c5fd5f87,59,58,Bipol,Bipol,Bisaccate,exact,YES,circle,,
D3869-1_L_2024_02_20_12_12_54_Wyoming::record_62,D3869-1_L_2024_02_20_12_12_54_Wyoming,/rhf/allocations/dsci435/smithsonian_full_sp26/raw/Images_with_annotations_for_CNN_training/D3869-1_L_2024_02_20_12_12_54_Wyoming.ndpi,D3869-1_L_2024_02_20_12_12_54_Wyoming.ndpi.ndpa,9b0cfdcfc8e3806b059590eaaffb1227cd08dbee7699ccb3710ed067c5fd5f87,63,62,Bipol,Bipol,Bisaccate,exact,YES,circle,,
D3869-1_R_2024_02_20_17_53_41_Wyoming::record_2,D3869-1_R_2024_02_20_17_53_41_Wyoming,/rhf/allocations/dsci435/smithsonian_full_sp26/raw/Images_with_annotations_for_CNN_training/D3869-1_R_2024_02_20_17_53_41_Wyoming.ndpi,D3869-1_R_2024_02_20_17_53_41_Wyoming.ndpi.ndpa,daab92dd3ed7f2c6dbd075f4a1b63b983230b0a5268fa21473a22e711cd04b04,3,2,Bipol,Bipol,Bisaccate,exact,YES,circle,,
D3869-1_R_2024_02_20_17_53_41_Wyoming::record_3,D3869-1_R_2024_02_20_17_53_41_Wyoming,/rhf/allocations/dsci435/smithsonian_full_sp26/raw/Images_with_annotations_for_CNN_training/D3869-1_R_2024_02_20_17_53_41_Wyoming.ndpi,D3869-1_R_2024_02_20_17_53_41_Wyoming.ndpi.ndpa,daab92dd3ed7f2c6dbd075f4a1b63b983230b0a5268fa21473a22e711cd04b04,4,3,Bipol,Bipol,Bisaccate,exact,YES,circle,,
D3869-1_R_2024_02_20_17_53_41_Wyoming::record_4,D3869-1_R_2024_02_20_17_53_41_Wyoming,/rhf/allocations/dsci435/smithsonian_full_sp26/raw/Images_with_annotations_for_CNN_training/D3869-1_R_2024_02_20_17_53_41_Wyoming.ndpi,D3869-1_R_2024_02_20_17_53_41_Wyoming.ndpi.ndpa,daab92dd3ed7f2c6dbd075f4a1b63b983230b0a5268fa21473a22e711cd04b04,5,4,Bipol,Bipol,Bisaccate,exact,YES,circle,,
D3869-1_R_2024_02_20_17_53_41_Wyoming::record_5,D3869-1_R_2024_02_20_17_53_41_Wyoming,/rhf/allocations/dsci435/smithsonian_full_sp26/raw/Images_with_annotations_for_CNN_training/D3869-1_R_2024_02_20_17_53_41_Wyoming.ndpi,D3869-1_R_2024_02_20_17_53_41_Wyoming.ndpi.ndpa,daab92dd3ed7f2c6dbd075f4a1b63b983230b0a5268fa21473a22e711cd04b04,6,5,Bipol,Bipol,Bisaccate,exact,YES,circle,,
D3869-1_R_2024_02_20_17_53_41_Wyoming::record_6,D3869-1_R_2024_02_20_17_53_41_Wyoming,/rhf/allocations/dsci435/smithsonian_full_sp26/raw/Images_with_annotations_for_CNN_training/D3869-1_R_2024_02_20_17_53_41_Wyoming.ndpi,D3869-1_R_2024_02_20_17_53_41_Wyoming.ndpi.ndpa,daab92dd3ed7f2c6dbd075f4a1b63b983230b0a5268fa21473a22e711cd04b04,7,6,Bipol,Bipol,Bisaccate,exact,YES,circle,,
D3869-1_R_2024_02_20_17_53_41_Wyoming::record_7,D3869-1_R_2024_02_20_17_53_41_Wyoming,/rhf/allocations/dsci435/smithsonian_full_sp26/raw/Images_with_annotations_for_CNN_training/D3869-1_R_2024_02_20_17_53_41_Wyoming.ndpi,D3869-1_R_2024_02_20_17_53_41_Wyoming.ndpi.ndpa,daab92dd3ed7f2c6dbd075f4a1b63b983230b0a5268fa21473a22e711cd04b04,8,7,Bipol,Bipol,Bisaccate,exact,YES,circle,,
D3869-1_R_2024_02_20_17_53_41_Wyoming::record_8,D3869-1_R_2024_02_20_17_53_41_Wyoming,/rhf/allocations/dsci435/smithsonian_full_sp26/raw/Images_with_annotations_for_CNN_training/D3869-1_R_2024_02_20_17_53_41_Wyoming.ndpi,D3869-1_R_2024_02_20_17_53_41_Wyoming.ndpi.ndpa,daab92dd3ed7f2c6dbd075f4a1b63b983230b0a5268fa21473a22e711cd04b04,9,8,Bipol,Bipol,Bisaccate,exact,YES,circle,,
D3869-1_R_2024_02_20_17_53_41_Wyoming::record_9,D3869-1_R_2024_02_20_17_53_41_Wyoming,/rhf/allocations/dsci435/smithsonian_full_sp26/raw/Images_with_annotations_for_CNN_training/D3869-1_R_2024_02_20_17_53_41_Wyoming.ndpi,D3869-1_R_2024_02_20_17_53_41_Wyoming.ndpi.ndpa,daab92dd3ed7f2c6dbd075f4a1b63b983230b0a5268fa21473a22e711cd04b04,10,9,Bipol,Bipol,Bisaccate,exact,YES,circle,,
D3869-1_R_2024_02_20_17_53_41_Wyoming::record_10,D3869-1_R_2024_02_20_17_53_41_Wyoming,/rhf/allocations/dsci435/smithsonian_full_sp26/raw/Images_with_annotations_for_CNN_training/D3869-1_R_2024_02_20_17_53_41_Wyoming.ndpi,D3869-1_R_2024_02_20_17_53_41_Wyoming.ndpi.ndpa,daab92dd3ed7f2c6dbd075f4a1b63b983230b0a5268fa21473a22e711cd04b04,11,10,Bipol,Bipol,Bisaccate,exact,YES,circle,,
D3869-1_R_2024_02_20_17_53_41_Wyoming::record_11,D3869-1_R_2024_02_20_17_53_41_Wyoming,/rhf/allocations/dsci435/smithsonian_full_sp26/raw/Images_with_annotations_for_CNN_training/D3869-1_R_2024_02_20_17_53_41_Wyoming.ndpi,D3869-1_R_2024_02_20_17_53_41_Wyoming.ndpi.ndpa,daab92dd3ed7f2c6dbd075f4a1b63b983230b0a5268fa21473a22e711cd04b04,12,11,Bipol,Bipol,Bisaccate,exact,YES,circle,,
D3869-1_R_2024_02_20_17_53_41_Wyoming::record_12,D3869-1_R_2024_02_20_17_53_41_Wyoming,/rhf/allocations/dsci435/smithsonian_full_sp26/raw/Images_with_annotations_for_CNN_training/D3869-1_R_2024_02_20_17_53_41_Wyoming.ndpi,D3869-1_R_2024_02_20_17_53_41_Wyoming.ndpi.ndpa,daab92dd3ed7f2c6dbd075f4a1b63b983230b0a5268fa21473a22e711cd04b04,13,12,Bipol,Bipol,Bisaccate,exact,YES,circle,,
D3869-1_R_2024_02_20_17_53_41_Wyoming::record_13,D3869-1_R_2024_02_20_17_53_41_Wyoming,/rhf/allocations/dsci435/smithsonian_full_sp26/raw/Images_with_annotations_for_CNN_training/D3869-1_R_2024_02_20_17_53_41_Wyoming.ndpi,D3869-1_R_2024_02_20_17_53_41_Wyoming.ndpi.ndpa,daab92dd3ed7f2c6dbd075f4a1b63b983230b0a5268fa21473a22e711cd04b04,14,13,Bipol,Bipol,Bisaccate,exact,YES,circle,,
D3869-1_R_2024_02_20_17_53_41_Wyoming::record_14,D3869-1_R_2024_02_20_17_53_41_Wyoming,/rhf/allocations/dsci435/smithsonian_full_sp26/raw/Images_with_annotations_for_CNN_training/D3869-1_R_2024_02_20_17_53_41_Wyoming.ndpi,D3869-1_R_2024_02_20_17_53_41_Wyoming.ndpi.ndpa,daab92dd3ed7f2c6dbd075f4a1b63b983230b0a5268fa21473a22e711cd04b04,15,14,Bipol,Bipol,Bisaccate,exact,YES,circle,,
D3869-1_R_2024_02_20_17_53_41_Wyoming::record_15,D3869-1_R_2024_02_20_17_53_41_Wyoming,/rhf/allocations/dsci435/smithsonian_full_sp26/raw/Images_with_annotations_for_CNN_training/D3869-1_R_2024_02_20_17_53_41_Wyoming.ndpi,D3869-1_R_2024_02_20_17_53_41_Wyoming.ndpi.ndpa,daab92dd3ed7f2c6dbd075f4a1b63b983230b0a5268fa21473a22e711cd04b04,16,15,Bipol,Bipol,Bisaccate,exact,YES,circle,,
D3869-1_R_2024_02_20_17_53_41_Wyoming::record_27,D3869-1_R_2024_02_20_17_53_41_Wyoming,/rhf/allocations/dsci435/smithsonian_full_sp26/raw/Images_with_annotations_for_CNN_training/D3869-1_R_2024_02_20_17_53_41_Wyoming.ndpi,D3869-1_R_2024_02_20_17_53_41_Wyoming.ndpi.ndpa,daab92dd3ed7f2c6dbd075f4a1b63b983230b0a5268fa21473a22e711cd04b04,28,27,Bipol,Bipol,Bisaccate,exact,YES,circle,,
D3869-1_R_2024_02_20_17_53_41_Wyoming::record_29,D3869-1_R_2024_02_20_17_53_41_Wyoming,/rhf/allocations/dsci435/smithsonian_full_sp26/raw/Images_with_annotations_for_CNN_training/D3869-1_R_2024_02_20_17_53_41_Wyoming.ndpi,D3869-1_R_2024_02_20_17_53_41_Wyoming.ndpi.ndpa,daab92dd3ed7f2c6dbd075f4a1b63b983230b0a5268fa21473a22e711cd04b04,30,29,Bipol,Bipol,Bisaccate,exact,YES,circle,,
D3869-1_R_2024_02_20_17_53_41_Wyoming::record_32,D3869-1_R_2024_02_20_17_53_41_Wyoming,/rhf/allocations/dsci435/smithsonian_full_sp26/raw/Images_with_annotations_for_CNN_training/D3869-1_R_2024_02_20_17_53_41_Wyoming.ndpi,D3869-1_R_2024_02_20_17_53_41_Wyoming.ndpi.ndpa,daab92dd3ed7f2c6dbd075f4a1b63b983230b0a5268fa21473a22e711cd04b04,33,32,Bipol,Bipol,Bisaccate,exact,YES,circle,,
D3869-1_R_2024_02_20_17_53_41_Wyoming::record_35,D3869-1_R_2024_02_20_17_53_41_Wyoming,/rhf/allocations/dsci435/smithsonian_full_sp26/raw/Images_with_annotations_for_CNN_training/D3869-1_R_2024_02_20_17_53_41_Wyoming.ndpi,D3869-1_R_2024_02_20_17_53_41_Wyoming.ndpi.ndpa,daab92dd3ed7f2c6dbd075f4a1b63b983230b0a5268fa21473a22e711cd04b04,36,35,Bipol,Bipol,Bisaccate,exact,YES,circle,,
D3869-1_R_2024_02_20_17_53_41_Wyoming::record_38,D3869-1_R_2024_02_20_17_53_41_Wyoming,/rhf/allocations/dsci435/smithsonian_full_sp26/raw/Images_with_annotations_for_CNN_training/D3869-1_R_2024_02_20_17_53_41_Wyoming.ndpi,D3869-1_R_2024_02_20_17_53_41_Wyoming.ndpi.ndpa,daab92dd3ed7f2c6dbd075f4a1b63b983230b0a5268fa21473a22e711cd04b04,39,38,Bipol,Bipol,Bisaccate,exact,YES,circle,,
D3869-1_R_2024_02_20_17_53_41_Wyoming::record_39,D3869-1_R_2024_02_20_17_53_41_Wyoming,/rhf/allocations/dsci435/smithsonian_full_sp26/raw/Images_with_annotations_for_CNN_training/D3869-1_R_2024_02_20_17_53_41_Wyoming.ndpi,D3869-1_R_2024_02_20_17_53_41_Wyoming.ndpi.ndpa,daab92dd3ed7f2c6dbd075f4a1b63b983230b0a5268fa21473a22e711cd04b04,40,39,Bipol,Bipol,Bisaccate,exact,YES,circle,,
D3869-1_R_2024_02_20_17_53_41_Wyoming::record_40,D3869-1_R_2024_02_20_17_53_41_Wyoming,/rhf/allocations/dsci435/smithsonian_full_sp26/raw/Images_with_annotations_for_CNN_training/D3869-1_R_2024_02_20_17_53_41_Wyoming.ndpi,D3869-1_R_2024_02_20_17_53_41_Wyoming.ndpi.ndpa,daab92dd3ed7f2c6dbd075f4a1b63b983230b0a5268fa21473a22e711cd04b04,41,40,Bipol,Bipol,Bisaccate,exact,YES,circle,,
D3869-1_R_2024_02_20_17_53_41_Wyoming::record_41,D3869-1_R_2024_02_20_17_53_41_Wyoming,/rhf/allocations/dsci435/smithsonian_full_sp26/raw/Images_with_annotations_for_CNN_training/D3869-1_R_2024_02_20_17_53_41_Wyoming.ndpi,D3869-1_R_2024_02_20_17_53_41_Wyoming.ndpi.ndpa,daab92dd3ed7f2c6dbd075f4a1b63b983230b0a5268fa21473a22e711cd04b04,42,41,Bipol,Bipol,Bisaccate,exact,YES,circle,,
D3869-1_R_2024_02_20_17_53_41_Wyoming::record_42,D3869-1_R_2024_02_20_17_53_41_Wyoming,/rhf/allocations/dsci435/smithsonian_full_sp26/raw/Images_with_annotations_for_CNN_training/D3869-1_R_2024_02_20_17_53_41_Wyoming.ndpi,D3869-1_R_2024_02_20_17_53_41_Wyoming.ndpi.ndpa,daab92dd3ed7f2c6dbd075f4a1b63b983230b0a5268fa21473a22e711cd04b04,43,42,Bipol,Bipol,Bisaccate,exact,YES,circle,,
D3869-1_R_2024_02_20_17_53_41_Wyoming::record_43,D3869-1_R_2024_02_20_17_53_41_Wyoming,/rhf/allocations/dsci435/smithsonian_full_sp26/raw/Images_with_annotations_for_CNN_training/D3869-1_R_2024_02_20_17_53_41_Wyoming.ndpi,D3869-1_R_2024_02_20_17_53_41_Wyoming.ndpi.ndpa,daab92dd3ed7f2c6dbd075f4a1b63b983230b0a5268fa21473a22e711cd04b04,44,43,Bipol,Bipol,Bisaccate,exact,YES,circle,,
D3869-1_R_2024_02_20_17_53_41_Wyoming::record_44,D3869-1_R_2024_02_20_17_53_41_Wyoming,/rhf/allocations/dsci435/smithsonian_full_sp26/raw/Images_with_annotations_for_CNN_training/D3869-1_R_2024_02_20_17_53_41_Wyoming.ndpi,D3869-1_R_2024_02_20_17_53_41_Wyoming.ndpi.ndpa,daab92dd3ed7f2c6dbd075f4a1b63b983230b0a5268fa21473a22e711cd04b04,45,44,Bipol,Bipol,Bisaccate,exact,YES,circle,,
D3869-1_R_2024_02_20_17_53_41_Wyoming::record_45,D3869-1_R_2024_02_20_17_53_41_Wyoming,/rhf/allocations/dsci435/smithsonian_full_sp26/raw/Images_with_annotations_for_CNN_training/D3869-1_R_2024_02_20_17_53_41_Wyoming.ndpi,D3869-1_R_2024_02_20_17_53_41_Wyoming.ndpi.ndpa,daab92dd3ed7f2c6dbd075f4a1b63b983230b0a5268fa21473a22e711cd04b04,46,45,Bipol,Bipol,Bisaccate,exact,YES,circle,,
D3869-1_R_2024_02_20_17_53_41_Wyoming::record_46,D3869-1_R_2024_02_20_17_53_41_Wyoming,/rhf/allocations/dsci435/smithsonian_full_sp26/raw/Images_with_annotations_for_CNN_training/D3869-1_R_2024_02_20_17_53_41_Wyoming.ndpi,D3869-1_R_2024_02_20_17_53_41_Wyoming.ndpi.ndpa,daab92dd3ed7f2c6dbd075f4a1b63b983230b0a5268fa21473a22e711cd04b04,47,46,Bipol,Bipol,Bisaccate,exact,YES,circle,,
D3869-1_R_2024_02_20_17_53_41_Wyoming::record_47,D3869-1_R_2024_02_20_17_53_41_Wyoming,/rhf/allocations/dsci435/smithsonian_full_sp26/raw/Images_with_annotations_for_CNN_training/D3869-1_R_2024_02_20_17_53_41_Wyoming.ndpi,D3869-1_R_2024_02_20_17_53_41_Wyoming.ndpi.ndpa,daab92dd3ed7f2c6dbd075f4a1b63b983230b0a5268fa21473a22e711cd04b04,48,47,Bipol,Bipol,Bisaccate,exact,YES,circle,,
D3869-1_R_2024_02_20_17_53_41_Wyoming::record_48,D3869-1_R_2024_02_20_17_53_41_Wyoming,/rhf/allocations/dsci435/smithsonian_full_sp26/raw/Images_with_annotations_for_CNN_training/D3869-1_R_2024_02_20_17_53_41_Wyoming.ndpi,D3869-1_R_2024_02_20_17_53_41_Wyoming.ndpi.ndpa,daab92dd3ed7f2c6dbd075f4a1b63b983230b0a5268fa21473a22e711cd04b04,49,48,Bipol,Bipol,Bisaccate,exact,YES,circle,,
D3869-1_R_2024_02_20_17_53_41_Wyoming::record_49,D3869-1_R_2024_02_20_17_53_41_Wyoming,/rhf/allocations/dsci435/smithsonian_full_sp26/raw/Images_with_annotations_for_CNN_training/D3869-1_R_2024_02_20_17_53_41_Wyoming.ndpi,D3869-1_R_2024_02_20_17_53_41_Wyoming.ndpi.ndpa,daab92dd3ed7f2c6dbd075f4a1b63b983230b0a5268fa21473a22e711cd04b04,50,49,Bipol,Bipol,Bisaccate,exact,YES,circle,,
D3869-1_R_2024_02_20_17_53_41_Wyoming::record_50,D3869-1_R_2024_02_20_17_53_41_Wyoming,/rhf/allocations/dsci435/smithsonian_full_sp26/raw/Images_with_annotations_for_CNN_training/D3869-1_R_2024_02_20_17_53_41_Wyoming.ndpi,D3869-1_R_2024_02_20_17_53_41_Wyoming.ndpi.ndpa,daab92dd3ed7f2c6dbd075f4a1b63b983230b0a5268fa21473a22e711cd04b04,51,50,Bipol,Bipol,Bisaccate,exact,YES,circle,,
D3869-1_R_2024_02_20_17_53_41_Wyoming::record_51,D3869-1_R_2024_02_20_17_53_41_Wyoming,/rhf/allocations/dsci435/smithsonian_full_sp26/raw/Images_with_annotations_for_CNN_training/D3869-1_R_2024_02_20_17_53_41_Wyoming.ndpi,D3869-1_R_2024_02_20_17_53_41_Wyoming.ndpi.ndpa,daab92dd3ed7f2c6dbd075f4a1b63b983230b0a5268fa21473a22e711cd04b04,52,51,Bipol,Bipol,Bisaccate,exact,YES,circle,,
D3869-1_R_2024_02_20_17_53_41_Wyoming::record_82,D3869-1_R_2024_02_20_17_53_41_Wyoming,/rhf/allocations/dsci435/smithsonian_full_sp26/raw/Images_with_annotations_for_CNN_training/D3869-1_R_2024_02_20_17_53_41_Wyoming.ndpi,D3869-1_R_2024_02_20_17_53_41_Wyoming.ndpi.ndpa,daab92dd3ed7f2c6dbd075f4a1b63b983230b0a5268fa21473a22e711cd04b04,83,82,Bipol,Bipol,Bisaccate,exact,YES,circle,,
D5964-1_L_2024_02_06_10_17_07_Wyoming::record_25,D5964-1_L_2024_02_06_10_17_07_Wyoming,/rhf/allocations/dsci435/smithsonian_full_sp26/raw/Images_with_annotations_for_CNN_training/D5964-1_L_2024_02_06_10_17_07_Wyoming.ndpi,D5964-1_L_2024_02_06_10_17_07_Wyoming.ndpi.ndpa,8e5a0b34c8dd41668e1cc431b7dc92cad819b5c8b9953939a86beca5ba1423fd,26,25,Momipites,Momipites,Momipites sp,exact,YES,circle,,
D5964-1_L_2024_02_06_10_17_07_Wyoming::record_39,D5964-1_L_2024_02_06_10_17_07_Wyoming,/rhf/allocations/dsci435/smithsonian_full_sp26/raw/Images_with_annotations_for_CNN_training/D5964-1_L_2024_02_06_10_17_07_Wyoming.ndpi,D5964-1_L_2024_02_06_10_17_07_Wyoming.ndpi.ndpa,8e5a0b34c8dd41668e1cc431b7dc92cad819b5c8b9953939a86beca5ba1423fd,40,39,Momipites,Momipites,Momipites sp,exact,YES,circle,,
D9151-A-2_L_2024_02_02_16_08_52_Texas::record_66,D9151-A-2_L_2024_02_02_16_08_52_Texas,/rhf/allocations/dsci435/smithsonian_full_sp26/raw/Images_with_annotations_for_CNN_training/D9151-A-2_L_2024_02_02_16_08_52_Texas.ndpi,D9151-A-2_L_2024_02_02_16_08_52_Texas.ndpi.ndpa,c2ed54366aa1fa4c22ec65ad4d27956900146ca978689151f2788d274b306cce,68,66,Momipites,Momipites,Momipites sp,exact,YES,circle,,
D9151-A-2_L_2024_02_02_16_08_52_Texas::record_173,D9151-A-2_L_2024_02_02_16_08_52_Texas,/rhf/allocations/dsci435/smithsonian_full_sp26/raw/Images_with_annotations_for_CNN_training/D9151-A-2_L_2024_02_02_16_08_52_Texas.ndpi,D9151-A-2_L_2024_02_02_16_08_52_Texas.ndpi.ndpa,c2ed54366aa1fa4c22ec65ad4d27956900146ca978689151f2788d274b306cce,175,173,Momipites,Momipites,Momipites sp,exact,YES,circle,,
D9151-A-2_L_2024_02_02_16_08_52_Texas::record_174,D9151-A-2_L_2024_02_02_16_08_52_Texas,/rhf/allocations/dsci435/smithsonian_full_sp26/raw/Images_with_annotations_for_CNN_training/D9151-A-2_L_2024_02_02_16_08_52_Texas.ndpi,D9151-A-2_L_2024_02_02_16_08_52_Texas.ndpi.ndpa,c2ed54366aa1fa4c22ec65ad4d27956900146ca978689151f2788d274b306cce,176,174,Momipites,Momipites,Momipites sp,exact,YES,circle,,
D9151-A-2_L_2024_02_02_16_08_52_Texas::record_314,D9151-A-2_L_2024_02_02_16_08_52_Texas,/rhf/allocations/dsci435/smithsonian_full_sp26/raw/Images_with_annotations_for_CNN_training/D9151-A-2_L_2024_02_02_16_08_52_Texas.ndpi,D9151-A-2_L_2024_02_02_16_08_52_Texas.ndpi.ndpa,c2ed54366aa1fa4c22ec65ad4d27956900146ca978689151f2788d274b306cce,316,314,Momipites,Momipites,Momipites sp,exact,YES,circle,,
D9151-A-2_L_2024_02_02_16_08_52_Texas::record_462,D9151-A-2_L_2024_02_02_16_08_52_Texas,/rhf/allocations/dsci435/smithsonian_full_sp26/raw/Images_with_annotations_for_CNN_training/D9151-A-2_L_2024_02_02_16_08_52_Texas.ndpi,D9151-A-2_L_2024_02_02_16_08_52_Texas.ndpi.ndpa,c2ed54366aa1fa4c22ec65ad4d27956900146ca978689151f2788d274b306cce,464,462,Momipites,Momipites,Momipites sp,exact,YES,circle,,
D9151-A-2_L_2024_02_02_16_08_52_Texas::record_481,D9151-A-2_L_2024_02_02_16_08_52_Texas,/rhf/allocations/dsci435/smithsonian_full_sp26/raw/Images_with_annotations_for_CNN_training/D9151-A-2_L_2024_02_02_16_08_52_Texas.ndpi,D9151-A-2_L_2024_02_02_16_08_52_Texas.ndpi.ndpa,c2ed54366aa1fa4c22ec65ad4d27956900146ca978689151f2788d274b306cce,483,481,Momipites,Momipites,Momipites sp,exact,YES,circle,,
D9151-A-2_L_2024_02_02_16_08_52_Texas::record_643,D9151-A-2_L_2024_02_02_16_08_52_Texas,/rhf/allocations/dsci435/smithsonian_full_sp26/raw/Images_with_annotations_for_CNN_training/D9151-A-2_L_2024_02_02_16_08_52_Texas.ndpi,D9151-A-2_L_2024_02_02_16_08_52_Texas.ndpi.ndpa,c2ed54366aa1fa4c22ec65ad4d27956900146ca978689151f2788d274b306cce,645,643,Momipites,Momipites,Momipites sp,exact,YES,circle,,
D9151-A-2_L_2024_02_02_16_08_52_Texas::record_697,D9151-A-2_L_2024_02_02_16_08_52_Texas,/rhf/allocations/dsci435/smithsonian_full_sp26/raw/Images_with_annotations_for_CNN_training/D9151-A-2_L_2024_02_02_16_08_52_Texas.ndpi,D9151-A-2_L_2024_02_02_16_08_52_Texas.ndpi.ndpa,c2ed54366aa1fa4c22ec65ad4d27956900146ca978689151f2788d274b306cce,699,697,Momipites,Momipites,Momipites sp,exact,YES,circle,,
D9151-A-2_L_2024_02_02_16_08_52_Texas::record_732,D9151-A-2_L_2024_02_02_16_08_52_Texas,/rhf/allocations/dsci435/smithsonian_full_sp26/raw/Images_with_annotations_for_CNN_training/D9151-A-2_L_2024_02_02_16_08_52_Texas.ndpi,D9151-A-2_L_2024_02_02_16_08_52_Texas.ndpi.ndpa,c2ed54366aa1fa4c22ec65ad4d27956900146ca978689151f2788d274b306cce,734,732,Momipites,Momipites,Momipites sp,exact,YES,circle,,
D9151-A-2_L_2024_02_02_16_08_52_Texas::record_839,D9151-A-2_L_2024_02_02_16_08_52_Texas,/rhf/allocations/dsci435/smithsonian_full_sp26/raw/Images_with_annotations_for_CNN_training/D9151-A-2_L_2024_02_02_16_08_52_Texas.ndpi,D9151-A-2_L_2024_02_02_16_08_52_Texas.ndpi.ndpa,c2ed54366aa1fa4c22ec65ad4d27956900146ca978689151f2788d274b306cce,841,839,Momipites,Momipites,Momipites sp,exact,YES,circle,,
D9151-A-2_L_2024_02_02_16_08_52_Texas::record_913,D9151-A-2_L_2024_02_02_16_08_52_Texas,/rhf/allocations/dsci435/smithsonian_full_sp26/raw/Images_with_annotations_for_CNN_training/D9151-A-2_L_2024_02_02_16_08_52_Texas.ndpi,D9151-A-2_L_2024_02_02_16_08_52_Texas.ndpi.ndpa,c2ed54366aa1fa4c22ec65ad4d27956900146ca978689151f2788d274b306cce,915,913,Momipites,Momipites,Momipites sp,exact,YES,circle,,
D9151-A-2_L_2024_02_02_16_08_52_Texas::record_1028,D9151-A-2_L_2024_02_02_16_08_52_Texas,/rhf/allocations/dsci435/smithsonian_full_sp26/raw/Images_with_annotations_for_CNN_training/D9151-A-2_L_2024_02_02_16_08_52_Texas.ndpi,D9151-A-2_L_2024_02_02_16_08_52_Texas.ndpi.ndpa,c2ed54366aa1fa4c22ec65ad4d27956900146ca978689151f2788d274b306cce,1030,1028,Momipites,Momipites,Momipites sp,exact,YES,circle,,
D9151-A-2_L_2024_02_02_16_08_52_Texas::record_1042,D9151-A-2_L_2024_02_02_16_08_52_Texas,/rhf/allocations/dsci435/smithsonian_full_sp26/raw/Images_with_annotations_for_CNN_training/D9151-A-2_L_2024_02_02_16_08_52_Texas.ndpi,D9151-A-2_L_2024_02_02_16_08_52_Texas.ndpi.ndpa,c2ed54366aa1fa4c22ec65ad4d27956900146ca978689151f2788d274b306cce,1044,1042,Momipites,Momipites,Momipites sp,exact,YES,circle,,
D9151-A-2_L_2024_02_02_16_08_52_Texas::record_1139,D9151-A-2_L_2024_02_02_16_08_52_Texas,/rhf/allocations/dsci435/smithsonian_full_sp26/raw/Images_with_annotations_for_CNN_training/D9151-A-2_L_2024_02_02_16_08_52_Texas.ndpi,D9151-A-2_L_2024_02_02_16_08_52_Texas.ndpi.ndpa,c2ed54366aa1fa4c22ec65ad4d27956900146ca978689151f2788d274b306cce,1141,1139,Momipites,Momipites,Momipites sp,exact,YES,circle,,
D9151-A-2_L_2024_02_02_16_08_52_Texas::record_1151,D9151-A-2_L_2024_02_02_16_08_52_Texas,/rhf/allocations/dsci435/smithsonian_full_sp26/raw/Images_with_annotations_for_CNN_training/D9151-A-2_L_2024_02_02_16_08_52_Texas.ndpi,D9151-A-2_L_2024_02_02_16_08_52_Texas.ndpi.ndpa,c2ed54366aa1fa4c22ec65ad4d27956900146ca978689151f2788d274b306cce,1153,1151,Momipites,Momipites,Momipites sp,exact,YES,circle,,
D9151-A-2_L_2024_02_02_16_08_52_Texas::record_1257,D9151-A-2_L_2024_02_02_16_08_52_Texas,/rhf/allocations/dsci435/smithsonian_full_sp26/raw/Images_with_annotations_for_CNN_training/D9151-A-2_L_2024_02_02_16_08_52_Texas.ndpi,D9151-A-2_L_2024_02_02_16_08_52_Texas.ndpi.ndpa,c2ed54366aa1fa4c22ec65ad4d27956900146ca978689151f2788d274b306cce,1259,1257,Momipites,Momipites,Momipites sp,exact,YES,circle,,
D9151-A-2_L_2024_02_02_16_08_52_Texas::record_1274,D9151-A-2_L_2024_02_02_16_08_52_Texas,/rhf/allocations/dsci435/smithsonian_full_sp26/raw/Images_with_annotations_for_CNN_training/D9151-A-2_L_2024_02_02_16_08_52_Texas.ndpi,D9151-A-2_L_2024_02_02_16_08_52_Texas.ndpi.ndpa,c2ed54366aa1fa4c22ec65ad4d27956900146ca978689151f2788d274b306cce,1276,1274,Momipites,Momipites,Momipites sp,exact,YES,circle,,
D9151-A-2_L_2024_02_02_16_08_52_Texas::record_1276,D9151-A-2_L_2024_02_02_16_08_52_Texas,/rhf/allocations/dsci435/smithsonian_full_sp26/raw/Images_with_annotations_for_CNN_training/D9151-A-2_L_2024_02_02_16_08_52_Texas.ndpi,D9151-A-2_L_2024_02_02_16_08_52_Texas.ndpi.ndpa,c2ed54366aa1fa4c22ec65ad4d27956900146ca978689151f2788d274b306cce,1278,1276,Momipites,Momipites,Momipites sp,exact,YES,circle,,
D3094-1_R_2024_02_20_17_15_37_Colorado::record_56,D3094-1_R_2024_02_20_17_15_37_Colorado,/rhf/allocations/dsci435/smithsonian_full_sp26/raw/Images_with_annotations_for_CNN_training/D3094-1_R_2024_02_20_17_15_37_Colorado.ndpi,D3094-1_R_2024_02_20_17_15_37_Colorado.ndpi.ndpa,02822ac1e288ba5062107d52cf2f734827fc3818f8fcba9c17cb1c55ddf4d013,58,56,Momipites,Momipites,Momipites sp,exact,YES,circle,,
D3094-1_R_2024_02_20_17_15_37_Colorado::record_69,D3094-1_R_2024_02_20_17_15_37_Colorado,/rhf/allocations/dsci435/smithsonian_full_sp26/raw/Images_with_annotations_for_CNN_training/D3094-1_R_2024_02_20_17_15_37_Colorado.ndpi,D3094-1_R_2024_02_20_17_15_37_Colorado.ndpi.ndpa,02822ac1e288ba5062107d52cf2f734827fc3818f8fcba9c17cb1c55ddf4d013,71,69,Betulaceae,Betulaceae,Betulaceae,exact,YES,circle,,
D3094-1_R_2024_02_20_17_15_37_Colorado::record_89,D3094-1_R_2024_02_20_17_15_37_Colorado,/rhf/allocations/dsci435/smithsonian_full_sp26/raw/Images_with_annotations_for_CNN_training/D3094-1_R_2024_02_20_17_15_37_Colorado.ndpi,D3094-1_R_2024_02_20_17_15_37_Colorado.ndpi.ndpa,02822ac1e288ba5062107d52cf2f734827fc3818f8fcba9c17cb1c55ddf4d013,91,89,Betulaceae,Betulaceae,Betulaceae,exact,YES,circle,,
D3094-1_R_2024_02_20_17_15_37_Colorado::record_95,D3094-1_R_2024_02_20_17_15_37_Colorado,/rhf/allocations/dsci435/smithsonian_full_sp26/raw/Images_with_annotations_for_CNN_training/D3094-1_R_2024_02_20_17_15_37_Colorado.ndpi,D3094-1_R_2024_02_20_17_15_37_Colorado.ndpi.ndpa,02822ac1e288ba5062107d52cf2f734827fc3818f8fcba9c17cb1c55ddf4d013,97,95,Caryapollenites,Caryapollenites,Caryapollenites sp.,exact,YES,circle,,
D3094-1_R_2024_02_20_17_15_37_Colorado::record_143,D3094-1_R_2024_02_20_17_15_37_Colorado,/rhf/allocations/dsci435/smithsonian_full_sp26/raw/Images_with_annotations_for_CNN_training/D3094-1_R_2024_02_20_17_15_37_Colorado.ndpi,D3094-1_R_2024_02_20_17_15_37_Colorado.ndpi.ndpa,02822ac1e288ba5062107d52cf2f734827fc3818f8fcba9c17cb1c55ddf4d013,145,143,Bipol,Bipol,Bisaccate,exact,YES,circle,,
D3094_1_L_2024_02_20_11_32_26_Colorado::record_6,D3094_1_L_2024_02_20_11_32_26_Colorado,/rhf/allocations/dsci435/smithsonian_full_sp26/raw/Images_with_annotations_for_CNN_training/D3094_1_L_2024_02_20_11_32_26_Colorado.ndpi,D3094_1_L_2024_02_20_11_32_26_Colorado.ndpi.ndpa,545e12cfa6212c28d6468397cdd939b4fe7cc94edb151a45c2476e8573c74632,7,6,Ulmipollenites sp.,Ulmipollenites sp.,Ulmipollenites sp.,exact,YES,circle,,
D3094_1_L_2024_02_20_11_32_26_Colorado::record_9,D3094_1_L_2024_02_20_11_32_26_Colorado,/rhf/allocations/dsci435/smithsonian_full_sp26/raw/Images_with_annotations_for_CNN_training/D3094_1_L_2024_02_20_11_32_26_Colorado.ndpi,D3094_1_L_2024_02_20_11_32_26_Colorado.ndpi.ndpa,545e12cfa6212c28d6468397cdd939b4fe7cc94edb151a45c2476e8573c74632,10,9,Caryapollenites sp.,Caryapollenites sp.,Caryapollenites sp.,exact,YES,circle,,
D3094_1_L_2024_02_20_11_32_26_Colorado::record_18,D3094_1_L_2024_02_20_11_32_26_Colorado,/rhf/allocations/dsci435/smithsonian_full_sp26/raw/Images_with_annotations_for_CNN_training/D3094_1_L_2024_02_20_11_32_26_Colorado.ndpi,D3094_1_L_2024_02_20_11_32_26_Colorado.ndpi.ndpa,545e12cfa6212c28d6468397cdd939b4fe7cc94edb151a45c2476e8573c74632,19,18,Psilamonocolpites sp.,Psilamonocolpites sp.,Monocolpites sp.,exact,YES,circle,,Monocolpites?
D3094_1_L_2024_02_20_11_32_26_Colorado::record_21,D3094_1_L_2024_02_20_11_32_26_Colorado,/rhf/allocations/dsci435/smithsonian_full_sp26/raw/Images_with_annotations_for_CNN_training/D3094_1_L_2024_02_20_11_32_26_Colorado.ndpi,D3094_1_L_2024_02_20_11_32_26_Colorado.ndpi.ndpa,545e12cfa6212c28d6468397cdd939b4fe7cc94edb151a45c2476e8573c74632,22,21,Polyatriopollenites vermontensis,Polyatriopollenites vermontensis,Polyatriopollenites type,exact,YES,circle,,
D3094_1_L_2024_02_20_11_32_26_Colorado::record_22,D3094_1_L_2024_02_20_11_32_26_Colorado,/rhf/allocations/dsci435/smithsonian_full_sp26/raw/Images_with_annotations_for_CNN_training/D3094_1_L_2024_02_20_11_32_26_Colorado.ndpi,D3094_1_L_2024_02_20_11_32_26_Colorado.ndpi.ndpa,545e12cfa6212c28d6468397cdd939b4fe7cc94edb151a45c2476e8573c74632,23,22,Inaperturopollenites sp.,Inaperturopollenites sp.,Inaperturopollenites sp.,exact,YES,circle,,
D3094_1_L_2024_02_20_11_32_26_Colorado::record_23,D3094_1_L_2024_02_20_11_32_26_Colorado,/rhf/allocations/dsci435/smithsonian_full_sp26/raw/Images_with_annotations_for_CNN_training/D3094_1_L_2024_02_20_11_32_26_Colorado.ndpi,D3094_1_L_2024_02_20_11_32_26_Colorado.ndpi.ndpa,545e12cfa6212c28d6468397cdd939b4fe7cc94edb151a45c2476e8573c74632,24,23,Momipites wyomingensis,Momipites wyomingensis,Momipites wyomingensis,exact,YES,circle,,
D3094_1_L_2024_02_20_11_32_26_Colorado::record_24,D3094_1_L_2024_02_20_11_32_26_Colorado,/rhf/allocations/dsci435/smithsonian_full_sp26/raw/Images_with_annotations_for_CNN_training/D3094_1_L_2024_02_20_11_32_26_Colorado.ndpi,D3094_1_L_2024_02_20_11_32_26_Colorado.ndpi.ndpa,545e12cfa6212c28d6468397cdd939b4fe7cc94edb151a45c2476e8573c74632,25,24,Platycarya platycarioides,Platycarya platycarioides,Platycarya platycarioides,exact,YES,circle,,
D3094_1_L_2024_02_20_11_32_26_Colorado::record_25,D3094_1_L_2024_02_20_11_32_26_Colorado,/rhf/allocations/dsci435/smithsonian_full_sp26/raw/Images_with_annotations_for_CNN_training/D3094_1_L_2024_02_20_11_32_26_Colorado.ndpi,D3094_1_L_2024_02_20_11_32_26_Colorado.ndpi.ndpa,545e12cfa6212c28d6468397cdd939b4fe7cc94edb151a45c2476e8573c74632,26,25,Caryapollenites sp.,Caryapollenites sp.,Caryapollenites sp.,exact,YES,circle,,
D3094_1_L_2024_02_20_11_32_26_Colorado::record_26,D3094_1_L_2024_02_20_11_32_26_Colorado,/rhf/allocations/dsci435/smithsonian_full_sp26/raw/Images_with_annotations_for_CNN_training/D3094_1_L_2024_02_20_11_32_26_Colorado.ndpi,D3094_1_L_2024_02_20_11_32_26_Colorado.ndpi.ndpa,545e12cfa6212c28d6468397cdd939b4fe7cc94edb151a45c2476e8573c74632,27,26,Platycarya platycarioides,Platycarya platycarioides,Platycarya platycarioides,exact,YES,circle,,
D3094_1_L_2024_02_20_11_32_26_Colorado::record_32,D3094_1_L_2024_02_20_11_32_26_Colorado,/rhf/allocations/dsci435/smithsonian_full_sp26/raw/Images_with_annotations_for_CNN_training/D3094_1_L_2024_02_20_11_32_26_Colorado.ndpi,D3094_1_L_2024_02_20_11_32_26_Colorado.ndpi.ndpa,545e12cfa6212c28d6468397cdd939b4fe7cc94edb151a45c2476e8573c74632,33,32,Caryapollenites sp.,Caryapollenites sp.,Caryapollenites sp.,exact,YES,circle,,
D3094_1_L_2024_02_20_11_32_26_Colorado::record_33,D3094_1_L_2024_02_20_11_32_26_Colorado,/rhf/allocations/dsci435/smithsonian_full_sp26/raw/Images_with_annotations_for_CNN_training/D3094_1_L_2024_02_20_11_32_26_Colorado.ndpi,D3094_1_L_2024_02_20_11_32_26_Colorado.ndpi.ndpa,545e12cfa6212c28d6468397cdd939b4fe7cc94edb151a45c2476e8573c74632,34,33,Psilatricolpites sp.,Psilatricolpites sp.,Psilatricolpites sp.,exact,YES,circle,,
D3094_1_L_2024_02_20_11_32_26_Colorado::record_48,D3094_1_L_2024_02_20_11_32_26_Colorado,/rhf/allocations/dsci435/smithsonian_full_sp26/raw/Images_with_annotations_for_CNN_training/D3094_1_L_2024_02_20_11_32_26_Colorado.ndpi,D3094_1_L_2024_02_20_11_32_26_Colorado.ndpi.ndpa,545e12cfa6212c28d6468397cdd939b4fe7cc94edb151a45c2476e8573c74632,49,48,Momipites wyomingensis,Momipites wyomingensis,Momipites wyomingensis,exact,YES,circle,,
D3094_1_L_2024_02_20_11_32_26_Colorado::record_53,D3094_1_L_2024_02_20_11_32_26_Colorado,/rhf/allocations/dsci435/smithsonian_full_sp26/raw/Images_with_annotations_for_CNN_training/D3094_1_L_2024_02_20_11_32_26_Colorado.ndpi,D3094_1_L_2024_02_20_11_32_26_Colorado.ndpi.ndpa,545e12cfa6212c28d6468397cdd939b4fe7cc94edb151a45c2476e8573c74632,54,53,Inaperturopollenites sp.,Inaperturopollenites sp.,Inaperturopollenites sp.,exact,YES,circle,,
D3094_1_L_2024_02_20_11_32_26_Colorado::record_55,D3094_1_L_2024_02_20_11_32_26_Colorado,/rhf/allocations/dsci435/smithsonian_full_sp26/raw/Images_with_annotations_for_CNN_training/D3094_1_L_2024_02_20_11_32_26_Colorado.ndpi,D3094_1_L_2024_02_20_11_32_26_Colorado.ndpi.ndpa,545e12cfa6212c28d6468397cdd939b4fe7cc94edb151a45c2476e8573c74632,56,55,Psilatricolpites sp.,Psilatricolpites sp.,Psilatricolpites sp.,exact,YES,circle,,
D3094_1_L_2024_02_20_11_32_26_Colorado::record_57,D3094_1_L_2024_02_20_11_32_26_Colorado,/rhf/allocations/dsci435/smithsonian_full_sp26/raw/Images_with_annotations_for_CNN_training/D3094_1_L_2024_02_20_11_32_26_Colorado.ndpi,D3094_1_L_2024_02_20_11_32_26_Colorado.ndpi.ndpa,545e12cfa6212c28d6468397cdd939b4fe7cc94edb151a45c2476e8573c74632,58,57,Momipites sp,Momipites sp,Momipites sp,exact,YES,circle,,
D3094_1_L_2024_02_20_11_32_26_Colorado::record_60,D3094_1_L_2024_02_20_11_32_26_Colorado,/rhf/allocations/dsci435/smithsonian_full_sp26/raw/Images_with_annotations_for_CNN_training/D3094_1_L_2024_02_20_11_32_26_Colorado.ndpi,D3094_1_L_2024_02_20_11_32_26_Colorado.ndpi.ndpa,545e12cfa6212c28d6468397cdd939b4fe7cc94edb151a45c2476e8573c74632,61,60,Caryapollenites sp.,Caryapollenites sp.,Caryapollenites sp.,exact,YES,circle,,
D3094_1_L_2024_02_20_11_32_26_Colorado::record_63,D3094_1_L_2024_02_20_11_32_26_Colorado,/rhf/allocations/dsci435/smithsonian_full_sp26/raw/Images_with_annotations_for_CNN_training/D3094_1_L_2024_02_20_11_32_26_Colorado.ndpi,D3094_1_L_2024_02_20_11_32_26_Colorado.ndpi.ndpa,545e12cfa6212c28d6468397cdd939b4fe7cc94edb151a45c2476e8573c74632,64,63,Caryapollenites sp.,Caryapollenites sp.,Caryapollenites sp.,exact,YES,circle,,
D3094_1_L_2024_02_20_11_32_26_Colorado::record_66,D3094_1_L_2024_02_20_11_32_26_Colorado,/rhf/allocations/dsci435/smithsonian_full_sp26/raw/Images_with_annotations_for_CNN_training/D3094_1_L_2024_02_20_11_32_26_Colorado.ndpi,D3094_1_L_2024_02_20_11_32_26_Colorado.ndpi.ndpa,545e12cfa6212c28d6468397cdd939b4fe7cc94edb151a45c2476e8573c74632,67,66,Taxodium sp.,Taxodium sp.,Taxodium sp.,exact,YES,circle,,
D3094_1_L_2024_02_20_11_32_26_Colorado::record_71,D3094_1_L_2024_02_20_11_32_26_Colorado,/rhf/allocations/dsci435/smithsonian_full_sp26/raw/Images_with_annotations_for_CNN_training/D3094_1_L_2024_02_20_11_32_26_Colorado.ndpi,D3094_1_L_2024_02_20_11_32_26_Colorado.ndpi.ndpa,545e12cfa6212c28d6468397cdd939b4fe7cc94edb151a45c2476e8573c74632,72,71,Liliacidites sp.,Liliacidites sp.,Arecipites sp.,exact,YES,circle,,
D3094_1_L_2024_02_20_11_32_26_Colorado::record_74,D3094_1_L_2024_02_20_11_32_26_Colorado,/rhf/allocations/dsci435/smithsonian_full_sp26/raw/Images_with_annotations_for_CNN_training/D3094_1_L_2024_02_20_11_32_26_Colorado.ndpi,D3094_1_L_2024_02_20_11_32_26_Colorado.ndpi.ndpa,545e12cfa6212c28d6468397cdd939b4fe7cc94edb151a45c2476e8573c74632,75,74,Psilamonocolpites sp.,Psilamonocolpites sp.,Monocolpites sp.,exact,YES,circle,,
D3094_1_L_2024_02_20_11_32_26_Colorado::record_86,D3094_1_L_2024_02_20_11_32_26_Colorado,/rhf/allocations/dsci435/smithsonian_full_sp26/raw/Images_with_annotations_for_CNN_training/D3094_1_L_2024_02_20_11_32_26_Colorado.ndpi,D3094_1_L_2024_02_20_11_32_26_Colorado.ndpi.ndpa,545e12cfa6212c28d6468397cdd939b4fe7cc94edb151a45c2476e8573c74632,87,86,Betulaceae,Betulaceae,Betulaceae,exact,YES,circle,,
D3094_1_L_2024_02_20_11_32_26_Colorado::record_87,D3094_1_L_2024_02_20_11_32_26_Colorado,/rhf/allocations/dsci435/smithsonian_full_sp26/raw/Images_with_annotations_for_CNN_training/D3094_1_L_2024_02_20_11_32_26_Colorado.ndpi,D3094_1_L_2024_02_20_11_32_26_Colorado.ndpi.ndpa,545e12cfa6212c28d6468397cdd939b4fe7cc94edb151a45c2476e8573c74632,88,87,Platycarya platycarioides,Platycarya platycarioides,Platycarya platycarioides,exact,YES,circle,,
D3094_1_L_2024_02_20_11_32_26_Colorado::record_91,D3094_1_L_2024_02_20_11_32_26_Colorado,/rhf/allocations/dsci435/smithsonian_full_sp26/raw/Images_with_annotations_for_CNN_training/D3094_1_L_2024_02_20_11_32_26_Colorado.ndpi,D3094_1_L_2024_02_20_11_32_26_Colorado.ndpi.ndpa,545e12cfa6212c28d6468397cdd939b4fe7cc94edb151a45c2476e8573c74632,92,91,Platycarya platycarioides,Platycarya platycarioides,Platycarya platycarioides,exact,YES,circle,,
D3094_1_L_2024_02_20_11_32_26_Colorado::record_92,D3094_1_L_2024_02_20_11_32_26_Colorado,/rhf/allocations/dsci435/smithsonian_full_sp26/raw/Images_with_annotations_for_CNN_training/D3094_1_L_2024_02_20_11_32_26_Colorado.ndpi,D3094_1_L_2024_02_20_11_32_26_Colorado.ndpi.ndpa,545e12cfa6212c28d6468397cdd939b4fe7cc94edb151a45c2476e8573c74632,93,92,Platycarya platycarioides,Platycarya platycarioides,Platycarya platycarioides,exact,YES,circle,,
D3094_1_L_2024_02_20_11_32_26_Colorado::record_93,D3094_1_L_2024_02_20_11_32_26_Colorado,/rhf/allocations/dsci435/smithsonian_full_sp26/raw/Images_with_annotations_for_CNN_training/D3094_1_L_2024_02_20_11_32_26_Colorado.ndpi,D3094_1_L_2024_02_20_11_32_26_Colorado.ndpi.ndpa,545e12cfa6212c28d6468397cdd939b4fe7cc94edb151a45c2476e8573c74632,94,93,Caryapollenites sp.,Caryapollenites sp.,Caryapollenites sp.,exact,YES,circle,,
D3094_1_L_2024_02_20_11_32_26_Colorado::record_95,D3094_1_L_2024_02_20_11_32_26_Colorado,/rhf/allocations/dsci435/smithsonian_full_sp26/raw/Images_with_annotations_for_CNN_training/D3094_1_L_2024_02_20_11_32_26_Colorado.ndpi,D3094_1_L_2024_02_20_11_32_26_Colorado.ndpi.ndpa,545e12cfa6212c28d6468397cdd939b4fe7cc94edb151a45c2476e8573c74632,96,95,Ulmipollenites sp.,Ulmipollenites sp.,Ulmipollenites sp.,exact,YES,circle,,
D3094_1_L_2024_02_20_11_32_26_Colorado::record_96,D3094_1_L_2024_02_20_11_32_26_Colorado,/rhf/allocations/dsci435/smithsonian_full_sp26/raw/Images_with_annotations_for_CNN_training/D3094_1_L_2024_02_20_11_32_26_Colorado.ndpi,D3094_1_L_2024_02_20_11_32_26_Colorado.ndpi.ndpa,545e12cfa6212c28d6468397cdd939b4fe7cc94edb151a45c2476e8573c74632,97,96,Platycarya platycarioides,Platycarya platycarioides,Platycarya platycarioides,exact,YES,circle,,
D3094_1_L_2024_02_20_11_32_26_Colorado::record_98,D3094_1_L_2024_02_20_11_32_26_Colorado,/rhf/allocations/dsci435/smithsonian_full_sp26/raw/Images_with_annotations_for_CNN_training/D3094_1_L_2024_02_20_11_32_26_Colorado.ndpi,D3094_1_L_2024_02_20_11_32_26_Colorado.ndpi.ndpa,545e12cfa6212c28d6468397cdd939b4fe7cc94edb151a45c2476e8573c74632,99,98,Taxodium sp.,Taxodium sp.,Taxodium sp.,exact,YES,circle,,
D3094_1_L_2024_02_20_11_32_26_Colorado::record_99,D3094_1_L_2024_02_20_11_32_26_Colorado,/rhf/allocations/dsci435/smithsonian_full_sp26/raw/Images_with_annotations_for_CNN_training/D3094_1_L_2024_02_20_11_32_26_Colorado.ndpi,D3094_1_L_2024_02_20_11_32_26_Colorado.ndpi.ndpa,545e12cfa6212c28d6468397cdd939b4fe7cc94edb151a45c2476e8573c74632,100,99,Momipites sp.,Momipites sp.,Momipites sp,exact,YES,circle,,
D3094_1_L_2024_02_20_11_32_26_Colorado::record_105,D3094_1_L_2024_02_20_11_32_26_Colorado,/rhf/allocations/dsci435/smithsonian_full_sp26/raw/Images_with_annotations_for_CNN_training/D3094_1_L_2024_02_20_11_32_26_Colorado.ndpi,D3094_1_L_2024_02_20_11_32_26_Colorado.ndpi.ndpa,545e12cfa6212c28d6468397cdd939b4fe7cc94edb151a45c2476e8573c74632,106,105,Betulaceae sp.,Betulaceae sp.,Betulaceae,exact,YES,circle,,
D3094_1_L_2024_02_20_11_32_26_Colorado::record_107,D3094_1_L_2024_02_20_11_32_26_Colorado,/rhf/allocations/dsci435/smithsonian_full_sp26/raw/Images_with_annotations_for_CNN_training/D3094_1_L_2024_02_20_11_32_26_Colorado.ndpi,D3094_1_L_2024_02_20_11_32_26_Colorado.ndpi.ndpa,545e12cfa6212c28d6468397cdd939b4fe7cc94edb151a45c2476e8573c74632,108,107,Inaperturopollenites sp.,Inaperturopollenites sp.,Inaperturopollenites sp.,exact,YES,circle,,
D3094_1_L_2024_02_20_11_32_26_Colorado::record_108,D3094_1_L_2024_02_20_11_32_26_Colorado,/rhf/allocations/dsci435/smithsonian_full_sp26/raw/Images_with_annotations_for_CNN_training/D3094_1_L_2024_02_20_11_32_26_Colorado.ndpi,D3094_1_L_2024_02_20_11_32_26_Colorado.ndpi.ndpa,545e12cfa6212c28d6468397cdd939b4fe7cc94edb151a45c2476e8573c74632,109,108,Inaperturopollenites sp.,Inaperturopollenites sp.,Inaperturopollenites sp.,exact,YES,circle,,
D3094_1_L_2024_02_20_11_32_26_Colorado::record_111,D3094_1_L_2024_02_20_11_32_26_Colorado,/rhf/allocations/dsci435/smithsonian_full_sp26/raw/Images_with_annotations_for_CNN_training/D3094_1_L_2024_02_20_11_32_26_Colorado.ndpi,D3094_1_L_2024_02_20_11_32_26_Colorado.ndpi.ndpa,545e12cfa6212c28d6468397cdd939b4fe7cc94edb151a45c2476e8573c74632,112,111,Taxodium sp.,Taxodium sp.,Taxodium sp.,exact,YES,circle,,
D3094_1_L_2024_02_20_11_32_26_Colorado::record_112,D3094_1_L_2024_02_20_11_32_26_Colorado,/rhf/allocations/dsci435/smithsonian_full_sp26/raw/Images_with_annotations_for_CNN_training/D3094_1_L_2024_02_20_11_32_26_Colorado.ndpi,D3094_1_L_2024_02_20_11_32_26_Colorado.ndpi.ndpa,545e12cfa6212c28d6468397cdd939b4fe7cc94edb151a45c2476e8573c74632,113,112,Caryapollenites sp.,Caryapollenites sp.,Caryapollenites sp.,exact,YES,circle,,
D3094_1_L_2024_02_20_11_32_26_Colorado::record_129,D3094_1_L_2024_02_20_11_32_26_Colorado,/rhf/allocations/dsci435/smithsonian_full_sp26/raw/Images_with_annotations_for_CNN_training/D3094_1_L_2024_02_20_11_32_26_Colorado.ndpi,D3094_1_L_2024_02_20_11_32_26_Colorado.ndpi.ndpa,545e12cfa6212c28d6468397cdd939b4fe7cc94edb151a45c2476e8573c74632,130,129,Caryapollenites imparalis,Caryapollenites imparalis,Caryapollenites sp.,exact,YES,circle,,
D3094_1_L_2024_02_20_11_32_26_Colorado::record_132,D3094_1_L_2024_02_20_11_32_26_Colorado,/rhf/allocations/dsci435/smithsonian_full_sp26/raw/Images_with_annotations_for_CNN_training/D3094_1_L_2024_02_20_11_32_26_Colorado.ndpi,D3094_1_L_2024_02_20_11_32_26_Colorado.ndpi.ndpa,545e12cfa6212c28d6468397cdd939b4fe7cc94edb151a45c2476e8573c74632,133,132,Polyatriopollenites vermontensis,Polyatriopollenites vermontensis,Polyatriopollenites type,exact,YES,circle,,
D3094_1_L_2024_02_20_11_32_26_Colorado::record_149,D3094_1_L_2024_02_20_11_32_26_Colorado,/rhf/allocations/dsci435/smithsonian_full_sp26/raw/Images_with_annotations_for_CNN_training/D3094_1_L_2024_02_20_11_32_26_Colorado.ndpi,D3094_1_L_2024_02_20_11_32_26_Colorado.ndpi.ndpa,545e12cfa6212c28d6468397cdd939b4fe7cc94edb151a45c2476e8573c74632,150,149,Pistillipollenites sp.,Pistillipollenites sp.,Pistillipollenites sp.,exact,YES,circle,,
D3094_1_L_2024_02_20_11_32_26_Colorado::record_151,D3094_1_L_2024_02_20_11_32_26_Colorado,/rhf/allocations/dsci435/smithsonian_full_sp26/raw/Images_with_annotations_for_CNN_training/D3094_1_L_2024_02_20_11_32_26_Colorado.ndpi,D3094_1_L_2024_02_20_11_32_26_Colorado.ndpi.ndpa,545e12cfa6212c28d6468397cdd939b4fe7cc94edb151a45c2476e8573c74632,152,151,Platycarya platycarioides,Platycarya platycarioides,Platycarya platycarioides,exact,YES,circle,,
D3094_1_L_2024_02_20_11_32_26_Colorado::record_152,D3094_1_L_2024_02_20_11_32_26_Colorado,/rhf/allocations/dsci435/smithsonian_full_sp26/raw/Images_with_annotations_for_CNN_training/D3094_1_L_2024_02_20_11_32_26_Colorado.ndpi,D3094_1_L_2024_02_20_11_32_26_Colorado.ndpi.ndpa,545e12cfa6212c28d6468397cdd939b4fe7cc94edb151a45c2476e8573c74632,153,152,Polyatriopollenites vermontensis,Polyatriopollenites vermontensis,Polyatriopollenites type,exact,YES,circle,,
D3094_1_L_2024_02_20_11_32_26_Colorado::record_153,D3094_1_L_2024_02_20_11_32_26_Colorado,/rhf/allocations/dsci435/smithsonian_full_sp26/raw/Images_with_annotations_for_CNN_training/D3094_1_L_2024_02_20_11_32_26_Colorado.ndpi,D3094_1_L_2024_02_20_11_32_26_Colorado.ndpi.ndpa,545e12cfa6212c28d6468397cdd939b4fe7cc94edb151a45c2476e8573c74632,154,153,Tiliapollenites sp.,Tiliapollenites sp.,Bombacacidites sp.,exact,YES,circle,,
D3094_1_L_2024_02_20_11_32_26_Colorado::record_154,D3094_1_L_2024_02_20_11_32_26_Colorado,/rhf/allocations/dsci435/smithsonian_full_sp26/raw/Images_with_annotations_for_CNN_training/D3094_1_L_2024_02_20_11_32_26_Colorado.ndpi,D3094_1_L_2024_02_20_11_32_26_Colorado.ndpi.ndpa,545e12cfa6212c28d6468397cdd939b4fe7cc94edb151a45c2476e8573c74632,155,154,Betulaceae,Betulaceae,Betulaceae,exact,YES,circle,,
D3094_1_L_2024_02_20_11_32_26_Colorado::record_155,D3094_1_L_2024_02_20_11_32_26_Colorado,/rhf/allocations/dsci435/smithsonian_full_sp26/raw/Images_with_annotations_for_CNN_training/D3094_1_L_2024_02_20_11_32_26_Colorado.ndpi,D3094_1_L_2024_02_20_11_32_26_Colorado.ndpi.ndpa,545e12cfa6212c28d6468397cdd939b4fe7cc94edb151a45c2476e8573c74632,156,155,Platycaryapollenites swasticoidus,Platycaryapollenites swasticoidus,Platycaryapollenites swasticoidus,exact,YES,circle,,
D3094_1_L_2024_02_20_11_32_26_Colorado::record_156,D3094_1_L_2024_02_20_11_32_26_Colorado,/rhf/allocations/dsci435/smithsonian_full_sp26/raw/Images_with_annotations_for_CNN_training/D3094_1_L_2024_02_20_11_32_26_Colorado.ndpi,D3094_1_L_2024_02_20_11_32_26_Colorado.ndpi.ndpa,545e12cfa6212c28d6468397cdd939b4fe7cc94edb151a45c2476e8573c74632,157,156,Ulmoideipites sp.,Ulmoideipites sp.,Ulmipollenites sp.,exact,YES,circle,,
D3094_1_L_2024_02_20_11_32_26_Colorado::record_157,D3094_1_L_2024_02_20_11_32_26_Colorado,/rhf/allocations/dsci435/smithsonian_full_sp26/raw/Images_with_annotations_for_CNN_training/D3094_1_L_2024_02_20_11_32_26_Colorado.ndpi,D3094_1_L_2024_02_20_11_32_26_Colorado.ndpi.ndpa,545e12cfa6212c28d6468397cdd939b4fe7cc94edb151a45c2476e8573c74632,158,157,Momipites sp.,Momipites sp.,Momipites sp,exact,YES,circle,,
D3094_1_L_2024_02_20_11_32_26_Colorado::record_158,D3094_1_L_2024_02_20_11_32_26_Colorado,/rhf/allocations/dsci435/smithsonian_full_sp26/raw/Images_with_annotations_for_CNN_training/D3094_1_L_2024_02_20_11_32_26_Colorado.ndpi,D3094_1_L_2024_02_20_11_32_26_Colorado.ndpi.ndpa,545e12cfa6212c28d6468397cdd939b4fe7cc94edb151a45c2476e8573c74632,159,158,Polyatriopollenites vermontensis,Polyatriopollenites vermontensis,Polyatriopollenites type,exact,YES,circle,,
D3094_1_L_2024_02_20_11_32_26_Colorado::record_159,D3094_1_L_2024_02_20_11_32_26_Colorado,/rhf/allocations/dsci435/smithsonian_full_sp26/raw/Images_with_annotations_for_CNN_training/D3094_1_L_2024_02_20_11_32_26_Colorado.ndpi,D3094_1_L_2024_02_20_11_32_26_Colorado.ndpi.ndpa,545e12cfa6212c28d6468397cdd939b4fe7cc94edb151a45c2476e8573c74632,160,159,Ulmipollenites sp.,Ulmipollenites sp.,Ulmipollenites sp.,exact,YES,circle,,
D3094_1_L_2024_02_20_11_32_26_Colorado::record_160,D3094_1_L_2024_02_20_11_32_26_Colorado,/rhf/allocations/dsci435/smithsonian_full_sp26/raw/Images_with_annotations_for_CNN_training/D3094_1_L_2024_02_20_11_32_26_Colorado.ndpi,D3094_1_L_2024_02_20_11_32_26_Colorado.ndpi.ndpa,545e12cfa6212c28d6468397cdd939b4fe7cc94edb151a45c2476e8573c74632,161,160,Betulaceae,Betulaceae,Betulaceae,exact,YES,circle,,
D3094_1_L_2024_02_20_11_32_26_Colorado::record_161,D3094_1_L_2024_02_20_11_32_26_Colorado,/rhf/allocations/dsci435/smithsonian_full_sp26/raw/Images_with_annotations_for_CNN_training/D3094_1_L_2024_02_20_11_32_26_Colorado.ndpi,D3094_1_L_2024_02_20_11_32_26_Colorado.ndpi.ndpa,545e12cfa6212c28d6468397cdd939b4fe7cc94edb151a45c2476e8573c74632,162,161,Caryapollenites imparalis,Caryapollenites imparalis,Caryapollenites sp.,exact,YES,circle,,
D3094_1_L_2024_02_20_11_32_26_Colorado::record_162,D3094_1_L_2024_02_20_11_32_26_Colorado,/rhf/allocations/dsci435/smithsonian_full_sp26/raw/Images_with_annotations_for_CNN_training/D3094_1_L_2024_02_20_11_32_26_Colorado.ndpi,D3094_1_L_2024_02_20_11_32_26_Colorado.ndpi.ndpa,545e12cfa6212c28d6468397cdd939b4fe7cc94edb151a45c2476e8573c74632,163,162,Taxodium sp.,Taxodium sp.,Taxodium sp.,exact,YES,circle,,
D3094_1_L_2024_02_20_11_32_26_Colorado::record_164,D3094_1_L_2024_02_20_11_32_26_Colorado,/rhf/allocations/dsci435/smithsonian_full_sp26/raw/Images_with_annotations_for_CNN_training/D3094_1_L_2024_02_20_11_32_26_Colorado.ndpi,D3094_1_L_2024_02_20_11_32_26_Colorado.ndpi.ndpa,545e12cfa6212c28d6468397cdd939b4fe7cc94edb151a45c2476e8573c74632,165,164,Platycaryapollenites swasticoidus,Platycaryapollenites swasticoidus,Platycaryapollenites swasticoidus,exact,YES,circle,,
D3094_1_L_2024_02_20_11_32_26_Colorado::record_167,D3094_1_L_2024_02_20_11_32_26_Colorado,/rhf/allocations/dsci435/smithsonian_full_sp26/raw/Images_with_annotations_for_CNN_training/D3094_1_L_2024_02_20_11_32_26_Colorado.ndpi,D3094_1_L_2024_02_20_11_32_26_Colorado.ndpi.ndpa,545e12cfa6212c28d6468397cdd939b4fe7cc94edb151a45c2476e8573c74632,168,167,Platycarya platycarioides,Platycarya platycarioides,Platycarya platycarioides,exact,YES,circle,,
D3094_1_L_2024_02_20_11_32_26_Colorado::record_168,D3094_1_L_2024_02_20_11_32_26_Colorado,/rhf/allocations/dsci435/smithsonian_full_sp26/raw/Images_with_annotations_for_CNN_training/D3094_1_L_2024_02_20_11_32_26_Colorado.ndpi,D3094_1_L_2024_02_20_11_32_26_Colorado.ndpi.ndpa,545e12cfa6212c28d6468397cdd939b4fe7cc94edb151a45c2476e8573c74632,169,168,Momipites wyomingensis,Momipites wyomingensis,Momipites wyomingensis,exact,YES,circle,,
D3094_1_L_2024_02_20_11_32_26_Colorado::record_169,D3094_1_L_2024_02_20_11_32_26_Colorado,/rhf/allocations/dsci435/smithsonian_full_sp26/raw/Images_with_annotations_for_CNN_training/D3094_1_L_2024_02_20_11_32_26_Colorado.ndpi,D3094_1_L_2024_02_20_11_32_26_Colorado.ndpi.ndpa,545e12cfa6212c28d6468397cdd939b4fe7cc94edb151a45c2476e8573c74632,170,169,Platycaryapollenites swasticoidus,Platycaryapollenites swasticoidus,Platycaryapollenites swasticoidus,exact,YES,circle,,
D3094_1_L_2024_02_20_11_32_26_Colorado::record_171,D3094_1_L_2024_02_20_11_32_26_Colorado,/rhf/allocations/dsci435/smithsonian_full_sp26/raw/Images_with_annotations_for_CNN_training/D3094_1_L_2024_02_20_11_32_26_Colorado.ndpi,D3094_1_L_2024_02_20_11_32_26_Colorado.ndpi.ndpa,545e12cfa6212c28d6468397cdd939b4fe7cc94edb151a45c2476e8573c74632,172,171,Platycaryapollenites swasticoidus,Platycaryapollenites swasticoidus,Platycaryapollenites swasticoidus,exact,YES,circle,,
D3202_C_R_2024_02_20_18_12_34_Kentucky::record_29,D3202_C_R_2024_02_20_18_12_34_Kentucky,/rhf/allocations/dsci435/smithsonian_full_sp26/raw/Images_with_annotations_for_CNN_training/D3202_C_R_2024_02_20_18_12_34_Kentucky.ndpi,D3202_C_R_2024_02_20_18_12_34_Kentucky.ndpi.ndpa,73a30d714d5d5ea27b199d7df235607fbbb51a3103a687e3dd688a8d04ac77d4,32,29,Momipites wyomingensis,Momipites wyomingensis,Momipites wyomingensis,exact,YES,circle,,
D3202_C_R_2024_02_20_18_12_34_Kentucky::record_34,D3202_C_R_2024_02_20_18_12_34_Kentucky,/rhf/allocations/dsci435/smithsonian_full_sp26/raw/Images_with_annotations_for_CNN_training/D3202_C_R_2024_02_20_18_12_34_Kentucky.ndpi,D3202_C_R_2024_02_20_18_12_34_Kentucky.ndpi.ndpa,73a30d714d5d5ea27b199d7df235607fbbb51a3103a687e3dd688a8d04ac77d4,37,34,Bisaccate pollen,Bisaccate pollen,Bisaccate,exact,YES,circle,,
D3202_C_R_2024_02_20_18_12_34_Kentucky::record_40,D3202_C_R_2024_02_20_18_12_34_Kentucky,/rhf/allocations/dsci435/smithsonian_full_sp26/raw/Images_with_annotations_for_CNN_training/D3202_C_R_2024_02_20_18_12_34_Kentucky.ndpi,D3202_C_R_2024_02_20_18_12_34_Kentucky.ndpi.ndpa,73a30d714d5d5ea27b199d7df235607fbbb51a3103a687e3dd688a8d04ac77d4,43,40,Momipites,Momipites,Momipites sp,exact,YES,circle,,
D3202_C_R_2024_02_20_18_12_34_Kentucky::record_69,D3202_C_R_2024_02_20_18_12_34_Kentucky,/rhf/allocations/dsci435/smithsonian_full_sp26/raw/Images_with_annotations_for_CNN_training/D3202_C_R_2024_02_20_18_12_34_Kentucky.ndpi,D3202_C_R_2024_02_20_18_12_34_Kentucky.ndpi.ndpa,73a30d714d5d5ea27b199d7df235607fbbb51a3103a687e3dd688a8d04ac77d4,73,69,Momipites,Momipites,Momipites sp,exact,YES,circle,,
D3202_C_R_2024_02_20_18_12_34_Kentucky::record_74,D3202_C_R_2024_02_20_18_12_34_Kentucky,/rhf/allocations/dsci435/smithsonian_full_sp26/raw/Images_with_annotations_for_CNN_training/D3202_C_R_2024_02_20_18_12_34_Kentucky.ndpi,D3202_C_R_2024_02_20_18_12_34_Kentucky.ndpi.ndpa,73a30d714d5d5ea27b199d7df235607fbbb51a3103a687e3dd688a8d04ac77d4,78,74,Cicatricosisporites dorogensis,Cicatricosisporites dorogensis,Cicatricosisporites sp.,exact,YES,circle,,
D3202_C_R_2024_02_20_18_12_34_Kentucky::record_75,D3202_C_R_2024_02_20_18_12_34_Kentucky,/rhf/allocations/dsci435/smithsonian_full_sp26/raw/Images_with_annotations_for_CNN_training/D3202_C_R_2024_02_20_18_12_34_Kentucky.ndpi,D3202_C_R_2024_02_20_18_12_34_Kentucky.ndpi.ndpa,73a30d714d5d5ea27b199d7df235607fbbb51a3103a687e3dd688a8d04ac77d4,79,75,Cicatricosisporites dorogensis,Cicatricosisporites dorogensis,Cicatricosisporites sp.,exact,YES,circle,,
D3202_C_R_2024_02_20_18_12_34_Kentucky::record_86,D3202_C_R_2024_02_20_18_12_34_Kentucky,/rhf/allocations/dsci435/smithsonian_full_sp26/raw/Images_with_annotations_for_CNN_training/D3202_C_R_2024_02_20_18_12_34_Kentucky.ndpi,D3202_C_R_2024_02_20_18_12_34_Kentucky.ndpi.ndpa,73a30d714d5d5ea27b199d7df235607fbbb51a3103a687e3dd688a8d04ac77d4,91,86,Caryapollenites imparalis,Caryapollenites imparalis,Caryapollenites sp.,exact,YES,circle,,
D3202_C_R_2024_02_20_18_12_34_Kentucky::record_91,D3202_C_R_2024_02_20_18_12_34_Kentucky,/rhf/allocations/dsci435/smithsonian_full_sp26/raw/Images_with_annotations_for_CNN_training/D3202_C_R_2024_02_20_18_12_34_Kentucky.ndpi,D3202_C_R_2024_02_20_18_12_34_Kentucky.ndpi.ndpa,73a30d714d5d5ea27b199d7df235607fbbb51a3103a687e3dd688a8d04ac77d4,96,91,Momipites,Momipites,Momipites sp,exact,YES,circle,,
D3202_C_R_2024_02_20_18_12_34_Kentucky::record_119,D3202_C_R_2024_02_20_18_12_34_Kentucky,/rhf/allocations/dsci435/smithsonian_full_sp26/raw/Images_with_annotations_for_CNN_training/D3202_C_R_2024_02_20_18_12_34_Kentucky.ndpi,D3202_C_R_2024_02_20_18_12_34_Kentucky.ndpi.ndpa,73a30d714d5d5ea27b199d7df235607fbbb51a3103a687e3dd688a8d04ac77d4,124,119,Momipites,Momipites,Momipites sp,exact,YES,circle,,
D3202_C_R_2024_02_20_18_12_34_Kentucky::record_134,D3202_C_R_2024_02_20_18_12_34_Kentucky,/rhf/allocations/dsci435/smithsonian_full_sp26/raw/Images_with_annotations_for_CNN_training/D3202_C_R_2024_02_20_18_12_34_Kentucky.ndpi,D3202_C_R_2024_02_20_18_12_34_Kentucky.ndpi.ndpa,73a30d714d5d5ea27b199d7df235607fbbb51a3103a687e3dd688a8d04ac77d4,139,134,Momipites,Momipites,Momipites sp,exact,YES,circle,,
D3202_C_R_2024_02_20_18_12_34_Kentucky::record_217,D3202_C_R_2024_02_20_18_12_34_Kentucky,/rhf/allocations/dsci435/smithsonian_full_sp26/raw/Images_with_annotations_for_CNN_training/D3202_C_R_2024_02_20_18_12_34_Kentucky.ndpi,D3202_C_R_2024_02_20_18_12_34_Kentucky.ndpi.ndpa,73a30d714d5d5ea27b199d7df235607fbbb51a3103a687e3dd688a8d04ac77d4,222,217,Cicatricosisporites dorogensis,Cicatricosisporites dorogensis,Cicatricosisporites sp.,exact,YES,circle,,
D3202_C_R_2024_02_20_18_12_34_Kentucky::record_218,D3202_C_R_2024_02_20_18_12_34_Kentucky,/rhf/allocations/dsci435/smithsonian_full_sp26/raw/Images_with_annotations_for_CNN_training/D3202_C_R_2024_02_20_18_12_34_Kentucky.ndpi,D3202_C_R_2024_02_20_18_12_34_Kentucky.ndpi.ndpa,73a30d714d5d5ea27b199d7df235607fbbb51a3103a687e3dd688a8d04ac77d4,223,218,Cicatricosisporites dorogensis,Cicatricosisporites dorogensis,Cicatricosisporites sp.,exact,YES,circle,,
D3202_C_R_2024_02_20_18_12_34_Kentucky::record_219,D3202_C_R_2024_02_20_18_12_34_Kentucky,/rhf/allocations/dsci435/smithsonian_full_sp26/raw/Images_with_annotations_for_CNN_training/D3202_C_R_2024_02_20_18_12_34_Kentucky.ndpi,D3202_C_R_2024_02_20_18_12_34_Kentucky.ndpi.ndpa,73a30d714d5d5ea27b199d7df235607fbbb51a3103a687e3dd688a8d04ac77d4,224,219,Cicatricosisporites dorogensis,Cicatricosisporites dorogensis,Cicatricosisporites sp.,exact,YES,circle,,
D4191_I_L_2024_02_06_12_10_36_Kentucky::record_17,D4191_I_L_2024_02_06_12_10_36_Kentucky,/rhf/allocations/dsci435/smithsonian_full_sp26/raw/Images_with_annotations_for_CNN_training/D4191_I_L_2024_02_06_12_10_36_Kentucky.ndpi,D4191_I_L_2024_02_06_12_10_36_Kentucky.ndpi.ndpa,094bb111629dcefa4ee2fd6da9d1aa248931edf3fa86870e7f0636e894c657d7,19,17,Bisaccate ,Bisaccate,Bisaccate,trimmed_whitespace,YES,circle,,
D4220-A_L_2024-02-06_11_51_42_Maryland::record_5,D4220-A_L_2024-02-06_11_51_42_Maryland,/rhf/allocations/dsci435/smithsonian_full_sp26/raw/Images_with_annotations_for_CNN_training/D4220-A_L_2024-02-06_11_51_42_Maryland.ndpi,D4220-A_L_2024-02-06_11_51_42_Maryland.ndpi.ndpa,162b15cdc06d3ebc529c691953d0f834cb31d7b74de3740aac6a67c971c38910,6,5,Psilatricolpites sp.,Psilatricolpites sp.,Psilatricolpites sp.,exact,YES,circle,,Image nanozoomer
D4220-A_L_2024-02-06_11_51_42_Maryland::record_7,D4220-A_L_2024-02-06_11_51_42_Maryland,/rhf/allocations/dsci435/smithsonian_full_sp26/raw/Images_with_annotations_for_CNN_training/D4220-A_L_2024-02-06_11_51_42_Maryland.ndpi,D4220-A_L_2024-02-06_11_51_42_Maryland.ndpi.ndpa,162b15cdc06d3ebc529c691953d0f834cb31d7b74de3740aac6a67c971c38910,8,7,Rousea sp.,Rousea sp.,Rousea sp.,exact,YES,circle,,
D4220-A_L_2024-02-06_11_51_42_Maryland::record_11,D4220-A_L_2024-02-06_11_51_42_Maryland,/rhf/allocations/dsci435/smithsonian_full_sp26/raw/Images_with_annotations_for_CNN_training/D4220-A_L_2024-02-06_11_51_42_Maryland.ndpi,D4220-A_L_2024-02-06_11_51_42_Maryland.ndpi.ndpa,162b15cdc06d3ebc529c691953d0f834cb31d7b74de3740aac6a67c971c38910,12,11,Bisaccate,Bisaccate,Bisaccate,exact,YES,circle,,
D4220-A_L_2024-02-06_11_51_42_Maryland::record_16,D4220-A_L_2024-02-06_11_51_42_Maryland,/rhf/allocations/dsci435/smithsonian_full_sp26/raw/Images_with_annotations_for_CNN_training/D4220-A_L_2024-02-06_11_51_42_Maryland.ndpi,D4220-A_L_2024-02-06_11_51_42_Maryland.ndpi.ndpa,162b15cdc06d3ebc529c691953d0f834cb31d7b74de3740aac6a67c971c38910,17,16,Bisaccate,Bisaccate,Bisaccate,exact,YES,circle,,
D4220-A_L_2024-02-06_11_51_42_Maryland::record_25,D4220-A_L_2024-02-06_11_51_42_Maryland,/rhf/allocations/dsci435/smithsonian_full_sp26/raw/Images_with_annotations_for_CNN_training/D4220-A_L_2024-02-06_11_51_42_Maryland.ndpi,D4220-A_L_2024-02-06_11_51_42_Maryland.ndpi.ndpa,162b15cdc06d3ebc529c691953d0f834cb31d7b74de3740aac6a67c971c38910,26,25,Ulmoideipites sp.,Ulmoideipites sp.,Ulmipollenites sp.,exact,YES,circle,,
D4220-A_L_2024-02-06_11_51_42_Maryland::record_43,D4220-A_L_2024-02-06_11_51_42_Maryland,/rhf/allocations/dsci435/smithsonian_full_sp26/raw/Images_with_annotations_for_CNN_training/D4220-A_L_2024-02-06_11_51_42_Maryland.ndpi,D4220-A_L_2024-02-06_11_51_42_Maryland.ndpi.ndpa,162b15cdc06d3ebc529c691953d0f834cb31d7b74de3740aac6a67c971c38910,44,43,Rhoipites sp.,Rhoipites sp.,Rhoipites sp.,exact,YES,circle,,Image nanozoomer
D4220-A_L_2024-02-06_11_51_42_Maryland::record_49,D4220-A_L_2024-02-06_11_51_42_Maryland,/rhf/allocations/dsci435/smithsonian_full_sp26/raw/Images_with_annotations_for_CNN_training/D4220-A_L_2024-02-06_11_51_42_Maryland.ndpi,D4220-A_L_2024-02-06_11_51_42_Maryland.ndpi.ndpa,162b15cdc06d3ebc529c691953d0f834cb31d7b74de3740aac6a67c971c38910,50,49,Taxodium sp.,Taxodium sp.,Taxodium sp.,exact,YES,circle,,
D4220-A_L_2024-02-06_11_51_42_Maryland::record_50,D4220-A_L_2024-02-06_11_51_42_Maryland,/rhf/allocations/dsci435/smithsonian_full_sp26/raw/Images_with_annotations_for_CNN_training/D4220-A_L_2024-02-06_11_51_42_Maryland.ndpi,D4220-A_L_2024-02-06_11_51_42_Maryland.ndpi.ndpa,162b15cdc06d3ebc529c691953d0f834cb31d7b74de3740aac6a67c971c38910,51,50,Rousea sp.,Rousea sp.,Rousea sp.,exact,YES,circle,,Tricolpites
D4220-A_L_2024-02-06_11_51_42_Maryland::record_55,D4220-A_L_2024-02-06_11_51_42_Maryland,/rhf/allocations/dsci435/smithsonian_full_sp26/raw/Images_with_annotations_for_CNN_training/D4220-A_L_2024-02-06_11_51_42_Maryland.ndpi,D4220-A_L_2024-02-06_11_51_42_Maryland.ndpi.ndpa,162b15cdc06d3ebc529c691953d0f834cb31d7b74de3740aac6a67c971c38910,56,55,Rousea sp.,Rousea sp.,Rousea sp.,exact,YES,circle,,
D4220-A_L_2024-02-06_11_51_42_Maryland::record_62,D4220-A_L_2024-02-06_11_51_42_Maryland,/rhf/allocations/dsci435/smithsonian_full_sp26/raw/Images_with_annotations_for_CNN_training/D4220-A_L_2024-02-06_11_51_42_Maryland.ndpi,D4220-A_L_2024-02-06_11_51_42_Maryland.ndpi.ndpa,162b15cdc06d3ebc529c691953d0f834cb31d7b74de3740aac6a67c971c38910,63,62,Arecipites sp.,Arecipites sp.,Arecipites sp.,exact,YES,circle,,
D4220_A_L_2024_02_06_11_51_42_Maryland::record_6,D4220_A_L_2024_02_06_11_51_42_Maryland,/rhf/allocations/dsci435/smithsonian_full_sp26/raw/Images_with_annotations_for_CNN_training/D4220_A_L_2024_02_06_11_51_42_Maryland.ndpi,D4220_A_L_2024_02_06_11_51_42_Maryland.ndpi.ndpa,31020a1148fa5334db00b654f2262c9d260cc5e23d40cceb9ba3ffc2134304a7,8,6,Illexpollenites,Illexpollenites,Illexpollenites sp.,exact,YES,circle,,
D4220_A_L_2024_02_06_11_51_42_Maryland::record_10,D4220_A_L_2024_02_06_11_51_42_Maryland,/rhf/allocations/dsci435/smithsonian_full_sp26/raw/Images_with_annotations_for_CNN_training/D4220_A_L_2024_02_06_11_51_42_Maryland.ndpi,D4220_A_L_2024_02_06_11_51_42_Maryland.ndpi.ndpa,31020a1148fa5334db00b654f2262c9d260cc5e23d40cceb9ba3ffc2134304a7,12,10,Bisaccate pollen,Bisaccate pollen,Bisaccate,exact,YES,circle,,
D4220_A_L_2024_02_06_11_51_42_Maryland::record_15,D4220_A_L_2024_02_06_11_51_42_Maryland,/rhf/allocations/dsci435/smithsonian_full_sp26/raw/Images_with_annotations_for_CNN_training/D4220_A_L_2024_02_06_11_51_42_Maryland.ndpi,D4220_A_L_2024_02_06_11_51_42_Maryland.ndpi.ndpa,31020a1148fa5334db00b654f2262c9d260cc5e23d40cceb9ba3ffc2134304a7,17,15,Bisaccate pollen,Bisaccate pollen,Bisaccate,exact,YES,circle,,
D4220_A_L_2024_02_06_11_51_42_Maryland::record_26,D4220_A_L_2024_02_06_11_51_42_Maryland,/rhf/allocations/dsci435/smithsonian_full_sp26/raw/Images_with_annotations_for_CNN_training/D4220_A_L_2024_02_06_11_51_42_Maryland.ndpi,D4220_A_L_2024_02_06_11_51_42_Maryland.ndpi.ndpa,31020a1148fa5334db00b654f2262c9d260cc5e23d40cceb9ba3ffc2134304a7,28,26,Inaperturopollenites sp.,Inaperturopollenites sp.,Inaperturopollenites sp.,exact,YES,circle,,
D4220_A_L_2024_02_06_11_51_42_Maryland::record_46,D4220_A_L_2024_02_06_11_51_42_Maryland,/rhf/allocations/dsci435/smithsonian_full_sp26/raw/Images_with_annotations_for_CNN_training/D4220_A_L_2024_02_06_11_51_42_Maryland.ndpi,D4220_A_L_2024_02_06_11_51_42_Maryland.ndpi.ndpa,31020a1148fa5334db00b654f2262c9d260cc5e23d40cceb9ba3ffc2134304a7,50,46,Taxodium sp.,Taxodium sp.,Taxodium sp.,exact,YES,circle,,
D4220_A_L_2024_02_06_11_51_42_Maryland::record_52,D4220_A_L_2024_02_06_11_51_42_Maryland,/rhf/allocations/dsci435/smithsonian_full_sp26/raw/Images_with_annotations_for_CNN_training/D4220_A_L_2024_02_06_11_51_42_Maryland.ndpi,D4220_A_L_2024_02_06_11_51_42_Maryland.ndpi.ndpa,31020a1148fa5334db00b654f2262c9d260cc5e23d40cceb9ba3ffc2134304a7,56,52,Amanoa sp.,Amanoa sp.,Rousea sp.,exact,YES,circle,,
D5542_1_R_2024_02_06_14_21_49_Colorado::record_1,D5542_1_R_2024_02_06_14_21_49_Colorado,/rhf/allocations/dsci435/smithsonian_full_sp26/raw/Images_with_annotations_for_CNN_training/D5542_1_R_2024_02_06_14_21_49_Colorado.ndpi,D5542_1_R_2024_02_06_14_21_49_Colorado.ndpi.ndpa,98d54d32e6e048d08f6dd1e848d09c3c2d03fee299407db3b37ce493d7c252da,2,1,Ulmipollenites sp.,Ulmipollenites sp.,Ulmipollenites sp.,exact,YES,circle,,
D5542_1_R_2024_02_06_14_21_49_Colorado::record_2,D5542_1_R_2024_02_06_14_21_49_Colorado,/rhf/allocations/dsci435/smithsonian_full_sp26/raw/Images_with_annotations_for_CNN_training/D5542_1_R_2024_02_06_14_21_49_Colorado.ndpi,D5542_1_R_2024_02_06_14_21_49_Colorado.ndpi.ndpa,98d54d32e6e048d08f6dd1e848d09c3c2d03fee299407db3b37ce493d7c252da,3,2,Ulmipollenites sp.,Ulmipollenites sp.,Ulmipollenites sp.,exact,YES,circle,,
D5542_1_R_2024_02_06_14_21_49_Colorado::record_5,D5542_1_R_2024_02_06_14_21_49_Colorado,/rhf/allocations/dsci435/smithsonian_full_sp26/raw/Images_with_annotations_for_CNN_training/D5542_1_R_2024_02_06_14_21_49_Colorado.ndpi,D5542_1_R_2024_02_06_14_21_49_Colorado.ndpi.ndpa,98d54d32e6e048d08f6dd1e848d09c3c2d03fee299407db3b37ce493d7c252da,6,5,Momipites,Momipites,Momipites sp,exact,YES,circle,,
D5542_1_R_2024_02_06_14_21_49_Colorado::record_7,D5542_1_R_2024_02_06_14_21_49_Colorado,/rhf/allocations/dsci435/smithsonian_full_sp26/raw/Images_with_annotations_for_CNN_training/D5542_1_R_2024_02_06_14_21_49_Colorado.ndpi,D5542_1_R_2024_02_06_14_21_49_Colorado.ndpi.ndpa,98d54d32e6e048d08f6dd1e848d09c3c2d03fee299407db3b37ce493d7c252da,8,7,Ulmipollenites sp.,Ulmipollenites sp.,Ulmipollenites sp.,exact,YES,circle,,
D5542_1_R_2024_02_06_14_21_49_Colorado::record_8,D5542_1_R_2024_02_06_14_21_49_Colorado,/rhf/allocations/dsci435/smithsonian_full_sp26/raw/Images_with_annotations_for_CNN_training/D5542_1_R_2024_02_06_14_21_49_Colorado.ndpi,D5542_1_R_2024_02_06_14_21_49_Colorado.ndpi.ndpa,98d54d32e6e048d08f6dd1e848d09c3c2d03fee299407db3b37ce493d7c252da,9,8,Ulmipollenites sp.,Ulmipollenites sp.,Ulmipollenites sp.,exact,YES,circle,,
D5542_1_R_2024_02_06_14_21_49_Colorado::record_9,D5542_1_R_2024_02_06_14_21_49_Colorado,/rhf/allocations/dsci435/smithsonian_full_sp26/raw/Images_with_annotations_for_CNN_training/D5542_1_R_2024_02_06_14_21_49_Colorado.ndpi,D5542_1_R_2024_02_06_14_21_49_Colorado.ndpi.ndpa,98d54d32e6e048d08f6dd1e848d09c3c2d03fee299407db3b37ce493d7c252da,10,9,Psilatricolpites sp.,Psilatricolpites sp.,Psilatricolpites sp.,exact,YES,circle,,
D5542_1_R_2024_02_06_14_21_49_Colorado::record_15,D5542_1_R_2024_02_06_14_21_49_Colorado,/rhf/allocations/dsci435/smithsonian_full_sp26/raw/Images_with_annotations_for_CNN_training/D5542_1_R_2024_02_06_14_21_49_Colorado.ndpi,D5542_1_R_2024_02_06_14_21_49_Colorado.ndpi.ndpa,98d54d32e6e048d08f6dd1e848d09c3c2d03fee299407db3b37ce493d7c252da,16,15,Deltoidospora sp.,Deltoidospora sp.,Psilatriletes sp.,exact,YES,circle,,
D5542_1_R_2024_02_06_14_21_49_Colorado::record_16,D5542_1_R_2024_02_06_14_21_49_Colorado,/rhf/allocations/dsci435/smithsonian_full_sp26/raw/Images_with_annotations_for_CNN_training/D5542_1_R_2024_02_06_14_21_49_Colorado.ndpi,D5542_1_R_2024_02_06_14_21_49_Colorado.ndpi.ndpa,98d54d32e6e048d08f6dd1e848d09c3c2d03fee299407db3b37ce493d7c252da,17,16,Caryapollenites sp.,Caryapollenites sp.,Caryapollenites sp.,exact,YES,circle,,
D5542_1_R_2024_02_06_14_21_49_Colorado::record_17,D5542_1_R_2024_02_06_14_21_49_Colorado,/rhf/allocations/dsci435/smithsonian_full_sp26/raw/Images_with_annotations_for_CNN_training/D5542_1_R_2024_02_06_14_21_49_Colorado.ndpi,D5542_1_R_2024_02_06_14_21_49_Colorado.ndpi.ndpa,98d54d32e6e048d08f6dd1e848d09c3c2d03fee299407db3b37ce493d7c252da,18,17,Caryapollenites veripites,Caryapollenites veripites,Caryapollenites veripites,exact,YES,circle,,
D5542_1_R_2024_02_06_14_21_49_Colorado::record_19,D5542_1_R_2024_02_06_14_21_49_Colorado,/rhf/allocations/dsci435/smithsonian_full_sp26/raw/Images_with_annotations_for_CNN_training/D5542_1_R_2024_02_06_14_21_49_Colorado.ndpi,D5542_1_R_2024_02_06_14_21_49_Colorado.ndpi.ndpa,98d54d32e6e048d08f6dd1e848d09c3c2d03fee299407db3b37ce493d7c252da,20,19,Ulmipollenites sp.,Ulmipollenites sp.,Ulmipollenites sp.,exact,YES,circle,,
D5542_1_R_2024_02_06_14_21_49_Colorado::record_23,D5542_1_R_2024_02_06_14_21_49_Colorado,/rhf/allocations/dsci435/smithsonian_full_sp26/raw/Images_with_annotations_for_CNN_training/D5542_1_R_2024_02_06_14_21_49_Colorado.ndpi,D5542_1_R_2024_02_06_14_21_49_Colorado.ndpi.ndpa,98d54d32e6e048d08f6dd1e848d09c3c2d03fee299407db3b37ce493d7c252da,24,23,Tiliapollenites sp.,Tiliapollenites sp.,Bombacacidites sp.,exact,YES,circle,,
D5542_1_R_2024_02_06_14_21_49_Colorado::record_29,D5542_1_R_2024_02_06_14_21_49_Colorado,/rhf/allocations/dsci435/smithsonian_full_sp26/raw/Images_with_annotations_for_CNN_training/D5542_1_R_2024_02_06_14_21_49_Colorado.ndpi,D5542_1_R_2024_02_06_14_21_49_Colorado.ndpi.ndpa,98d54d32e6e048d08f6dd1e848d09c3c2d03fee299407db3b37ce493d7c252da,30,29,Betulaceae,Betulaceae,Betulaceae,exact,YES,circle,,
D5542_1_R_2024_02_06_14_21_49_Colorado::record_37,D5542_1_R_2024_02_06_14_21_49_Colorado,/rhf/allocations/dsci435/smithsonian_full_sp26/raw/Images_with_annotations_for_CNN_training/D5542_1_R_2024_02_06_14_21_49_Colorado.ndpi,D5542_1_R_2024_02_06_14_21_49_Colorado.ndpi.ndpa,98d54d32e6e048d08f6dd1e848d09c3c2d03fee299407db3b37ce493d7c252da,38,37,Ulmipollenites sp.,Ulmipollenites sp.,Ulmipollenites sp.,exact,YES,circle,,
D5542_1_R_2024_02_06_14_21_49_Colorado::record_45,D5542_1_R_2024_02_06_14_21_49_Colorado,/rhf/allocations/dsci435/smithsonian_full_sp26/raw/Images_with_annotations_for_CNN_training/D5542_1_R_2024_02_06_14_21_49_Colorado.ndpi,D5542_1_R_2024_02_06_14_21_49_Colorado.ndpi.ndpa,98d54d32e6e048d08f6dd1e848d09c3c2d03fee299407db3b37ce493d7c252da,46,45,Caryapollenites veripites,Caryapollenites veripites,Caryapollenites veripites,exact,YES,circle,,
D5542_1_R_2024_02_06_14_21_49_Colorado::record_46,D5542_1_R_2024_02_06_14_21_49_Colorado,/rhf/allocations/dsci435/smithsonian_full_sp26/raw/Images_with_annotations_for_CNN_training/D5542_1_R_2024_02_06_14_21_49_Colorado.ndpi,D5542_1_R_2024_02_06_14_21_49_Colorado.ndpi.ndpa,98d54d32e6e048d08f6dd1e848d09c3c2d03fee299407db3b37ce493d7c252da,47,46,Momipites sp.,Momipites sp.,Momipites sp,exact,YES,circle,,
D5542_1_R_2024_02_06_14_21_49_Colorado::record_51,D5542_1_R_2024_02_06_14_21_49_Colorado,/rhf/allocations/dsci435/smithsonian_full_sp26/raw/Images_with_annotations_for_CNN_training/D5542_1_R_2024_02_06_14_21_49_Colorado.ndpi,D5542_1_R_2024_02_06_14_21_49_Colorado.ndpi.ndpa,98d54d32e6e048d08f6dd1e848d09c3c2d03fee299407db3b37ce493d7c252da,52,51,Rousea sp.,Rousea sp.,Rousea sp.,exact,YES,circle,,
D5542_1_R_2024_02_06_14_21_49_Colorado::record_52,D5542_1_R_2024_02_06_14_21_49_Colorado,/rhf/allocations/dsci435/smithsonian_full_sp26/raw/Images_with_annotations_for_CNN_training/D5542_1_R_2024_02_06_14_21_49_Colorado.ndpi,D5542_1_R_2024_02_06_14_21_49_Colorado.ndpi.ndpa,98d54d32e6e048d08f6dd1e848d09c3c2d03fee299407db3b37ce493d7c252da,53,52,Trilete,Trilete,Psilatriletes sp.,exact,YES,circle,,
D5542_1_R_2024_02_06_14_21_49_Colorado::record_53,D5542_1_R_2024_02_06_14_21_49_Colorado,/rhf/allocations/dsci435/smithsonian_full_sp26/raw/Images_with_annotations_for_CNN_training/D5542_1_R_2024_02_06_14_21_49_Colorado.ndpi,D5542_1_R_2024_02_06_14_21_49_Colorado.ndpi.ndpa,98d54d32e6e048d08f6dd1e848d09c3c2d03fee299407db3b37ce493d7c252da,54,53,Betulaceae,Betulaceae,Betulaceae,exact,YES,circle,,
D5542_1_R_2024_02_06_14_21_49_Colorado::record_54,D5542_1_R_2024_02_06_14_21_49_Colorado,/rhf/allocations/dsci435/smithsonian_full_sp26/raw/Images_with_annotations_for_CNN_training/D5542_1_R_2024_02_06_14_21_49_Colorado.ndpi,D5542_1_R_2024_02_06_14_21_49_Colorado.ndpi.ndpa,98d54d32e6e048d08f6dd1e848d09c3c2d03fee299407db3b37ce493d7c252da,55,54,Caryapollenites sp.,Caryapollenites sp.,Caryapollenites sp.,exact,YES,circle,,
D5542_1_R_2024_02_06_14_21_49_Colorado::record_56,D5542_1_R_2024_02_06_14_21_49_Colorado,/rhf/allocations/dsci435/smithsonian_full_sp26/raw/Images_with_annotations_for_CNN_training/D5542_1_R_2024_02_06_14_21_49_Colorado.ndpi,D5542_1_R_2024_02_06_14_21_49_Colorado.ndpi.ndpa,98d54d32e6e048d08f6dd1e848d09c3c2d03fee299407db3b37ce493d7c252da,57,56,Ulmipollenites sp.,Ulmipollenites sp.,Ulmipollenites sp.,exact,YES,circle,,
D5542_1_R_2024_02_06_14_21_49_Colorado::record_58,D5542_1_R_2024_02_06_14_21_49_Colorado,/rhf/allocations/dsci435/smithsonian_full_sp26/raw/Images_with_annotations_for_CNN_training/D5542_1_R_2024_02_06_14_21_49_Colorado.ndpi,D5542_1_R_2024_02_06_14_21_49_Colorado.ndpi.ndpa,98d54d32e6e048d08f6dd1e848d09c3c2d03fee299407db3b37ce493d7c252da,59,58,Caryapollenites veripites,Caryapollenites veripites,Caryapollenites veripites,exact,YES,circle,,
D5542_1_R_2024_02_06_14_21_49_Colorado::record_64,D5542_1_R_2024_02_06_14_21_49_Colorado,/rhf/allocations/dsci435/smithsonian_full_sp26/raw/Images_with_annotations_for_CNN_training/D5542_1_R_2024_02_06_14_21_49_Colorado.ndpi,D5542_1_R_2024_02_06_14_21_49_Colorado.ndpi.ndpa,98d54d32e6e048d08f6dd1e848d09c3c2d03fee299407db3b37ce493d7c252da,65,64,Caryapollenites veripites,Caryapollenites veripites,Caryapollenites veripites,exact,YES,circle,,
D5542_1_R_2024_02_06_14_21_49_Colorado::record_65,D5542_1_R_2024_02_06_14_21_49_Colorado,/rhf/allocations/dsci435/smithsonian_full_sp26/raw/Images_with_annotations_for_CNN_training/D5542_1_R_2024_02_06_14_21_49_Colorado.ndpi,D5542_1_R_2024_02_06_14_21_49_Colorado.ndpi.ndpa,98d54d32e6e048d08f6dd1e848d09c3c2d03fee299407db3b37ce493d7c252da,66,65,Bombacacidites sp.,Bombacacidites sp.,Bombacacidites sp.,exact,YES,circle,,
D5542_1_R_2024_02_06_14_21_49_Colorado::record_66,D5542_1_R_2024_02_06_14_21_49_Colorado,/rhf/allocations/dsci435/smithsonian_full_sp26/raw/Images_with_annotations_for_CNN_training/D5542_1_R_2024_02_06_14_21_49_Colorado.ndpi,D5542_1_R_2024_02_06_14_21_49_Colorado.ndpi.ndpa,98d54d32e6e048d08f6dd1e848d09c3c2d03fee299407db3b37ce493d7c252da,67,66,Platycarya cf. triplicata,Platycarya cf. triplicata,Platycaryapollenites swasticoidus,exact,YES,circle,,
D5542_1_R_2024_02_06_14_21_49_Colorado::record_68,D5542_1_R_2024_02_06_14_21_49_Colorado,/rhf/allocations/dsci435/smithsonian_full_sp26/raw/Images_with_annotations_for_CNN_training/D5542_1_R_2024_02_06_14_21_49_Colorado.ndpi,D5542_1_R_2024_02_06_14_21_49_Colorado.ndpi.ndpa,98d54d32e6e048d08f6dd1e848d09c3c2d03fee299407db3b37ce493d7c252da,69,68,Ulmipollenites sp.,Ulmipollenites sp.,Ulmipollenites sp.,exact,YES,circle,,
D5542_1_R_2024_02_06_14_21_49_Colorado::record_69,D5542_1_R_2024_02_06_14_21_49_Colorado,/rhf/allocations/dsci435/smithsonian_full_sp26/raw/Images_with_annotations_for_CNN_training/D5542_1_R_2024_02_06_14_21_49_Colorado.ndpi,D5542_1_R_2024_02_06_14_21_49_Colorado.ndpi.ndpa,98d54d32e6e048d08f6dd1e848d09c3c2d03fee299407db3b37ce493d7c252da,70,69,Alnipollenites sp.,Alnipollenites sp.,Alnipollenites verus,exact,YES,circle,,
D5542_1_R_2024_02_06_14_21_49_Colorado::record_72,D5542_1_R_2024_02_06_14_21_49_Colorado,/rhf/allocations/dsci435/smithsonian_full_sp26/raw/Images_with_annotations_for_CNN_training/D5542_1_R_2024_02_06_14_21_49_Colorado.ndpi,D5542_1_R_2024_02_06_14_21_49_Colorado.ndpi.ndpa,98d54d32e6e048d08f6dd1e848d09c3c2d03fee299407db3b37ce493d7c252da,73,72,Ulmipollenites sp.,Ulmipollenites sp.,Ulmipollenites sp.,exact,YES,circle,,
D5542_1_R_2024_02_06_14_21_49_Colorado::record_73,D5542_1_R_2024_02_06_14_21_49_Colorado,/rhf/allocations/dsci435/smithsonian_full_sp26/raw/Images_with_annotations_for_CNN_training/D5542_1_R_2024_02_06_14_21_49_Colorado.ndpi,D5542_1_R_2024_02_06_14_21_49_Colorado.ndpi.ndpa,98d54d32e6e048d08f6dd1e848d09c3c2d03fee299407db3b37ce493d7c252da,74,73,Bipol,Bipol,Bisaccate,exact,YES,circle,,
D5542_1_R_2024_02_06_14_21_49_Colorado::record_74,D5542_1_R_2024_02_06_14_21_49_Colorado,/rhf/allocations/dsci435/smithsonian_full_sp26/raw/Images_with_annotations_for_CNN_training/D5542_1_R_2024_02_06_14_21_49_Colorado.ndpi,D5542_1_R_2024_02_06_14_21_49_Colorado.ndpi.ndpa,98d54d32e6e048d08f6dd1e848d09c3c2d03fee299407db3b37ce493d7c252da,75,74,Caryapollenites sp.,Caryapollenites sp.,Caryapollenites sp.,exact,YES,circle,,
D5542_1_R_2024_02_06_14_21_49_Colorado::record_75,D5542_1_R_2024_02_06_14_21_49_Colorado,/rhf/allocations/dsci435/smithsonian_full_sp26/raw/Images_with_annotations_for_CNN_training/D5542_1_R_2024_02_06_14_21_49_Colorado.ndpi,D5542_1_R_2024_02_06_14_21_49_Colorado.ndpi.ndpa,98d54d32e6e048d08f6dd1e848d09c3c2d03fee299407db3b37ce493d7c252da,76,75,Ulmipollenites sp.,Ulmipollenites sp.,Ulmipollenites sp.,exact,YES,circle,,
D5542_1_R_2024_02_06_14_21_49_Colorado::record_76,D5542_1_R_2024_02_06_14_21_49_Colorado,/rhf/allocations/dsci435/smithsonian_full_sp26/raw/Images_with_annotations_for_CNN_training/D5542_1_R_2024_02_06_14_21_49_Colorado.ndpi,D5542_1_R_2024_02_06_14_21_49_Colorado.ndpi.ndpa,98d54d32e6e048d08f6dd1e848d09c3c2d03fee299407db3b37ce493d7c252da,77,76,Ulmipollenites sp.,Ulmipollenites sp.,Ulmipollenites sp.,exact,YES,circle,,
D5542_1_R_2024_02_06_14_21_49_Colorado::record_79,D5542_1_R_2024_02_06_14_21_49_Colorado,/rhf/allocations/dsci435/smithsonian_full_sp26/raw/Images_with_annotations_for_CNN_training/D5542_1_R_2024_02_06_14_21_49_Colorado.ndpi,D5542_1_R_2024_02_06_14_21_49_Colorado.ndpi.ndpa,98d54d32e6e048d08f6dd1e848d09c3c2d03fee299407db3b37ce493d7c252da,80,79,Inaperturopollenites sp.,Inaperturopollenites sp.,Inaperturopollenites sp.,exact,YES,circle,,
D5542_1_R_2024_02_06_14_21_49_Colorado::record_81,D5542_1_R_2024_02_06_14_21_49_Colorado,/rhf/allocations/dsci435/smithsonian_full_sp26/raw/Images_with_annotations_for_CNN_training/D5542_1_R_2024_02_06_14_21_49_Colorado.ndpi,D5542_1_R_2024_02_06_14_21_49_Colorado.ndpi.ndpa,98d54d32e6e048d08f6dd1e848d09c3c2d03fee299407db3b37ce493d7c252da,82,81,Betulaceae,Betulaceae,Betulaceae,exact,YES,circle,,
D5542_1_R_2024_02_06_14_21_49_Colorado::record_82,D5542_1_R_2024_02_06_14_21_49_Colorado,/rhf/allocations/dsci435/smithsonian_full_sp26/raw/Images_with_annotations_for_CNN_training/D5542_1_R_2024_02_06_14_21_49_Colorado.ndpi,D5542_1_R_2024_02_06_14_21_49_Colorado.ndpi.ndpa,98d54d32e6e048d08f6dd1e848d09c3c2d03fee299407db3b37ce493d7c252da,83,82,Cupuliferoipollenites sp.,Cupuliferoipollenites sp.,Cupuliferoipollenites sp.,exact,YES,circle,,
D5542_1_R_2024_02_06_14_21_49_Colorado::record_85,D5542_1_R_2024_02_06_14_21_49_Colorado,/rhf/allocations/dsci435/smithsonian_full_sp26/raw/Images_with_annotations_for_CNN_training/D5542_1_R_2024_02_06_14_21_49_Colorado.ndpi,D5542_1_R_2024_02_06_14_21_49_Colorado.ndpi.ndpa,98d54d32e6e048d08f6dd1e848d09c3c2d03fee299407db3b37ce493d7c252da,86,85,Caryapollenites imparalis,Caryapollenites imparalis,Caryapollenites sp.,exact,YES,circle,,
D5542_1_R_2024_02_06_14_21_49_Colorado::record_87,D5542_1_R_2024_02_06_14_21_49_Colorado,/rhf/allocations/dsci435/smithsonian_full_sp26/raw/Images_with_annotations_for_CNN_training/D5542_1_R_2024_02_06_14_21_49_Colorado.ndpi,D5542_1_R_2024_02_06_14_21_49_Colorado.ndpi.ndpa,98d54d32e6e048d08f6dd1e848d09c3c2d03fee299407db3b37ce493d7c252da,88,87,Laevigatosporites sp.,Laevigatosporites sp.,Laevigatosporites sp.,exact,YES,circle,,
D5542_1_R_2024_02_06_14_21_49_Colorado::record_88,D5542_1_R_2024_02_06_14_21_49_Colorado,/rhf/allocations/dsci435/smithsonian_full_sp26/raw/Images_with_annotations_for_CNN_training/D5542_1_R_2024_02_06_14_21_49_Colorado.ndpi,D5542_1_R_2024_02_06_14_21_49_Colorado.ndpi.ndpa,98d54d32e6e048d08f6dd1e848d09c3c2d03fee299407db3b37ce493d7c252da,89,88,Caryapollenites sp.,Caryapollenites sp.,Caryapollenites sp.,exact,YES,circle,,
D5542_1_R_2024_02_06_14_21_49_Colorado::record_92,D5542_1_R_2024_02_06_14_21_49_Colorado,/rhf/allocations/dsci435/smithsonian_full_sp26/raw/Images_with_annotations_for_CNN_training/D5542_1_R_2024_02_06_14_21_49_Colorado.ndpi,D5542_1_R_2024_02_06_14_21_49_Colorado.ndpi.ndpa,98d54d32e6e048d08f6dd1e848d09c3c2d03fee299407db3b37ce493d7c252da,93,92,Psilamonocolpites sp.,Psilamonocolpites sp.,Monocolpites sp.,exact,YES,circle,,
D5542_1_R_2024_02_06_14_21_49_Colorado::record_93,D5542_1_R_2024_02_06_14_21_49_Colorado,/rhf/allocations/dsci435/smithsonian_full_sp26/raw/Images_with_annotations_for_CNN_training/D5542_1_R_2024_02_06_14_21_49_Colorado.ndpi,D5542_1_R_2024_02_06_14_21_49_Colorado.ndpi.ndpa,98d54d32e6e048d08f6dd1e848d09c3c2d03fee299407db3b37ce493d7c252da,94,93,Cyathidites sp.,Cyathidites sp.,Psilatriletes sp.,exact,YES,circle,,
D5542_1_R_2024_02_06_14_21_49_Colorado::record_98,D5542_1_R_2024_02_06_14_21_49_Colorado,/rhf/allocations/dsci435/smithsonian_full_sp26/raw/Images_with_annotations_for_CNN_training/D5542_1_R_2024_02_06_14_21_49_Colorado.ndpi,D5542_1_R_2024_02_06_14_21_49_Colorado.ndpi.ndpa,98d54d32e6e048d08f6dd1e848d09c3c2d03fee299407db3b37ce493d7c252da,99,98,Laevigatosporites sp.,Laevigatosporites sp.,Laevigatosporites sp.,exact,YES,circle,,
D5542_1_R_2024_02_06_14_21_49_Colorado::record_102,D5542_1_R_2024_02_06_14_21_49_Colorado,/rhf/allocations/dsci435/smithsonian_full_sp26/raw/Images_with_annotations_for_CNN_training/D5542_1_R_2024_02_06_14_21_49_Colorado.ndpi,D5542_1_R_2024_02_06_14_21_49_Colorado.ndpi.ndpa,98d54d32e6e048d08f6dd1e848d09c3c2d03fee299407db3b37ce493d7c252da,103,102,Momipites,Momipites,Momipites sp,exact,YES,circle,,
D5542_1_R_2024_02_06_14_21_49_Colorado::record_103,D5542_1_R_2024_02_06_14_21_49_Colorado,/rhf/allocations/dsci435/smithsonian_full_sp26/raw/Images_with_annotations_for_CNN_training/D5542_1_R_2024_02_06_14_21_49_Colorado.ndpi,D5542_1_R_2024_02_06_14_21_49_Colorado.ndpi.ndpa,98d54d32e6e048d08f6dd1e848d09c3c2d03fee299407db3b37ce493d7c252da,104,103,Taxodium sp.,Taxodium sp.,Taxodium sp.,exact,YES,circle,,
D5542_1_R_2024_02_06_14_21_49_Colorado::record_106,D5542_1_R_2024_02_06_14_21_49_Colorado,/rhf/allocations/dsci435/smithsonian_full_sp26/raw/Images_with_annotations_for_CNN_training/D5542_1_R_2024_02_06_14_21_49_Colorado.ndpi,D5542_1_R_2024_02_06_14_21_49_Colorado.ndpi.ndpa,98d54d32e6e048d08f6dd1e848d09c3c2d03fee299407db3b37ce493d7c252da,107,106,Momipites,Momipites,Momipites sp,exact,YES,circle,,
D5542_1_R_2024_02_06_14_21_49_Colorado::record_108,D5542_1_R_2024_02_06_14_21_49_Colorado,/rhf/allocations/dsci435/smithsonian_full_sp26/raw/Images_with_annotations_for_CNN_training/D5542_1_R_2024_02_06_14_21_49_Colorado.ndpi,D5542_1_R_2024_02_06_14_21_49_Colorado.ndpi.ndpa,98d54d32e6e048d08f6dd1e848d09c3c2d03fee299407db3b37ce493d7c252da,109,108,Momipites,Momipites,Momipites sp,exact,YES,circle,,
D5542_1_R_2024_02_06_14_21_49_Colorado::record_110,D5542_1_R_2024_02_06_14_21_49_Colorado,/rhf/allocations/dsci435/smithsonian_full_sp26/raw/Images_with_annotations_for_CNN_training/D5542_1_R_2024_02_06_14_21_49_Colorado.ndpi,D5542_1_R_2024_02_06_14_21_49_Colorado.ndpi.ndpa,98d54d32e6e048d08f6dd1e848d09c3c2d03fee299407db3b37ce493d7c252da,111,110,Rousea sp.,Rousea sp.,Rousea sp.,exact,YES,circle,,
D5542_1_R_2024_02_06_14_21_49_Colorado::record_115,D5542_1_R_2024_02_06_14_21_49_Colorado,/rhf/allocations/dsci435/smithsonian_full_sp26/raw/Images_with_annotations_for_CNN_training/D5542_1_R_2024_02_06_14_21_49_Colorado.ndpi,D5542_1_R_2024_02_06_14_21_49_Colorado.ndpi.ndpa,98d54d32e6e048d08f6dd1e848d09c3c2d03fee299407db3b37ce493d7c252da,116,115,Arecipites sp.,Arecipites sp.,Arecipites sp.,exact,YES,circle,,
D5542_1_R_2024_02_06_14_21_49_Colorado::record_117,D5542_1_R_2024_02_06_14_21_49_Colorado,/rhf/allocations/dsci435/smithsonian_full_sp26/raw/Images_with_annotations_for_CNN_training/D5542_1_R_2024_02_06_14_21_49_Colorado.ndpi,D5542_1_R_2024_02_06_14_21_49_Colorado.ndpi.ndpa,98d54d32e6e048d08f6dd1e848d09c3c2d03fee299407db3b37ce493d7c252da,118,117,Ulmipollenites sp.,Ulmipollenites sp.,Ulmipollenites sp.,exact,YES,circle,,
D5542_1_R_2024_02_06_14_21_49_Colorado::record_129,D5542_1_R_2024_02_06_14_21_49_Colorado,/rhf/allocations/dsci435/smithsonian_full_sp26/raw/Images_with_annotations_for_CNN_training/D5542_1_R_2024_02_06_14_21_49_Colorado.ndpi,D5542_1_R_2024_02_06_14_21_49_Colorado.ndpi.ndpa,98d54d32e6e048d08f6dd1e848d09c3c2d03fee299407db3b37ce493d7c252da,130,129,Caryapollenites sp.,Caryapollenites sp.,Caryapollenites sp.,exact,YES,circle,,
D5542_1_L_2024_02_06_10_55_26_Colorado::record_1,D5542_1_L_2024_02_06_10_55_26_Colorado,/rhf/allocations/dsci435/smithsonian_full_sp26/raw/Images_with_annotations_for_CNN_training/D5542_1_L_2024_02_06_10_55_26_Colorado.ndpi,D5542_1_L_2024_02_06_10_55_26_Colorado.ndpi.ndpa,c4702c7262c26cf2514174cd846121045d486840e9d8c0bed33a83434a62bc16,2,1,Ulmipollenites sp.,Ulmipollenites sp.,Ulmipollenites sp.,exact,YES,circle,,
D5542_1_L_2024_02_06_10_55_26_Colorado::record_5,D5542_1_L_2024_02_06_10_55_26_Colorado,/rhf/allocations/dsci435/smithsonian_full_sp26/raw/Images_with_annotations_for_CNN_training/D5542_1_L_2024_02_06_10_55_26_Colorado.ndpi,D5542_1_L_2024_02_06_10_55_26_Colorado.ndpi.ndpa,c4702c7262c26cf2514174cd846121045d486840e9d8c0bed33a83434a62bc16,6,5,Betulaceae,Betulaceae,Betulaceae,exact,YES,circle,,
D5542_1_L_2024_02_06_10_55_26_Colorado::record_11,D5542_1_L_2024_02_06_10_55_26_Colorado,/rhf/allocations/dsci435/smithsonian_full_sp26/raw/Images_with_annotations_for_CNN_training/D5542_1_L_2024_02_06_10_55_26_Colorado.ndpi,D5542_1_L_2024_02_06_10_55_26_Colorado.ndpi.ndpa,c4702c7262c26cf2514174cd846121045d486840e9d8c0bed33a83434a62bc16,12,11,Ulmipollenites sp.,Ulmipollenites sp.,Ulmipollenites sp.,exact,YES,circle,,
D5542_1_L_2024_02_06_10_55_26_Colorado::record_14,D5542_1_L_2024_02_06_10_55_26_Colorado,/rhf/allocations/dsci435/smithsonian_full_sp26/raw/Images_with_annotations_for_CNN_training/D5542_1_L_2024_02_06_10_55_26_Colorado.ndpi,D5542_1_L_2024_02_06_10_55_26_Colorado.ndpi.ndpa,c4702c7262c26cf2514174cd846121045d486840e9d8c0bed33a83434a62bc16,15,14,Caryapollenites sp.,Caryapollenites sp.,Caryapollenites sp.,exact,YES,circle,,
D5542_1_L_2024_02_06_10_55_26_Colorado::record_16,D5542_1_L_2024_02_06_10_55_26_Colorado,/rhf/allocations/dsci435/smithsonian_full_sp26/raw/Images_with_annotations_for_CNN_training/D5542_1_L_2024_02_06_10_55_26_Colorado.ndpi,D5542_1_L_2024_02_06_10_55_26_Colorado.ndpi.ndpa,c4702c7262c26cf2514174cd846121045d486840e9d8c0bed33a83434a62bc16,17,16,Ulmipollenites sp.,Ulmipollenites sp.,Ulmipollenites sp.,exact,YES,circle,,
D5542_1_L_2024_02_06_10_55_26_Colorado::record_19,D5542_1_L_2024_02_06_10_55_26_Colorado,/rhf/allocations/dsci435/smithsonian_full_sp26/raw/Images_with_annotations_for_CNN_training/D5542_1_L_2024_02_06_10_55_26_Colorado.ndpi,D5542_1_L_2024_02_06_10_55_26_Colorado.ndpi.ndpa,c4702c7262c26cf2514174cd846121045d486840e9d8c0bed33a83434a62bc16,20,19,Rhoipites sp.,Rhoipites sp.,Rhoipites sp.,exact,YES,circle,,
D5542_1_L_2024_02_06_10_55_26_Colorado::record_21,D5542_1_L_2024_02_06_10_55_26_Colorado,/rhf/allocations/dsci435/smithsonian_full_sp26/raw/Images_with_annotations_for_CNN_training/D5542_1_L_2024_02_06_10_55_26_Colorado.ndpi,D5542_1_L_2024_02_06_10_55_26_Colorado.ndpi.ndpa,c4702c7262c26cf2514174cd846121045d486840e9d8c0bed33a83434a62bc16,22,21,Rhoipites sp.,Rhoipites sp.,Rhoipites sp.,exact,YES,circle,,
D5542_1_L_2024_02_06_10_55_26_Colorado::record_25,D5542_1_L_2024_02_06_10_55_26_Colorado,/rhf/allocations/dsci435/smithsonian_full_sp26/raw/Images_with_annotations_for_CNN_training/D5542_1_L_2024_02_06_10_55_26_Colorado.ndpi,D5542_1_L_2024_02_06_10_55_26_Colorado.ndpi.ndpa,c4702c7262c26cf2514174cd846121045d486840e9d8c0bed33a83434a62bc16,26,25,Taxodium sp.,Taxodium sp.,Taxodium sp.,exact,YES,circle,,
D5542_1_L_2024_02_06_10_55_26_Colorado::record_27,D5542_1_L_2024_02_06_10_55_26_Colorado,/rhf/allocations/dsci435/smithsonian_full_sp26/raw/Images_with_annotations_for_CNN_training/D5542_1_L_2024_02_06_10_55_26_Colorado.ndpi,D5542_1_L_2024_02_06_10_55_26_Colorado.ndpi.ndpa,c4702c7262c26cf2514174cd846121045d486840e9d8c0bed33a83434a62bc16,28,27,Caryapollenites sp.,Caryapollenites sp.,Caryapollenites sp.,exact,YES,circle,,
D5542_1_L_2024_02_06_10_55_26_Colorado::record_28,D5542_1_L_2024_02_06_10_55_26_Colorado,/rhf/allocations/dsci435/smithsonian_full_sp26/raw/Images_with_annotations_for_CNN_training/D5542_1_L_2024_02_06_10_55_26_Colorado.ndpi,D5542_1_L_2024_02_06_10_55_26_Colorado.ndpi.ndpa,c4702c7262c26cf2514174cd846121045d486840e9d8c0bed33a83434a62bc16,29,28,Caryapollenites veripites,Caryapollenites veripites,Caryapollenites veripites,exact,YES,circle,,
D5542_1_L_2024_02_06_10_55_26_Colorado::record_29,D5542_1_L_2024_02_06_10_55_26_Colorado,/rhf/allocations/dsci435/smithsonian_full_sp26/raw/Images_with_annotations_for_CNN_training/D5542_1_L_2024_02_06_10_55_26_Colorado.ndpi,D5542_1_L_2024_02_06_10_55_26_Colorado.ndpi.ndpa,c4702c7262c26cf2514174cd846121045d486840e9d8c0bed33a83434a62bc16,30,29,Momipites sp.,Momipites sp.,Momipites sp,exact,YES,circle,,
D5542_1_L_2024_02_06_10_55_26_Colorado::record_32,D5542_1_L_2024_02_06_10_55_26_Colorado,/rhf/allocations/dsci435/smithsonian_full_sp26/raw/Images_with_annotations_for_CNN_training/D5542_1_L_2024_02_06_10_55_26_Colorado.ndpi,D5542_1_L_2024_02_06_10_55_26_Colorado.ndpi.ndpa,c4702c7262c26cf2514174cd846121045d486840e9d8c0bed33a83434a62bc16,33,32,Betulaceae,Betulaceae,Betulaceae,exact,YES,circle,,
D5542_1_L_2024_02_06_10_55_26_Colorado::record_33,D5542_1_L_2024_02_06_10_55_26_Colorado,/rhf/allocations/dsci435/smithsonian_full_sp26/raw/Images_with_annotations_for_CNN_training/D5542_1_L_2024_02_06_10_55_26_Colorado.ndpi,D5542_1_L_2024_02_06_10_55_26_Colorado.ndpi.ndpa,c4702c7262c26cf2514174cd846121045d486840e9d8c0bed33a83434a62bc16,34,33,Laevigatosporites sp.,Laevigatosporites sp.,Laevigatosporites sp.,exact,YES,circle,,
D5542_1_L_2024_02_06_10_55_26_Colorado::record_35,D5542_1_L_2024_02_06_10_55_26_Colorado,/rhf/allocations/dsci435/smithsonian_full_sp26/raw/Images_with_annotations_for_CNN_training/D5542_1_L_2024_02_06_10_55_26_Colorado.ndpi,D5542_1_L_2024_02_06_10_55_26_Colorado.ndpi.ndpa,c4702c7262c26cf2514174cd846121045d486840e9d8c0bed33a83434a62bc16,36,35,Bombacacidites sp.,Bombacacidites sp.,Bombacacidites sp.,exact,YES,circle,,
D5542_1_L_2024_02_06_10_55_26_Colorado::record_36,D5542_1_L_2024_02_06_10_55_26_Colorado,/rhf/allocations/dsci435/smithsonian_full_sp26/raw/Images_with_annotations_for_CNN_training/D5542_1_L_2024_02_06_10_55_26_Colorado.ndpi,D5542_1_L_2024_02_06_10_55_26_Colorado.ndpi.ndpa,c4702c7262c26cf2514174cd846121045d486840e9d8c0bed33a83434a62bc16,37,36,Alnipollenites sp.,Alnipollenites sp.,Alnipollenites verus,exact,YES,circle,,
D5542_1_L_2024_02_06_10_55_26_Colorado::record_40,D5542_1_L_2024_02_06_10_55_26_Colorado,/rhf/allocations/dsci435/smithsonian_full_sp26/raw/Images_with_annotations_for_CNN_training/D5542_1_L_2024_02_06_10_55_26_Colorado.ndpi,D5542_1_L_2024_02_06_10_55_26_Colorado.ndpi.ndpa,c4702c7262c26cf2514174cd846121045d486840e9d8c0bed33a83434a62bc16,41,40,Tiliapollenites sp.,Tiliapollenites sp.,Bombacacidites sp.,exact,YES,circle,,
D5542_1_L_2024_02_06_10_55_26_Colorado::record_43,D5542_1_L_2024_02_06_10_55_26_Colorado,/rhf/allocations/dsci435/smithsonian_full_sp26/raw/Images_with_annotations_for_CNN_training/D5542_1_L_2024_02_06_10_55_26_Colorado.ndpi,D5542_1_L_2024_02_06_10_55_26_Colorado.ndpi.ndpa,c4702c7262c26cf2514174cd846121045d486840e9d8c0bed33a83434a62bc16,44,43,Ulmipollenites sp.,Ulmipollenites sp.,Ulmipollenites sp.,exact,YES,circle,,
D5542_1_L_2024_02_06_10_55_26_Colorado::record_45,D5542_1_L_2024_02_06_10_55_26_Colorado,/rhf/allocations/dsci435/smithsonian_full_sp26/raw/Images_with_annotations_for_CNN_training/D5542_1_L_2024_02_06_10_55_26_Colorado.ndpi,D5542_1_L_2024_02_06_10_55_26_Colorado.ndpi.ndpa,c4702c7262c26cf2514174cd846121045d486840e9d8c0bed33a83434a62bc16,46,45,Psilamonocolpites sp.,Psilamonocolpites sp.,Monocolpites sp.,exact,YES,circle,,
D5542_1_L_2024_02_06_10_55_26_Colorado::record_46,D5542_1_L_2024_02_06_10_55_26_Colorado,/rhf/allocations/dsci435/smithsonian_full_sp26/raw/Images_with_annotations_for_CNN_training/D5542_1_L_2024_02_06_10_55_26_Colorado.ndpi,D5542_1_L_2024_02_06_10_55_26_Colorado.ndpi.ndpa,c4702c7262c26cf2514174cd846121045d486840e9d8c0bed33a83434a62bc16,47,46,Rousea sp.,Rousea sp.,Rousea sp.,exact,YES,circle,,
D5542_1_L_2024_02_06_10_55_26_Colorado::record_50,D5542_1_L_2024_02_06_10_55_26_Colorado,/rhf/allocations/dsci435/smithsonian_full_sp26/raw/Images_with_annotations_for_CNN_training/D5542_1_L_2024_02_06_10_55_26_Colorado.ndpi,D5542_1_L_2024_02_06_10_55_26_Colorado.ndpi.ndpa,c4702c7262c26cf2514174cd846121045d486840e9d8c0bed33a83434a62bc16,52,50,Caryapollenites veripites,Caryapollenites veripites,Caryapollenites veripites,exact,YES,circle,,
D5542_1_L_2024_02_06_10_55_26_Colorado::record_51,D5542_1_L_2024_02_06_10_55_26_Colorado,/rhf/allocations/dsci435/smithsonian_full_sp26/raw/Images_with_annotations_for_CNN_training/D5542_1_L_2024_02_06_10_55_26_Colorado.ndpi,D5542_1_L_2024_02_06_10_55_26_Colorado.ndpi.ndpa,c4702c7262c26cf2514174cd846121045d486840e9d8c0bed33a83434a62bc16,53,51,Caryapollenites veripites,Caryapollenites veripites,Caryapollenites veripites,exact,YES,circle,,
D5542_1_L_2024_02_06_10_55_26_Colorado::record_58,D5542_1_L_2024_02_06_10_55_26_Colorado,/rhf/allocations/dsci435/smithsonian_full_sp26/raw/Images_with_annotations_for_CNN_training/D5542_1_L_2024_02_06_10_55_26_Colorado.ndpi,D5542_1_L_2024_02_06_10_55_26_Colorado.ndpi.ndpa,c4702c7262c26cf2514174cd846121045d486840e9d8c0bed33a83434a62bc16,60,58,Ulmipollenites sp.,Ulmipollenites sp.,Ulmipollenites sp.,exact,YES,circle,,
D5542_1_L_2024_02_06_10_55_26_Colorado::record_68,D5542_1_L_2024_02_06_10_55_26_Colorado,/rhf/allocations/dsci435/smithsonian_full_sp26/raw/Images_with_annotations_for_CNN_training/D5542_1_L_2024_02_06_10_55_26_Colorado.ndpi,D5542_1_L_2024_02_06_10_55_26_Colorado.ndpi.ndpa,c4702c7262c26cf2514174cd846121045d486840e9d8c0bed33a83434a62bc16,70,68,Cupuliferoipollenites sp.,Cupuliferoipollenites sp.,Cupuliferoipollenites sp.,exact,YES,circle,,
D5542_1_L_2024_02_06_10_55_26_Colorado::record_69,D5542_1_L_2024_02_06_10_55_26_Colorado,/rhf/allocations/dsci435/smithsonian_full_sp26/raw/Images_with_annotations_for_CNN_training/D5542_1_L_2024_02_06_10_55_26_Colorado.ndpi,D5542_1_L_2024_02_06_10_55_26_Colorado.ndpi.ndpa,c4702c7262c26cf2514174cd846121045d486840e9d8c0bed33a83434a62bc16,71,69,Cupuliferoipollenites sp.,Cupuliferoipollenites sp.,Cupuliferoipollenites sp.,exact,YES,circle,,
D5542_1_L_2024_02_06_10_55_26_Colorado::record_72,D5542_1_L_2024_02_06_10_55_26_Colorado,/rhf/allocations/dsci435/smithsonian_full_sp26/raw/Images_with_annotations_for_CNN_training/D5542_1_L_2024_02_06_10_55_26_Colorado.ndpi,D5542_1_L_2024_02_06_10_55_26_Colorado.ndpi.ndpa,c4702c7262c26cf2514174cd846121045d486840e9d8c0bed33a83434a62bc16,74,72,Alnipollenites sp.,Alnipollenites sp.,Alnipollenites verus,exact,YES,circle,,
D5542_1_L_2024_02_06_10_55_26_Colorado::record_74,D5542_1_L_2024_02_06_10_55_26_Colorado,/rhf/allocations/dsci435/smithsonian_full_sp26/raw/Images_with_annotations_for_CNN_training/D5542_1_L_2024_02_06_10_55_26_Colorado.ndpi,D5542_1_L_2024_02_06_10_55_26_Colorado.ndpi.ndpa,c4702c7262c26cf2514174cd846121045d486840e9d8c0bed33a83434a62bc16,76,74,Caryapollenites veripites,Caryapollenites veripites,Caryapollenites veripites,exact,YES,circle,,
D5542_1_L_2024_02_06_10_55_26_Colorado::record_75,D5542_1_L_2024_02_06_10_55_26_Colorado,/rhf/allocations/dsci435/smithsonian_full_sp26/raw/Images_with_annotations_for_CNN_training/D5542_1_L_2024_02_06_10_55_26_Colorado.ndpi,D5542_1_L_2024_02_06_10_55_26_Colorado.ndpi.ndpa,c4702c7262c26cf2514174cd846121045d486840e9d8c0bed33a83434a62bc16,77,75,Tiliapollenites sp.,Tiliapollenites sp.,Bombacacidites sp.,exact,YES,circle,,
D5542_1_L_2024_02_06_10_55_26_Colorado::record_76,D5542_1_L_2024_02_06_10_55_26_Colorado,/rhf/allocations/dsci435/smithsonian_full_sp26/raw/Images_with_annotations_for_CNN_training/D5542_1_L_2024_02_06_10_55_26_Colorado.ndpi,D5542_1_L_2024_02_06_10_55_26_Colorado.ndpi.ndpa,c4702c7262c26cf2514174cd846121045d486840e9d8c0bed33a83434a62bc16,78,76,Momipites wyomingensis,Momipites wyomingensis,Momipites wyomingensis,exact,YES,circle,,
D5542_1_L_2024_02_06_10_55_26_Colorado::record_77,D5542_1_L_2024_02_06_10_55_26_Colorado,/rhf/allocations/dsci435/smithsonian_full_sp26/raw/Images_with_annotations_for_CNN_training/D5542_1_L_2024_02_06_10_55_26_Colorado.ndpi,D5542_1_L_2024_02_06_10_55_26_Colorado.ndpi.ndpa,c4702c7262c26cf2514174cd846121045d486840e9d8c0bed33a83434a62bc16,79,77,Ulmipollenites sp.,Ulmipollenites sp.,Ulmipollenites sp.,exact,YES,circle,,
D5542_1_L_2024_02_06_10_55_26_Colorado::record_78,D5542_1_L_2024_02_06_10_55_26_Colorado,/rhf/allocations/dsci435/smithsonian_full_sp26/raw/Images_with_annotations_for_CNN_training/D5542_1_L_2024_02_06_10_55_26_Colorado.ndpi,D5542_1_L_2024_02_06_10_55_26_Colorado.ndpi.ndpa,c4702c7262c26cf2514174cd846121045d486840e9d8c0bed33a83434a62bc16,80,78,Ulmipollenites sp.,Ulmipollenites sp.,Ulmipollenites sp.,exact,YES,circle,,
D5542_1_L_2024_02_06_10_55_26_Colorado::record_79,D5542_1_L_2024_02_06_10_55_26_Colorado,/rhf/allocations/dsci435/smithsonian_full_sp26/raw/Images_with_annotations_for_CNN_training/D5542_1_L_2024_02_06_10_55_26_Colorado.ndpi,D5542_1_L_2024_02_06_10_55_26_Colorado.ndpi.ndpa,c4702c7262c26cf2514174cd846121045d486840e9d8c0bed33a83434a62bc16,81,79,Ulmipollenites sp.,Ulmipollenites sp.,Ulmipollenites sp.,exact,YES,circle,,
D5542_1_L_2024_02_06_10_55_26_Colorado::record_80,D5542_1_L_2024_02_06_10_55_26_Colorado,/rhf/allocations/dsci435/smithsonian_full_sp26/raw/Images_with_annotations_for_CNN_training/D5542_1_L_2024_02_06_10_55_26_Colorado.ndpi,D5542_1_L_2024_02_06_10_55_26_Colorado.ndpi.ndpa,c4702c7262c26cf2514174cd846121045d486840e9d8c0bed33a83434a62bc16,82,80,Caryapollenites veripites,Caryapollenites veripites,Caryapollenites veripites,exact,YES,circle,,
D5542_1_L_2024_02_06_10_55_26_Colorado::record_81,D5542_1_L_2024_02_06_10_55_26_Colorado,/rhf/allocations/dsci435/smithsonian_full_sp26/raw/Images_with_annotations_for_CNN_training/D5542_1_L_2024_02_06_10_55_26_Colorado.ndpi,D5542_1_L_2024_02_06_10_55_26_Colorado.ndpi.ndpa,c4702c7262c26cf2514174cd846121045d486840e9d8c0bed33a83434a62bc16,83,81,Tiliapollenites sp.,Tiliapollenites sp.,Bombacacidites sp.,exact,YES,circle,,
D5542_1_L_2024_02_06_10_55_26_Colorado::record_82,D5542_1_L_2024_02_06_10_55_26_Colorado,/rhf/allocations/dsci435/smithsonian_full_sp26/raw/Images_with_annotations_for_CNN_training/D5542_1_L_2024_02_06_10_55_26_Colorado.ndpi,D5542_1_L_2024_02_06_10_55_26_Colorado.ndpi.ndpa,c4702c7262c26cf2514174cd846121045d486840e9d8c0bed33a83434a62bc16,84,82,Ulmipollenites sp.,Ulmipollenites sp.,Ulmipollenites sp.,exact,YES,circle,,
D5542_1_L_2024_02_06_10_55_26_Colorado::record_83,D5542_1_L_2024_02_06_10_55_26_Colorado,/rhf/allocations/dsci435/smithsonian_full_sp26/raw/Images_with_annotations_for_CNN_training/D5542_1_L_2024_02_06_10_55_26_Colorado.ndpi,D5542_1_L_2024_02_06_10_55_26_Colorado.ndpi.ndpa,c4702c7262c26cf2514174cd846121045d486840e9d8c0bed33a83434a62bc16,85,83,Tiliapollenites sp.,Tiliapollenites sp.,Bombacacidites sp.,exact,YES,circle,,
D5542_1_L_2024_02_06_10_55_26_Colorado::record_84,D5542_1_L_2024_02_06_10_55_26_Colorado,/rhf/allocations/dsci435/smithsonian_full_sp26/raw/Images_with_annotations_for_CNN_training/D5542_1_L_2024_02_06_10_55_26_Colorado.ndpi,D5542_1_L_2024_02_06_10_55_26_Colorado.ndpi.ndpa,c4702c7262c26cf2514174cd846121045d486840e9d8c0bed33a83434a62bc16,86,84,Tiliapollenites sp.,Tiliapollenites sp.,Bombacacidites sp.,exact,YES,circle,,
D5542_1_L_2024_02_06_10_55_26_Colorado::record_85,D5542_1_L_2024_02_06_10_55_26_Colorado,/rhf/allocations/dsci435/smithsonian_full_sp26/raw/Images_with_annotations_for_CNN_training/D5542_1_L_2024_02_06_10_55_26_Colorado.ndpi,D5542_1_L_2024_02_06_10_55_26_Colorado.ndpi.ndpa,c4702c7262c26cf2514174cd846121045d486840e9d8c0bed33a83434a62bc16,87,85,Tiliapollenites sp.,Tiliapollenites sp.,Bombacacidites sp.,exact,YES,circle,,
D5542_1_L_2024_02_06_10_55_26_Colorado::record_86,D5542_1_L_2024_02_06_10_55_26_Colorado,/rhf/allocations/dsci435/smithsonian_full_sp26/raw/Images_with_annotations_for_CNN_training/D5542_1_L_2024_02_06_10_55_26_Colorado.ndpi,D5542_1_L_2024_02_06_10_55_26_Colorado.ndpi.ndpa,c4702c7262c26cf2514174cd846121045d486840e9d8c0bed33a83434a62bc16,88,86,Alnipollenites verus,Alnipollenites verus,Alnipollenites verus,exact,YES,circle,,
D5542_1_L_2024_02_06_10_55_26_Colorado::record_87,D5542_1_L_2024_02_06_10_55_26_Colorado,/rhf/allocations/dsci435/smithsonian_full_sp26/raw/Images_with_annotations_for_CNN_training/D5542_1_L_2024_02_06_10_55_26_Colorado.ndpi,D5542_1_L_2024_02_06_10_55_26_Colorado.ndpi.ndpa,c4702c7262c26cf2514174cd846121045d486840e9d8c0bed33a83434a62bc16,89,87,Momipites wyomingensis,Momipites wyomingensis,Momipites wyomingensis,exact,YES,circle,,
D4354_3_R_2024_02_05_12_39_12_Arkansas::record_2,D4354_3_R_2024_02_05_12_39_12_Arkansas,/rhf/allocations/dsci435/smithsonian_full_sp26/raw/Images_with_annotations_for_CNN_training/D4354_3_R_2024_02_05_12_39_12_Arkansas.ndpi,D4354_3_R_2024_02_05_12_39_12_Arkansas.ndpi.ndpa,a321f9aa947bee3daa427574bc9490acad316128afd08af997330a73b848151f,3,2,Momipites ventifluminis,Momipites ventifluminis,Momipites ventifluminis,exact,YES,circle,,
D4354_3_R_2024_02_05_12_39_12_Arkansas::record_11,D4354_3_R_2024_02_05_12_39_12_Arkansas,/rhf/allocations/dsci435/smithsonian_full_sp26/raw/Images_with_annotations_for_CNN_training/D4354_3_R_2024_02_05_12_39_12_Arkansas.ndpi,D4354_3_R_2024_02_05_12_39_12_Arkansas.ndpi.ndpa,a321f9aa947bee3daa427574bc9490acad316128afd08af997330a73b848151f,12,11,Psilatricolpites sp.,Psilatricolpites sp.,Psilatricolpites sp.,exact,YES,circle,,
D4354_3_R_2024_02_05_12_39_12_Arkansas::record_12,D4354_3_R_2024_02_05_12_39_12_Arkansas,/rhf/allocations/dsci435/smithsonian_full_sp26/raw/Images_with_annotations_for_CNN_training/D4354_3_R_2024_02_05_12_39_12_Arkansas.ndpi,D4354_3_R_2024_02_05_12_39_12_Arkansas.ndpi.ndpa,a321f9aa947bee3daa427574bc9490acad316128afd08af997330a73b848151f,13,12,Psilatricolpites sp.,Psilatricolpites sp.,Psilatricolpites sp.,exact,YES,circle,,Image in OneNote
D4354_3_R_2024_02_05_12_39_12_Arkansas::record_13,D4354_3_R_2024_02_05_12_39_12_Arkansas,/rhf/allocations/dsci435/smithsonian_full_sp26/raw/Images_with_annotations_for_CNN_training/D4354_3_R_2024_02_05_12_39_12_Arkansas.ndpi,D4354_3_R_2024_02_05_12_39_12_Arkansas.ndpi.ndpa,a321f9aa947bee3daa427574bc9490acad316128afd08af997330a73b848151f,14,13,Psilatricolpites sp.,Psilatricolpites sp.,Psilatricolpites sp.,exact,YES,circle,,
D4354_3_R_2024_02_05_12_39_12_Arkansas::record_15,D4354_3_R_2024_02_05_12_39_12_Arkansas,/rhf/allocations/dsci435/smithsonian_full_sp26/raw/Images_with_annotations_for_CNN_training/D4354_3_R_2024_02_05_12_39_12_Arkansas.ndpi,D4354_3_R_2024_02_05_12_39_12_Arkansas.ndpi.ndpa,a321f9aa947bee3daa427574bc9490acad316128afd08af997330a73b848151f,16,15,Rousea sp.,Rousea sp.,Rousea sp.,exact,YES,circle,,Image in the OneNote
D4354_3_R_2024_02_05_12_39_12_Arkansas::record_18,D4354_3_R_2024_02_05_12_39_12_Arkansas,/rhf/allocations/dsci435/smithsonian_full_sp26/raw/Images_with_annotations_for_CNN_training/D4354_3_R_2024_02_05_12_39_12_Arkansas.ndpi,D4354_3_R_2024_02_05_12_39_12_Arkansas.ndpi.ndpa,a321f9aa947bee3daa427574bc9490acad316128afd08af997330a73b848151f,19,18,Psilatricolpitessp.,Psilatricolpitessp.,Psilatricolpites sp.,exact,YES,circle,,
D4354_3_R_2024_02_05_12_39_12_Arkansas::record_25,D4354_3_R_2024_02_05_12_39_12_Arkansas,/rhf/allocations/dsci435/smithsonian_full_sp26/raw/Images_with_annotations_for_CNN_training/D4354_3_R_2024_02_05_12_39_12_Arkansas.ndpi,D4354_3_R_2024_02_05_12_39_12_Arkansas.ndpi.ndpa,a321f9aa947bee3daa427574bc9490acad316128afd08af997330a73b848151f,26,25,Psilatricolpites sp.,Psilatricolpites sp.,Psilatricolpites sp.,exact,YES,circle,,
D4354_3_R_2024_02_05_12_39_12_Arkansas::record_26,D4354_3_R_2024_02_05_12_39_12_Arkansas,/rhf/allocations/dsci435/smithsonian_full_sp26/raw/Images_with_annotations_for_CNN_training/D4354_3_R_2024_02_05_12_39_12_Arkansas.ndpi,D4354_3_R_2024_02_05_12_39_12_Arkansas.ndpi.ndpa,a321f9aa947bee3daa427574bc9490acad316128afd08af997330a73b848151f,27,26,Betulaceae,Betulaceae,Betulaceae,exact,YES,circle,,
D4354_3_R_2024_02_05_12_39_12_Arkansas::record_27,D4354_3_R_2024_02_05_12_39_12_Arkansas,/rhf/allocations/dsci435/smithsonian_full_sp26/raw/Images_with_annotations_for_CNN_training/D4354_3_R_2024_02_05_12_39_12_Arkansas.ndpi,D4354_3_R_2024_02_05_12_39_12_Arkansas.ndpi.ndpa,a321f9aa947bee3daa427574bc9490acad316128afd08af997330a73b848151f,28,27,Caryapollenites,Caryapollenites,Caryapollenites sp.,exact,YES,circle,,
D4354_3_R_2024_02_05_12_39_12_Arkansas::record_28,D4354_3_R_2024_02_05_12_39_12_Arkansas,/rhf/allocations/dsci435/smithsonian_full_sp26/raw/Images_with_annotations_for_CNN_training/D4354_3_R_2024_02_05_12_39_12_Arkansas.ndpi,D4354_3_R_2024_02_05_12_39_12_Arkansas.ndpi.ndpa,a321f9aa947bee3daa427574bc9490acad316128afd08af997330a73b848151f,29,28,Caryapollenites wodehousei,Caryapollenites wodehousei,Caryapollenites sp.,exact,YES,circle,,
D4354_3_R_2024_02_05_12_39_12_Arkansas::record_29,D4354_3_R_2024_02_05_12_39_12_Arkansas,/rhf/allocations/dsci435/smithsonian_full_sp26/raw/Images_with_annotations_for_CNN_training/D4354_3_R_2024_02_05_12_39_12_Arkansas.ndpi,D4354_3_R_2024_02_05_12_39_12_Arkansas.ndpi.ndpa,a321f9aa947bee3daa427574bc9490acad316128afd08af997330a73b848151f,30,29,Arecipites reticulatus,Arecipites reticulatus,Arecipites sp.,exact,YES,circle,,
D4354_3_R_2024_02_05_12_39_12_Arkansas::record_31,D4354_3_R_2024_02_05_12_39_12_Arkansas,/rhf/allocations/dsci435/smithsonian_full_sp26/raw/Images_with_annotations_for_CNN_training/D4354_3_R_2024_02_05_12_39_12_Arkansas.ndpi,D4354_3_R_2024_02_05_12_39_12_Arkansas.ndpi.ndpa,a321f9aa947bee3daa427574bc9490acad316128afd08af997330a73b848151f,32,31,Psilatricolpites sp.,Psilatricolpites sp.,Psilatricolpites sp.,exact,YES,circle,,
D4354_3_R_2024_02_05_12_39_12_Arkansas::record_33,D4354_3_R_2024_02_05_12_39_12_Arkansas,/rhf/allocations/dsci435/smithsonian_full_sp26/raw/Images_with_annotations_for_CNN_training/D4354_3_R_2024_02_05_12_39_12_Arkansas.ndpi,D4354_3_R_2024_02_05_12_39_12_Arkansas.ndpi.ndpa,a321f9aa947bee3daa427574bc9490acad316128afd08af997330a73b848151f,34,33,Psilatricolpites sp.,Psilatricolpites sp.,Psilatricolpites sp.,exact,YES,circle,,Tricolpate
D4354_3_R_2024_02_05_12_39_12_Arkansas::record_39,D4354_3_R_2024_02_05_12_39_12_Arkansas,/rhf/allocations/dsci435/smithsonian_full_sp26/raw/Images_with_annotations_for_CNN_training/D4354_3_R_2024_02_05_12_39_12_Arkansas.ndpi,D4354_3_R_2024_02_05_12_39_12_Arkansas.ndpi.ndpa,a321f9aa947bee3daa427574bc9490acad316128afd08af997330a73b848151f,40,39,Monolete,Monolete,Laevigatosporites sp.,exact,YES,circle,,
D4354_3_R_2024_02_05_12_39_12_Arkansas::record_41,D4354_3_R_2024_02_05_12_39_12_Arkansas,/rhf/allocations/dsci435/smithsonian_full_sp26/raw/Images_with_annotations_for_CNN_training/D4354_3_R_2024_02_05_12_39_12_Arkansas.ndpi,D4354_3_R_2024_02_05_12_39_12_Arkansas.ndpi.ndpa,a321f9aa947bee3daa427574bc9490acad316128afd08af997330a73b848151f,42,41,Caryapollenites,Caryapollenites,Caryapollenites sp.,exact,YES,circle,,
D4354_3_R_2024_02_05_12_39_12_Arkansas::record_45,D4354_3_R_2024_02_05_12_39_12_Arkansas,/rhf/allocations/dsci435/smithsonian_full_sp26/raw/Images_with_annotations_for_CNN_training/D4354_3_R_2024_02_05_12_39_12_Arkansas.ndpi,D4354_3_R_2024_02_05_12_39_12_Arkansas.ndpi.ndpa,a321f9aa947bee3daa427574bc9490acad316128afd08af997330a73b848151f,46,45,Monocolpites sp.,Monocolpites sp.,Monocolpites sp.,exact,YES,circle,,Image nanozoomer
D4354_3_R_2024_02_05_12_39_12_Arkansas::record_46,D4354_3_R_2024_02_05_12_39_12_Arkansas,/rhf/allocations/dsci435/smithsonian_full_sp26/raw/Images_with_annotations_for_CNN_training/D4354_3_R_2024_02_05_12_39_12_Arkansas.ndpi,D4354_3_R_2024_02_05_12_39_12_Arkansas.ndpi.ndpa,a321f9aa947bee3daa427574bc9490acad316128afd08af997330a73b848151f,47,46,Psilatricolpites sp.,Psilatricolpites sp.,Psilatricolpites sp.,exact,YES,circle,,Image nanozoomer
D4354_3_R_2024_02_05_12_39_12_Arkansas::record_47,D4354_3_R_2024_02_05_12_39_12_Arkansas,/rhf/allocations/dsci435/smithsonian_full_sp26/raw/Images_with_annotations_for_CNN_training/D4354_3_R_2024_02_05_12_39_12_Arkansas.ndpi,D4354_3_R_2024_02_05_12_39_12_Arkansas.ndpi.ndpa,a321f9aa947bee3daa427574bc9490acad316128afd08af997330a73b848151f,48,47,Triletes,Triletes,Psilatriletes sp.,exact,YES,circle,,
D4354_3_R_2024_02_05_12_39_12_Arkansas::record_52,D4354_3_R_2024_02_05_12_39_12_Arkansas,/rhf/allocations/dsci435/smithsonian_full_sp26/raw/Images_with_annotations_for_CNN_training/D4354_3_R_2024_02_05_12_39_12_Arkansas.ndpi,D4354_3_R_2024_02_05_12_39_12_Arkansas.ndpi.ndpa,a321f9aa947bee3daa427574bc9490acad316128afd08af997330a73b848151f,53,52,Rousea sp.,Rousea sp.,Rousea sp.,exact,YES,circle,,
D4354_3_R_2024_02_05_12_39_12_Arkansas::record_53,D4354_3_R_2024_02_05_12_39_12_Arkansas,/rhf/allocations/dsci435/smithsonian_full_sp26/raw/Images_with_annotations_for_CNN_training/D4354_3_R_2024_02_05_12_39_12_Arkansas.ndpi,D4354_3_R_2024_02_05_12_39_12_Arkansas.ndpi.ndpa,a321f9aa947bee3daa427574bc9490acad316128afd08af997330a73b848151f,54,53,Momipites ventifluminis,Momipites ventifluminis,Momipites ventifluminis,exact,YES,circle,,
D4354_3_R_2024_02_05_12_39_12_Arkansas::record_54,D4354_3_R_2024_02_05_12_39_12_Arkansas,/rhf/allocations/dsci435/smithsonian_full_sp26/raw/Images_with_annotations_for_CNN_training/D4354_3_R_2024_02_05_12_39_12_Arkansas.ndpi,D4354_3_R_2024_02_05_12_39_12_Arkansas.ndpi.ndpa,a321f9aa947bee3daa427574bc9490acad316128afd08af997330a73b848151f,55,54,Tiliapollenites sp.,Tiliapollenites sp.,Bombacacidites sp.,exact,YES,circle,,
D4354_3_R_2024_02_05_12_39_12_Arkansas::record_55,D4354_3_R_2024_02_05_12_39_12_Arkansas,/rhf/allocations/dsci435/smithsonian_full_sp26/raw/Images_with_annotations_for_CNN_training/D4354_3_R_2024_02_05_12_39_12_Arkansas.ndpi,D4354_3_R_2024_02_05_12_39_12_Arkansas.ndpi.ndpa,a321f9aa947bee3daa427574bc9490acad316128afd08af997330a73b848151f,56,55,Psilatricolpites sp.,Psilatricolpites sp.,Psilatricolpites sp.,exact,YES,circle,,
D4354_3_R_2024_02_05_12_39_12_Arkansas::record_56,D4354_3_R_2024_02_05_12_39_12_Arkansas,/rhf/allocations/dsci435/smithsonian_full_sp26/raw/Images_with_annotations_for_CNN_training/D4354_3_R_2024_02_05_12_39_12_Arkansas.ndpi,D4354_3_R_2024_02_05_12_39_12_Arkansas.ndpi.ndpa,a321f9aa947bee3daa427574bc9490acad316128afd08af997330a73b848151f,57,56,Tiliapollenites sp.,Tiliapollenites sp.,Bombacacidites sp.,exact,YES,circle,,
D4354_3_R_2024_02_05_12_39_12_Arkansas::record_57,D4354_3_R_2024_02_05_12_39_12_Arkansas,/rhf/allocations/dsci435/smithsonian_full_sp26/raw/Images_with_annotations_for_CNN_training/D4354_3_R_2024_02_05_12_39_12_Arkansas.ndpi,D4354_3_R_2024_02_05_12_39_12_Arkansas.ndpi.ndpa,a321f9aa947bee3daa427574bc9490acad316128afd08af997330a73b848151f,58,57,Momipites ventifluminis,Momipites ventifluminis,Momipites ventifluminis,exact,YES,circle,,
D4354_3_R_2024_02_05_12_39_12_Arkansas::record_58,D4354_3_R_2024_02_05_12_39_12_Arkansas,/rhf/allocations/dsci435/smithsonian_full_sp26/raw/Images_with_annotations_for_CNN_training/D4354_3_R_2024_02_05_12_39_12_Arkansas.ndpi,D4354_3_R_2024_02_05_12_39_12_Arkansas.ndpi.ndpa,a321f9aa947bee3daa427574bc9490acad316128afd08af997330a73b848151f,59,58,Momipites ventifluminis,Momipites ventifluminis,Momipites ventifluminis,exact,YES,circle,,
D3202_C_L_2024_02_20_12_31_51_Louisiana::record_6,D3202_C_L_2024_02_20_12_31_51_Louisiana,/rhf/allocations/dsci435/smithsonian_full_sp26/raw/Images_with_annotations_for_CNN_training/D3202_C_L_2024_02_20_12_31_51_Louisiana.ndpi,D3202_C_L_2024_02_20_12_31_51_Louisiana.ndpi.ndpa,e341e7c38d1aea121191246a6bd5792dd94979bc8603b57c0616b390c1bff6ae,7,6,Horniella sp.,Horniella sp.,Rhoipites sp.,exact,YES,circle,,
D3202_C_L_2024_02_20_12_31_51_Louisiana::record_12,D3202_C_L_2024_02_20_12_31_51_Louisiana,/rhf/allocations/dsci435/smithsonian_full_sp26/raw/Images_with_annotations_for_CNN_training/D3202_C_L_2024_02_20_12_31_51_Louisiana.ndpi,D3202_C_L_2024_02_20_12_31_51_Louisiana.ndpi.ndpa,e341e7c38d1aea121191246a6bd5792dd94979bc8603b57c0616b390c1bff6ae,13,12,Cicatricosisporites sp.,Cicatricosisporites sp.,Cicatricosisporites sp.,exact,YES,circle,,
D3202_C_L_2024_02_20_12_31_51_Louisiana::record_14,D3202_C_L_2024_02_20_12_31_51_Louisiana,/rhf/allocations/dsci435/smithsonian_full_sp26/raw/Images_with_annotations_for_CNN_training/D3202_C_L_2024_02_20_12_31_51_Louisiana.ndpi,D3202_C_L_2024_02_20_12_31_51_Louisiana.ndpi.ndpa,e341e7c38d1aea121191246a6bd5792dd94979bc8603b57c0616b390c1bff6ae,15,14,Rousea sp.,Rousea sp.,Rousea sp.,exact,YES,circle,,
D3202_C_L_2024_02_20_12_31_51_Louisiana::record_15,D3202_C_L_2024_02_20_12_31_51_Louisiana,/rhf/allocations/dsci435/smithsonian_full_sp26/raw/Images_with_annotations_for_CNN_training/D3202_C_L_2024_02_20_12_31_51_Louisiana.ndpi,D3202_C_L_2024_02_20_12_31_51_Louisiana.ndpi.ndpa,e341e7c38d1aea121191246a6bd5792dd94979bc8603b57c0616b390c1bff6ae,16,15,Cupuliferoipollenites sp.,Cupuliferoipollenites sp.,Cupuliferoipollenites sp.,exact,YES,circle,,
D3202_C_L_2024_02_20_12_31_51_Louisiana::record_17,D3202_C_L_2024_02_20_12_31_51_Louisiana,/rhf/allocations/dsci435/smithsonian_full_sp26/raw/Images_with_annotations_for_CNN_training/D3202_C_L_2024_02_20_12_31_51_Louisiana.ndpi,D3202_C_L_2024_02_20_12_31_51_Louisiana.ndpi.ndpa,e341e7c38d1aea121191246a6bd5792dd94979bc8603b57c0616b390c1bff6ae,18,17,Rousea sp.,Rousea sp.,Rousea sp.,exact,YES,circle,,
D3202_C_L_2024_02_20_12_31_51_Louisiana::record_19,D3202_C_L_2024_02_20_12_31_51_Louisiana,/rhf/allocations/dsci435/smithsonian_full_sp26/raw/Images_with_annotations_for_CNN_training/D3202_C_L_2024_02_20_12_31_51_Louisiana.ndpi,D3202_C_L_2024_02_20_12_31_51_Louisiana.ndpi.ndpa,e341e7c38d1aea121191246a6bd5792dd94979bc8603b57c0616b390c1bff6ae,20,19,Rhoipites sp.,Rhoipites sp.,Rhoipites sp.,exact,YES,circle,,
D3202_C_L_2024_02_20_12_31_51_Louisiana::record_22,D3202_C_L_2024_02_20_12_31_51_Louisiana,/rhf/allocations/dsci435/smithsonian_full_sp26/raw/Images_with_annotations_for_CNN_training/D3202_C_L_2024_02_20_12_31_51_Louisiana.ndpi,D3202_C_L_2024_02_20_12_31_51_Louisiana.ndpi.ndpa,e341e7c38d1aea121191246a6bd5792dd94979bc8603b57c0616b390c1bff6ae,23,22,Rhoipites sp.,Rhoipites sp.,Rhoipites sp.,exact,YES,circle,,
D3202_C_L_2024_02_20_12_31_51_Louisiana::record_38,D3202_C_L_2024_02_20_12_31_51_Louisiana,/rhf/allocations/dsci435/smithsonian_full_sp26/raw/Images_with_annotations_for_CNN_training/D3202_C_L_2024_02_20_12_31_51_Louisiana.ndpi,D3202_C_L_2024_02_20_12_31_51_Louisiana.ndpi.ndpa,e341e7c38d1aea121191246a6bd5792dd94979bc8603b57c0616b390c1bff6ae,39,38,Rhoipites sp.,Rhoipites sp.,Rhoipites sp.,exact,YES,circle,,
D3202_C_L_2024_02_20_12_31_51_Louisiana::record_39,D3202_C_L_2024_02_20_12_31_51_Louisiana,/rhf/allocations/dsci435/smithsonian_full_sp26/raw/Images_with_annotations_for_CNN_training/D3202_C_L_2024_02_20_12_31_51_Louisiana.ndpi,D3202_C_L_2024_02_20_12_31_51_Louisiana.ndpi.ndpa,e341e7c38d1aea121191246a6bd5792dd94979bc8603b57c0616b390c1bff6ae,40,39,Momipites sp.,Momipites sp.,Momipites sp,exact,YES,circle,,
D3202_C_L_2024_02_20_12_31_51_Louisiana::record_45,D3202_C_L_2024_02_20_12_31_51_Louisiana,/rhf/allocations/dsci435/smithsonian_full_sp26/raw/Images_with_annotations_for_CNN_training/D3202_C_L_2024_02_20_12_31_51_Louisiana.ndpi,D3202_C_L_2024_02_20_12_31_51_Louisiana.ndpi.ndpa,e341e7c38d1aea121191246a6bd5792dd94979bc8603b57c0616b390c1bff6ae,46,45,Psilatricolpites sp.,Psilatricolpites sp.,Psilatricolpites sp.,exact,YES,circle,,
D3202_C_L_2024_02_20_12_31_51_Louisiana::record_49,D3202_C_L_2024_02_20_12_31_51_Louisiana,/rhf/allocations/dsci435/smithsonian_full_sp26/raw/Images_with_annotations_for_CNN_training/D3202_C_L_2024_02_20_12_31_51_Louisiana.ndpi,D3202_C_L_2024_02_20_12_31_51_Louisiana.ndpi.ndpa,e341e7c38d1aea121191246a6bd5792dd94979bc8603b57c0616b390c1bff6ae,50,49,Cupuliferoipollenites sp.,Cupuliferoipollenites sp.,Cupuliferoipollenites sp.,exact,YES,circle,,
D3202_C_L_2024_02_20_12_31_51_Louisiana::record_77,D3202_C_L_2024_02_20_12_31_51_Louisiana,/rhf/allocations/dsci435/smithsonian_full_sp26/raw/Images_with_annotations_for_CNN_training/D3202_C_L_2024_02_20_12_31_51_Louisiana.ndpi,D3202_C_L_2024_02_20_12_31_51_Louisiana.ndpi.ndpa,e341e7c38d1aea121191246a6bd5792dd94979bc8603b57c0616b390c1bff6ae,78,77,Horniella sp.,Horniella sp.,Rhoipites sp.,exact,YES,circle,,
D3202_C_L_2024_02_20_12_31_51_Louisiana::record_82,D3202_C_L_2024_02_20_12_31_51_Louisiana,/rhf/allocations/dsci435/smithsonian_full_sp26/raw/Images_with_annotations_for_CNN_training/D3202_C_L_2024_02_20_12_31_51_Louisiana.ndpi,D3202_C_L_2024_02_20_12_31_51_Louisiana.ndpi.ndpa,e341e7c38d1aea121191246a6bd5792dd94979bc8603b57c0616b390c1bff6ae,83,82,Cicatricosisporites sp.,Cicatricosisporites sp.,Cicatricosisporites sp.,exact,YES,circle,,
D3202_C_L_2024_02_20_12_31_51_Louisiana::record_103,D3202_C_L_2024_02_20_12_31_51_Louisiana,/rhf/allocations/dsci435/smithsonian_full_sp26/raw/Images_with_annotations_for_CNN_training/D3202_C_L_2024_02_20_12_31_51_Louisiana.ndpi,D3202_C_L_2024_02_20_12_31_51_Louisiana.ndpi.ndpa,e341e7c38d1aea121191246a6bd5792dd94979bc8603b57c0616b390c1bff6ae,104,103,Betulaceae,Betulaceae,Betulaceae,exact,YES,circle,,
D3202_C_L_2024_02_20_12_31_51_Louisiana::record_120,D3202_C_L_2024_02_20_12_31_51_Louisiana,/rhf/allocations/dsci435/smithsonian_full_sp26/raw/Images_with_annotations_for_CNN_training/D3202_C_L_2024_02_20_12_31_51_Louisiana.ndpi,D3202_C_L_2024_02_20_12_31_51_Louisiana.ndpi.ndpa,e341e7c38d1aea121191246a6bd5792dd94979bc8603b57c0616b390c1bff6ae,121,120,Momipites sp.,Momipites sp.,Momipites sp,exact,YES,circle,,
D3202_C_L_2024_02_20_12_31_51_Louisiana::record_132,D3202_C_L_2024_02_20_12_31_51_Louisiana,/rhf/allocations/dsci435/smithsonian_full_sp26/raw/Images_with_annotations_for_CNN_training/D3202_C_L_2024_02_20_12_31_51_Louisiana.ndpi,D3202_C_L_2024_02_20_12_31_51_Louisiana.ndpi.ndpa,e341e7c38d1aea121191246a6bd5792dd94979bc8603b57c0616b390c1bff6ae,133,132,Pistillipollenites mcgregorii,Pistillipollenites mcgregorii,Pistillipollenites sp.,exact,YES,circle,,"Gemmate type
"
D3202_C_L_2024_02_20_12_31_51_Louisiana::record_146,D3202_C_L_2024_02_20_12_31_51_Louisiana,/rhf/allocations/dsci435/smithsonian_full_sp26/raw/Images_with_annotations_for_CNN_training/D3202_C_L_2024_02_20_12_31_51_Louisiana.ndpi,D3202_C_L_2024_02_20_12_31_51_Louisiana.ndpi.ndpa,e341e7c38d1aea121191246a6bd5792dd94979bc8603b57c0616b390c1bff6ae,147,146,Illexpollenites sp.,Illexpollenites sp.,Illexpollenites sp.,exact,YES,circle,,
D3202_C_L_2024_02_20_12_31_51_Louisiana::record_159,D3202_C_L_2024_02_20_12_31_51_Louisiana,/rhf/allocations/dsci435/smithsonian_full_sp26/raw/Images_with_annotations_for_CNN_training/D3202_C_L_2024_02_20_12_31_51_Louisiana.ndpi,D3202_C_L_2024_02_20_12_31_51_Louisiana.ndpi.ndpa,e341e7c38d1aea121191246a6bd5792dd94979bc8603b57c0616b390c1bff6ae,160,159,Tetracolporopollenites sp.,Tetracolporopollenites sp.,Tetracolporopollenites sp.,exact,YES,circle,,
D3202_C_L_2024_02_20_12_31_51_Louisiana::record_166,D3202_C_L_2024_02_20_12_31_51_Louisiana,/rhf/allocations/dsci435/smithsonian_full_sp26/raw/Images_with_annotations_for_CNN_training/D3202_C_L_2024_02_20_12_31_51_Louisiana.ndpi,D3202_C_L_2024_02_20_12_31_51_Louisiana.ndpi.ndpa,e341e7c38d1aea121191246a6bd5792dd94979bc8603b57c0616b390c1bff6ae,167,166,Cupuliferoipollenites sp.,Cupuliferoipollenites sp.,Cupuliferoipollenites sp.,exact,YES,circle,,
D3202_C_L_2024_02_20_12_31_51_Louisiana::record_167,D3202_C_L_2024_02_20_12_31_51_Louisiana,/rhf/allocations/dsci435/smithsonian_full_sp26/raw/Images_with_annotations_for_CNN_training/D3202_C_L_2024_02_20_12_31_51_Louisiana.ndpi,D3202_C_L_2024_02_20_12_31_51_Louisiana.ndpi.ndpa,e341e7c38d1aea121191246a6bd5792dd94979bc8603b57c0616b390c1bff6ae,168,167,Rhoipites sp.,Rhoipites sp.,Rhoipites sp.,exact,YES,circle,,
D3202_C_L_2024_02_20_12_31_51_Louisiana::record_168,D3202_C_L_2024_02_20_12_31_51_Louisiana,/rhf/allocations/dsci435/smithsonian_full_sp26/raw/Images_with_annotations_for_CNN_training/D3202_C_L_2024_02_20_12_31_51_Louisiana.ndpi,D3202_C_L_2024_02_20_12_31_51_Louisiana.ndpi.ndpa,e341e7c38d1aea121191246a6bd5792dd94979bc8603b57c0616b390c1bff6ae,169,168,Rousea sp.,Rousea sp.,Rousea sp.,exact,YES,circle,,
D3202_C_L_2024_02_20_12_31_51_Louisiana::record_178,D3202_C_L_2024_02_20_12_31_51_Louisiana,/rhf/allocations/dsci435/smithsonian_full_sp26/raw/Images_with_annotations_for_CNN_training/D3202_C_L_2024_02_20_12_31_51_Louisiana.ndpi,D3202_C_L_2024_02_20_12_31_51_Louisiana.ndpi.ndpa,e341e7c38d1aea121191246a6bd5792dd94979bc8603b57c0616b390c1bff6ae,179,178,Juglans nigripites,Juglans nigripites,Polyatriopollenites type,exact,YES,circle,,
D3202_C_L_2024_02_20_12_31_51_Louisiana::record_180,D3202_C_L_2024_02_20_12_31_51_Louisiana,/rhf/allocations/dsci435/smithsonian_full_sp26/raw/Images_with_annotations_for_CNN_training/D3202_C_L_2024_02_20_12_31_51_Louisiana.ndpi,D3202_C_L_2024_02_20_12_31_51_Louisiana.ndpi.ndpa,e341e7c38d1aea121191246a6bd5792dd94979bc8603b57c0616b390c1bff6ae,181,180,Cupuliferoipollenites sp.,Cupuliferoipollenites sp.,Cupuliferoipollenites sp.,exact,YES,circle,,
D3202_C_L_2024_02_20_12_31_51_Louisiana::record_185,D3202_C_L_2024_02_20_12_31_51_Louisiana,/rhf/allocations/dsci435/smithsonian_full_sp26/raw/Images_with_annotations_for_CNN_training/D3202_C_L_2024_02_20_12_31_51_Louisiana.ndpi,D3202_C_L_2024_02_20_12_31_51_Louisiana.ndpi.ndpa,e341e7c38d1aea121191246a6bd5792dd94979bc8603b57c0616b390c1bff6ae,186,185,Illexpollenites sp.,Illexpollenites sp.,Illexpollenites sp.,exact,YES,circle,,
D3202_C_L_2024_02_20_12_31_51_Louisiana::record_186,D3202_C_L_2024_02_20_12_31_51_Louisiana,/rhf/allocations/dsci435/smithsonian_full_sp26/raw/Images_with_annotations_for_CNN_training/D3202_C_L_2024_02_20_12_31_51_Louisiana.ndpi,D3202_C_L_2024_02_20_12_31_51_Louisiana.ndpi.ndpa,e341e7c38d1aea121191246a6bd5792dd94979bc8603b57c0616b390c1bff6ae,187,186,Cupuliferoipollenites sp.,Cupuliferoipollenites sp.,Cupuliferoipollenites sp.,exact,YES,circle,,
D3202_C_L_2024_02_20_12_31_51_Louisiana::record_190,D3202_C_L_2024_02_20_12_31_51_Louisiana,/rhf/allocations/dsci435/smithsonian_full_sp26/raw/Images_with_annotations_for_CNN_training/D3202_C_L_2024_02_20_12_31_51_Louisiana.ndpi,D3202_C_L_2024_02_20_12_31_51_Louisiana.ndpi.ndpa,e341e7c38d1aea121191246a6bd5792dd94979bc8603b57c0616b390c1bff6ae,191,190,Cupuliferoipollenites sp.,Cupuliferoipollenites sp.,Cupuliferoipollenites sp.,exact,YES,circle,,
D3202_C_L_2024_02_20_12_31_51_Louisiana::record_197,D3202_C_L_2024_02_20_12_31_51_Louisiana,/rhf/allocations/dsci435/smithsonian_full_sp26/raw/Images_with_annotations_for_CNN_training/D3202_C_L_2024_02_20_12_31_51_Louisiana.ndpi,D3202_C_L_2024_02_20_12_31_51_Louisiana.ndpi.ndpa,e341e7c38d1aea121191246a6bd5792dd94979bc8603b57c0616b390c1bff6ae,198,197,Rhoipites sp.,Rhoipites sp.,Rhoipites sp.,exact,YES,circle,,
D3202_C_L_2024_02_20_12_31_51_Louisiana::record_198,D3202_C_L_2024_02_20_12_31_51_Louisiana,/rhf/allocations/dsci435/smithsonian_full_sp26/raw/Images_with_annotations_for_CNN_training/D3202_C_L_2024_02_20_12_31_51_Louisiana.ndpi,D3202_C_L_2024_02_20_12_31_51_Louisiana.ndpi.ndpa,e341e7c38d1aea121191246a6bd5792dd94979bc8603b57c0616b390c1bff6ae,199,198,Momipites wyomingensis,Momipites wyomingensis,Momipites wyomingensis,exact,YES,circle,,
D3202_C_L_2024_02_20_12_31_51_Louisiana::record_200,D3202_C_L_2024_02_20_12_31_51_Louisiana,/rhf/allocations/dsci435/smithsonian_full_sp26/raw/Images_with_annotations_for_CNN_training/D3202_C_L_2024_02_20_12_31_51_Louisiana.ndpi,D3202_C_L_2024_02_20_12_31_51_Louisiana.ndpi.ndpa,e341e7c38d1aea121191246a6bd5792dd94979bc8603b57c0616b390c1bff6ae,201,200,Cicatricosisporites sp.,Cicatricosisporites sp.,Cicatricosisporites sp.,exact,YES,circle,,
D3202_C_L_2024_02_20_12_31_51_Louisiana::record_201,D3202_C_L_2024_02_20_12_31_51_Louisiana,/rhf/allocations/dsci435/smithsonian_full_sp26/raw/Images_with_annotations_for_CNN_training/D3202_C_L_2024_02_20_12_31_51_Louisiana.ndpi,D3202_C_L_2024_02_20_12_31_51_Louisiana.ndpi.ndpa,e341e7c38d1aea121191246a6bd5792dd94979bc8603b57c0616b390c1bff6ae,202,201,Rhoipites sp.,Rhoipites sp.,Rhoipites sp.,exact,YES,circle,,
D3202_C_L_2024_02_20_12_31_51_Louisiana::record_202,D3202_C_L_2024_02_20_12_31_51_Louisiana,/rhf/allocations/dsci435/smithsonian_full_sp26/raw/Images_with_annotations_for_CNN_training/D3202_C_L_2024_02_20_12_31_51_Louisiana.ndpi,D3202_C_L_2024_02_20_12_31_51_Louisiana.ndpi.ndpa,e341e7c38d1aea121191246a6bd5792dd94979bc8603b57c0616b390c1bff6ae,203,202,Cicatricosisporites sp.,Cicatricosisporites sp.,Cicatricosisporites sp.,exact,YES,circle,,
D3202_C_L_2024_02_20_12_31_51_Louisiana::record_203,D3202_C_L_2024_02_20_12_31_51_Louisiana,/rhf/allocations/dsci435/smithsonian_full_sp26/raw/Images_with_annotations_for_CNN_training/D3202_C_L_2024_02_20_12_31_51_Louisiana.ndpi,D3202_C_L_2024_02_20_12_31_51_Louisiana.ndpi.ndpa,e341e7c38d1aea121191246a6bd5792dd94979bc8603b57c0616b390c1bff6ae,204,203,Illexpollenites sp.,Illexpollenites sp.,Illexpollenites sp.,exact,YES,circle,,
D3202_C_L_2024_02_20_12_31_51_Louisiana::record_204,D3202_C_L_2024_02_20_12_31_51_Louisiana,/rhf/allocations/dsci435/smithsonian_full_sp26/raw/Images_with_annotations_for_CNN_training/D3202_C_L_2024_02_20_12_31_51_Louisiana.ndpi,D3202_C_L_2024_02_20_12_31_51_Louisiana.ndpi.ndpa,e341e7c38d1aea121191246a6bd5792dd94979bc8603b57c0616b390c1bff6ae,205,204,Arecipites sp.,Arecipites sp.,Arecipites sp.,exact,YES,circle,,
D3202_C_L_2024_02_20_12_31_51_Louisiana::record_205,D3202_C_L_2024_02_20_12_31_51_Louisiana,/rhf/allocations/dsci435/smithsonian_full_sp26/raw/Images_with_annotations_for_CNN_training/D3202_C_L_2024_02_20_12_31_51_Louisiana.ndpi,D3202_C_L_2024_02_20_12_31_51_Louisiana.ndpi.ndpa,e341e7c38d1aea121191246a6bd5792dd94979bc8603b57c0616b390c1bff6ae,206,205,Momipites wyomingensis,Momipites wyomingensis,Momipites wyomingensis,exact,YES,circle,,
D3202_C_L_2024_02_20_12_31_51_Louisiana::record_206,D3202_C_L_2024_02_20_12_31_51_Louisiana,/rhf/allocations/dsci435/smithsonian_full_sp26/raw/Images_with_annotations_for_CNN_training/D3202_C_L_2024_02_20_12_31_51_Louisiana.ndpi,D3202_C_L_2024_02_20_12_31_51_Louisiana.ndpi.ndpa,e341e7c38d1aea121191246a6bd5792dd94979bc8603b57c0616b390c1bff6ae,207,206,Deltoidospora sp.,Deltoidospora sp.,Psilatriletes sp.,exact,YES,circle,,
D3202_C_L_2024_02_20_12_31_51_Louisiana::record_207,D3202_C_L_2024_02_20_12_31_51_Louisiana,/rhf/allocations/dsci435/smithsonian_full_sp26/raw/Images_with_annotations_for_CNN_training/D3202_C_L_2024_02_20_12_31_51_Louisiana.ndpi,D3202_C_L_2024_02_20_12_31_51_Louisiana.ndpi.ndpa,e341e7c38d1aea121191246a6bd5792dd94979bc8603b57c0616b390c1bff6ae,208,207,Cyathiacidites sp.,Cyathiacidites sp.,Psilatriletes sp.,exact,YES,circle,,
D3268_A-2_L_2024_02_01_12_52_49_Alabama::record_36,D3268_A-2_L_2024_02_01_12_52_49_Alabama,/rhf/allocations/dsci435/smithsonian_full_sp26/raw/Images_with_annotations_for_CNN_training/D3268_A-2_L_2024_02_01_12_52_49_Alabama.ndpi,D3268_A-2_L_2024_02_01_12_52_49_Alabama.ndpi.ndpa,a6277ce25ebae81f206d5f25b33aa939e23bb4e8c5284d81ae1221f6de3ead18,37,36,Betulaceae,Betulaceae,Betulaceae,exact,YES,circle,,
D3268_A-2_L_2024_02_01_12_52_49_Alabama::record_37,D3268_A-2_L_2024_02_01_12_52_49_Alabama,/rhf/allocations/dsci435/smithsonian_full_sp26/raw/Images_with_annotations_for_CNN_training/D3268_A-2_L_2024_02_01_12_52_49_Alabama.ndpi,D3268_A-2_L_2024_02_01_12_52_49_Alabama.ndpi.ndpa,a6277ce25ebae81f206d5f25b33aa939e23bb4e8c5284d81ae1221f6de3ead18,38,37,Deltoidospora sp.,Deltoidospora sp.,Psilatriletes sp.,exact,YES,circle,,
D3268_A-2_L_2024_02_01_12_52_49_Alabama::record_45,D3268_A-2_L_2024_02_01_12_52_49_Alabama,/rhf/allocations/dsci435/smithsonian_full_sp26/raw/Images_with_annotations_for_CNN_training/D3268_A-2_L_2024_02_01_12_52_49_Alabama.ndpi,D3268_A-2_L_2024_02_01_12_52_49_Alabama.ndpi.ndpa,a6277ce25ebae81f206d5f25b33aa939e23bb4e8c5284d81ae1221f6de3ead18,46,45,Deltoidospora sp.,Deltoidospora sp.,Psilatriletes sp.,exact,YES,circle,,
D3268_A-2_L_2024_02_01_12_52_49_Alabama::record_46,D3268_A-2_L_2024_02_01_12_52_49_Alabama,/rhf/allocations/dsci435/smithsonian_full_sp26/raw/Images_with_annotations_for_CNN_training/D3268_A-2_L_2024_02_01_12_52_49_Alabama.ndpi,D3268_A-2_L_2024_02_01_12_52_49_Alabama.ndpi.ndpa,a6277ce25ebae81f206d5f25b33aa939e23bb4e8c5284d81ae1221f6de3ead18,47,46,Rousea sp.,Rousea sp.,Rousea sp.,exact,YES,circle,,
D3268_A-2_L_2024_02_01_12_52_49_Alabama::record_47,D3268_A-2_L_2024_02_01_12_52_49_Alabama,/rhf/allocations/dsci435/smithsonian_full_sp26/raw/Images_with_annotations_for_CNN_training/D3268_A-2_L_2024_02_01_12_52_49_Alabama.ndpi,D3268_A-2_L_2024_02_01_12_52_49_Alabama.ndpi.ndpa,a6277ce25ebae81f206d5f25b33aa939e23bb4e8c5284d81ae1221f6de3ead18,48,47,Betulaceae,Betulaceae,Betulaceae,exact,YES,circle,,
D3268_A-2_L_2024_02_01_12_52_49_Alabama::record_57,D3268_A-2_L_2024_02_01_12_52_49_Alabama,/rhf/allocations/dsci435/smithsonian_full_sp26/raw/Images_with_annotations_for_CNN_training/D3268_A-2_L_2024_02_01_12_52_49_Alabama.ndpi,D3268_A-2_L_2024_02_01_12_52_49_Alabama.ndpi.ndpa,a6277ce25ebae81f206d5f25b33aa939e23bb4e8c5284d81ae1221f6de3ead18,58,57,Rousea sp.,Rousea sp.,Rousea sp.,exact,YES,circle,,
D3268_A-2_L_2024_02_01_12_52_49_Alabama::record_58,D3268_A-2_L_2024_02_01_12_52_49_Alabama,/rhf/allocations/dsci435/smithsonian_full_sp26/raw/Images_with_annotations_for_CNN_training/D3268_A-2_L_2024_02_01_12_52_49_Alabama.ndpi,D3268_A-2_L_2024_02_01_12_52_49_Alabama.ndpi.ndpa,a6277ce25ebae81f206d5f25b33aa939e23bb4e8c5284d81ae1221f6de3ead18,59,58,Rousea sp.,Rousea sp.,Rousea sp.,exact,YES,circle,,
D3268_A-2_L_2024_02_01_12_52_49_Alabama::record_59,D3268_A-2_L_2024_02_01_12_52_49_Alabama,/rhf/allocations/dsci435/smithsonian_full_sp26/raw/Images_with_annotations_for_CNN_training/D3268_A-2_L_2024_02_01_12_52_49_Alabama.ndpi,D3268_A-2_L_2024_02_01_12_52_49_Alabama.ndpi.ndpa,a6277ce25ebae81f206d5f25b33aa939e23bb4e8c5284d81ae1221f6de3ead18,60,59,Rousea sp.,Rousea sp.,Rousea sp.,exact,YES,circle,,
D3268_A-2_L_2024_02_01_12_52_49_Alabama::record_60,D3268_A-2_L_2024_02_01_12_52_49_Alabama,/rhf/allocations/dsci435/smithsonian_full_sp26/raw/Images_with_annotations_for_CNN_training/D3268_A-2_L_2024_02_01_12_52_49_Alabama.ndpi,D3268_A-2_L_2024_02_01_12_52_49_Alabama.ndpi.ndpa,a6277ce25ebae81f206d5f25b33aa939e23bb4e8c5284d81ae1221f6de3ead18,61,60,Betulaceae,Betulaceae,Betulaceae,exact,YES,circle,,
D3516-A_1_L_2024_02_20_12_51_02_Montana::record_1,D3516-A_1_L_2024_02_20_12_51_02_Montana,/rhf/allocations/dsci435/smithsonian_full_sp26/raw/Images_with_annotations_for_CNN_training/D3516-A_1_L_2024_02_20_12_51_02_Montana.ndpi,D3516-A_1_L_2024_02_20_12_51_02_Montana.ndpi.ndpa,faf53e44a15265c21b24d89888e8db58fb489c30c64b12014247c2fb716c065f,2,1,Laevigatosporites sp.,Laevigatosporites sp.,Laevigatosporites sp.,exact,YES,circle,,
D3516-A_1_L_2024_02_20_12_51_02_Montana::record_2,D3516-A_1_L_2024_02_20_12_51_02_Montana,/rhf/allocations/dsci435/smithsonian_full_sp26/raw/Images_with_annotations_for_CNN_training/D3516-A_1_L_2024_02_20_12_51_02_Montana.ndpi,D3516-A_1_L_2024_02_20_12_51_02_Montana.ndpi.ndpa,faf53e44a15265c21b24d89888e8db58fb489c30c64b12014247c2fb716c065f,3,2,Cyathidites sp.,Cyathidites sp.,Psilatriletes sp.,exact,YES,circle,,
D3516-A_1_L_2024_02_20_12_51_02_Montana::record_4,D3516-A_1_L_2024_02_20_12_51_02_Montana,/rhf/allocations/dsci435/smithsonian_full_sp26/raw/Images_with_annotations_for_CNN_training/D3516-A_1_L_2024_02_20_12_51_02_Montana.ndpi,D3516-A_1_L_2024_02_20_12_51_02_Montana.ndpi.ndpa,faf53e44a15265c21b24d89888e8db58fb489c30c64b12014247c2fb716c065f,5,4,Inaperturopollenites sp.,Inaperturopollenites sp.,Inaperturopollenites sp.,exact,YES,circle,,
D3516-A_1_L_2024_02_20_12_51_02_Montana::record_8,D3516-A_1_L_2024_02_20_12_51_02_Montana,/rhf/allocations/dsci435/smithsonian_full_sp26/raw/Images_with_annotations_for_CNN_training/D3516-A_1_L_2024_02_20_12_51_02_Montana.ndpi,D3516-A_1_L_2024_02_20_12_51_02_Montana.ndpi.ndpa,faf53e44a15265c21b24d89888e8db58fb489c30c64b12014247c2fb716c065f,9,8,Laevigatosporites sp.,Laevigatosporites sp.,Laevigatosporites sp.,exact,YES,circle,,
D3516-A_1_L_2024_02_20_12_51_02_Montana::record_11,D3516-A_1_L_2024_02_20_12_51_02_Montana,/rhf/allocations/dsci435/smithsonian_full_sp26/raw/Images_with_annotations_for_CNN_training/D3516-A_1_L_2024_02_20_12_51_02_Montana.ndpi,D3516-A_1_L_2024_02_20_12_51_02_Montana.ndpi.ndpa,faf53e44a15265c21b24d89888e8db58fb489c30c64b12014247c2fb716c065f,12,11,Bipol,Bipol,Bisaccate,exact,YES,circle,,
D3516-A_1_L_2024_02_20_12_51_02_Montana::record_13,D3516-A_1_L_2024_02_20_12_51_02_Montana,/rhf/allocations/dsci435/smithsonian_full_sp26/raw/Images_with_annotations_for_CNN_training/D3516-A_1_L_2024_02_20_12_51_02_Montana.ndpi,D3516-A_1_L_2024_02_20_12_51_02_Montana.ndpi.ndpa,faf53e44a15265c21b24d89888e8db58fb489c30c64b12014247c2fb716c065f,14,13,Bipol,Bipol,Bisaccate,exact,YES,circle,,
D3516-A_1_L_2024_02_20_12_51_02_Montana::record_14,D3516-A_1_L_2024_02_20_12_51_02_Montana,/rhf/allocations/dsci435/smithsonian_full_sp26/raw/Images_with_annotations_for_CNN_training/D3516-A_1_L_2024_02_20_12_51_02_Montana.ndpi,D3516-A_1_L_2024_02_20_12_51_02_Montana.ndpi.ndpa,faf53e44a15265c21b24d89888e8db58fb489c30c64b12014247c2fb716c065f,15,14,Bipol,Bipol,Bisaccate,exact,YES,circle,,
D3516-A_1_L_2024_02_20_12_51_02_Montana::record_25,D3516-A_1_L_2024_02_20_12_51_02_Montana,/rhf/allocations/dsci435/smithsonian_full_sp26/raw/Images_with_annotations_for_CNN_training/D3516-A_1_L_2024_02_20_12_51_02_Montana.ndpi,D3516-A_1_L_2024_02_20_12_51_02_Montana.ndpi.ndpa,faf53e44a15265c21b24d89888e8db58fb489c30c64b12014247c2fb716c065f,26,25,Arecipites sp.,Arecipites sp.,Arecipites sp.,exact,YES,circle,,
D3516-A_1_L_2024_02_20_12_51_02_Montana::record_30,D3516-A_1_L_2024_02_20_12_51_02_Montana,/rhf/allocations/dsci435/smithsonian_full_sp26/raw/Images_with_annotations_for_CNN_training/D3516-A_1_L_2024_02_20_12_51_02_Montana.ndpi,D3516-A_1_L_2024_02_20_12_51_02_Montana.ndpi.ndpa,faf53e44a15265c21b24d89888e8db58fb489c30c64b12014247c2fb716c065f,31,30,Bombacacidites sp.,Bombacacidites sp.,Bombacacidites sp.,exact,YES,circle,,
D3516-A_1_L_2024_02_20_12_51_02_Montana::record_44,D3516-A_1_L_2024_02_20_12_51_02_Montana,/rhf/allocations/dsci435/smithsonian_full_sp26/raw/Images_with_annotations_for_CNN_training/D3516-A_1_L_2024_02_20_12_51_02_Montana.ndpi,D3516-A_1_L_2024_02_20_12_51_02_Montana.ndpi.ndpa,faf53e44a15265c21b24d89888e8db58fb489c30c64b12014247c2fb716c065f,45,44,Bipol,Bipol,Bisaccate,exact,YES,circle,,
D3516-A_1_L_2024_02_20_12_51_02_Montana::record_47,D3516-A_1_L_2024_02_20_12_51_02_Montana,/rhf/allocations/dsci435/smithsonian_full_sp26/raw/Images_with_annotations_for_CNN_training/D3516-A_1_L_2024_02_20_12_51_02_Montana.ndpi,D3516-A_1_L_2024_02_20_12_51_02_Montana.ndpi.ndpa,faf53e44a15265c21b24d89888e8db58fb489c30c64b12014247c2fb716c065f,48,47,Laevigatosporites sp.,Laevigatosporites sp.,Laevigatosporites sp.,exact,YES,circle,,
D3516-A_1_L_2024_02_20_12_51_02_Montana::record_48,D3516-A_1_L_2024_02_20_12_51_02_Montana,/rhf/allocations/dsci435/smithsonian_full_sp26/raw/Images_with_annotations_for_CNN_training/D3516-A_1_L_2024_02_20_12_51_02_Montana.ndpi,D3516-A_1_L_2024_02_20_12_51_02_Montana.ndpi.ndpa,faf53e44a15265c21b24d89888e8db58fb489c30c64b12014247c2fb716c065f,49,48,Bipol,Bipol,Bisaccate,exact,YES,circle,,
D3516-A_1_L_2024_02_20_12_51_02_Montana::record_49,D3516-A_1_L_2024_02_20_12_51_02_Montana,/rhf/allocations/dsci435/smithsonian_full_sp26/raw/Images_with_annotations_for_CNN_training/D3516-A_1_L_2024_02_20_12_51_02_Montana.ndpi,D3516-A_1_L_2024_02_20_12_51_02_Montana.ndpi.ndpa,faf53e44a15265c21b24d89888e8db58fb489c30c64b12014247c2fb716c065f,50,49,Bipol,Bipol,Bisaccate,exact,YES,circle,,
D3516-A_1_L_2024_02_20_12_51_02_Montana::record_52,D3516-A_1_L_2024_02_20_12_51_02_Montana,/rhf/allocations/dsci435/smithsonian_full_sp26/raw/Images_with_annotations_for_CNN_training/D3516-A_1_L_2024_02_20_12_51_02_Montana.ndpi,D3516-A_1_L_2024_02_20_12_51_02_Montana.ndpi.ndpa,faf53e44a15265c21b24d89888e8db58fb489c30c64b12014247c2fb716c065f,53,52,Bipol,Bipol,Bisaccate,exact,YES,circle,,
D3516-A_1_L_2024_02_20_12_51_02_Montana::record_56,D3516-A_1_L_2024_02_20_12_51_02_Montana,/rhf/allocations/dsci435/smithsonian_full_sp26/raw/Images_with_annotations_for_CNN_training/D3516-A_1_L_2024_02_20_12_51_02_Montana.ndpi,D3516-A_1_L_2024_02_20_12_51_02_Montana.ndpi.ndpa,faf53e44a15265c21b24d89888e8db58fb489c30c64b12014247c2fb716c065f,57,56,Laevigatosporites sp.,Laevigatosporites sp.,Laevigatosporites sp.,exact,YES,circle,,
D3516-A_1_L_2024_02_20_12_51_02_Montana::record_57,D3516-A_1_L_2024_02_20_12_51_02_Montana,/rhf/allocations/dsci435/smithsonian_full_sp26/raw/Images_with_annotations_for_CNN_training/D3516-A_1_L_2024_02_20_12_51_02_Montana.ndpi,D3516-A_1_L_2024_02_20_12_51_02_Montana.ndpi.ndpa,faf53e44a15265c21b24d89888e8db58fb489c30c64b12014247c2fb716c065f,58,57,Taxodium sp.,Taxodium sp.,Taxodium sp.,exact,YES,circle,,
D3516-A_1_L_2024_02_20_12_51_02_Montana::record_60,D3516-A_1_L_2024_02_20_12_51_02_Montana,/rhf/allocations/dsci435/smithsonian_full_sp26/raw/Images_with_annotations_for_CNN_training/D3516-A_1_L_2024_02_20_12_51_02_Montana.ndpi,D3516-A_1_L_2024_02_20_12_51_02_Montana.ndpi.ndpa,faf53e44a15265c21b24d89888e8db58fb489c30c64b12014247c2fb716c065f,61,60,Bipol,Bipol,Bisaccate,exact,YES,circle,,
D3516-A_1_L_2024_02_20_12_51_02_Montana::record_61,D3516-A_1_L_2024_02_20_12_51_02_Montana,/rhf/allocations/dsci435/smithsonian_full_sp26/raw/Images_with_annotations_for_CNN_training/D3516-A_1_L_2024_02_20_12_51_02_Montana.ndpi,D3516-A_1_L_2024_02_20_12_51_02_Montana.ndpi.ndpa,faf53e44a15265c21b24d89888e8db58fb489c30c64b12014247c2fb716c065f,62,61,Laevigatosporites sp.,Laevigatosporites sp.,Laevigatosporites sp.,exact,YES,circle,,
D3516-A_1_L_2024_02_20_12_51_02_Montana::record_62,D3516-A_1_L_2024_02_20_12_51_02_Montana,/rhf/allocations/dsci435/smithsonian_full_sp26/raw/Images_with_annotations_for_CNN_training/D3516-A_1_L_2024_02_20_12_51_02_Montana.ndpi,D3516-A_1_L_2024_02_20_12_51_02_Montana.ndpi.ndpa,faf53e44a15265c21b24d89888e8db58fb489c30c64b12014247c2fb716c065f,63,62,Laevigatosporites sp.,Laevigatosporites sp.,Laevigatosporites sp.,exact,YES,circle,,
D3516-A_1_L_2024_02_20_12_51_02_Montana::record_63,D3516-A_1_L_2024_02_20_12_51_02_Montana,/rhf/allocations/dsci435/smithsonian_full_sp26/raw/Images_with_annotations_for_CNN_training/D3516-A_1_L_2024_02_20_12_51_02_Montana.ndpi,D3516-A_1_L_2024_02_20_12_51_02_Montana.ndpi.ndpa,faf53e44a15265c21b24d89888e8db58fb489c30c64b12014247c2fb716c065f,64,63,Laevigatosporites sp.,Laevigatosporites sp.,Laevigatosporites sp.,exact,YES,circle,,
D3516-A_1_R_2024_02_20_18_31_40_Montana::record_2,D3516-A_1_R_2024_02_20_18_31_40_Montana,/rhf/allocations/dsci435/smithsonian_full_sp26/raw/Images_with_annotations_for_CNN_training/D3516-A_1_R_2024_02_20_18_31_40_Montana.ndpi,D3516-A_1_R_2024_02_20_18_31_40_Montana.ndpi.ndpa,5bf75fa15e4cd3bf96ec7053abc8536b2f3976f5c0ba5e8182d9eec3d6f6771c,3,2,Bipol,Bipol,Bisaccate,exact,YES,circle,,
D3516-A_1_R_2024_02_20_18_31_40_Montana::record_10,D3516-A_1_R_2024_02_20_18_31_40_Montana,/rhf/allocations/dsci435/smithsonian_full_sp26/raw/Images_with_annotations_for_CNN_training/D3516-A_1_R_2024_02_20_18_31_40_Montana.ndpi,D3516-A_1_R_2024_02_20_18_31_40_Montana.ndpi.ndpa,5bf75fa15e4cd3bf96ec7053abc8536b2f3976f5c0ba5e8182d9eec3d6f6771c,11,10,Bipol,Bipol,Bisaccate,exact,YES,circle,,
D3516-A_1_R_2024_02_20_18_31_40_Montana::record_27,D3516-A_1_R_2024_02_20_18_31_40_Montana,/rhf/allocations/dsci435/smithsonian_full_sp26/raw/Images_with_annotations_for_CNN_training/D3516-A_1_R_2024_02_20_18_31_40_Montana.ndpi,D3516-A_1_R_2024_02_20_18_31_40_Montana.ndpi.ndpa,5bf75fa15e4cd3bf96ec7053abc8536b2f3976f5c0ba5e8182d9eec3d6f6771c,28,27,Bipol,Bipol,Bisaccate,exact,YES,circle,,
D3516-A_1_R_2024_02_20_18_31_40_Montana::record_29,D3516-A_1_R_2024_02_20_18_31_40_Montana,/rhf/allocations/dsci435/smithsonian_full_sp26/raw/Images_with_annotations_for_CNN_training/D3516-A_1_R_2024_02_20_18_31_40_Montana.ndpi,D3516-A_1_R_2024_02_20_18_31_40_Montana.ndpi.ndpa,5bf75fa15e4cd3bf96ec7053abc8536b2f3976f5c0ba5e8182d9eec3d6f6771c,30,29,Bipol,Bipol,Bisaccate,exact,YES,circle,,
D3516-A_1_R_2024_02_20_18_31_40_Montana::record_30,D3516-A_1_R_2024_02_20_18_31_40_Montana,/rhf/allocations/dsci435/smithsonian_full_sp26/raw/Images_with_annotations_for_CNN_training/D3516-A_1_R_2024_02_20_18_31_40_Montana.ndpi,D3516-A_1_R_2024_02_20_18_31_40_Montana.ndpi.ndpa,5bf75fa15e4cd3bf96ec7053abc8536b2f3976f5c0ba5e8182d9eec3d6f6771c,31,30,Bipol,Bipol,Bisaccate,exact,YES,circle,,
D3516-A_1_R_2024_02_20_18_31_40_Montana::record_33,D3516-A_1_R_2024_02_20_18_31_40_Montana,/rhf/allocations/dsci435/smithsonian_full_sp26/raw/Images_with_annotations_for_CNN_training/D3516-A_1_R_2024_02_20_18_31_40_Montana.ndpi,D3516-A_1_R_2024_02_20_18_31_40_Montana.ndpi.ndpa,5bf75fa15e4cd3bf96ec7053abc8536b2f3976f5c0ba5e8182d9eec3d6f6771c,34,33,Bipol,Bipol,Bisaccate,exact,YES,circle,,
D3516-A_1_R_2024_02_20_18_31_40_Montana::record_36,D3516-A_1_R_2024_02_20_18_31_40_Montana,/rhf/allocations/dsci435/smithsonian_full_sp26/raw/Images_with_annotations_for_CNN_training/D3516-A_1_R_2024_02_20_18_31_40_Montana.ndpi,D3516-A_1_R_2024_02_20_18_31_40_Montana.ndpi.ndpa,5bf75fa15e4cd3bf96ec7053abc8536b2f3976f5c0ba5e8182d9eec3d6f6771c,37,36,Bipol,Bipol,Bisaccate,exact,YES,circle,,
D3516-A_1_R_2024_02_20_18_31_40_Montana::record_40,D3516-A_1_R_2024_02_20_18_31_40_Montana,/rhf/allocations/dsci435/smithsonian_full_sp26/raw/Images_with_annotations_for_CNN_training/D3516-A_1_R_2024_02_20_18_31_40_Montana.ndpi,D3516-A_1_R_2024_02_20_18_31_40_Montana.ndpi.ndpa,5bf75fa15e4cd3bf96ec7053abc8536b2f3976f5c0ba5e8182d9eec3d6f6771c,41,40,Bipol,Bipol,Bisaccate,exact,YES,circle,,
D3516-A_1_R_2024_02_20_18_31_40_Montana::record_44,D3516-A_1_R_2024_02_20_18_31_40_Montana,/rhf/allocations/dsci435/smithsonian_full_sp26/raw/Images_with_annotations_for_CNN_training/D3516-A_1_R_2024_02_20_18_31_40_Montana.ndpi,D3516-A_1_R_2024_02_20_18_31_40_Montana.ndpi.ndpa,5bf75fa15e4cd3bf96ec7053abc8536b2f3976f5c0ba5e8182d9eec3d6f6771c,45,44,Bipol,Bipol,Bisaccate,exact,YES,circle,,
D3516-A_1_R_2024_02_20_18_31_40_Montana::record_47,D3516-A_1_R_2024_02_20_18_31_40_Montana,/rhf/allocations/dsci435/smithsonian_full_sp26/raw/Images_with_annotations_for_CNN_training/D3516-A_1_R_2024_02_20_18_31_40_Montana.ndpi,D3516-A_1_R_2024_02_20_18_31_40_Montana.ndpi.ndpa,5bf75fa15e4cd3bf96ec7053abc8536b2f3976f5c0ba5e8182d9eec3d6f6771c,48,47,Bipol,Bipol,Bisaccate,exact,YES,circle,,
D3516-A_1_R_2024_02_20_18_31_40_Montana::record_50,D3516-A_1_R_2024_02_20_18_31_40_Montana,/rhf/allocations/dsci435/smithsonian_full_sp26/raw/Images_with_annotations_for_CNN_training/D3516-A_1_R_2024_02_20_18_31_40_Montana.ndpi,D3516-A_1_R_2024_02_20_18_31_40_Montana.ndpi.ndpa,5bf75fa15e4cd3bf96ec7053abc8536b2f3976f5c0ba5e8182d9eec3d6f6771c,51,50,Bipol,Bipol,Bisaccate,exact,YES,circle,,
D3516-B_2_L_2024_02_20_14_24_29_Montana::record_1,D3516-B_2_L_2024_02_20_14_24_29_Montana,/rhf/allocations/dsci435/smithsonian_full_sp26/raw/Images_with_annotations_for_CNN_training/D3516-B_2_L_2024_02_20_14_24_29_Montana.ndpi,D3516-B_2_L_2024_02_20_14_24_29_Montana.ndpi.ndpa,9ac16ffb01fbe0e6d0d2817a3771cbdb7dfacc9d4fca2ebdcba1d058c6330fcf,3,1,Cyathidites sp.,Cyathidites sp.,Psilatriletes sp.,exact,YES,circle,,
D3516-B_2_L_2024_02_20_14_24_29_Montana::record_4,D3516-B_2_L_2024_02_20_14_24_29_Montana,/rhf/allocations/dsci435/smithsonian_full_sp26/raw/Images_with_annotations_for_CNN_training/D3516-B_2_L_2024_02_20_14_24_29_Montana.ndpi,D3516-B_2_L_2024_02_20_14_24_29_Montana.ndpi.ndpa,9ac16ffb01fbe0e6d0d2817a3771cbdb7dfacc9d4fca2ebdcba1d058c6330fcf,6,4,Betulaceae,Betulaceae,Betulaceae,exact,YES,circle,,
D3516-B_2_L_2024_02_20_14_24_29_Montana::record_15,D3516-B_2_L_2024_02_20_14_24_29_Montana,/rhf/allocations/dsci435/smithsonian_full_sp26/raw/Images_with_annotations_for_CNN_training/D3516-B_2_L_2024_02_20_14_24_29_Montana.ndpi,D3516-B_2_L_2024_02_20_14_24_29_Montana.ndpi.ndpa,9ac16ffb01fbe0e6d0d2817a3771cbdb7dfacc9d4fca2ebdcba1d058c6330fcf,17,15,Bipol,Bipol,Bisaccate,exact,YES,circle,,
D3516-B_2_L_2024_02_20_14_24_29_Montana::record_18,D3516-B_2_L_2024_02_20_14_24_29_Montana,/rhf/allocations/dsci435/smithsonian_full_sp26/raw/Images_with_annotations_for_CNN_training/D3516-B_2_L_2024_02_20_14_24_29_Montana.ndpi,D3516-B_2_L_2024_02_20_14_24_29_Montana.ndpi.ndpa,9ac16ffb01fbe0e6d0d2817a3771cbdb7dfacc9d4fca2ebdcba1d058c6330fcf,20,18,Cyathidites sp.,Cyathidites sp.,Psilatriletes sp.,exact,YES,circle,,
D3516-B_2_L_2024_02_20_14_24_29_Montana::record_25,D3516-B_2_L_2024_02_20_14_24_29_Montana,/rhf/allocations/dsci435/smithsonian_full_sp26/raw/Images_with_annotations_for_CNN_training/D3516-B_2_L_2024_02_20_14_24_29_Montana.ndpi,D3516-B_2_L_2024_02_20_14_24_29_Montana.ndpi.ndpa,9ac16ffb01fbe0e6d0d2817a3771cbdb7dfacc9d4fca2ebdcba1d058c6330fcf,27,25,Bipol,Bipol,Bisaccate,exact,YES,circle,,
D3516-B_2_L_2024_02_20_14_24_29_Montana::record_27,D3516-B_2_L_2024_02_20_14_24_29_Montana,/rhf/allocations/dsci435/smithsonian_full_sp26/raw/Images_with_annotations_for_CNN_training/D3516-B_2_L_2024_02_20_14_24_29_Montana.ndpi,D3516-B_2_L_2024_02_20_14_24_29_Montana.ndpi.ndpa,9ac16ffb01fbe0e6d0d2817a3771cbdb7dfacc9d4fca2ebdcba1d058c6330fcf,29,27,Laevigatosporites sp.,Laevigatosporites sp.,Laevigatosporites sp.,exact,YES,circle,,
D3516-B_2_L_2024_02_20_14_24_29_Montana::record_35,D3516-B_2_L_2024_02_20_14_24_29_Montana,/rhf/allocations/dsci435/smithsonian_full_sp26/raw/Images_with_annotations_for_CNN_training/D3516-B_2_L_2024_02_20_14_24_29_Montana.ndpi,D3516-B_2_L_2024_02_20_14_24_29_Montana.ndpi.ndpa,9ac16ffb01fbe0e6d0d2817a3771cbdb7dfacc9d4fca2ebdcba1d058c6330fcf,37,35,Laevigatosporites sp.,Laevigatosporites sp.,Laevigatosporites sp.,exact,YES,circle,,
D3516-B_2_L_2024_02_20_14_24_29_Montana::record_42,D3516-B_2_L_2024_02_20_14_24_29_Montana,/rhf/allocations/dsci435/smithsonian_full_sp26/raw/Images_with_annotations_for_CNN_training/D3516-B_2_L_2024_02_20_14_24_29_Montana.ndpi,D3516-B_2_L_2024_02_20_14_24_29_Montana.ndpi.ndpa,9ac16ffb01fbe0e6d0d2817a3771cbdb7dfacc9d4fca2ebdcba1d058c6330fcf,44,42,Alnipollenites sp.,Alnipollenites sp.,Alnipollenites verus,exact,YES,circle,,
D3516-B_2_L_2024_02_20_14_24_29_Montana::record_43,D3516-B_2_L_2024_02_20_14_24_29_Montana,/rhf/allocations/dsci435/smithsonian_full_sp26/raw/Images_with_annotations_for_CNN_training/D3516-B_2_L_2024_02_20_14_24_29_Montana.ndpi,D3516-B_2_L_2024_02_20_14_24_29_Montana.ndpi.ndpa,9ac16ffb01fbe0e6d0d2817a3771cbdb7dfacc9d4fca2ebdcba1d058c6330fcf,45,43,Bipol,Bipol,Bisaccate,exact,YES,circle,,
D3516-B_2_L_2024_02_20_14_24_29_Montana::record_49,D3516-B_2_L_2024_02_20_14_24_29_Montana,/rhf/allocations/dsci435/smithsonian_full_sp26/raw/Images_with_annotations_for_CNN_training/D3516-B_2_L_2024_02_20_14_24_29_Montana.ndpi,D3516-B_2_L_2024_02_20_14_24_29_Montana.ndpi.ndpa,9ac16ffb01fbe0e6d0d2817a3771cbdb7dfacc9d4fca2ebdcba1d058c6330fcf,51,49,Bipol,Bipol,Bisaccate,exact,YES,circle,,
D3516-B_2_L_2024_02_20_14_24_29_Montana::record_52,D3516-B_2_L_2024_02_20_14_24_29_Montana,/rhf/allocations/dsci435/smithsonian_full_sp26/raw/Images_with_annotations_for_CNN_training/D3516-B_2_L_2024_02_20_14_24_29_Montana.ndpi,D3516-B_2_L_2024_02_20_14_24_29_Montana.ndpi.ndpa,9ac16ffb01fbe0e6d0d2817a3771cbdb7dfacc9d4fca2ebdcba1d058c6330fcf,54,52,Taxodium sp.,Taxodium sp.,Taxodium sp.,exact,YES,circle,,
D3516-B_2_L_2024_02_20_14_24_29_Montana::record_53,D3516-B_2_L_2024_02_20_14_24_29_Montana,/rhf/allocations/dsci435/smithsonian_full_sp26/raw/Images_with_annotations_for_CNN_training/D3516-B_2_L_2024_02_20_14_24_29_Montana.ndpi,D3516-B_2_L_2024_02_20_14_24_29_Montana.ndpi.ndpa,9ac16ffb01fbe0e6d0d2817a3771cbdb7dfacc9d4fca2ebdcba1d058c6330fcf,55,53,Bombacacidites sp.,Bombacacidites sp.,Bombacacidites sp.,exact,YES,circle,,
D3516-B_2_L_2024_02_20_14_24_29_Montana::record_55,D3516-B_2_L_2024_02_20_14_24_29_Montana,/rhf/allocations/dsci435/smithsonian_full_sp26/raw/Images_with_annotations_for_CNN_training/D3516-B_2_L_2024_02_20_14_24_29_Montana.ndpi,D3516-B_2_L_2024_02_20_14_24_29_Montana.ndpi.ndpa,9ac16ffb01fbe0e6d0d2817a3771cbdb7dfacc9d4fca2ebdcba1d058c6330fcf,57,55,Ericipites sp.,Ericipites sp.,Ericipites sp.,exact,YES,circle,,
D3516-B_2_L_2024_02_20_14_24_29_Montana::record_70,D3516-B_2_L_2024_02_20_14_24_29_Montana,/rhf/allocations/dsci435/smithsonian_full_sp26/raw/Images_with_annotations_for_CNN_training/D3516-B_2_L_2024_02_20_14_24_29_Montana.ndpi,D3516-B_2_L_2024_02_20_14_24_29_Montana.ndpi.ndpa,9ac16ffb01fbe0e6d0d2817a3771cbdb7dfacc9d4fca2ebdcba1d058c6330fcf,72,70,Laevigatosporites sp.,Laevigatosporites sp.,Laevigatosporites sp.,exact,YES,circle,,
D3516-B_2_L_2024_02_20_14_24_29_Montana::record_71,D3516-B_2_L_2024_02_20_14_24_29_Montana,/rhf/allocations/dsci435/smithsonian_full_sp26/raw/Images_with_annotations_for_CNN_training/D3516-B_2_L_2024_02_20_14_24_29_Montana.ndpi,D3516-B_2_L_2024_02_20_14_24_29_Montana.ndpi.ndpa,9ac16ffb01fbe0e6d0d2817a3771cbdb7dfacc9d4fca2ebdcba1d058c6330fcf,73,71,Bipol,Bipol,Bisaccate,exact,YES,circle,,
D3516-B_2_L_2024_02_20_14_24_29_Montana::record_72,D3516-B_2_L_2024_02_20_14_24_29_Montana,/rhf/allocations/dsci435/smithsonian_full_sp26/raw/Images_with_annotations_for_CNN_training/D3516-B_2_L_2024_02_20_14_24_29_Montana.ndpi,D3516-B_2_L_2024_02_20_14_24_29_Montana.ndpi.ndpa,9ac16ffb01fbe0e6d0d2817a3771cbdb7dfacc9d4fca2ebdcba1d058c6330fcf,74,72,Taxodium sp.,Taxodium sp.,Taxodium sp.,exact,YES,circle,,
D3516-B_2_L_2024_02_20_14_24_29_Montana::record_76,D3516-B_2_L_2024_02_20_14_24_29_Montana,/rhf/allocations/dsci435/smithsonian_full_sp26/raw/Images_with_annotations_for_CNN_training/D3516-B_2_L_2024_02_20_14_24_29_Montana.ndpi,D3516-B_2_L_2024_02_20_14_24_29_Montana.ndpi.ndpa,9ac16ffb01fbe0e6d0d2817a3771cbdb7dfacc9d4fca2ebdcba1d058c6330fcf,78,76,Bipol,Bipol,Bisaccate,exact,YES,circle,,
D3516-B_2_L_2024_02_20_14_24_29_Montana::record_78,D3516-B_2_L_2024_02_20_14_24_29_Montana,/rhf/allocations/dsci435/smithsonian_full_sp26/raw/Images_with_annotations_for_CNN_training/D3516-B_2_L_2024_02_20_14_24_29_Montana.ndpi,D3516-B_2_L_2024_02_20_14_24_29_Montana.ndpi.ndpa,9ac16ffb01fbe0e6d0d2817a3771cbdb7dfacc9d4fca2ebdcba1d058c6330fcf,80,78,Deltoidospora microadriennis,Deltoidospora microadriennis,Psilatriletes sp.,exact,YES,circle,,
D3516-B_2_L_2024_02_20_14_24_29_Montana::record_86,D3516-B_2_L_2024_02_20_14_24_29_Montana,/rhf/allocations/dsci435/smithsonian_full_sp26/raw/Images_with_annotations_for_CNN_training/D3516-B_2_L_2024_02_20_14_24_29_Montana.ndpi,D3516-B_2_L_2024_02_20_14_24_29_Montana.ndpi.ndpa,9ac16ffb01fbe0e6d0d2817a3771cbdb7dfacc9d4fca2ebdcba1d058c6330fcf,88,86,Laevigatosporites sp.,Laevigatosporites sp.,Laevigatosporites sp.,exact,YES,circle,,
D4919-A_1_L_2024_02_01_14_07_43_Georgia::record_3,D4919-A_1_L_2024_02_01_14_07_43_Georgia,/rhf/allocations/dsci435/smithsonian_full_sp26/raw/Images_with_annotations_for_CNN_training/D4919-A_1_L_2024_02_01_14_07_43_Georgia.ndpi,D4919-A_1_L_2024_02_01_14_07_43_Georgia.ndpi.ndpa,25afec07432087f02fc4c91a71fe52bddea7001e0e1591efac325ac4d8b30b9c,4,3,Arecipites sp.,Arecipites sp.,Arecipites sp.,exact,YES,circle,,
D4919-A_1_L_2024_02_01_14_07_43_Georgia::record_5,D4919-A_1_L_2024_02_01_14_07_43_Georgia,/rhf/allocations/dsci435/smithsonian_full_sp26/raw/Images_with_annotations_for_CNN_training/D4919-A_1_L_2024_02_01_14_07_43_Georgia.ndpi,D4919-A_1_L_2024_02_01_14_07_43_Georgia.ndpi.ndpa,25afec07432087f02fc4c91a71fe52bddea7001e0e1591efac325ac4d8b30b9c,6,5,Rousea sp.,Rousea sp.,Rousea sp.,exact,YES,circle,,
D4919-A_1_L_2024_02_01_14_07_43_Georgia::record_6,D4919-A_1_L_2024_02_01_14_07_43_Georgia,/rhf/allocations/dsci435/smithsonian_full_sp26/raw/Images_with_annotations_for_CNN_training/D4919-A_1_L_2024_02_01_14_07_43_Georgia.ndpi,D4919-A_1_L_2024_02_01_14_07_43_Georgia.ndpi.ndpa,25afec07432087f02fc4c91a71fe52bddea7001e0e1591efac325ac4d8b30b9c,7,6,Psilamonocolpites sp.,Psilamonocolpites sp.,Monocolpites sp.,exact,YES,circle,,
D4919-A_1_L_2024_02_01_14_07_43_Georgia::record_16,D4919-A_1_L_2024_02_01_14_07_43_Georgia,/rhf/allocations/dsci435/smithsonian_full_sp26/raw/Images_with_annotations_for_CNN_training/D4919-A_1_L_2024_02_01_14_07_43_Georgia.ndpi,D4919-A_1_L_2024_02_01_14_07_43_Georgia.ndpi.ndpa,25afec07432087f02fc4c91a71fe52bddea7001e0e1591efac325ac4d8b30b9c,17,16,Psilatricolpites sp.,Psilatricolpites sp.,Psilatricolpites sp.,exact,YES,circle,,
D4919-A_1_L_2024_02_01_14_07_43_Georgia::record_17,D4919-A_1_L_2024_02_01_14_07_43_Georgia,/rhf/allocations/dsci435/smithsonian_full_sp26/raw/Images_with_annotations_for_CNN_training/D4919-A_1_L_2024_02_01_14_07_43_Georgia.ndpi,D4919-A_1_L_2024_02_01_14_07_43_Georgia.ndpi.ndpa,25afec07432087f02fc4c91a71fe52bddea7001e0e1591efac325ac4d8b30b9c,18,17,Arecipites sp.,Arecipites sp.,Arecipites sp.,exact,YES,circle,,
D4919-A_1_L_2024_02_01_14_07_43_Georgia::record_21,D4919-A_1_L_2024_02_01_14_07_43_Georgia,/rhf/allocations/dsci435/smithsonian_full_sp26/raw/Images_with_annotations_for_CNN_training/D4919-A_1_L_2024_02_01_14_07_43_Georgia.ndpi,D4919-A_1_L_2024_02_01_14_07_43_Georgia.ndpi.ndpa,25afec07432087f02fc4c91a71fe52bddea7001e0e1591efac325ac4d8b30b9c,22,21,Arecipites sp.,Arecipites sp.,Arecipites sp.,exact,YES,circle,,
D4919-A_1_L_2024_02_01_14_07_43_Georgia::record_24,D4919-A_1_L_2024_02_01_14_07_43_Georgia,/rhf/allocations/dsci435/smithsonian_full_sp26/raw/Images_with_annotations_for_CNN_training/D4919-A_1_L_2024_02_01_14_07_43_Georgia.ndpi,D4919-A_1_L_2024_02_01_14_07_43_Georgia.ndpi.ndpa,25afec07432087f02fc4c91a71fe52bddea7001e0e1591efac325ac4d8b30b9c,25,24,Betulaceae,Betulaceae,Betulaceae,exact,YES,circle,,
D4919-A_1_L_2024_02_01_14_07_43_Georgia::record_26,D4919-A_1_L_2024_02_01_14_07_43_Georgia,/rhf/allocations/dsci435/smithsonian_full_sp26/raw/Images_with_annotations_for_CNN_training/D4919-A_1_L_2024_02_01_14_07_43_Georgia.ndpi,D4919-A_1_L_2024_02_01_14_07_43_Georgia.ndpi.ndpa,25afec07432087f02fc4c91a71fe52bddea7001e0e1591efac325ac4d8b30b9c,27,26,Psilamonocolpites sp.,Psilamonocolpites sp.,Monocolpites sp.,exact,YES,circle,,
D4919-A_1_L_2024_02_01_14_07_43_Georgia::record_27,D4919-A_1_L_2024_02_01_14_07_43_Georgia,/rhf/allocations/dsci435/smithsonian_full_sp26/raw/Images_with_annotations_for_CNN_training/D4919-A_1_L_2024_02_01_14_07_43_Georgia.ndpi,D4919-A_1_L_2024_02_01_14_07_43_Georgia.ndpi.ndpa,25afec07432087f02fc4c91a71fe52bddea7001e0e1591efac325ac4d8b30b9c,28,27,Psilamonocolpites sp.,Psilamonocolpites sp.,Monocolpites sp.,exact,YES,circle,,
D4919-A_1_L_2024_02_01_14_07_43_Georgia::record_30,D4919-A_1_L_2024_02_01_14_07_43_Georgia,/rhf/allocations/dsci435/smithsonian_full_sp26/raw/Images_with_annotations_for_CNN_training/D4919-A_1_L_2024_02_01_14_07_43_Georgia.ndpi,D4919-A_1_L_2024_02_01_14_07_43_Georgia.ndpi.ndpa,25afec07432087f02fc4c91a71fe52bddea7001e0e1591efac325ac4d8b30b9c,31,30,Arecipites sp.,Arecipites sp.,Arecipites sp.,exact,YES,circle,,
D4919-A_1_L_2024_02_01_14_07_43_Georgia::record_31,D4919-A_1_L_2024_02_01_14_07_43_Georgia,/rhf/allocations/dsci435/smithsonian_full_sp26/raw/Images_with_annotations_for_CNN_training/D4919-A_1_L_2024_02_01_14_07_43_Georgia.ndpi,D4919-A_1_L_2024_02_01_14_07_43_Georgia.ndpi.ndpa,25afec07432087f02fc4c91a71fe52bddea7001e0e1591efac325ac4d8b30b9c,32,31,Psilamonocolpites sp.,Psilamonocolpites sp.,Monocolpites sp.,exact,YES,circle,,
D4919-A_1_L_2024_02_01_14_07_43_Georgia::record_32,D4919-A_1_L_2024_02_01_14_07_43_Georgia,/rhf/allocations/dsci435/smithsonian_full_sp26/raw/Images_with_annotations_for_CNN_training/D4919-A_1_L_2024_02_01_14_07_43_Georgia.ndpi,D4919-A_1_L_2024_02_01_14_07_43_Georgia.ndpi.ndpa,25afec07432087f02fc4c91a71fe52bddea7001e0e1591efac325ac4d8b30b9c,33,32,Psilamonocolpites sp.,Psilamonocolpites sp.,Monocolpites sp.,exact,YES,circle,,
D4919-A_1_L_2024_02_01_14_07_43_Georgia::record_36,D4919-A_1_L_2024_02_01_14_07_43_Georgia,/rhf/allocations/dsci435/smithsonian_full_sp26/raw/Images_with_annotations_for_CNN_training/D4919-A_1_L_2024_02_01_14_07_43_Georgia.ndpi,D4919-A_1_L_2024_02_01_14_07_43_Georgia.ndpi.ndpa,25afec07432087f02fc4c91a71fe52bddea7001e0e1591efac325ac4d8b30b9c,37,36,Cicatricosisporites,Cicatricosisporites,Cicatricosisporites sp.,exact,YES,circle,,
D4919-A_1_L_2024_02_01_14_07_43_Georgia::record_45,D4919-A_1_L_2024_02_01_14_07_43_Georgia,/rhf/allocations/dsci435/smithsonian_full_sp26/raw/Images_with_annotations_for_CNN_training/D4919-A_1_L_2024_02_01_14_07_43_Georgia.ndpi,D4919-A_1_L_2024_02_01_14_07_43_Georgia.ndpi.ndpa,25afec07432087f02fc4c91a71fe52bddea7001e0e1591efac325ac4d8b30b9c,46,45,Psilamonocolpites sp.,Psilamonocolpites sp.,Monocolpites sp.,exact,YES,circle,,
D4919-A_1_L_2024_02_01_14_07_43_Georgia::record_46,D4919-A_1_L_2024_02_01_14_07_43_Georgia,/rhf/allocations/dsci435/smithsonian_full_sp26/raw/Images_with_annotations_for_CNN_training/D4919-A_1_L_2024_02_01_14_07_43_Georgia.ndpi,D4919-A_1_L_2024_02_01_14_07_43_Georgia.ndpi.ndpa,25afec07432087f02fc4c91a71fe52bddea7001e0e1591efac325ac4d8b30b9c,47,46,Retitricolporites sp.,Retitricolporites sp.,Rousea sp.,exact,YES,circle,,
D4919-A_1_L_2024_02_01_14_07_43_Georgia::record_50,D4919-A_1_L_2024_02_01_14_07_43_Georgia,/rhf/allocations/dsci435/smithsonian_full_sp26/raw/Images_with_annotations_for_CNN_training/D4919-A_1_L_2024_02_01_14_07_43_Georgia.ndpi,D4919-A_1_L_2024_02_01_14_07_43_Georgia.ndpi.ndpa,25afec07432087f02fc4c91a71fe52bddea7001e0e1591efac325ac4d8b30b9c,51,50,Psilamonocolpites sp.,Psilamonocolpites sp.,Monocolpites sp.,exact,YES,circle,,
D4919-A_1_L_2024_02_01_14_07_43_Georgia::record_53,D4919-A_1_L_2024_02_01_14_07_43_Georgia,/rhf/allocations/dsci435/smithsonian_full_sp26/raw/Images_with_annotations_for_CNN_training/D4919-A_1_L_2024_02_01_14_07_43_Georgia.ndpi,D4919-A_1_L_2024_02_01_14_07_43_Georgia.ndpi.ndpa,25afec07432087f02fc4c91a71fe52bddea7001e0e1591efac325ac4d8b30b9c,54,53,Psilamonocolpites sp.,Psilamonocolpites sp.,Monocolpites sp.,exact,YES,circle,,
D4919-A_1_L_2024_02_01_14_07_43_Georgia::record_55,D4919-A_1_L_2024_02_01_14_07_43_Georgia,/rhf/allocations/dsci435/smithsonian_full_sp26/raw/Images_with_annotations_for_CNN_training/D4919-A_1_L_2024_02_01_14_07_43_Georgia.ndpi,D4919-A_1_L_2024_02_01_14_07_43_Georgia.ndpi.ndpa,25afec07432087f02fc4c91a71fe52bddea7001e0e1591efac325ac4d8b30b9c,56,55,Arecipites sp.,Arecipites sp.,Arecipites sp.,exact,YES,circle,,
D4919-A_1_L_2024_02_01_14_07_43_Georgia::record_59,D4919-A_1_L_2024_02_01_14_07_43_Georgia,/rhf/allocations/dsci435/smithsonian_full_sp26/raw/Images_with_annotations_for_CNN_training/D4919-A_1_L_2024_02_01_14_07_43_Georgia.ndpi,D4919-A_1_L_2024_02_01_14_07_43_Georgia.ndpi.ndpa,25afec07432087f02fc4c91a71fe52bddea7001e0e1591efac325ac4d8b30b9c,60,59,Psilamonocolpites sp.,Psilamonocolpites sp.,Monocolpites sp.,exact,YES,circle,,
D4919-A_1_L_2024_02_01_14_07_43_Georgia::record_61,D4919-A_1_L_2024_02_01_14_07_43_Georgia,/rhf/allocations/dsci435/smithsonian_full_sp26/raw/Images_with_annotations_for_CNN_training/D4919-A_1_L_2024_02_01_14_07_43_Georgia.ndpi,D4919-A_1_L_2024_02_01_14_07_43_Georgia.ndpi.ndpa,25afec07432087f02fc4c91a71fe52bddea7001e0e1591efac325ac4d8b30b9c,62,61,Psilamonocolpites sp.,Psilamonocolpites sp.,Monocolpites sp.,exact,YES,circle,,
D4919-A_1_L_2024_02_01_14_07_43_Georgia::record_62,D4919-A_1_L_2024_02_01_14_07_43_Georgia,/rhf/allocations/dsci435/smithsonian_full_sp26/raw/Images_with_annotations_for_CNN_training/D4919-A_1_L_2024_02_01_14_07_43_Georgia.ndpi,D4919-A_1_L_2024_02_01_14_07_43_Georgia.ndpi.ndpa,25afec07432087f02fc4c91a71fe52bddea7001e0e1591efac325ac4d8b30b9c,63,62,Bombacacidites sp.,Bombacacidites sp.,Bombacacidites sp.,exact,YES,circle,,
D4919-A_1_L_2024_02_01_14_07_43_Georgia::record_63,D4919-A_1_L_2024_02_01_14_07_43_Georgia,/rhf/allocations/dsci435/smithsonian_full_sp26/raw/Images_with_annotations_for_CNN_training/D4919-A_1_L_2024_02_01_14_07_43_Georgia.ndpi,D4919-A_1_L_2024_02_01_14_07_43_Georgia.ndpi.ndpa,25afec07432087f02fc4c91a71fe52bddea7001e0e1591efac325ac4d8b30b9c,64,63,Tiliapollenites sp.,Tiliapollenites sp.,Bombacacidites sp.,exact,YES,circle,,
D4919-A_1_L_2024_02_01_14_07_43_Georgia::record_64,D4919-A_1_L_2024_02_01_14_07_43_Georgia,/rhf/allocations/dsci435/smithsonian_full_sp26/raw/Images_with_annotations_for_CNN_training/D4919-A_1_L_2024_02_01_14_07_43_Georgia.ndpi,D4919-A_1_L_2024_02_01_14_07_43_Georgia.ndpi.ndpa,25afec07432087f02fc4c91a71fe52bddea7001e0e1591efac325ac4d8b30b9c,65,64,Psilamonocolpites sp.,Psilamonocolpites sp.,Monocolpites sp.,exact,YES,circle,,
D4919-A_1_L_2024_02_01_14_07_43_Georgia::record_65,D4919-A_1_L_2024_02_01_14_07_43_Georgia,/rhf/allocations/dsci435/smithsonian_full_sp26/raw/Images_with_annotations_for_CNN_training/D4919-A_1_L_2024_02_01_14_07_43_Georgia.ndpi,D4919-A_1_L_2024_02_01_14_07_43_Georgia.ndpi.ndpa,25afec07432087f02fc4c91a71fe52bddea7001e0e1591efac325ac4d8b30b9c,66,65,Psilamonocolpites sp.,Psilamonocolpites sp.,Monocolpites sp.,exact,YES,circle,,
D4919-A_1_L_2024_02_01_14_07_43_Georgia::record_66,D4919-A_1_L_2024_02_01_14_07_43_Georgia,/rhf/allocations/dsci435/smithsonian_full_sp26/raw/Images_with_annotations_for_CNN_training/D4919-A_1_L_2024_02_01_14_07_43_Georgia.ndpi,D4919-A_1_L_2024_02_01_14_07_43_Georgia.ndpi.ndpa,25afec07432087f02fc4c91a71fe52bddea7001e0e1591efac325ac4d8b30b9c,67,66,Psilamonocolpites sp.,Psilamonocolpites sp.,Monocolpites sp.,exact,YES,circle,,
D4919-A_1_L_2024_02_01_14_07_43_Georgia::record_67,D4919-A_1_L_2024_02_01_14_07_43_Georgia,/rhf/allocations/dsci435/smithsonian_full_sp26/raw/Images_with_annotations_for_CNN_training/D4919-A_1_L_2024_02_01_14_07_43_Georgia.ndpi,D4919-A_1_L_2024_02_01_14_07_43_Georgia.ndpi.ndpa,25afec07432087f02fc4c91a71fe52bddea7001e0e1591efac325ac4d8b30b9c,68,67,Psilamonocolpites sp.,Psilamonocolpites sp.,Monocolpites sp.,exact,YES,circle,,
D4919-A_1_L_2024_02_01_14_07_43_Georgia::record_68,D4919-A_1_L_2024_02_01_14_07_43_Georgia,/rhf/allocations/dsci435/smithsonian_full_sp26/raw/Images_with_annotations_for_CNN_training/D4919-A_1_L_2024_02_01_14_07_43_Georgia.ndpi,D4919-A_1_L_2024_02_01_14_07_43_Georgia.ndpi.ndpa,25afec07432087f02fc4c91a71fe52bddea7001e0e1591efac325ac4d8b30b9c,69,68,Psilamonocolpites sp.,Psilamonocolpites sp.,Monocolpites sp.,exact,YES,circle,,
D4919-A_1_L_2024_02_01_14_07_43_Georgia::record_69,D4919-A_1_L_2024_02_01_14_07_43_Georgia,/rhf/allocations/dsci435/smithsonian_full_sp26/raw/Images_with_annotations_for_CNN_training/D4919-A_1_L_2024_02_01_14_07_43_Georgia.ndpi,D4919-A_1_L_2024_02_01_14_07_43_Georgia.ndpi.ndpa,25afec07432087f02fc4c91a71fe52bddea7001e0e1591efac325ac4d8b30b9c,70,69,Psilamonocolpites sp.,Psilamonocolpites sp.,Monocolpites sp.,exact,YES,circle,,
D4919-A_1_L_2024_02_01_14_07_43_Georgia::record_70,D4919-A_1_L_2024_02_01_14_07_43_Georgia,/rhf/allocations/dsci435/smithsonian_full_sp26/raw/Images_with_annotations_for_CNN_training/D4919-A_1_L_2024_02_01_14_07_43_Georgia.ndpi,D4919-A_1_L_2024_02_01_14_07_43_Georgia.ndpi.ndpa,25afec07432087f02fc4c91a71fe52bddea7001e0e1591efac325ac4d8b30b9c,71,70,Psilamonocolpites sp.,Psilamonocolpites sp.,Monocolpites sp.,exact,YES,circle,,
D4919-A_1_L_2024_02_01_14_07_43_Georgia::record_71,D4919-A_1_L_2024_02_01_14_07_43_Georgia,/rhf/allocations/dsci435/smithsonian_full_sp26/raw/Images_with_annotations_for_CNN_training/D4919-A_1_L_2024_02_01_14_07_43_Georgia.ndpi,D4919-A_1_L_2024_02_01_14_07_43_Georgia.ndpi.ndpa,25afec07432087f02fc4c91a71fe52bddea7001e0e1591efac325ac4d8b30b9c,72,71,Psilamonocolpites sp.,Psilamonocolpites sp.,Monocolpites sp.,exact,YES,circle,,
D4919-A_1_L_2024_02_01_14_07_43_Georgia::record_72,D4919-A_1_L_2024_02_01_14_07_43_Georgia,/rhf/allocations/dsci435/smithsonian_full_sp26/raw/Images_with_annotations_for_CNN_training/D4919-A_1_L_2024_02_01_14_07_43_Georgia.ndpi,D4919-A_1_L_2024_02_01_14_07_43_Georgia.ndpi.ndpa,25afec07432087f02fc4c91a71fe52bddea7001e0e1591efac325ac4d8b30b9c,73,72,Arecipites sp.,Arecipites sp.,Arecipites sp.,exact,YES,circle,,
D6627-A-2_L_2024_02_02_12_53_43_Arkansas::record_7,D6627-A-2_L_2024_02_02_12_53_43_Arkansas,/rhf/allocations/dsci435/smithsonian_full_sp26/raw/Images_with_annotations_for_CNN_training/D6627-A-2_L_2024_02_02_12_53_43_Arkansas.ndpi,D6627-A-2_L_2024_02_02_12_53_43_Arkansas.ndpi.ndpa,d7e423db157c48481534f566e64c856b5d7d7195a675eb8951b82d95a7c893ac,8,7,Bipol,Bipol,Bisaccate,exact,YES,circle,,
D6627-A-2_R_2024_02_02_17_42_28_Arkansas::record_13,D6627-A-2_R_2024_02_02_17_42_28_Arkansas,/rhf/allocations/dsci435/smithsonian_full_sp26/raw/Images_with_annotations_for_CNN_training/D6627-A-2_R_2024_02_02_17_42_28_Arkansas.ndpi,D6627-A-2_R_2024_02_02_17_42_28_Arkansas.ndpi.ndpa,00263354d6f7a7eeda9079b0c78bc62f01852508ecdd219529bef9e375ba7575,15,13,Bipol,Bipol,Bisaccate,exact,YES,circle,,
D6627-A-2_R_2024_02_02_17_42_28_Arkansas::record_28,D6627-A-2_R_2024_02_02_17_42_28_Arkansas,/rhf/allocations/dsci435/smithsonian_full_sp26/raw/Images_with_annotations_for_CNN_training/D6627-A-2_R_2024_02_02_17_42_28_Arkansas.ndpi,D6627-A-2_R_2024_02_02_17_42_28_Arkansas.ndpi.ndpa,00263354d6f7a7eeda9079b0c78bc62f01852508ecdd219529bef9e375ba7575,30,28,Bipol,Bipol,Bisaccate,exact,YES,circle,,
D6627-A-2_R_2024_02_02_17_42_28_Arkansas::record_92,D6627-A-2_R_2024_02_02_17_42_28_Arkansas,/rhf/allocations/dsci435/smithsonian_full_sp26/raw/Images_with_annotations_for_CNN_training/D6627-A-2_R_2024_02_02_17_42_28_Arkansas.ndpi,D6627-A-2_R_2024_02_02_17_42_28_Arkansas.ndpi.ndpa,00263354d6f7a7eeda9079b0c78bc62f01852508ecdd219529bef9e375ba7575,94,92,Ericipites,Ericipites,Ericipites sp.,exact,YES,circle,,
D3202-D-1_R_2024_02_21_13_01_51_Louisiana::record_69,D3202-D-1_R_2024_02_21_13_01_51_Louisiana,/rhf/allocations/dsci435/smithsonian_full_sp26/raw/Images_with_annotations_for_CNN_training/D3202-D-1_R_2024_02_21_13_01_51_Louisiana.ndpi,D3202-D-1_R_2024_02_21_13_01_51_Louisiana.ndpi.ndpa,eb0f4cb20717ba2289c520a05e25d2e87c107c9ffef4a07a0ad30e388cf020f7,71,69,Momipites,Momipites,Momipites sp,exact,YES,circle,,
D3266-1_L_2024_02_01_13_49_20_Mississippi::record_29,D3266-1_L_2024_02_01_13_49_20_Mississippi,/rhf/allocations/dsci435/smithsonian_full_sp26/raw/Images_with_annotations_for_CNN_training/D3266-1_L_2024_02_01_13_49_20_Mississippi.ndpi,D3266-1_L_2024_02_01_13_49_20_Mississippi.ndpi.ndpa,4235e22ae15474f0153d81caf46aee4ce6529dfba6b3aecf3f1ec33dc7b43c69,31,29,Momipites,Momipites,Momipites sp,exact,YES,circle,,
D3266-1_L_2024_02_01_13_49_20_Mississippi::record_37,D3266-1_L_2024_02_01_13_49_20_Mississippi,/rhf/allocations/dsci435/smithsonian_full_sp26/raw/Images_with_annotations_for_CNN_training/D3266-1_L_2024_02_01_13_49_20_Mississippi.ndpi,D3266-1_L_2024_02_01_13_49_20_Mississippi.ndpi.ndpa,4235e22ae15474f0153d81caf46aee4ce6529dfba6b3aecf3f1ec33dc7b43c69,39,37,Momipites,Momipites,Momipites sp,exact,YES,circle,,
D3266-1_L_2024_02_01_13_49_20_Mississippi::record_44,D3266-1_L_2024_02_01_13_49_20_Mississippi,/rhf/allocations/dsci435/smithsonian_full_sp26/raw/Images_with_annotations_for_CNN_training/D3266-1_L_2024_02_01_13_49_20_Mississippi.ndpi,D3266-1_L_2024_02_01_13_49_20_Mississippi.ndpi.ndpa,4235e22ae15474f0153d81caf46aee4ce6529dfba6b3aecf3f1ec33dc7b43c69,46,44,Momipites,Momipites,Momipites sp,exact,YES,circle,,
D5151-B-1_L_2024_02_02_15_31_05_Tennessee::record_16,D5151-B-1_L_2024_02_02_15_31_05_Tennessee,/rhf/allocations/dsci435/smithsonian_full_sp26/raw/Images_with_annotations_for_CNN_training/D5151-B-1_L_2024_02_02_15_31_05_Tennessee.ndpi,D5151-B-1_L_2024_02_02_15_31_05_Tennessee.ndpi.ndpa,3845de8d3671319782aff46ba9c681f31e894e383dd48ea0f57d1bbe25b6a4aa,17,16,Momipites,Momipites,Momipites sp,exact,YES,circle,,
D5151-B-1_L_2024_02_02_15_31_05_Tennessee::record_18,D5151-B-1_L_2024_02_02_15_31_05_Tennessee,/rhf/allocations/dsci435/smithsonian_full_sp26/raw/Images_with_annotations_for_CNN_training/D5151-B-1_L_2024_02_02_15_31_05_Tennessee.ndpi,D5151-B-1_L_2024_02_02_15_31_05_Tennessee.ndpi.ndpa,3845de8d3671319782aff46ba9c681f31e894e383dd48ea0f57d1bbe25b6a4aa,19,18,Momipites,Momipites,Momipites sp,exact,YES,circle,,
D5151-B-1_L_2024_02_02_15_31_05_Tennessee::record_65,D5151-B-1_L_2024_02_02_15_31_05_Tennessee,/rhf/allocations/dsci435/smithsonian_full_sp26/raw/Images_with_annotations_for_CNN_training/D5151-B-1_L_2024_02_02_15_31_05_Tennessee.ndpi,D5151-B-1_L_2024_02_02_15_31_05_Tennessee.ndpi.ndpa,3845de8d3671319782aff46ba9c681f31e894e383dd48ea0f57d1bbe25b6a4aa,66,65,Momipites,Momipites,Momipites sp,exact,YES,circle,,
D5151-B-1_L_2024_02_02_15_31_05_Tennessee::record_66,D5151-B-1_L_2024_02_02_15_31_05_Tennessee,/rhf/allocations/dsci435/smithsonian_full_sp26/raw/Images_with_annotations_for_CNN_training/D5151-B-1_L_2024_02_02_15_31_05_Tennessee.ndpi,D5151-B-1_L_2024_02_02_15_31_05_Tennessee.ndpi.ndpa,3845de8d3671319782aff46ba9c681f31e894e383dd48ea0f57d1bbe25b6a4aa,67,66,Momipites,Momipites,Momipites sp,exact,YES,circle,,
D5151-B-1_L_2024_02_02_15_31_05_Tennessee::record_86,D5151-B-1_L_2024_02_02_15_31_05_Tennessee,/rhf/allocations/dsci435/smithsonian_full_sp26/raw/Images_with_annotations_for_CNN_training/D5151-B-1_L_2024_02_02_15_31_05_Tennessee.ndpi,D5151-B-1_L_2024_02_02_15_31_05_Tennessee.ndpi.ndpa,3845de8d3671319782aff46ba9c681f31e894e383dd48ea0f57d1bbe25b6a4aa,87,86,Momipites,Momipites,Momipites sp,exact,YES,circle,,
D5151-B-1_L_2024_02_02_15_31_05_Tennessee::record_96,D5151-B-1_L_2024_02_02_15_31_05_Tennessee,/rhf/allocations/dsci435/smithsonian_full_sp26/raw/Images_with_annotations_for_CNN_training/D5151-B-1_L_2024_02_02_15_31_05_Tennessee.ndpi,D5151-B-1_L_2024_02_02_15_31_05_Tennessee.ndpi.ndpa,3845de8d3671319782aff46ba9c681f31e894e383dd48ea0f57d1bbe25b6a4aa,97,96,Momipites,Momipites,Momipites sp,exact,YES,circle,,
D5151-B-1_L_2024_02_02_15_31_05_Tennessee::record_117,D5151-B-1_L_2024_02_02_15_31_05_Tennessee,/rhf/allocations/dsci435/smithsonian_full_sp26/raw/Images_with_annotations_for_CNN_training/D5151-B-1_L_2024_02_02_15_31_05_Tennessee.ndpi,D5151-B-1_L_2024_02_02_15_31_05_Tennessee.ndpi.ndpa,3845de8d3671319782aff46ba9c681f31e894e383dd48ea0f57d1bbe25b6a4aa,118,117,Momipites,Momipites,Momipites sp,exact,YES,circle,,
D5151-B-1_L_2024_02_02_15_31_05_Tennessee::record_140,D5151-B-1_L_2024_02_02_15_31_05_Tennessee,/rhf/allocations/dsci435/smithsonian_full_sp26/raw/Images_with_annotations_for_CNN_training/D5151-B-1_L_2024_02_02_15_31_05_Tennessee.ndpi,D5151-B-1_L_2024_02_02_15_31_05_Tennessee.ndpi.ndpa,3845de8d3671319782aff46ba9c681f31e894e383dd48ea0f57d1bbe25b6a4aa,141,140,Momipites,Momipites,Momipites sp,exact,YES,circle,,
D5151-B-1_L_2024_02_02_15_31_05_Tennessee::record_155,D5151-B-1_L_2024_02_02_15_31_05_Tennessee,/rhf/allocations/dsci435/smithsonian_full_sp26/raw/Images_with_annotations_for_CNN_training/D5151-B-1_L_2024_02_02_15_31_05_Tennessee.ndpi,D5151-B-1_L_2024_02_02_15_31_05_Tennessee.ndpi.ndpa,3845de8d3671319782aff46ba9c681f31e894e383dd48ea0f57d1bbe25b6a4aa,156,155,Momipites,Momipites,Momipites sp,exact,YES,circle,,
D5151-B-1_L_2024_02_02_15_31_05_Tennessee::record_162,D5151-B-1_L_2024_02_02_15_31_05_Tennessee,/rhf/allocations/dsci435/smithsonian_full_sp26/raw/Images_with_annotations_for_CNN_training/D5151-B-1_L_2024_02_02_15_31_05_Tennessee.ndpi,D5151-B-1_L_2024_02_02_15_31_05_Tennessee.ndpi.ndpa,3845de8d3671319782aff46ba9c681f31e894e383dd48ea0f57d1bbe25b6a4aa,163,162,Momipites,Momipites,Momipites sp,exact,YES,circle,,
D5151-B-1_L_2024_02_02_15_31_05_Tennessee::record_174,D5151-B-1_L_2024_02_02_15_31_05_Tennessee,/rhf/allocations/dsci435/smithsonian_full_sp26/raw/Images_with_annotations_for_CNN_training/D5151-B-1_L_2024_02_02_15_31_05_Tennessee.ndpi,D5151-B-1_L_2024_02_02_15_31_05_Tennessee.ndpi.ndpa,3845de8d3671319782aff46ba9c681f31e894e383dd48ea0f57d1bbe25b6a4aa,175,174,Monocolpites,Monocolpites,Monocolpites sp.,exact,YES,circle,,
D5151-B-1_L_2024_02_02_15_31_05_Tennessee::record_178,D5151-B-1_L_2024_02_02_15_31_05_Tennessee,/rhf/allocations/dsci435/smithsonian_full_sp26/raw/Images_with_annotations_for_CNN_training/D5151-B-1_L_2024_02_02_15_31_05_Tennessee.ndpi,D5151-B-1_L_2024_02_02_15_31_05_Tennessee.ndpi.ndpa,3845de8d3671319782aff46ba9c681f31e894e383dd48ea0f57d1bbe25b6a4aa,179,178,Momipites,Momipites,Momipites sp,exact,YES,circle,,
D5151-B-1_L_2024_02_02_15_31_05_Tennessee::record_179,D5151-B-1_L_2024_02_02_15_31_05_Tennessee,/rhf/allocations/dsci435/smithsonian_full_sp26/raw/Images_with_annotations_for_CNN_training/D5151-B-1_L_2024_02_02_15_31_05_Tennessee.ndpi,D5151-B-1_L_2024_02_02_15_31_05_Tennessee.ndpi.ndpa,3845de8d3671319782aff46ba9c681f31e894e383dd48ea0f57d1bbe25b6a4aa,180,179,Momipites,Momipites,Momipites sp,exact,YES,circle,,
D5151-B-1_L_2024_02_02_15_31_05_Tennessee::record_198,D5151-B-1_L_2024_02_02_15_31_05_Tennessee,/rhf/allocations/dsci435/smithsonian_full_sp26/raw/Images_with_annotations_for_CNN_training/D5151-B-1_L_2024_02_02_15_31_05_Tennessee.ndpi,D5151-B-1_L_2024_02_02_15_31_05_Tennessee.ndpi.ndpa,3845de8d3671319782aff46ba9c681f31e894e383dd48ea0f57d1bbe25b6a4aa,199,198,Momipites,Momipites,Momipites sp,exact,YES,circle,,
D5151-B-1_L_2024_02_02_15_31_05_Tennessee::record_214,D5151-B-1_L_2024_02_02_15_31_05_Tennessee,/rhf/allocations/dsci435/smithsonian_full_sp26/raw/Images_with_annotations_for_CNN_training/D5151-B-1_L_2024_02_02_15_31_05_Tennessee.ndpi,D5151-B-1_L_2024_02_02_15_31_05_Tennessee.ndpi.ndpa,3845de8d3671319782aff46ba9c681f31e894e383dd48ea0f57d1bbe25b6a4aa,215,214,Momipites,Momipites,Momipites sp,exact,YES,circle,,
D5151-B-1_L_2024_02_02_15_31_05_Tennessee::record_244,D5151-B-1_L_2024_02_02_15_31_05_Tennessee,/rhf/allocations/dsci435/smithsonian_full_sp26/raw/Images_with_annotations_for_CNN_training/D5151-B-1_L_2024_02_02_15_31_05_Tennessee.ndpi,D5151-B-1_L_2024_02_02_15_31_05_Tennessee.ndpi.ndpa,3845de8d3671319782aff46ba9c681f31e894e383dd48ea0f57d1bbe25b6a4aa,245,244,Momipites,Momipites,Momipites sp,exact,YES,circle,,
D5151-B-1_L_2024_02_02_15_31_05_Tennessee::record_255,D5151-B-1_L_2024_02_02_15_31_05_Tennessee,/rhf/allocations/dsci435/smithsonian_full_sp26/raw/Images_with_annotations_for_CNN_training/D5151-B-1_L_2024_02_02_15_31_05_Tennessee.ndpi,D5151-B-1_L_2024_02_02_15_31_05_Tennessee.ndpi.ndpa,3845de8d3671319782aff46ba9c681f31e894e383dd48ea0f57d1bbe25b6a4aa,256,255,Momipites,Momipites,Momipites sp,exact,YES,circle,,
Giraffe_24_2_43_R_Giraffe_2025_01_14_10_06_00::record_3,Giraffe_24_2_43_R_Giraffe_2025_01_14_10_06_00,/rhf/allocations/dsci435/smithsonian_full_sp26/raw/Images_with_annotations_for_CNN_training/Giraffe_24_2_43_R_Giraffe_2025_01_14_10_06_00.ndpi,Giraffe_24_2_43_R_Giraffe_2025_01_14_10_06_00.ndpi.ndpa,52a9ac43233e7fd980921af69522860b23c7595484a35f7c41b4b02257383864,4,3,Alnipollenites verus,Alnipollenites verus,Alnipollenites verus,exact,YES,circle,,
Giraffe_24_2_43_R_Giraffe_2025_01_14_10_06_00::record_25,Giraffe_24_2_43_R_Giraffe_2025_01_14_10_06_00,/rhf/allocations/dsci435/smithsonian_full_sp26/raw/Images_with_annotations_for_CNN_training/Giraffe_24_2_43_R_Giraffe_2025_01_14_10_06_00.ndpi,Giraffe_24_2_43_R_Giraffe_2025_01_14_10_06_00.ndpi.ndpa,52a9ac43233e7fd980921af69522860b23c7595484a35f7c41b4b02257383864,26,25,Psilatricolpites sp.,Psilatricolpites sp.,Psilatricolpites sp.,exact,YES,circle,,
Giraffe_24_2_43_R_Giraffe_2025_01_14_10_06_00::record_34,Giraffe_24_2_43_R_Giraffe_2025_01_14_10_06_00,/rhf/allocations/dsci435/smithsonian_full_sp26/raw/Images_with_annotations_for_CNN_training/Giraffe_24_2_43_R_Giraffe_2025_01_14_10_06_00.ndpi,Giraffe_24_2_43_R_Giraffe_2025_01_14_10_06_00.ndpi.ndpa,52a9ac43233e7fd980921af69522860b23c7595484a35f7c41b4b02257383864,35,34,Ericipites sp.,Ericipites sp.,Ericipites sp.,exact,YES,circle,,
Giraffe_24_2_43_R_Giraffe_2025_01_14_10_06_00::record_46,Giraffe_24_2_43_R_Giraffe_2025_01_14_10_06_00,/rhf/allocations/dsci435/smithsonian_full_sp26/raw/Images_with_annotations_for_CNN_training/Giraffe_24_2_43_R_Giraffe_2025_01_14_10_06_00.ndpi,Giraffe_24_2_43_R_Giraffe_2025_01_14_10_06_00.ndpi.ndpa,52a9ac43233e7fd980921af69522860b23c7595484a35f7c41b4b02257383864,47,46,Rhoipites sp.,Rhoipites sp.,Rhoipites sp.,exact,YES,circle,,
USNMPAL_792727_D1376_2024_01_22_16_00_33_Wyoming::record_2,USNMPAL_792727_D1376_2024_01_22_16_00_33_Wyoming,/rhf/allocations/dsci435/smithsonian_full_sp26/raw/Images_with_annotations_for_CNN_training/USNMPAL_792727_D1376_2024_01_22_16_00_33_Wyoming.ndpi,USNMPAL_792727_D1376_2024_01_22_16_00_33_Wyoming.ndpi.ndpa,aa46a7369ac01477618970c6bee235490d57450567cea1682e0456c6c71d7c74,3,2,Platycaryapollenites platycaryoides,Platycaryapollenites platycaryoides,Platycarya platycarioides,exact,YES,circle,,
USNMPAL_792727_D1376_2024_01_22_16_00_33_Wyoming::record_3,USNMPAL_792727_D1376_2024_01_22_16_00_33_Wyoming,/rhf/allocations/dsci435/smithsonian_full_sp26/raw/Images_with_annotations_for_CNN_training/USNMPAL_792727_D1376_2024_01_22_16_00_33_Wyoming.ndpi,USNMPAL_792727_D1376_2024_01_22_16_00_33_Wyoming.ndpi.ndpa,aa46a7369ac01477618970c6bee235490d57450567cea1682e0456c6c71d7c74,4,3,Momipites flexus,Momipites flexus,Momipites flexus,exact,YES,circle,,
USNMPAL_792727_D1376_2024_01_22_16_00_33_Wyoming::record_6,USNMPAL_792727_D1376_2024_01_22_16_00_33_Wyoming,/rhf/allocations/dsci435/smithsonian_full_sp26/raw/Images_with_annotations_for_CNN_training/USNMPAL_792727_D1376_2024_01_22_16_00_33_Wyoming.ndpi,USNMPAL_792727_D1376_2024_01_22_16_00_33_Wyoming.ndpi.ndpa,aa46a7369ac01477618970c6bee235490d57450567cea1682e0456c6c71d7c74,7,6,Psilatricolpites sp.,Psilatricolpites sp.,Psilatricolpites sp.,exact,YES,circle,,
USNMPAL_792727_D1376_2024_01_22_16_00_33_Wyoming::record_7,USNMPAL_792727_D1376_2024_01_22_16_00_33_Wyoming,/rhf/allocations/dsci435/smithsonian_full_sp26/raw/Images_with_annotations_for_CNN_training/USNMPAL_792727_D1376_2024_01_22_16_00_33_Wyoming.ndpi,USNMPAL_792727_D1376_2024_01_22_16_00_33_Wyoming.ndpi.ndpa,aa46a7369ac01477618970c6bee235490d57450567cea1682e0456c6c71d7c74,8,7,Alnipollenites verus,Alnipollenites verus,Alnipollenites verus,exact,YES,circle,,
USNMPAL_792727_D1376_2024_01_22_16_00_33_Wyoming::record_10,USNMPAL_792727_D1376_2024_01_22_16_00_33_Wyoming,/rhf/allocations/dsci435/smithsonian_full_sp26/raw/Images_with_annotations_for_CNN_training/USNMPAL_792727_D1376_2024_01_22_16_00_33_Wyoming.ndpi,USNMPAL_792727_D1376_2024_01_22_16_00_33_Wyoming.ndpi.ndpa,aa46a7369ac01477618970c6bee235490d57450567cea1682e0456c6c71d7c74,11,10,Rousea sp.,Rousea sp.,Rousea sp.,exact,YES,circle,,
USNMPAL_792727_D1376_2024_01_22_16_00_33_Wyoming::record_14,USNMPAL_792727_D1376_2024_01_22_16_00_33_Wyoming,/rhf/allocations/dsci435/smithsonian_full_sp26/raw/Images_with_annotations_for_CNN_training/USNMPAL_792727_D1376_2024_01_22_16_00_33_Wyoming.ndpi,USNMPAL_792727_D1376_2024_01_22_16_00_33_Wyoming.ndpi.ndpa,aa46a7369ac01477618970c6bee235490d57450567cea1682e0456c6c71d7c74,15,14,Psilatricolpites sp.,Psilatricolpites sp.,Psilatricolpites sp.,exact,YES,circle,,
USNMPAL_792727_D1376_2024_01_22_16_00_33_Wyoming::record_15,USNMPAL_792727_D1376_2024_01_22_16_00_33_Wyoming,/rhf/allocations/dsci435/smithsonian_full_sp26/raw/Images_with_annotations_for_CNN_training/USNMPAL_792727_D1376_2024_01_22_16_00_33_Wyoming.ndpi,USNMPAL_792727_D1376_2024_01_22_16_00_33_Wyoming.ndpi.ndpa,aa46a7369ac01477618970c6bee235490d57450567cea1682e0456c6c71d7c74,16,15,Cyathidites sp.,Cyathidites sp.,Psilatriletes sp.,exact,YES,circle,,
USNMPAL_792727_D1376_2024_01_22_16_00_33_Wyoming::record_16,USNMPAL_792727_D1376_2024_01_22_16_00_33_Wyoming,/rhf/allocations/dsci435/smithsonian_full_sp26/raw/Images_with_annotations_for_CNN_training/USNMPAL_792727_D1376_2024_01_22_16_00_33_Wyoming.ndpi,USNMPAL_792727_D1376_2024_01_22_16_00_33_Wyoming.ndpi.ndpa,aa46a7369ac01477618970c6bee235490d57450567cea1682e0456c6c71d7c74,17,16,Arecipites tenuiexinous,Arecipites tenuiexinous,Arecipites sp.,exact,YES,circle,,
USNMPAL_792727_D1376_2024_01_22_16_00_33_Wyoming::record_18,USNMPAL_792727_D1376_2024_01_22_16_00_33_Wyoming,/rhf/allocations/dsci435/smithsonian_full_sp26/raw/Images_with_annotations_for_CNN_training/USNMPAL_792727_D1376_2024_01_22_16_00_33_Wyoming.ndpi,USNMPAL_792727_D1376_2024_01_22_16_00_33_Wyoming.ndpi.ndpa,aa46a7369ac01477618970c6bee235490d57450567cea1682e0456c6c71d7c74,19,18,Deltoidospora sp.,Deltoidospora sp.,Psilatriletes sp.,exact,YES,circle,,
USNMPAL_792727_D1376_2024_01_22_16_00_33_Wyoming::record_21,USNMPAL_792727_D1376_2024_01_22_16_00_33_Wyoming,/rhf/allocations/dsci435/smithsonian_full_sp26/raw/Images_with_annotations_for_CNN_training/USNMPAL_792727_D1376_2024_01_22_16_00_33_Wyoming.ndpi,USNMPAL_792727_D1376_2024_01_22_16_00_33_Wyoming.ndpi.ndpa,aa46a7369ac01477618970c6bee235490d57450567cea1682e0456c6c71d7c74,22,21,Deltoidospora sp.,Deltoidospora sp.,Psilatriletes sp.,exact,YES,circle,,
USNMPAL_792727_D1376_2024_01_22_16_00_33_Wyoming::record_23,USNMPAL_792727_D1376_2024_01_22_16_00_33_Wyoming,/rhf/allocations/dsci435/smithsonian_full_sp26/raw/Images_with_annotations_for_CNN_training/USNMPAL_792727_D1376_2024_01_22_16_00_33_Wyoming.ndpi,USNMPAL_792727_D1376_2024_01_22_16_00_33_Wyoming.ndpi.ndpa,aa46a7369ac01477618970c6bee235490d57450567cea1682e0456c6c71d7c74,24,23,Psilamonocolpites sp.,Psilamonocolpites sp.,Monocolpites sp.,exact,YES,circle,,
USNMPAL_792727_D1376_2024_01_22_16_00_33_Wyoming::record_24,USNMPAL_792727_D1376_2024_01_22_16_00_33_Wyoming,/rhf/allocations/dsci435/smithsonian_full_sp26/raw/Images_with_annotations_for_CNN_training/USNMPAL_792727_D1376_2024_01_22_16_00_33_Wyoming.ndpi,USNMPAL_792727_D1376_2024_01_22_16_00_33_Wyoming.ndpi.ndpa,aa46a7369ac01477618970c6bee235490d57450567cea1682e0456c6c71d7c74,25,24,Psilatricolpites sp.,Psilatricolpites sp.,Psilatricolpites sp.,exact,YES,circle,,
USNMPAL_792727_D1376_2024_01_22_16_00_33_Wyoming::record_27,USNMPAL_792727_D1376_2024_01_22_16_00_33_Wyoming,/rhf/allocations/dsci435/smithsonian_full_sp26/raw/Images_with_annotations_for_CNN_training/USNMPAL_792727_D1376_2024_01_22_16_00_33_Wyoming.ndpi,USNMPAL_792727_D1376_2024_01_22_16_00_33_Wyoming.ndpi.ndpa,aa46a7369ac01477618970c6bee235490d57450567cea1682e0456c6c71d7c74,28,27,Caryapollenites prodromus,Caryapollenites prodromus,Caryapollenites sp.,exact,YES,circle,,
USNMPAL_792727_D1376_2024_01_22_16_00_33_Wyoming::record_28,USNMPAL_792727_D1376_2024_01_22_16_00_33_Wyoming,/rhf/allocations/dsci435/smithsonian_full_sp26/raw/Images_with_annotations_for_CNN_training/USNMPAL_792727_D1376_2024_01_22_16_00_33_Wyoming.ndpi,USNMPAL_792727_D1376_2024_01_22_16_00_33_Wyoming.ndpi.ndpa,aa46a7369ac01477618970c6bee235490d57450567cea1682e0456c6c71d7c74,29,28,Psilatricolpites sp.,Psilatricolpites sp.,Psilatricolpites sp.,exact,YES,circle,,
USNMPAL_792727_D1376_2024_01_22_16_00_33_Wyoming::record_29,USNMPAL_792727_D1376_2024_01_22_16_00_33_Wyoming,/rhf/allocations/dsci435/smithsonian_full_sp26/raw/Images_with_annotations_for_CNN_training/USNMPAL_792727_D1376_2024_01_22_16_00_33_Wyoming.ndpi,USNMPAL_792727_D1376_2024_01_22_16_00_33_Wyoming.ndpi.ndpa,aa46a7369ac01477618970c6bee235490d57450567cea1682e0456c6c71d7c74,30,29,Ulmipollenites sp.,Ulmipollenites sp.,Ulmipollenites sp.,exact,YES,circle,,
USNMPAL_792727_D1376_2024_01_22_16_00_33_Wyoming::record_31,USNMPAL_792727_D1376_2024_01_22_16_00_33_Wyoming,/rhf/allocations/dsci435/smithsonian_full_sp26/raw/Images_with_annotations_for_CNN_training/USNMPAL_792727_D1376_2024_01_22_16_00_33_Wyoming.ndpi,USNMPAL_792727_D1376_2024_01_22_16_00_33_Wyoming.ndpi.ndpa,aa46a7369ac01477618970c6bee235490d57450567cea1682e0456c6c71d7c74,32,31,Caryapollenites veripites,Caryapollenites veripites,Caryapollenites veripites,exact,YES,circle,,
USNMPAL_792727_D1376_2024_01_22_16_00_33_Wyoming::record_32,USNMPAL_792727_D1376_2024_01_22_16_00_33_Wyoming,/rhf/allocations/dsci435/smithsonian_full_sp26/raw/Images_with_annotations_for_CNN_training/USNMPAL_792727_D1376_2024_01_22_16_00_33_Wyoming.ndpi,USNMPAL_792727_D1376_2024_01_22_16_00_33_Wyoming.ndpi.ndpa,aa46a7369ac01477618970c6bee235490d57450567cea1682e0456c6c71d7c74,33,32,Momipites sp.,Momipites sp.,Momipites sp,exact,YES,circle,,
USNMPAL_792727_D1376_2024_01_22_16_00_33_Wyoming::record_33,USNMPAL_792727_D1376_2024_01_22_16_00_33_Wyoming,/rhf/allocations/dsci435/smithsonian_full_sp26/raw/Images_with_annotations_for_CNN_training/USNMPAL_792727_D1376_2024_01_22_16_00_33_Wyoming.ndpi,USNMPAL_792727_D1376_2024_01_22_16_00_33_Wyoming.ndpi.ndpa,aa46a7369ac01477618970c6bee235490d57450567cea1682e0456c6c71d7c74,34,33,Psilatricolpites sp.,Psilatricolpites sp.,Psilatricolpites sp.,exact,YES,circle,,
USNMPAL_792727_D1376_2024_01_22_16_00_33_Wyoming::record_34,USNMPAL_792727_D1376_2024_01_22_16_00_33_Wyoming,/rhf/allocations/dsci435/smithsonian_full_sp26/raw/Images_with_annotations_for_CNN_training/USNMPAL_792727_D1376_2024_01_22_16_00_33_Wyoming.ndpi,USNMPAL_792727_D1376_2024_01_22_16_00_33_Wyoming.ndpi.ndpa,aa46a7369ac01477618970c6bee235490d57450567cea1682e0456c6c71d7c74,35,34,Ulmipollenites sp.,Ulmipollenites sp.,Ulmipollenites sp.,exact,YES,circle,,
USNMPAL_792727_D1376_2024_01_22_16_00_33_Wyoming::record_35,USNMPAL_792727_D1376_2024_01_22_16_00_33_Wyoming,/rhf/allocations/dsci435/smithsonian_full_sp26/raw/Images_with_annotations_for_CNN_training/USNMPAL_792727_D1376_2024_01_22_16_00_33_Wyoming.ndpi,USNMPAL_792727_D1376_2024_01_22_16_00_33_Wyoming.ndpi.ndpa,aa46a7369ac01477618970c6bee235490d57450567cea1682e0456c6c71d7c74,36,35,Psilatricolpites sp.,Psilatricolpites sp.,Psilatricolpites sp.,exact,YES,circle,,
USNMPAL_792727_D1376_2024_01_22_16_00_33_Wyoming::record_37,USNMPAL_792727_D1376_2024_01_22_16_00_33_Wyoming,/rhf/allocations/dsci435/smithsonian_full_sp26/raw/Images_with_annotations_for_CNN_training/USNMPAL_792727_D1376_2024_01_22_16_00_33_Wyoming.ndpi,USNMPAL_792727_D1376_2024_01_22_16_00_33_Wyoming.ndpi.ndpa,aa46a7369ac01477618970c6bee235490d57450567cea1682e0456c6c71d7c74,38,37,Bisaccate pollen,Bisaccate pollen,Bisaccate,exact,YES,circle,,
USNMPAL_792727_D1376_2024_01_22_16_00_33_Wyoming::record_38,USNMPAL_792727_D1376_2024_01_22_16_00_33_Wyoming,/rhf/allocations/dsci435/smithsonian_full_sp26/raw/Images_with_annotations_for_CNN_training/USNMPAL_792727_D1376_2024_01_22_16_00_33_Wyoming.ndpi,USNMPAL_792727_D1376_2024_01_22_16_00_33_Wyoming.ndpi.ndpa,aa46a7369ac01477618970c6bee235490d57450567cea1682e0456c6c71d7c74,39,38,Psilatricolpites sp.,Psilatricolpites sp.,Psilatricolpites sp.,exact,YES,circle,,
USNMPAL_792727_D1376_2024_01_22_16_00_33_Wyoming::record_39,USNMPAL_792727_D1376_2024_01_22_16_00_33_Wyoming,/rhf/allocations/dsci435/smithsonian_full_sp26/raw/Images_with_annotations_for_CNN_training/USNMPAL_792727_D1376_2024_01_22_16_00_33_Wyoming.ndpi,USNMPAL_792727_D1376_2024_01_22_16_00_33_Wyoming.ndpi.ndpa,aa46a7369ac01477618970c6bee235490d57450567cea1682e0456c6c71d7c74,40,39,Psilatricolpites compactus,Psilatricolpites compactus,Psilatricolpites sp.,exact,YES,circle,,
USNMPAL_792727_D1376_2024_01_22_16_00_33_Wyoming::record_41,USNMPAL_792727_D1376_2024_01_22_16_00_33_Wyoming,/rhf/allocations/dsci435/smithsonian_full_sp26/raw/Images_with_annotations_for_CNN_training/USNMPAL_792727_D1376_2024_01_22_16_00_33_Wyoming.ndpi,USNMPAL_792727_D1376_2024_01_22_16_00_33_Wyoming.ndpi.ndpa,aa46a7369ac01477618970c6bee235490d57450567cea1682e0456c6c71d7c74,42,41,Momipites flexus,Momipites flexus,Momipites flexus,exact,YES,circle,,
USNMPAL_792727_D1376_2024_01_22_16_00_33_Wyoming::record_53,USNMPAL_792727_D1376_2024_01_22_16_00_33_Wyoming,/rhf/allocations/dsci435/smithsonian_full_sp26/raw/Images_with_annotations_for_CNN_training/USNMPAL_792727_D1376_2024_01_22_16_00_33_Wyoming.ndpi,USNMPAL_792727_D1376_2024_01_22_16_00_33_Wyoming.ndpi.ndpa,aa46a7369ac01477618970c6bee235490d57450567cea1682e0456c6c71d7c74,54,53,Monocolpites sp.,Monocolpites sp.,Monocolpites sp.,exact,YES,circle,,
USNMPAL_792727_D1376_2024_01_22_16_00_33_Wyoming::record_54,USNMPAL_792727_D1376_2024_01_22_16_00_33_Wyoming,/rhf/allocations/dsci435/smithsonian_full_sp26/raw/Images_with_annotations_for_CNN_training/USNMPAL_792727_D1376_2024_01_22_16_00_33_Wyoming.ndpi,USNMPAL_792727_D1376_2024_01_22_16_00_33_Wyoming.ndpi.ndpa,aa46a7369ac01477618970c6bee235490d57450567cea1682e0456c6c71d7c74,55,54,Cyathidites sp.,Cyathidites sp.,Psilatriletes sp.,exact,YES,circle,,
USNMPAL_792727_D1376_2024_01_22_16_00_33_Wyoming::record_55,USNMPAL_792727_D1376_2024_01_22_16_00_33_Wyoming,/rhf/allocations/dsci435/smithsonian_full_sp26/raw/Images_with_annotations_for_CNN_training/USNMPAL_792727_D1376_2024_01_22_16_00_33_Wyoming.ndpi,USNMPAL_792727_D1376_2024_01_22_16_00_33_Wyoming.ndpi.ndpa,aa46a7369ac01477618970c6bee235490d57450567cea1682e0456c6c71d7c74,56,55,Betulaceae,Betulaceae,Betulaceae,exact,YES,circle,,
USNMPAL_792727_D1376_2024_01_22_16_00_33_Wyoming::record_56,USNMPAL_792727_D1376_2024_01_22_16_00_33_Wyoming,/rhf/allocations/dsci435/smithsonian_full_sp26/raw/Images_with_annotations_for_CNN_training/USNMPAL_792727_D1376_2024_01_22_16_00_33_Wyoming.ndpi,USNMPAL_792727_D1376_2024_01_22_16_00_33_Wyoming.ndpi.ndpa,aa46a7369ac01477618970c6bee235490d57450567cea1682e0456c6c71d7c74,57,56,Psilatricolpites compactus,Psilatricolpites compactus,Psilatricolpites sp.,exact,YES,circle,,
USNMPAL_792727_D1376_2024_01_22_16_00_33_Wyoming::record_57,USNMPAL_792727_D1376_2024_01_22_16_00_33_Wyoming,/rhf/allocations/dsci435/smithsonian_full_sp26/raw/Images_with_annotations_for_CNN_training/USNMPAL_792727_D1376_2024_01_22_16_00_33_Wyoming.ndpi,USNMPAL_792727_D1376_2024_01_22_16_00_33_Wyoming.ndpi.ndpa,aa46a7369ac01477618970c6bee235490d57450567cea1682e0456c6c71d7c74,58,57,Monocolpites sp.,Monocolpites sp.,Monocolpites sp.,exact,YES,circle,,
USNMPAL_792727_D1376_2024_01_22_16_00_33_Wyoming::record_58,USNMPAL_792727_D1376_2024_01_22_16_00_33_Wyoming,/rhf/allocations/dsci435/smithsonian_full_sp26/raw/Images_with_annotations_for_CNN_training/USNMPAL_792727_D1376_2024_01_22_16_00_33_Wyoming.ndpi,USNMPAL_792727_D1376_2024_01_22_16_00_33_Wyoming.ndpi.ndpa,aa46a7369ac01477618970c6bee235490d57450567cea1682e0456c6c71d7c74,59,58,Psilatricolpites compactus,Psilatricolpites compactus,Psilatricolpites sp.,exact,YES,circle,,
USNMPAL_792727_D1376_2024_01_22_16_00_33_Wyoming::record_59,USNMPAL_792727_D1376_2024_01_22_16_00_33_Wyoming,/rhf/allocations/dsci435/smithsonian_full_sp26/raw/Images_with_annotations_for_CNN_training/USNMPAL_792727_D1376_2024_01_22_16_00_33_Wyoming.ndpi,USNMPAL_792727_D1376_2024_01_22_16_00_33_Wyoming.ndpi.ndpa,aa46a7369ac01477618970c6bee235490d57450567cea1682e0456c6c71d7c74,60,59,Cyathidites sp.,Cyathidites sp.,Psilatriletes sp.,exact,YES,circle,,
USNMPAL_792727_D1376_2024_01_22_16_00_33_Wyoming::record_60,USNMPAL_792727_D1376_2024_01_22_16_00_33_Wyoming,/rhf/allocations/dsci435/smithsonian_full_sp26/raw/Images_with_annotations_for_CNN_training/USNMPAL_792727_D1376_2024_01_22_16_00_33_Wyoming.ndpi,USNMPAL_792727_D1376_2024_01_22_16_00_33_Wyoming.ndpi.ndpa,aa46a7369ac01477618970c6bee235490d57450567cea1682e0456c6c71d7c74,61,60,Platycarya platycaryoides,Platycarya platycaryoides,Platycarya platycarioides,exact,YES,circle,,
USNMPAL_792727_D1376_2024_01_22_16_00_33_Wyoming::record_61,USNMPAL_792727_D1376_2024_01_22_16_00_33_Wyoming,/rhf/allocations/dsci435/smithsonian_full_sp26/raw/Images_with_annotations_for_CNN_training/USNMPAL_792727_D1376_2024_01_22_16_00_33_Wyoming.ndpi,USNMPAL_792727_D1376_2024_01_22_16_00_33_Wyoming.ndpi.ndpa,aa46a7369ac01477618970c6bee235490d57450567cea1682e0456c6c71d7c74,62,61,Cyathidites sp.,Cyathidites sp.,Psilatriletes sp.,exact,YES,circle,,
USNMPAL_792727_D1376_2024_01_22_16_00_33_Wyoming::record_62,USNMPAL_792727_D1376_2024_01_22_16_00_33_Wyoming,/rhf/allocations/dsci435/smithsonian_full_sp26/raw/Images_with_annotations_for_CNN_training/USNMPAL_792727_D1376_2024_01_22_16_00_33_Wyoming.ndpi,USNMPAL_792727_D1376_2024_01_22_16_00_33_Wyoming.ndpi.ndpa,aa46a7369ac01477618970c6bee235490d57450567cea1682e0456c6c71d7c74,63,62,Juglans nigripites,Juglans nigripites,Polyatriopollenites type,exact,YES,circle,,
USNMPAL_792727_D1376_2024_01_22_16_00_33_Wyoming::record_63,USNMPAL_792727_D1376_2024_01_22_16_00_33_Wyoming,/rhf/allocations/dsci435/smithsonian_full_sp26/raw/Images_with_annotations_for_CNN_training/USNMPAL_792727_D1376_2024_01_22_16_00_33_Wyoming.ndpi,USNMPAL_792727_D1376_2024_01_22_16_00_33_Wyoming.ndpi.ndpa,aa46a7369ac01477618970c6bee235490d57450567cea1682e0456c6c71d7c74,64,63,Ulmipollenites sp.,Ulmipollenites sp.,Ulmipollenites sp.,exact,YES,circle,,
USNMPAL_792727_D1376_2024_01_22_16_00_33_Wyoming::record_64,USNMPAL_792727_D1376_2024_01_22_16_00_33_Wyoming,/rhf/allocations/dsci435/smithsonian_full_sp26/raw/Images_with_annotations_for_CNN_training/USNMPAL_792727_D1376_2024_01_22_16_00_33_Wyoming.ndpi,USNMPAL_792727_D1376_2024_01_22_16_00_33_Wyoming.ndpi.ndpa,aa46a7369ac01477618970c6bee235490d57450567cea1682e0456c6c71d7c74,65,64,Alnipollenites verus,Alnipollenites verus,Alnipollenites verus,exact,YES,circle,,
USNMPAL_792727_D1376_2024_01_22_16_00_33_Wyoming::record_65,USNMPAL_792727_D1376_2024_01_22_16_00_33_Wyoming,/rhf/allocations/dsci435/smithsonian_full_sp26/raw/Images_with_annotations_for_CNN_training/USNMPAL_792727_D1376_2024_01_22_16_00_33_Wyoming.ndpi,USNMPAL_792727_D1376_2024_01_22_16_00_33_Wyoming.ndpi.ndpa,aa46a7369ac01477618970c6bee235490d57450567cea1682e0456c6c71d7c74,66,65,Ulmipollenites sp.,Ulmipollenites sp.,Ulmipollenites sp.,exact,YES,circle,,
USNMPAL_792727_D1376_2024_01_22_16_00_33_Wyoming::record_66,USNMPAL_792727_D1376_2024_01_22_16_00_33_Wyoming,/rhf/allocations/dsci435/smithsonian_full_sp26/raw/Images_with_annotations_for_CNN_training/USNMPAL_792727_D1376_2024_01_22_16_00_33_Wyoming.ndpi,USNMPAL_792727_D1376_2024_01_22_16_00_33_Wyoming.ndpi.ndpa,aa46a7369ac01477618970c6bee235490d57450567cea1682e0456c6c71d7c74,67,66,Psilatricolpites compactus,Psilatricolpites compactus,Psilatricolpites sp.,exact,YES,circle,,
USNMPAL_792727_D1376_2024_01_22_16_00_33_Wyoming::record_67,USNMPAL_792727_D1376_2024_01_22_16_00_33_Wyoming,/rhf/allocations/dsci435/smithsonian_full_sp26/raw/Images_with_annotations_for_CNN_training/USNMPAL_792727_D1376_2024_01_22_16_00_33_Wyoming.ndpi,USNMPAL_792727_D1376_2024_01_22_16_00_33_Wyoming.ndpi.ndpa,aa46a7369ac01477618970c6bee235490d57450567cea1682e0456c6c71d7c74,68,67,Deltoidospora sp.,Deltoidospora sp.,Psilatriletes sp.,exact,YES,circle,,
C_418058_W_Nassichuk_R_2025_01_21_14_59_16_Alaska::record_1,C_418058_W_Nassichuk_R_2025_01_21_14_59_16_Alaska,/rhf/allocations/dsci435/smithsonian_full_sp26/raw/Images_with_annotations_for_CNN_training/C_418058_W_Nassichuk_R_2025_01_21_14_59_16_Alaska.ndpi,C_418058_W_Nassichuk_R_2025_01_21_14_59_16_Alaska.ndpi.ndpa,00de5abfe35a4bef4c4ff4852e627c673fdd51526b5b9e4ae46580f1f824e564,2,1,Quercus sp.,Quercus sp.,Quercus sp.,exact,YES,circle,,
C_418058_W_Nassichuk_R_2025_01_21_14_59_16_Alaska::record_2,C_418058_W_Nassichuk_R_2025_01_21_14_59_16_Alaska,/rhf/allocations/dsci435/smithsonian_full_sp26/raw/Images_with_annotations_for_CNN_training/C_418058_W_Nassichuk_R_2025_01_21_14_59_16_Alaska.ndpi,C_418058_W_Nassichuk_R_2025_01_21_14_59_16_Alaska.ndpi.ndpa,00de5abfe35a4bef4c4ff4852e627c673fdd51526b5b9e4ae46580f1f824e564,3,2,Inaperturopollenites sp.,Inaperturopollenites sp.,Inaperturopollenites sp.,exact,YES,circle,,
C_418058_W_Nassichuk_R_2025_01_21_14_59_16_Alaska::record_3,C_418058_W_Nassichuk_R_2025_01_21_14_59_16_Alaska,/rhf/allocations/dsci435/smithsonian_full_sp26/raw/Images_with_annotations_for_CNN_training/C_418058_W_Nassichuk_R_2025_01_21_14_59_16_Alaska.ndpi,C_418058_W_Nassichuk_R_2025_01_21_14_59_16_Alaska.ndpi.ndpa,00de5abfe35a4bef4c4ff4852e627c673fdd51526b5b9e4ae46580f1f824e564,4,3,Horniella sp.,Horniella sp.,Rhoipites sp.,exact,YES,circle,,
C_418058_W_Nassichuk_R_2025_01_21_14_59_16_Alaska::record_5,C_418058_W_Nassichuk_R_2025_01_21_14_59_16_Alaska,/rhf/allocations/dsci435/smithsonian_full_sp26/raw/Images_with_annotations_for_CNN_training/C_418058_W_Nassichuk_R_2025_01_21_14_59_16_Alaska.ndpi,C_418058_W_Nassichuk_R_2025_01_21_14_59_16_Alaska.ndpi.ndpa,00de5abfe35a4bef4c4ff4852e627c673fdd51526b5b9e4ae46580f1f824e564,6,5,Quercus sp.,Quercus sp.,Quercus sp.,exact,YES,circle,,
C_418058_W_Nassichuk_R_2025_01_21_14_59_16_Alaska::record_8,C_418058_W_Nassichuk_R_2025_01_21_14_59_16_Alaska,/rhf/allocations/dsci435/smithsonian_full_sp26/raw/Images_with_annotations_for_CNN_training/C_418058_W_Nassichuk_R_2025_01_21_14_59_16_Alaska.ndpi,C_418058_W_Nassichuk_R_2025_01_21_14_59_16_Alaska.ndpi.ndpa,00de5abfe35a4bef4c4ff4852e627c673fdd51526b5b9e4ae46580f1f824e564,9,8,Horniella sp.,Horniella sp.,Rhoipites sp.,exact,YES,circle,,
C_418058_W_Nassichuk_R_2025_01_21_14_59_16_Alaska::record_9,C_418058_W_Nassichuk_R_2025_01_21_14_59_16_Alaska,/rhf/allocations/dsci435/smithsonian_full_sp26/raw/Images_with_annotations_for_CNN_training/C_418058_W_Nassichuk_R_2025_01_21_14_59_16_Alaska.ndpi,C_418058_W_Nassichuk_R_2025_01_21_14_59_16_Alaska.ndpi.ndpa,00de5abfe35a4bef4c4ff4852e627c673fdd51526b5b9e4ae46580f1f824e564,10,9,Inaperturopollenites sp.,Inaperturopollenites sp.,Inaperturopollenites sp.,exact,YES,circle,,
C_418058_W_Nassichuk_R_2025_01_21_14_59_16_Alaska::record_11,C_418058_W_Nassichuk_R_2025_01_21_14_59_16_Alaska,/rhf/allocations/dsci435/smithsonian_full_sp26/raw/Images_with_annotations_for_CNN_training/C_418058_W_Nassichuk_R_2025_01_21_14_59_16_Alaska.ndpi,C_418058_W_Nassichuk_R_2025_01_21_14_59_16_Alaska.ndpi.ndpa,00de5abfe35a4bef4c4ff4852e627c673fdd51526b5b9e4ae46580f1f824e564,12,11,Cupuliferoipollenites sp.,Cupuliferoipollenites sp.,Cupuliferoipollenites sp.,exact,YES,circle,,
C_418058_W_Nassichuk_R_2025_01_21_14_59_16_Alaska::record_16,C_418058_W_Nassichuk_R_2025_01_21_14_59_16_Alaska,/rhf/allocations/dsci435/smithsonian_full_sp26/raw/Images_with_annotations_for_CNN_training/C_418058_W_Nassichuk_R_2025_01_21_14_59_16_Alaska.ndpi,C_418058_W_Nassichuk_R_2025_01_21_14_59_16_Alaska.ndpi.ndpa,00de5abfe35a4bef4c4ff4852e627c673fdd51526b5b9e4ae46580f1f824e564,17,16,Rousea sp.,Rousea sp.,Rousea sp.,exact,YES,circle,,
C_418058_W_Nassichuk_R_2025_01_21_14_59_16_Alaska::record_19,C_418058_W_Nassichuk_R_2025_01_21_14_59_16_Alaska,/rhf/allocations/dsci435/smithsonian_full_sp26/raw/Images_with_annotations_for_CNN_training/C_418058_W_Nassichuk_R_2025_01_21_14_59_16_Alaska.ndpi,C_418058_W_Nassichuk_R_2025_01_21_14_59_16_Alaska.ndpi.ndpa,00de5abfe35a4bef4c4ff4852e627c673fdd51526b5b9e4ae46580f1f824e564,20,19,Siltaria sp.,Siltaria sp.,Rhoipites sp.,exact,YES,circle,,
C_418058_W_Nassichuk_R_2025_01_21_14_59_16_Alaska::record_20,C_418058_W_Nassichuk_R_2025_01_21_14_59_16_Alaska,/rhf/allocations/dsci435/smithsonian_full_sp26/raw/Images_with_annotations_for_CNN_training/C_418058_W_Nassichuk_R_2025_01_21_14_59_16_Alaska.ndpi,C_418058_W_Nassichuk_R_2025_01_21_14_59_16_Alaska.ndpi.ndpa,00de5abfe35a4bef4c4ff4852e627c673fdd51526b5b9e4ae46580f1f824e564,21,20,Quercus sp.,Quercus sp.,Quercus sp.,exact,YES,circle,,
C_418058_W_Nassichuk_R_2025_01_21_14_59_16_Alaska::record_21,C_418058_W_Nassichuk_R_2025_01_21_14_59_16_Alaska,/rhf/allocations/dsci435/smithsonian_full_sp26/raw/Images_with_annotations_for_CNN_training/C_418058_W_Nassichuk_R_2025_01_21_14_59_16_Alaska.ndpi,C_418058_W_Nassichuk_R_2025_01_21_14_59_16_Alaska.ndpi.ndpa,00de5abfe35a4bef4c4ff4852e627c673fdd51526b5b9e4ae46580f1f824e564,22,21,Rousea sp.,Rousea sp.,Rousea sp.,exact,YES,circle,,
C_418058_W_Nassichuk_R_2025_01_21_14_59_16_Alaska::record_22,C_418058_W_Nassichuk_R_2025_01_21_14_59_16_Alaska,/rhf/allocations/dsci435/smithsonian_full_sp26/raw/Images_with_annotations_for_CNN_training/C_418058_W_Nassichuk_R_2025_01_21_14_59_16_Alaska.ndpi,C_418058_W_Nassichuk_R_2025_01_21_14_59_16_Alaska.ndpi.ndpa,00de5abfe35a4bef4c4ff4852e627c673fdd51526b5b9e4ae46580f1f824e564,23,22,Quercus sp.,Quercus sp.,Quercus sp.,exact,YES,circle,,
C_418058_W_Nassichuk_R_2025_01_21_14_59_16_Alaska::record_23,C_418058_W_Nassichuk_R_2025_01_21_14_59_16_Alaska,/rhf/allocations/dsci435/smithsonian_full_sp26/raw/Images_with_annotations_for_CNN_training/C_418058_W_Nassichuk_R_2025_01_21_14_59_16_Alaska.ndpi,C_418058_W_Nassichuk_R_2025_01_21_14_59_16_Alaska.ndpi.ndpa,00de5abfe35a4bef4c4ff4852e627c673fdd51526b5b9e4ae46580f1f824e564,24,23,Quercus sp.,Quercus sp.,Quercus sp.,exact,YES,circle,,
C_418058_W_Nassichuk_R_2025_01_21_14_59_16_Alaska::record_25,C_418058_W_Nassichuk_R_2025_01_21_14_59_16_Alaska,/rhf/allocations/dsci435/smithsonian_full_sp26/raw/Images_with_annotations_for_CNN_training/C_418058_W_Nassichuk_R_2025_01_21_14_59_16_Alaska.ndpi,C_418058_W_Nassichuk_R_2025_01_21_14_59_16_Alaska.ndpi.ndpa,00de5abfe35a4bef4c4ff4852e627c673fdd51526b5b9e4ae46580f1f824e564,26,25,Horniella sp.,Horniella sp.,Rhoipites sp.,exact,YES,circle,,
C_418058_W_Nassichuk_R_2025_01_21_14_59_16_Alaska::record_26,C_418058_W_Nassichuk_R_2025_01_21_14_59_16_Alaska,/rhf/allocations/dsci435/smithsonian_full_sp26/raw/Images_with_annotations_for_CNN_training/C_418058_W_Nassichuk_R_2025_01_21_14_59_16_Alaska.ndpi,C_418058_W_Nassichuk_R_2025_01_21_14_59_16_Alaska.ndpi.ndpa,00de5abfe35a4bef4c4ff4852e627c673fdd51526b5b9e4ae46580f1f824e564,27,26,Quercus sp.,Quercus sp.,Quercus sp.,exact,YES,circle,,
C_418058_W_Nassichuk_R_2025_01_21_14_59_16_Alaska::record_29,C_418058_W_Nassichuk_R_2025_01_21_14_59_16_Alaska,/rhf/allocations/dsci435/smithsonian_full_sp26/raw/Images_with_annotations_for_CNN_training/C_418058_W_Nassichuk_R_2025_01_21_14_59_16_Alaska.ndpi,C_418058_W_Nassichuk_R_2025_01_21_14_59_16_Alaska.ndpi.ndpa,00de5abfe35a4bef4c4ff4852e627c673fdd51526b5b9e4ae46580f1f824e564,30,29,Horniella sp.,Horniella sp.,Rhoipites sp.,exact,YES,circle,,
C_418058_W_Nassichuk_R_2025_01_21_14_59_16_Alaska::record_30,C_418058_W_Nassichuk_R_2025_01_21_14_59_16_Alaska,/rhf/allocations/dsci435/smithsonian_full_sp26/raw/Images_with_annotations_for_CNN_training/C_418058_W_Nassichuk_R_2025_01_21_14_59_16_Alaska.ndpi,C_418058_W_Nassichuk_R_2025_01_21_14_59_16_Alaska.ndpi.ndpa,00de5abfe35a4bef4c4ff4852e627c673fdd51526b5b9e4ae46580f1f824e564,31,30,Cupuliferoipollenites sp.,Cupuliferoipollenites sp.,Cupuliferoipollenites sp.,exact,YES,circle,,
C_418058_W_Nassichuk_R_2025_01_21_14_59_16_Alaska::record_31,C_418058_W_Nassichuk_R_2025_01_21_14_59_16_Alaska,/rhf/allocations/dsci435/smithsonian_full_sp26/raw/Images_with_annotations_for_CNN_training/C_418058_W_Nassichuk_R_2025_01_21_14_59_16_Alaska.ndpi,C_418058_W_Nassichuk_R_2025_01_21_14_59_16_Alaska.ndpi.ndpa,00de5abfe35a4bef4c4ff4852e627c673fdd51526b5b9e4ae46580f1f824e564,32,31,Horniella sp.,Horniella sp.,Rhoipites sp.,exact,YES,circle,,
C_418058_W_Nassichuk_R_2025_01_21_14_59_16_Alaska::record_35,C_418058_W_Nassichuk_R_2025_01_21_14_59_16_Alaska,/rhf/allocations/dsci435/smithsonian_full_sp26/raw/Images_with_annotations_for_CNN_training/C_418058_W_Nassichuk_R_2025_01_21_14_59_16_Alaska.ndpi,C_418058_W_Nassichuk_R_2025_01_21_14_59_16_Alaska.ndpi.ndpa,00de5abfe35a4bef4c4ff4852e627c673fdd51526b5b9e4ae46580f1f824e564,36,35,Inaperturopollenites sp.,Inaperturopollenites sp.,Inaperturopollenites sp.,exact,YES,circle,,
C_418058_W_Nassichuk_R_2025_01_21_14_59_16_Alaska::record_37,C_418058_W_Nassichuk_R_2025_01_21_14_59_16_Alaska,/rhf/allocations/dsci435/smithsonian_full_sp26/raw/Images_with_annotations_for_CNN_training/C_418058_W_Nassichuk_R_2025_01_21_14_59_16_Alaska.ndpi,C_418058_W_Nassichuk_R_2025_01_21_14_59_16_Alaska.ndpi.ndpa,00de5abfe35a4bef4c4ff4852e627c673fdd51526b5b9e4ae46580f1f824e564,38,37,Horniella sp.,Horniella sp.,Rhoipites sp.,exact,YES,circle,,
C_418058_W_Nassichuk_R_2025_01_21_14_59_16_Alaska::record_39,C_418058_W_Nassichuk_R_2025_01_21_14_59_16_Alaska,/rhf/allocations/dsci435/smithsonian_full_sp26/raw/Images_with_annotations_for_CNN_training/C_418058_W_Nassichuk_R_2025_01_21_14_59_16_Alaska.ndpi,C_418058_W_Nassichuk_R_2025_01_21_14_59_16_Alaska.ndpi.ndpa,00de5abfe35a4bef4c4ff4852e627c673fdd51526b5b9e4ae46580f1f824e564,40,39,Quercus sp.,Quercus sp.,Quercus sp.,exact,YES,circle,,
C_418058_W_Nassichuk_R_2025_01_21_14_59_16_Alaska::record_41,C_418058_W_Nassichuk_R_2025_01_21_14_59_16_Alaska,/rhf/allocations/dsci435/smithsonian_full_sp26/raw/Images_with_annotations_for_CNN_training/C_418058_W_Nassichuk_R_2025_01_21_14_59_16_Alaska.ndpi,C_418058_W_Nassichuk_R_2025_01_21_14_59_16_Alaska.ndpi.ndpa,00de5abfe35a4bef4c4ff4852e627c673fdd51526b5b9e4ae46580f1f824e564,42,41,Betulaceae,Betulaceae,Betulaceae,exact,YES,circle,,
C_418058_W_Nassichuk_R_2025_01_21_14_59_16_Alaska::record_42,C_418058_W_Nassichuk_R_2025_01_21_14_59_16_Alaska,/rhf/allocations/dsci435/smithsonian_full_sp26/raw/Images_with_annotations_for_CNN_training/C_418058_W_Nassichuk_R_2025_01_21_14_59_16_Alaska.ndpi,C_418058_W_Nassichuk_R_2025_01_21_14_59_16_Alaska.ndpi.ndpa,00de5abfe35a4bef4c4ff4852e627c673fdd51526b5b9e4ae46580f1f824e564,43,42,Rhoipites cryptoporus,Rhoipites cryptoporus,Rhoipites sp.,exact,YES,circle,,
C_418058_W_Nassichuk_R_2025_01_21_14_59_16_Alaska::record_45,C_418058_W_Nassichuk_R_2025_01_21_14_59_16_Alaska,/rhf/allocations/dsci435/smithsonian_full_sp26/raw/Images_with_annotations_for_CNN_training/C_418058_W_Nassichuk_R_2025_01_21_14_59_16_Alaska.ndpi,C_418058_W_Nassichuk_R_2025_01_21_14_59_16_Alaska.ndpi.ndpa,00de5abfe35a4bef4c4ff4852e627c673fdd51526b5b9e4ae46580f1f824e564,46,45,Siltaria sp.,Siltaria sp.,Rhoipites sp.,exact,YES,circle,,
C_418058_W_Nassichuk_R_2025_01_21_14_59_16_Alaska::record_46,C_418058_W_Nassichuk_R_2025_01_21_14_59_16_Alaska,/rhf/allocations/dsci435/smithsonian_full_sp26/raw/Images_with_annotations_for_CNN_training/C_418058_W_Nassichuk_R_2025_01_21_14_59_16_Alaska.ndpi,C_418058_W_Nassichuk_R_2025_01_21_14_59_16_Alaska.ndpi.ndpa,00de5abfe35a4bef4c4ff4852e627c673fdd51526b5b9e4ae46580f1f824e564,47,46,Quercus sp.,Quercus sp.,Quercus sp.,exact,YES,circle,,
C_418058_W_Nassichuk_R_2025_01_21_14_59_16_Alaska::record_47,C_418058_W_Nassichuk_R_2025_01_21_14_59_16_Alaska,/rhf/allocations/dsci435/smithsonian_full_sp26/raw/Images_with_annotations_for_CNN_training/C_418058_W_Nassichuk_R_2025_01_21_14_59_16_Alaska.ndpi,C_418058_W_Nassichuk_R_2025_01_21_14_59_16_Alaska.ndpi.ndpa,00de5abfe35a4bef4c4ff4852e627c673fdd51526b5b9e4ae46580f1f824e564,48,47,Quercus sp.,Quercus sp.,Quercus sp.,exact,YES,circle,,
C_418058_W_Nassichuk_R_2025_01_21_14_59_16_Alaska::record_48,C_418058_W_Nassichuk_R_2025_01_21_14_59_16_Alaska,/rhf/allocations/dsci435/smithsonian_full_sp26/raw/Images_with_annotations_for_CNN_training/C_418058_W_Nassichuk_R_2025_01_21_14_59_16_Alaska.ndpi,C_418058_W_Nassichuk_R_2025_01_21_14_59_16_Alaska.ndpi.ndpa,00de5abfe35a4bef4c4ff4852e627c673fdd51526b5b9e4ae46580f1f824e564,49,48,Cupuliferoipollenites sp.,Cupuliferoipollenites sp.,Cupuliferoipollenites sp.,exact,YES,circle,,
C_418058_W_Nassichuk_R_2025_01_21_14_59_16_Alaska::record_50,C_418058_W_Nassichuk_R_2025_01_21_14_59_16_Alaska,/rhf/allocations/dsci435/smithsonian_full_sp26/raw/Images_with_annotations_for_CNN_training/C_418058_W_Nassichuk_R_2025_01_21_14_59_16_Alaska.ndpi,C_418058_W_Nassichuk_R_2025_01_21_14_59_16_Alaska.ndpi.ndpa,00de5abfe35a4bef4c4ff4852e627c673fdd51526b5b9e4ae46580f1f824e564,51,50,Quercus sp.,Quercus sp.,Quercus sp.,exact,YES,circle,,
C_418058_W_Nassichuk_R_2025_01_21_14_59_16_Alaska::record_54,C_418058_W_Nassichuk_R_2025_01_21_14_59_16_Alaska,/rhf/allocations/dsci435/smithsonian_full_sp26/raw/Images_with_annotations_for_CNN_training/C_418058_W_Nassichuk_R_2025_01_21_14_59_16_Alaska.ndpi,C_418058_W_Nassichuk_R_2025_01_21_14_59_16_Alaska.ndpi.ndpa,00de5abfe35a4bef4c4ff4852e627c673fdd51526b5b9e4ae46580f1f824e564,55,54,Siltaria sp.,Siltaria sp.,Rhoipites sp.,exact,YES,circle,,
C_418058_W_Nassichuk_R_2025_01_21_14_59_16_Alaska::record_55,C_418058_W_Nassichuk_R_2025_01_21_14_59_16_Alaska,/rhf/allocations/dsci435/smithsonian_full_sp26/raw/Images_with_annotations_for_CNN_training/C_418058_W_Nassichuk_R_2025_01_21_14_59_16_Alaska.ndpi,C_418058_W_Nassichuk_R_2025_01_21_14_59_16_Alaska.ndpi.ndpa,00de5abfe35a4bef4c4ff4852e627c673fdd51526b5b9e4ae46580f1f824e564,56,55,Siltaria sp.,Siltaria sp.,Rhoipites sp.,exact,YES,circle,,
C_418058_W_Nassichuk_R_2025_01_21_14_59_16_Alaska::record_56,C_418058_W_Nassichuk_R_2025_01_21_14_59_16_Alaska,/rhf/allocations/dsci435/smithsonian_full_sp26/raw/Images_with_annotations_for_CNN_training/C_418058_W_Nassichuk_R_2025_01_21_14_59_16_Alaska.ndpi,C_418058_W_Nassichuk_R_2025_01_21_14_59_16_Alaska.ndpi.ndpa,00de5abfe35a4bef4c4ff4852e627c673fdd51526b5b9e4ae46580f1f824e564,57,56,Inaperturopollenites sp.,Inaperturopollenites sp.,Inaperturopollenites sp.,exact,YES,circle,,
C_418058_W_Nassichuk_R_2025_01_21_14_59_16_Alaska::record_67,C_418058_W_Nassichuk_R_2025_01_21_14_59_16_Alaska,/rhf/allocations/dsci435/smithsonian_full_sp26/raw/Images_with_annotations_for_CNN_training/C_418058_W_Nassichuk_R_2025_01_21_14_59_16_Alaska.ndpi,C_418058_W_Nassichuk_R_2025_01_21_14_59_16_Alaska.ndpi.ndpa,00de5abfe35a4bef4c4ff4852e627c673fdd51526b5b9e4ae46580f1f824e564,68,67,Inaperturopollenites sp.,Inaperturopollenites sp.,Inaperturopollenites sp.,exact,YES,circle,,
C_418058_W_Nassichuk_R_2025_01_21_14_59_16_Alaska::record_69,C_418058_W_Nassichuk_R_2025_01_21_14_59_16_Alaska,/rhf/allocations/dsci435/smithsonian_full_sp26/raw/Images_with_annotations_for_CNN_training/C_418058_W_Nassichuk_R_2025_01_21_14_59_16_Alaska.ndpi,C_418058_W_Nassichuk_R_2025_01_21_14_59_16_Alaska.ndpi.ndpa,00de5abfe35a4bef4c4ff4852e627c673fdd51526b5b9e4ae46580f1f824e564,70,69,Siltaria sp.,Siltaria sp.,Rhoipites sp.,exact,YES,circle,,
C_418058_W_Nassichuk_R_2025_01_21_14_59_16_Alaska::record_72,C_418058_W_Nassichuk_R_2025_01_21_14_59_16_Alaska,/rhf/allocations/dsci435/smithsonian_full_sp26/raw/Images_with_annotations_for_CNN_training/C_418058_W_Nassichuk_R_2025_01_21_14_59_16_Alaska.ndpi,C_418058_W_Nassichuk_R_2025_01_21_14_59_16_Alaska.ndpi.ndpa,00de5abfe35a4bef4c4ff4852e627c673fdd51526b5b9e4ae46580f1f824e564,73,72,Quercus sp.,Quercus sp.,Quercus sp.,exact,YES,circle,,
C_418058_W_Nassichuk_R_2025_01_21_14_59_16_Alaska::record_78,C_418058_W_Nassichuk_R_2025_01_21_14_59_16_Alaska,/rhf/allocations/dsci435/smithsonian_full_sp26/raw/Images_with_annotations_for_CNN_training/C_418058_W_Nassichuk_R_2025_01_21_14_59_16_Alaska.ndpi,C_418058_W_Nassichuk_R_2025_01_21_14_59_16_Alaska.ndpi.ndpa,00de5abfe35a4bef4c4ff4852e627c673fdd51526b5b9e4ae46580f1f824e564,79,78,Cupuliferoipollenites sp.,Cupuliferoipollenites sp.,Cupuliferoipollenites sp.,exact,YES,circle,,
C_418058_W_Nassichuk_R_2025_01_21_14_59_16_Alaska::record_79,C_418058_W_Nassichuk_R_2025_01_21_14_59_16_Alaska,/rhf/allocations/dsci435/smithsonian_full_sp26/raw/Images_with_annotations_for_CNN_training/C_418058_W_Nassichuk_R_2025_01_21_14_59_16_Alaska.ndpi,C_418058_W_Nassichuk_R_2025_01_21_14_59_16_Alaska.ndpi.ndpa,00de5abfe35a4bef4c4ff4852e627c673fdd51526b5b9e4ae46580f1f824e564,80,79,Quercus sp.,Quercus sp.,Quercus sp.,exact,YES,circle,,
C_418058_W_Nassichuk_R_2025_01_21_14_59_16_Alaska::record_80,C_418058_W_Nassichuk_R_2025_01_21_14_59_16_Alaska,/rhf/allocations/dsci435/smithsonian_full_sp26/raw/Images_with_annotations_for_CNN_training/C_418058_W_Nassichuk_R_2025_01_21_14_59_16_Alaska.ndpi,C_418058_W_Nassichuk_R_2025_01_21_14_59_16_Alaska.ndpi.ndpa,00de5abfe35a4bef4c4ff4852e627c673fdd51526b5b9e4ae46580f1f824e564,81,80,Siltaria sp.,Siltaria sp.,Rhoipites sp.,exact,YES,circle,,
C_418058_W_Nassichuk_R_2025_01_21_14_59_16_Alaska::record_83,C_418058_W_Nassichuk_R_2025_01_21_14_59_16_Alaska,/rhf/allocations/dsci435/smithsonian_full_sp26/raw/Images_with_annotations_for_CNN_training/C_418058_W_Nassichuk_R_2025_01_21_14_59_16_Alaska.ndpi,C_418058_W_Nassichuk_R_2025_01_21_14_59_16_Alaska.ndpi.ndpa,00de5abfe35a4bef4c4ff4852e627c673fdd51526b5b9e4ae46580f1f824e564,84,83,Horniella sp.,Horniella sp.,Rhoipites sp.,exact,YES,circle,,
C_418058_W_Nassichuk_R_2025_01_21_14_59_16_Alaska::record_87,C_418058_W_Nassichuk_R_2025_01_21_14_59_16_Alaska,/rhf/allocations/dsci435/smithsonian_full_sp26/raw/Images_with_annotations_for_CNN_training/C_418058_W_Nassichuk_R_2025_01_21_14_59_16_Alaska.ndpi,C_418058_W_Nassichuk_R_2025_01_21_14_59_16_Alaska.ndpi.ndpa,00de5abfe35a4bef4c4ff4852e627c673fdd51526b5b9e4ae46580f1f824e564,88,87,Quercus sp.,Quercus sp.,Quercus sp.,exact,YES,circle,,
C_418058_W_Nassichuk_R_2025_01_21_14_59_16_Alaska::record_88,C_418058_W_Nassichuk_R_2025_01_21_14_59_16_Alaska,/rhf/allocations/dsci435/smithsonian_full_sp26/raw/Images_with_annotations_for_CNN_training/C_418058_W_Nassichuk_R_2025_01_21_14_59_16_Alaska.ndpi,C_418058_W_Nassichuk_R_2025_01_21_14_59_16_Alaska.ndpi.ndpa,00de5abfe35a4bef4c4ff4852e627c673fdd51526b5b9e4ae46580f1f824e564,89,88,Quercus sp.,Quercus sp.,Quercus sp.,exact,YES,circle,,
C_418058_W_Nassichuk_R_2025_01_21_14_59_16_Alaska::record_89,C_418058_W_Nassichuk_R_2025_01_21_14_59_16_Alaska,/rhf/allocations/dsci435/smithsonian_full_sp26/raw/Images_with_annotations_for_CNN_training/C_418058_W_Nassichuk_R_2025_01_21_14_59_16_Alaska.ndpi,C_418058_W_Nassichuk_R_2025_01_21_14_59_16_Alaska.ndpi.ndpa,00de5abfe35a4bef4c4ff4852e627c673fdd51526b5b9e4ae46580f1f824e564,90,89,Quercus sp.,Quercus sp.,Quercus sp.,exact,YES,circle,,
C_418058_W_Nassichuk_R_2025_01_21_14_59_16_Alaska::record_90,C_418058_W_Nassichuk_R_2025_01_21_14_59_16_Alaska,/rhf/allocations/dsci435/smithsonian_full_sp26/raw/Images_with_annotations_for_CNN_training/C_418058_W_Nassichuk_R_2025_01_21_14_59_16_Alaska.ndpi,C_418058_W_Nassichuk_R_2025_01_21_14_59_16_Alaska.ndpi.ndpa,00de5abfe35a4bef4c4ff4852e627c673fdd51526b5b9e4ae46580f1f824e564,91,90,Quercus sp.,Quercus sp.,Quercus sp.,exact,YES,circle,,
C_418058_W_Nassichuk_R_2025_01_21_14_59_16_Alaska::record_91,C_418058_W_Nassichuk_R_2025_01_21_14_59_16_Alaska,/rhf/allocations/dsci435/smithsonian_full_sp26/raw/Images_with_annotations_for_CNN_training/C_418058_W_Nassichuk_R_2025_01_21_14_59_16_Alaska.ndpi,C_418058_W_Nassichuk_R_2025_01_21_14_59_16_Alaska.ndpi.ndpa,00de5abfe35a4bef4c4ff4852e627c673fdd51526b5b9e4ae46580f1f824e564,92,91,Quercus sp.,Quercus sp.,Quercus sp.,exact,YES,circle,,
C_418058_W_Nassichuk_R_2025_01_21_14_59_16_Alaska::record_93,C_418058_W_Nassichuk_R_2025_01_21_14_59_16_Alaska,/rhf/allocations/dsci435/smithsonian_full_sp26/raw/Images_with_annotations_for_CNN_training/C_418058_W_Nassichuk_R_2025_01_21_14_59_16_Alaska.ndpi,C_418058_W_Nassichuk_R_2025_01_21_14_59_16_Alaska.ndpi.ndpa,00de5abfe35a4bef4c4ff4852e627c673fdd51526b5b9e4ae46580f1f824e564,94,93,Juglans nigripites,Juglans nigripites,Polyatriopollenites type,exact,YES,circle,,
C_418058_W_Nassichuk_R_2025_01_21_14_59_16_Alaska::record_95,C_418058_W_Nassichuk_R_2025_01_21_14_59_16_Alaska,/rhf/allocations/dsci435/smithsonian_full_sp26/raw/Images_with_annotations_for_CNN_training/C_418058_W_Nassichuk_R_2025_01_21_14_59_16_Alaska.ndpi,C_418058_W_Nassichuk_R_2025_01_21_14_59_16_Alaska.ndpi.ndpa,00de5abfe35a4bef4c4ff4852e627c673fdd51526b5b9e4ae46580f1f824e564,96,95,Quercus sp.,Quercus sp.,Quercus sp.,exact,YES,circle,,
C_418058_W_Nassichuk_R_2025_01_21_14_59_16_Alaska::record_101,C_418058_W_Nassichuk_R_2025_01_21_14_59_16_Alaska,/rhf/allocations/dsci435/smithsonian_full_sp26/raw/Images_with_annotations_for_CNN_training/C_418058_W_Nassichuk_R_2025_01_21_14_59_16_Alaska.ndpi,C_418058_W_Nassichuk_R_2025_01_21_14_59_16_Alaska.ndpi.ndpa,00de5abfe35a4bef4c4ff4852e627c673fdd51526b5b9e4ae46580f1f824e564,102,101,Quercus sp.,Quercus sp.,Quercus sp.,exact,YES,circle,,
C_418058_W_Nassichuk_R_2025_01_21_14_59_16_Alaska::record_102,C_418058_W_Nassichuk_R_2025_01_21_14_59_16_Alaska,/rhf/allocations/dsci435/smithsonian_full_sp26/raw/Images_with_annotations_for_CNN_training/C_418058_W_Nassichuk_R_2025_01_21_14_59_16_Alaska.ndpi,C_418058_W_Nassichuk_R_2025_01_21_14_59_16_Alaska.ndpi.ndpa,00de5abfe35a4bef4c4ff4852e627c673fdd51526b5b9e4ae46580f1f824e564,103,102,Quercus sp.,Quercus sp.,Quercus sp.,exact,YES,circle,,
C_418058_W_Nassichuk_R_2025_01_21_14_59_16_Alaska::record_105,C_418058_W_Nassichuk_R_2025_01_21_14_59_16_Alaska,/rhf/allocations/dsci435/smithsonian_full_sp26/raw/Images_with_annotations_for_CNN_training/C_418058_W_Nassichuk_R_2025_01_21_14_59_16_Alaska.ndpi,C_418058_W_Nassichuk_R_2025_01_21_14_59_16_Alaska.ndpi.ndpa,00de5abfe35a4bef4c4ff4852e627c673fdd51526b5b9e4ae46580f1f824e564,106,105,Quercus sp.,Quercus sp.,Quercus sp.,exact,YES,circle,,
C_418058_W_Nassichuk_R_2025_01_21_14_59_16_Alaska::record_108,C_418058_W_Nassichuk_R_2025_01_21_14_59_16_Alaska,/rhf/allocations/dsci435/smithsonian_full_sp26/raw/Images_with_annotations_for_CNN_training/C_418058_W_Nassichuk_R_2025_01_21_14_59_16_Alaska.ndpi,C_418058_W_Nassichuk_R_2025_01_21_14_59_16_Alaska.ndpi.ndpa,00de5abfe35a4bef4c4ff4852e627c673fdd51526b5b9e4ae46580f1f824e564,109,108,SIltaria sp.,SIltaria sp.,Rhoipites sp.,exact,YES,circle,,
C_418058_W_Nassichuk_R_2025_01_21_14_59_16_Alaska::record_114,C_418058_W_Nassichuk_R_2025_01_21_14_59_16_Alaska,/rhf/allocations/dsci435/smithsonian_full_sp26/raw/Images_with_annotations_for_CNN_training/C_418058_W_Nassichuk_R_2025_01_21_14_59_16_Alaska.ndpi,C_418058_W_Nassichuk_R_2025_01_21_14_59_16_Alaska.ndpi.ndpa,00de5abfe35a4bef4c4ff4852e627c673fdd51526b5b9e4ae46580f1f824e564,115,114,Quercus sp.,Quercus sp.,Quercus sp.,exact,YES,circle,,
C_418058_W_Nassichuk_R_2025_01_21_14_59_16_Alaska::record_117,C_418058_W_Nassichuk_R_2025_01_21_14_59_16_Alaska,/rhf/allocations/dsci435/smithsonian_full_sp26/raw/Images_with_annotations_for_CNN_training/C_418058_W_Nassichuk_R_2025_01_21_14_59_16_Alaska.ndpi,C_418058_W_Nassichuk_R_2025_01_21_14_59_16_Alaska.ndpi.ndpa,00de5abfe35a4bef4c4ff4852e627c673fdd51526b5b9e4ae46580f1f824e564,118,117,Siltaria sp.,Siltaria sp.,Rhoipites sp.,exact,YES,circle,,
C_418058_W_Nassichuk_R_2025_01_21_14_59_16_Alaska::record_118,C_418058_W_Nassichuk_R_2025_01_21_14_59_16_Alaska,/rhf/allocations/dsci435/smithsonian_full_sp26/raw/Images_with_annotations_for_CNN_training/C_418058_W_Nassichuk_R_2025_01_21_14_59_16_Alaska.ndpi,C_418058_W_Nassichuk_R_2025_01_21_14_59_16_Alaska.ndpi.ndpa,00de5abfe35a4bef4c4ff4852e627c673fdd51526b5b9e4ae46580f1f824e564,119,118,Siltaria sp.,Siltaria sp.,Rhoipites sp.,exact,YES,circle,,
C_418058_W_Nassichuk_R_2025_01_21_14_59_16_Alaska::record_119,C_418058_W_Nassichuk_R_2025_01_21_14_59_16_Alaska,/rhf/allocations/dsci435/smithsonian_full_sp26/raw/Images_with_annotations_for_CNN_training/C_418058_W_Nassichuk_R_2025_01_21_14_59_16_Alaska.ndpi,C_418058_W_Nassichuk_R_2025_01_21_14_59_16_Alaska.ndpi.ndpa,00de5abfe35a4bef4c4ff4852e627c673fdd51526b5b9e4ae46580f1f824e564,120,119,Siltaria sp.,Siltaria sp.,Rhoipites sp.,exact,YES,circle,,S. hanleyi
C_418058_W_Nassichuk_R_2025_01_21_14_59_16_Alaska::record_120,C_418058_W_Nassichuk_R_2025_01_21_14_59_16_Alaska,/rhf/allocations/dsci435/smithsonian_full_sp26/raw/Images_with_annotations_for_CNN_training/C_418058_W_Nassichuk_R_2025_01_21_14_59_16_Alaska.ndpi,C_418058_W_Nassichuk_R_2025_01_21_14_59_16_Alaska.ndpi.ndpa,00de5abfe35a4bef4c4ff4852e627c673fdd51526b5b9e4ae46580f1f824e564,121,120,Siltaria sp.,Siltaria sp.,Rhoipites sp.,exact,YES,circle,,
C_418058_W_Nassichuk_R_2025_01_21_14_59_16_Alaska::record_123,C_418058_W_Nassichuk_R_2025_01_21_14_59_16_Alaska,/rhf/allocations/dsci435/smithsonian_full_sp26/raw/Images_with_annotations_for_CNN_training/C_418058_W_Nassichuk_R_2025_01_21_14_59_16_Alaska.ndpi,C_418058_W_Nassichuk_R_2025_01_21_14_59_16_Alaska.ndpi.ndpa,00de5abfe35a4bef4c4ff4852e627c673fdd51526b5b9e4ae46580f1f824e564,124,123,Taxodium sp.,Taxodium sp.,Taxodium sp.,exact,YES,circle,,
C_418058_W_Nassichuk_R_2025_01_21_14_59_16_Alaska::record_124,C_418058_W_Nassichuk_R_2025_01_21_14_59_16_Alaska,/rhf/allocations/dsci435/smithsonian_full_sp26/raw/Images_with_annotations_for_CNN_training/C_418058_W_Nassichuk_R_2025_01_21_14_59_16_Alaska.ndpi,C_418058_W_Nassichuk_R_2025_01_21_14_59_16_Alaska.ndpi.ndpa,00de5abfe35a4bef4c4ff4852e627c673fdd51526b5b9e4ae46580f1f824e564,125,124,Quercus sp.,Quercus sp.,Quercus sp.,exact,YES,circle,,
C_418058_W_Nassichuk_R_2025_01_21_14_59_16_Alaska::record_125,C_418058_W_Nassichuk_R_2025_01_21_14_59_16_Alaska,/rhf/allocations/dsci435/smithsonian_full_sp26/raw/Images_with_annotations_for_CNN_training/C_418058_W_Nassichuk_R_2025_01_21_14_59_16_Alaska.ndpi,C_418058_W_Nassichuk_R_2025_01_21_14_59_16_Alaska.ndpi.ndpa,00de5abfe35a4bef4c4ff4852e627c673fdd51526b5b9e4ae46580f1f824e564,126,125,Quercus sp.,Quercus sp.,Quercus sp.,exact,YES,circle,,
C_418058_W_Nassichuk_R_2025_01_21_14_59_16_Alaska::record_129,C_418058_W_Nassichuk_R_2025_01_21_14_59_16_Alaska,/rhf/allocations/dsci435/smithsonian_full_sp26/raw/Images_with_annotations_for_CNN_training/C_418058_W_Nassichuk_R_2025_01_21_14_59_16_Alaska.ndpi,C_418058_W_Nassichuk_R_2025_01_21_14_59_16_Alaska.ndpi.ndpa,00de5abfe35a4bef4c4ff4852e627c673fdd51526b5b9e4ae46580f1f824e564,130,129,Siltaria sp.,Siltaria sp.,Rhoipites sp.,exact,YES,circle,,
C_418058_W_Nassichuk_R_2025_01_21_14_59_16_Alaska::record_131,C_418058_W_Nassichuk_R_2025_01_21_14_59_16_Alaska,/rhf/allocations/dsci435/smithsonian_full_sp26/raw/Images_with_annotations_for_CNN_training/C_418058_W_Nassichuk_R_2025_01_21_14_59_16_Alaska.ndpi,C_418058_W_Nassichuk_R_2025_01_21_14_59_16_Alaska.ndpi.ndpa,00de5abfe35a4bef4c4ff4852e627c673fdd51526b5b9e4ae46580f1f824e564,132,131,Rhoipites sp.,Rhoipites sp.,Rhoipites sp.,exact,YES,circle,,
C_418058_W_Nassichuk_R_2025_01_21_14_59_16_Alaska::record_132,C_418058_W_Nassichuk_R_2025_01_21_14_59_16_Alaska,/rhf/allocations/dsci435/smithsonian_full_sp26/raw/Images_with_annotations_for_CNN_training/C_418058_W_Nassichuk_R_2025_01_21_14_59_16_Alaska.ndpi,C_418058_W_Nassichuk_R_2025_01_21_14_59_16_Alaska.ndpi.ndpa,00de5abfe35a4bef4c4ff4852e627c673fdd51526b5b9e4ae46580f1f824e564,133,132,Quercus sp.,Quercus sp.,Quercus sp.,exact,YES,circle,,
C_418058_W_Nassichuk_R_2025_01_21_14_59_16_Alaska::record_133,C_418058_W_Nassichuk_R_2025_01_21_14_59_16_Alaska,/rhf/allocations/dsci435/smithsonian_full_sp26/raw/Images_with_annotations_for_CNN_training/C_418058_W_Nassichuk_R_2025_01_21_14_59_16_Alaska.ndpi,C_418058_W_Nassichuk_R_2025_01_21_14_59_16_Alaska.ndpi.ndpa,00de5abfe35a4bef4c4ff4852e627c673fdd51526b5b9e4ae46580f1f824e564,134,133,Siltaria sp.,Siltaria sp.,Rhoipites sp.,exact,YES,circle,,
C_418058_W_Nassichuk_R_2025_01_21_14_59_16_Alaska::record_136,C_418058_W_Nassichuk_R_2025_01_21_14_59_16_Alaska,/rhf/allocations/dsci435/smithsonian_full_sp26/raw/Images_with_annotations_for_CNN_training/C_418058_W_Nassichuk_R_2025_01_21_14_59_16_Alaska.ndpi,C_418058_W_Nassichuk_R_2025_01_21_14_59_16_Alaska.ndpi.ndpa,00de5abfe35a4bef4c4ff4852e627c673fdd51526b5b9e4ae46580f1f824e564,137,136,Siltaria sp.,Siltaria sp.,Rhoipites sp.,exact,YES,circle,,
C_418058_W_Nassichuk_R_2025_01_21_14_59_16_Alaska::record_139,C_418058_W_Nassichuk_R_2025_01_21_14_59_16_Alaska,/rhf/allocations/dsci435/smithsonian_full_sp26/raw/Images_with_annotations_for_CNN_training/C_418058_W_Nassichuk_R_2025_01_21_14_59_16_Alaska.ndpi,C_418058_W_Nassichuk_R_2025_01_21_14_59_16_Alaska.ndpi.ndpa,00de5abfe35a4bef4c4ff4852e627c673fdd51526b5b9e4ae46580f1f824e564,140,139,Inaperturopollenites sp.,Inaperturopollenites sp.,Inaperturopollenites sp.,exact,YES,circle,,
C_418058_W_Nassichuk_R_2025_01_21_14_59_16_Alaska::record_143,C_418058_W_Nassichuk_R_2025_01_21_14_59_16_Alaska,/rhf/allocations/dsci435/smithsonian_full_sp26/raw/Images_with_annotations_for_CNN_training/C_418058_W_Nassichuk_R_2025_01_21_14_59_16_Alaska.ndpi,C_418058_W_Nassichuk_R_2025_01_21_14_59_16_Alaska.ndpi.ndpa,00de5abfe35a4bef4c4ff4852e627c673fdd51526b5b9e4ae46580f1f824e564,144,143,Inaperturopollenites sp.,Inaperturopollenites sp.,Inaperturopollenites sp.,exact,YES,circle,,
C_418058_W_Nassichuk_R_2025_01_21_14_59_16_Alaska::record_145,C_418058_W_Nassichuk_R_2025_01_21_14_59_16_Alaska,/rhf/allocations/dsci435/smithsonian_full_sp26/raw/Images_with_annotations_for_CNN_training/C_418058_W_Nassichuk_R_2025_01_21_14_59_16_Alaska.ndpi,C_418058_W_Nassichuk_R_2025_01_21_14_59_16_Alaska.ndpi.ndpa,00de5abfe35a4bef4c4ff4852e627c673fdd51526b5b9e4ae46580f1f824e564,146,145,Quercus sp.,Quercus sp.,Quercus sp.,exact,YES,circle,,
C_418058_W_Nassichuk_R_2025_01_21_14_59_16_Alaska::record_146,C_418058_W_Nassichuk_R_2025_01_21_14_59_16_Alaska,/rhf/allocations/dsci435/smithsonian_full_sp26/raw/Images_with_annotations_for_CNN_training/C_418058_W_Nassichuk_R_2025_01_21_14_59_16_Alaska.ndpi,C_418058_W_Nassichuk_R_2025_01_21_14_59_16_Alaska.ndpi.ndpa,00de5abfe35a4bef4c4ff4852e627c673fdd51526b5b9e4ae46580f1f824e564,147,146,Quercus sp.,Quercus sp.,Quercus sp.,exact,YES,circle,,
C_418058_W_Nassichuk_R_2025_01_21_14_59_16_Alaska::record_147,C_418058_W_Nassichuk_R_2025_01_21_14_59_16_Alaska,/rhf/allocations/dsci435/smithsonian_full_sp26/raw/Images_with_annotations_for_CNN_training/C_418058_W_Nassichuk_R_2025_01_21_14_59_16_Alaska.ndpi,C_418058_W_Nassichuk_R_2025_01_21_14_59_16_Alaska.ndpi.ndpa,00de5abfe35a4bef4c4ff4852e627c673fdd51526b5b9e4ae46580f1f824e564,148,147,Quercus sp.,Quercus sp.,Quercus sp.,exact,YES,circle,,
C_418058_W_Nassichuk_R_2025_01_21_14_59_16_Alaska::record_148,C_418058_W_Nassichuk_R_2025_01_21_14_59_16_Alaska,/rhf/allocations/dsci435/smithsonian_full_sp26/raw/Images_with_annotations_for_CNN_training/C_418058_W_Nassichuk_R_2025_01_21_14_59_16_Alaska.ndpi,C_418058_W_Nassichuk_R_2025_01_21_14_59_16_Alaska.ndpi.ndpa,00de5abfe35a4bef4c4ff4852e627c673fdd51526b5b9e4ae46580f1f824e564,149,148,Inaperturopollenites sp.,Inaperturopollenites sp.,Inaperturopollenites sp.,exact,YES,circle,,
C_418058_W_Nassichuk_R_2025_01_21_14_59_16_Alaska::record_149,C_418058_W_Nassichuk_R_2025_01_21_14_59_16_Alaska,/rhf/allocations/dsci435/smithsonian_full_sp26/raw/Images_with_annotations_for_CNN_training/C_418058_W_Nassichuk_R_2025_01_21_14_59_16_Alaska.ndpi,C_418058_W_Nassichuk_R_2025_01_21_14_59_16_Alaska.ndpi.ndpa,00de5abfe35a4bef4c4ff4852e627c673fdd51526b5b9e4ae46580f1f824e564,150,149,Quercus sp.,Quercus sp.,Quercus sp.,exact,YES,circle,,
C_418081_W_Nassichuk_R_2025_01_21_12_58_10_Alaska::record_2,C_418081_W_Nassichuk_R_2025_01_21_12_58_10_Alaska,/rhf/allocations/dsci435/smithsonian_full_sp26/raw/Images_with_annotations_for_CNN_training/C_418081_W_Nassichuk_R_2025_01_21_12_58_10_Alaska.ndpi,C_418081_W_Nassichuk_R_2025_01_21_12_58_10_Alaska.ndpi.ndpa,693a548fed39ad2f188e9e4350c1036647326be5b7537959194ae29727e1684e,4,2,Siltaria sp.,Siltaria sp.,Rhoipites sp.,exact,YES,circle,,
C_418081_W_Nassichuk_R_2025_01_21_12_58_10_Alaska::record_8,C_418081_W_Nassichuk_R_2025_01_21_12_58_10_Alaska,/rhf/allocations/dsci435/smithsonian_full_sp26/raw/Images_with_annotations_for_CNN_training/C_418081_W_Nassichuk_R_2025_01_21_12_58_10_Alaska.ndpi,C_418081_W_Nassichuk_R_2025_01_21_12_58_10_Alaska.ndpi.ndpa,693a548fed39ad2f188e9e4350c1036647326be5b7537959194ae29727e1684e,10,8,Momipites wyomingensis,Momipites wyomingensis,Momipites wyomingensis,exact,YES,circle,,
C_418081_W_Nassichuk_R_2025_01_21_12_58_10_Alaska::record_13,C_418081_W_Nassichuk_R_2025_01_21_12_58_10_Alaska,/rhf/allocations/dsci435/smithsonian_full_sp26/raw/Images_with_annotations_for_CNN_training/C_418081_W_Nassichuk_R_2025_01_21_12_58_10_Alaska.ndpi,C_418081_W_Nassichuk_R_2025_01_21_12_58_10_Alaska.ndpi.ndpa,693a548fed39ad2f188e9e4350c1036647326be5b7537959194ae29727e1684e,15,13,Quercus sp.,Quercus sp.,Quercus sp.,exact,YES,circle,,
C_418081_W_Nassichuk_R_2025_01_21_12_58_10_Alaska::record_15,C_418081_W_Nassichuk_R_2025_01_21_12_58_10_Alaska,/rhf/allocations/dsci435/smithsonian_full_sp26/raw/Images_with_annotations_for_CNN_training/C_418081_W_Nassichuk_R_2025_01_21_12_58_10_Alaska.ndpi,C_418081_W_Nassichuk_R_2025_01_21_12_58_10_Alaska.ndpi.ndpa,693a548fed39ad2f188e9e4350c1036647326be5b7537959194ae29727e1684e,17,15,Alnipollenites verus,Alnipollenites verus,Alnipollenites verus,exact,YES,circle,,
C_418081_W_Nassichuk_R_2025_01_21_12_58_10_Alaska::record_24,C_418081_W_Nassichuk_R_2025_01_21_12_58_10_Alaska,/rhf/allocations/dsci435/smithsonian_full_sp26/raw/Images_with_annotations_for_CNN_training/C_418081_W_Nassichuk_R_2025_01_21_12_58_10_Alaska.ndpi,C_418081_W_Nassichuk_R_2025_01_21_12_58_10_Alaska.ndpi.ndpa,693a548fed39ad2f188e9e4350c1036647326be5b7537959194ae29727e1684e,26,24,Taxodium sp.,Taxodium sp.,Taxodium sp.,exact,YES,circle,,
C_418081_W_Nassichuk_R_2025_01_21_12_58_10_Alaska::record_31,C_418081_W_Nassichuk_R_2025_01_21_12_58_10_Alaska,/rhf/allocations/dsci435/smithsonian_full_sp26/raw/Images_with_annotations_for_CNN_training/C_418081_W_Nassichuk_R_2025_01_21_12_58_10_Alaska.ndpi,C_418081_W_Nassichuk_R_2025_01_21_12_58_10_Alaska.ndpi.ndpa,693a548fed39ad2f188e9e4350c1036647326be5b7537959194ae29727e1684e,33,31,Quercus sp.,Quercus sp.,Quercus sp.,exact,YES,circle,,
C_418081_W_Nassichuk_R_2025_01_21_12_58_10_Alaska::record_42,C_418081_W_Nassichuk_R_2025_01_21_12_58_10_Alaska,/rhf/allocations/dsci435/smithsonian_full_sp26/raw/Images_with_annotations_for_CNN_training/C_418081_W_Nassichuk_R_2025_01_21_12_58_10_Alaska.ndpi,C_418081_W_Nassichuk_R_2025_01_21_12_58_10_Alaska.ndpi.ndpa,693a548fed39ad2f188e9e4350c1036647326be5b7537959194ae29727e1684e,44,42,Momipites coryloides,Momipites coryloides,Momipites sp,exact,YES,circle,,
C_418081_W_Nassichuk_R_2025_01_21_12_58_10_Alaska::record_48,C_418081_W_Nassichuk_R_2025_01_21_12_58_10_Alaska,/rhf/allocations/dsci435/smithsonian_full_sp26/raw/Images_with_annotations_for_CNN_training/C_418081_W_Nassichuk_R_2025_01_21_12_58_10_Alaska.ndpi,C_418081_W_Nassichuk_R_2025_01_21_12_58_10_Alaska.ndpi.ndpa,693a548fed39ad2f188e9e4350c1036647326be5b7537959194ae29727e1684e,50,48,Quercus sp.,Quercus sp.,Quercus sp.,exact,YES,circle,,
C_418081_W_Nassichuk_R_2025_01_21_12_58_10_Alaska::record_54,C_418081_W_Nassichuk_R_2025_01_21_12_58_10_Alaska,/rhf/allocations/dsci435/smithsonian_full_sp26/raw/Images_with_annotations_for_CNN_training/C_418081_W_Nassichuk_R_2025_01_21_12_58_10_Alaska.ndpi,C_418081_W_Nassichuk_R_2025_01_21_12_58_10_Alaska.ndpi.ndpa,693a548fed39ad2f188e9e4350c1036647326be5b7537959194ae29727e1684e,56,54,Alnipollenites verus,Alnipollenites verus,Alnipollenites verus,exact,YES,circle,,
C_418081_W_Nassichuk_R_2025_01_21_12_58_10_Alaska::record_69,C_418081_W_Nassichuk_R_2025_01_21_12_58_10_Alaska,/rhf/allocations/dsci435/smithsonian_full_sp26/raw/Images_with_annotations_for_CNN_training/C_418081_W_Nassichuk_R_2025_01_21_12_58_10_Alaska.ndpi,C_418081_W_Nassichuk_R_2025_01_21_12_58_10_Alaska.ndpi.ndpa,693a548fed39ad2f188e9e4350c1036647326be5b7537959194ae29727e1684e,71,69,Quercus sp.,Quercus sp.,Quercus sp.,exact,YES,circle,,
C_418081_W_Nassichuk_R_2025_01_21_12_58_10_Alaska::record_111,C_418081_W_Nassichuk_R_2025_01_21_12_58_10_Alaska,/rhf/allocations/dsci435/smithsonian_full_sp26/raw/Images_with_annotations_for_CNN_training/C_418081_W_Nassichuk_R_2025_01_21_12_58_10_Alaska.ndpi,C_418081_W_Nassichuk_R_2025_01_21_12_58_10_Alaska.ndpi.ndpa,693a548fed39ad2f188e9e4350c1036647326be5b7537959194ae29727e1684e,114,111,Alnipollenites verus,Alnipollenites verus,Alnipollenites verus,exact,YES,circle,,
C_418081_W_Nassichuk_R_2025_01_21_12_58_10_Alaska::record_125,C_418081_W_Nassichuk_R_2025_01_21_12_58_10_Alaska,/rhf/allocations/dsci435/smithsonian_full_sp26/raw/Images_with_annotations_for_CNN_training/C_418081_W_Nassichuk_R_2025_01_21_12_58_10_Alaska.ndpi,C_418081_W_Nassichuk_R_2025_01_21_12_58_10_Alaska.ndpi.ndpa,693a548fed39ad2f188e9e4350c1036647326be5b7537959194ae29727e1684e,128,125,Momipites wyomingensis,Momipites wyomingensis,Momipites wyomingensis,exact,YES,circle,,
C_418107_W_Nassichuk_R_2025_01_21_11_16_25_Alaska::record_4,C_418107_W_Nassichuk_R_2025_01_21_11_16_25_Alaska,/rhf/allocations/dsci435/smithsonian_full_sp26/raw/Images_with_annotations_for_CNN_training/C_418107_W_Nassichuk_R_2025_01_21_11_16_25_Alaska.ndpi,C_418107_W_Nassichuk_R_2025_01_21_11_16_25_Alaska.ndpi.ndpa,2ae804739407b07baf5b788ced5de42487c8694a1c048f2e6ffcabdddd8d50f7,5,4,Polyatriopollenites sp.,Polyatriopollenites sp.,Polyatriopollenites type,exact,YES,circle,,
C_418107_W_Nassichuk_R_2025_01_21_11_16_25_Alaska::record_7,C_418107_W_Nassichuk_R_2025_01_21_11_16_25_Alaska,/rhf/allocations/dsci435/smithsonian_full_sp26/raw/Images_with_annotations_for_CNN_training/C_418107_W_Nassichuk_R_2025_01_21_11_16_25_Alaska.ndpi,C_418107_W_Nassichuk_R_2025_01_21_11_16_25_Alaska.ndpi.ndpa,2ae804739407b07baf5b788ced5de42487c8694a1c048f2e6ffcabdddd8d50f7,8,7,Polyatriopollenites sp.,Polyatriopollenites sp.,Polyatriopollenites type,exact,YES,circle,,
C_418107_W_Nassichuk_R_2025_01_21_11_16_25_Alaska::record_13,C_418107_W_Nassichuk_R_2025_01_21_11_16_25_Alaska,/rhf/allocations/dsci435/smithsonian_full_sp26/raw/Images_with_annotations_for_CNN_training/C_418107_W_Nassichuk_R_2025_01_21_11_16_25_Alaska.ndpi,C_418107_W_Nassichuk_R_2025_01_21_11_16_25_Alaska.ndpi.ndpa,2ae804739407b07baf5b788ced5de42487c8694a1c048f2e6ffcabdddd8d50f7,14,13,Quercus sp.,Quercus sp.,Quercus sp.,exact,YES,circle,,
C_418107_W_Nassichuk_R_2025_01_21_11_16_25_Alaska::record_14,C_418107_W_Nassichuk_R_2025_01_21_11_16_25_Alaska,/rhf/allocations/dsci435/smithsonian_full_sp26/raw/Images_with_annotations_for_CNN_training/C_418107_W_Nassichuk_R_2025_01_21_11_16_25_Alaska.ndpi,C_418107_W_Nassichuk_R_2025_01_21_11_16_25_Alaska.ndpi.ndpa,2ae804739407b07baf5b788ced5de42487c8694a1c048f2e6ffcabdddd8d50f7,15,14,Polyatriopollenites tricostatus,Polyatriopollenites tricostatus,Polyatriopollenites type,exact,YES,circle,,
C_418107_W_Nassichuk_R_2025_01_21_11_16_25_Alaska::record_18,C_418107_W_Nassichuk_R_2025_01_21_11_16_25_Alaska,/rhf/allocations/dsci435/smithsonian_full_sp26/raw/Images_with_annotations_for_CNN_training/C_418107_W_Nassichuk_R_2025_01_21_11_16_25_Alaska.ndpi,C_418107_W_Nassichuk_R_2025_01_21_11_16_25_Alaska.ndpi.ndpa,2ae804739407b07baf5b788ced5de42487c8694a1c048f2e6ffcabdddd8d50f7,19,18,Siltaria sp.,Siltaria sp.,Rhoipites sp.,exact,YES,circle,,
C_418107_W_Nassichuk_R_2025_01_21_11_16_25_Alaska::record_19,C_418107_W_Nassichuk_R_2025_01_21_11_16_25_Alaska,/rhf/allocations/dsci435/smithsonian_full_sp26/raw/Images_with_annotations_for_CNN_training/C_418107_W_Nassichuk_R_2025_01_21_11_16_25_Alaska.ndpi,C_418107_W_Nassichuk_R_2025_01_21_11_16_25_Alaska.ndpi.ndpa,2ae804739407b07baf5b788ced5de42487c8694a1c048f2e6ffcabdddd8d50f7,20,19,Polyatriopollenites sp.,Polyatriopollenites sp.,Polyatriopollenites type,exact,YES,circle,,
C_418107_W_Nassichuk_R_2025_01_21_11_16_25_Alaska::record_23,C_418107_W_Nassichuk_R_2025_01_21_11_16_25_Alaska,/rhf/allocations/dsci435/smithsonian_full_sp26/raw/Images_with_annotations_for_CNN_training/C_418107_W_Nassichuk_R_2025_01_21_11_16_25_Alaska.ndpi,C_418107_W_Nassichuk_R_2025_01_21_11_16_25_Alaska.ndpi.ndpa,2ae804739407b07baf5b788ced5de42487c8694a1c048f2e6ffcabdddd8d50f7,24,23,Polyatriopollenites sp.,Polyatriopollenites sp.,Polyatriopollenites type,exact,YES,circle,,
C_418107_W_Nassichuk_R_2025_01_21_11_16_25_Alaska::record_24,C_418107_W_Nassichuk_R_2025_01_21_11_16_25_Alaska,/rhf/allocations/dsci435/smithsonian_full_sp26/raw/Images_with_annotations_for_CNN_training/C_418107_W_Nassichuk_R_2025_01_21_11_16_25_Alaska.ndpi,C_418107_W_Nassichuk_R_2025_01_21_11_16_25_Alaska.ndpi.ndpa,2ae804739407b07baf5b788ced5de42487c8694a1c048f2e6ffcabdddd8d50f7,25,24,Alnipollenites verus,Alnipollenites verus,Alnipollenites verus,exact,YES,circle,,
C_418107_W_Nassichuk_R_2025_01_21_11_16_25_Alaska::record_25,C_418107_W_Nassichuk_R_2025_01_21_11_16_25_Alaska,/rhf/allocations/dsci435/smithsonian_full_sp26/raw/Images_with_annotations_for_CNN_training/C_418107_W_Nassichuk_R_2025_01_21_11_16_25_Alaska.ndpi,C_418107_W_Nassichuk_R_2025_01_21_11_16_25_Alaska.ndpi.ndpa,2ae804739407b07baf5b788ced5de42487c8694a1c048f2e6ffcabdddd8d50f7,26,25,Horniella sp.,Horniella sp.,Rhoipites sp.,exact,YES,circle,,
C_418107_W_Nassichuk_R_2025_01_21_11_16_25_Alaska::record_31,C_418107_W_Nassichuk_R_2025_01_21_11_16_25_Alaska,/rhf/allocations/dsci435/smithsonian_full_sp26/raw/Images_with_annotations_for_CNN_training/C_418107_W_Nassichuk_R_2025_01_21_11_16_25_Alaska.ndpi,C_418107_W_Nassichuk_R_2025_01_21_11_16_25_Alaska.ndpi.ndpa,2ae804739407b07baf5b788ced5de42487c8694a1c048f2e6ffcabdddd8d50f7,33,31,Siltaria sp.,Siltaria sp.,Rhoipites sp.,exact,YES,circle,,
C_418107_W_Nassichuk_R_2025_01_21_11_16_25_Alaska::record_32,C_418107_W_Nassichuk_R_2025_01_21_11_16_25_Alaska,/rhf/allocations/dsci435/smithsonian_full_sp26/raw/Images_with_annotations_for_CNN_training/C_418107_W_Nassichuk_R_2025_01_21_11_16_25_Alaska.ndpi,C_418107_W_Nassichuk_R_2025_01_21_11_16_25_Alaska.ndpi.ndpa,2ae804739407b07baf5b788ced5de42487c8694a1c048f2e6ffcabdddd8d50f7,34,32,Polyatriopollenites sp.,Polyatriopollenites sp.,Polyatriopollenites type,exact,YES,circle,,
C_418107_W_Nassichuk_R_2025_01_21_11_16_25_Alaska::record_34,C_418107_W_Nassichuk_R_2025_01_21_11_16_25_Alaska,/rhf/allocations/dsci435/smithsonian_full_sp26/raw/Images_with_annotations_for_CNN_training/C_418107_W_Nassichuk_R_2025_01_21_11_16_25_Alaska.ndpi,C_418107_W_Nassichuk_R_2025_01_21_11_16_25_Alaska.ndpi.ndpa,2ae804739407b07baf5b788ced5de42487c8694a1c048f2e6ffcabdddd8d50f7,36,34,Taxodium sp.,Taxodium sp.,Taxodium sp.,exact,YES,circle,,
C_418107_W_Nassichuk_R_2025_01_21_11_16_25_Alaska::record_35,C_418107_W_Nassichuk_R_2025_01_21_11_16_25_Alaska,/rhf/allocations/dsci435/smithsonian_full_sp26/raw/Images_with_annotations_for_CNN_training/C_418107_W_Nassichuk_R_2025_01_21_11_16_25_Alaska.ndpi,C_418107_W_Nassichuk_R_2025_01_21_11_16_25_Alaska.ndpi.ndpa,2ae804739407b07baf5b788ced5de42487c8694a1c048f2e6ffcabdddd8d50f7,37,35,Polyatriopollenites sp.,Polyatriopollenites sp.,Polyatriopollenites type,exact,YES,circle,,
C_418107_W_Nassichuk_R_2025_01_21_11_16_25_Alaska::record_39,C_418107_W_Nassichuk_R_2025_01_21_11_16_25_Alaska,/rhf/allocations/dsci435/smithsonian_full_sp26/raw/Images_with_annotations_for_CNN_training/C_418107_W_Nassichuk_R_2025_01_21_11_16_25_Alaska.ndpi,C_418107_W_Nassichuk_R_2025_01_21_11_16_25_Alaska.ndpi.ndpa,2ae804739407b07baf5b788ced5de42487c8694a1c048f2e6ffcabdddd8d50f7,41,39,Psilatricolpites sp.,Psilatricolpites sp.,Psilatricolpites sp.,exact,YES,circle,,
C_418107_W_Nassichuk_R_2025_01_21_11_16_25_Alaska::record_42,C_418107_W_Nassichuk_R_2025_01_21_11_16_25_Alaska,/rhf/allocations/dsci435/smithsonian_full_sp26/raw/Images_with_annotations_for_CNN_training/C_418107_W_Nassichuk_R_2025_01_21_11_16_25_Alaska.ndpi,C_418107_W_Nassichuk_R_2025_01_21_11_16_25_Alaska.ndpi.ndpa,2ae804739407b07baf5b788ced5de42487c8694a1c048f2e6ffcabdddd8d50f7,44,42,Taxodium sp.,Taxodium sp.,Taxodium sp.,exact,YES,circle,,
C_418107_W_Nassichuk_R_2025_01_21_11_16_25_Alaska::record_51,C_418107_W_Nassichuk_R_2025_01_21_11_16_25_Alaska,/rhf/allocations/dsci435/smithsonian_full_sp26/raw/Images_with_annotations_for_CNN_training/C_418107_W_Nassichuk_R_2025_01_21_11_16_25_Alaska.ndpi,C_418107_W_Nassichuk_R_2025_01_21_11_16_25_Alaska.ndpi.ndpa,2ae804739407b07baf5b788ced5de42487c8694a1c048f2e6ffcabdddd8d50f7,53,51,Bipol,Bipol,Bisaccate,exact,YES,circle,,
C_418107_W_Nassichuk_R_2025_01_21_11_16_25_Alaska::record_56,C_418107_W_Nassichuk_R_2025_01_21_11_16_25_Alaska,/rhf/allocations/dsci435/smithsonian_full_sp26/raw/Images_with_annotations_for_CNN_training/C_418107_W_Nassichuk_R_2025_01_21_11_16_25_Alaska.ndpi,C_418107_W_Nassichuk_R_2025_01_21_11_16_25_Alaska.ndpi.ndpa,2ae804739407b07baf5b788ced5de42487c8694a1c048f2e6ffcabdddd8d50f7,58,56,Taxodium sp.,Taxodium sp.,Taxodium sp.,exact,YES,circle,,
C_418107_W_Nassichuk_R_2025_01_21_11_16_25_Alaska::record_59,C_418107_W_Nassichuk_R_2025_01_21_11_16_25_Alaska,/rhf/allocations/dsci435/smithsonian_full_sp26/raw/Images_with_annotations_for_CNN_training/C_418107_W_Nassichuk_R_2025_01_21_11_16_25_Alaska.ndpi,C_418107_W_Nassichuk_R_2025_01_21_11_16_25_Alaska.ndpi.ndpa,2ae804739407b07baf5b788ced5de42487c8694a1c048f2e6ffcabdddd8d50f7,61,59,Rhoipites sp.,Rhoipites sp.,Rhoipites sp.,exact,YES,circle,,
C_418107_W_Nassichuk_R_2025_01_21_11_16_25_Alaska::record_60,C_418107_W_Nassichuk_R_2025_01_21_11_16_25_Alaska,/rhf/allocations/dsci435/smithsonian_full_sp26/raw/Images_with_annotations_for_CNN_training/C_418107_W_Nassichuk_R_2025_01_21_11_16_25_Alaska.ndpi,C_418107_W_Nassichuk_R_2025_01_21_11_16_25_Alaska.ndpi.ndpa,2ae804739407b07baf5b788ced5de42487c8694a1c048f2e6ffcabdddd8d50f7,62,60,Alnipollenites verus,Alnipollenites verus,Alnipollenites verus,exact,YES,circle,,
C_418107_W_Nassichuk_R_2025_01_21_11_16_25_Alaska::record_73,C_418107_W_Nassichuk_R_2025_01_21_11_16_25_Alaska,/rhf/allocations/dsci435/smithsonian_full_sp26/raw/Images_with_annotations_for_CNN_training/C_418107_W_Nassichuk_R_2025_01_21_11_16_25_Alaska.ndpi,C_418107_W_Nassichuk_R_2025_01_21_11_16_25_Alaska.ndpi.ndpa,2ae804739407b07baf5b788ced5de42487c8694a1c048f2e6ffcabdddd8d50f7,75,73,Psilatricolpites sp.,Psilatricolpites sp.,Psilatricolpites sp.,exact,YES,circle,,
C_418107_W_Nassichuk_R_2025_01_21_11_16_25_Alaska::record_83,C_418107_W_Nassichuk_R_2025_01_21_11_16_25_Alaska,/rhf/allocations/dsci435/smithsonian_full_sp26/raw/Images_with_annotations_for_CNN_training/C_418107_W_Nassichuk_R_2025_01_21_11_16_25_Alaska.ndpi,C_418107_W_Nassichuk_R_2025_01_21_11_16_25_Alaska.ndpi.ndpa,2ae804739407b07baf5b788ced5de42487c8694a1c048f2e6ffcabdddd8d50f7,85,83,Siltaria sp.,Siltaria sp.,Rhoipites sp.,exact,YES,circle,,
C_418107_W_Nassichuk_R_2025_01_21_11_16_25_Alaska::record_91,C_418107_W_Nassichuk_R_2025_01_21_11_16_25_Alaska,/rhf/allocations/dsci435/smithsonian_full_sp26/raw/Images_with_annotations_for_CNN_training/C_418107_W_Nassichuk_R_2025_01_21_11_16_25_Alaska.ndpi,C_418107_W_Nassichuk_R_2025_01_21_11_16_25_Alaska.ndpi.ndpa,2ae804739407b07baf5b788ced5de42487c8694a1c048f2e6ffcabdddd8d50f7,93,91,Siltaria sp.,Siltaria sp.,Rhoipites sp.,exact,YES,circle,,
C_418107_W_Nassichuk_R_2025_01_21_11_16_25_Alaska::record_95,C_418107_W_Nassichuk_R_2025_01_21_11_16_25_Alaska,/rhf/allocations/dsci435/smithsonian_full_sp26/raw/Images_with_annotations_for_CNN_training/C_418107_W_Nassichuk_R_2025_01_21_11_16_25_Alaska.ndpi,C_418107_W_Nassichuk_R_2025_01_21_11_16_25_Alaska.ndpi.ndpa,2ae804739407b07baf5b788ced5de42487c8694a1c048f2e6ffcabdddd8d50f7,97,95,Siltaria sp.,Siltaria sp.,Rhoipites sp.,exact,YES,circle,,
C_418107_W_Nassichuk_R_2025_01_21_11_16_25_Alaska::record_105,C_418107_W_Nassichuk_R_2025_01_21_11_16_25_Alaska,/rhf/allocations/dsci435/smithsonian_full_sp26/raw/Images_with_annotations_for_CNN_training/C_418107_W_Nassichuk_R_2025_01_21_11_16_25_Alaska.ndpi,C_418107_W_Nassichuk_R_2025_01_21_11_16_25_Alaska.ndpi.ndpa,2ae804739407b07baf5b788ced5de42487c8694a1c048f2e6ffcabdddd8d50f7,107,105,Rhoipites sp.,Rhoipites sp.,Rhoipites sp.,exact,YES,circle,,
C_418107_W_Nassichuk_R_2025_01_21_11_16_25_Alaska::record_107,C_418107_W_Nassichuk_R_2025_01_21_11_16_25_Alaska,/rhf/allocations/dsci435/smithsonian_full_sp26/raw/Images_with_annotations_for_CNN_training/C_418107_W_Nassichuk_R_2025_01_21_11_16_25_Alaska.ndpi,C_418107_W_Nassichuk_R_2025_01_21_11_16_25_Alaska.ndpi.ndpa,2ae804739407b07baf5b788ced5de42487c8694a1c048f2e6ffcabdddd8d50f7,109,107,Taxodium sp.,Taxodium sp.,Taxodium sp.,exact,YES,circle,,
C_418107_W_Nassichuk_R_2025_01_21_11_16_25_Alaska::record_108,C_418107_W_Nassichuk_R_2025_01_21_11_16_25_Alaska,/rhf/allocations/dsci435/smithsonian_full_sp26/raw/Images_with_annotations_for_CNN_training/C_418107_W_Nassichuk_R_2025_01_21_11_16_25_Alaska.ndpi,C_418107_W_Nassichuk_R_2025_01_21_11_16_25_Alaska.ndpi.ndpa,2ae804739407b07baf5b788ced5de42487c8694a1c048f2e6ffcabdddd8d50f7,110,108,Alnipollenites verus,Alnipollenites verus,Alnipollenites verus,exact,YES,circle,,
C_418107_W_Nassichuk_R_2025_01_21_11_16_25_Alaska::record_109,C_418107_W_Nassichuk_R_2025_01_21_11_16_25_Alaska,/rhf/allocations/dsci435/smithsonian_full_sp26/raw/Images_with_annotations_for_CNN_training/C_418107_W_Nassichuk_R_2025_01_21_11_16_25_Alaska.ndpi,C_418107_W_Nassichuk_R_2025_01_21_11_16_25_Alaska.ndpi.ndpa,2ae804739407b07baf5b788ced5de42487c8694a1c048f2e6ffcabdddd8d50f7,111,109,Alnipollenites verus,Alnipollenites verus,Alnipollenites verus,exact,YES,circle,,
C_418107_W_Nassichuk_R_2025_01_21_11_16_25_Alaska::record_110,C_418107_W_Nassichuk_R_2025_01_21_11_16_25_Alaska,/rhf/allocations/dsci435/smithsonian_full_sp26/raw/Images_with_annotations_for_CNN_training/C_418107_W_Nassichuk_R_2025_01_21_11_16_25_Alaska.ndpi,C_418107_W_Nassichuk_R_2025_01_21_11_16_25_Alaska.ndpi.ndpa,2ae804739407b07baf5b788ced5de42487c8694a1c048f2e6ffcabdddd8d50f7,112,110,Taxodium sp.,Taxodium sp.,Taxodium sp.,exact,YES,circle,,
C_418107_W_Nassichuk_R_2025_01_21_11_16_25_Alaska::record_111,C_418107_W_Nassichuk_R_2025_01_21_11_16_25_Alaska,/rhf/allocations/dsci435/smithsonian_full_sp26/raw/Images_with_annotations_for_CNN_training/C_418107_W_Nassichuk_R_2025_01_21_11_16_25_Alaska.ndpi,C_418107_W_Nassichuk_R_2025_01_21_11_16_25_Alaska.ndpi.ndpa,2ae804739407b07baf5b788ced5de42487c8694a1c048f2e6ffcabdddd8d50f7,113,111,Alnipollenites verus,Alnipollenites verus,Alnipollenites verus,exact,YES,circle,,
C_418107_W_Nassichuk_R_2025_01_21_11_16_25_Alaska::record_112,C_418107_W_Nassichuk_R_2025_01_21_11_16_25_Alaska,/rhf/allocations/dsci435/smithsonian_full_sp26/raw/Images_with_annotations_for_CNN_training/C_418107_W_Nassichuk_R_2025_01_21_11_16_25_Alaska.ndpi,C_418107_W_Nassichuk_R_2025_01_21_11_16_25_Alaska.ndpi.ndpa,2ae804739407b07baf5b788ced5de42487c8694a1c048f2e6ffcabdddd8d50f7,114,112,Alnipollenites verus,Alnipollenites verus,Alnipollenites verus,exact,YES,circle,,
C_418107_W_Nassichuk_R_2025_01_21_11_16_25_Alaska::record_113,C_418107_W_Nassichuk_R_2025_01_21_11_16_25_Alaska,/rhf/allocations/dsci435/smithsonian_full_sp26/raw/Images_with_annotations_for_CNN_training/C_418107_W_Nassichuk_R_2025_01_21_11_16_25_Alaska.ndpi,C_418107_W_Nassichuk_R_2025_01_21_11_16_25_Alaska.ndpi.ndpa,2ae804739407b07baf5b788ced5de42487c8694a1c048f2e6ffcabdddd8d50f7,115,113,Alnipollenites verus,Alnipollenites verus,Alnipollenites verus,exact,YES,circle,,
C_418107_W_Nassichuk_R_2025_01_21_11_16_25_Alaska::record_114,C_418107_W_Nassichuk_R_2025_01_21_11_16_25_Alaska,/rhf/allocations/dsci435/smithsonian_full_sp26/raw/Images_with_annotations_for_CNN_training/C_418107_W_Nassichuk_R_2025_01_21_11_16_25_Alaska.ndpi,C_418107_W_Nassichuk_R_2025_01_21_11_16_25_Alaska.ndpi.ndpa,2ae804739407b07baf5b788ced5de42487c8694a1c048f2e6ffcabdddd8d50f7,116,114,Taxodium sp.,Taxodium sp.,Taxodium sp.,exact,YES,circle,,
C_418107_W_Nassichuk_R_2025_01_21_11_16_25_Alaska::record_115,C_418107_W_Nassichuk_R_2025_01_21_11_16_25_Alaska,/rhf/allocations/dsci435/smithsonian_full_sp26/raw/Images_with_annotations_for_CNN_training/C_418107_W_Nassichuk_R_2025_01_21_11_16_25_Alaska.ndpi,C_418107_W_Nassichuk_R_2025_01_21_11_16_25_Alaska.ndpi.ndpa,2ae804739407b07baf5b788ced5de42487c8694a1c048f2e6ffcabdddd8d50f7,117,115,Siltaria sp.,Siltaria sp.,Rhoipites sp.,exact,YES,circle,,
C_418107_W_Nassichuk_R_2025_01_21_11_16_25_Alaska::record_116,C_418107_W_Nassichuk_R_2025_01_21_11_16_25_Alaska,/rhf/allocations/dsci435/smithsonian_full_sp26/raw/Images_with_annotations_for_CNN_training/C_418107_W_Nassichuk_R_2025_01_21_11_16_25_Alaska.ndpi,C_418107_W_Nassichuk_R_2025_01_21_11_16_25_Alaska.ndpi.ndpa,2ae804739407b07baf5b788ced5de42487c8694a1c048f2e6ffcabdddd8d50f7,118,116,Alnipollenites verus,Alnipollenites verus,Alnipollenites verus,exact,YES,circle,,
C_418107_W_Nassichuk_R_2025_01_21_11_16_25_Alaska::record_117,C_418107_W_Nassichuk_R_2025_01_21_11_16_25_Alaska,/rhf/allocations/dsci435/smithsonian_full_sp26/raw/Images_with_annotations_for_CNN_training/C_418107_W_Nassichuk_R_2025_01_21_11_16_25_Alaska.ndpi,C_418107_W_Nassichuk_R_2025_01_21_11_16_25_Alaska.ndpi.ndpa,2ae804739407b07baf5b788ced5de42487c8694a1c048f2e6ffcabdddd8d50f7,119,117,Taxodium sp.,Taxodium sp.,Taxodium sp.,exact,YES,circle,,
C_418109_W_Nassichuk_R_2025_01_21_10_57_19_Alaska::record_3,C_418109_W_Nassichuk_R_2025_01_21_10_57_19_Alaska,/rhf/allocations/dsci435/smithsonian_full_sp26/raw/Images_with_annotations_for_CNN_training/C_418109_W_Nassichuk_R_2025_01_21_10_57_19_Alaska.ndpi,C_418109_W_Nassichuk_R_2025_01_21_10_57_19_Alaska.ndpi.ndpa,e091985460b070fa537f4a5a17ff4804cc9fab071fe48358c7b3c1a27593950b,4,3,Platycaryapollenites swasticoidus,Platycaryapollenites swasticoidus,Platycaryapollenites swasticoidus,exact,YES,circle,,
C_418109_W_Nassichuk_R_2025_01_21_10_57_19_Alaska::record_13,C_418109_W_Nassichuk_R_2025_01_21_10_57_19_Alaska,/rhf/allocations/dsci435/smithsonian_full_sp26/raw/Images_with_annotations_for_CNN_training/C_418109_W_Nassichuk_R_2025_01_21_10_57_19_Alaska.ndpi,C_418109_W_Nassichuk_R_2025_01_21_10_57_19_Alaska.ndpi.ndpa,e091985460b070fa537f4a5a17ff4804cc9fab071fe48358c7b3c1a27593950b,14,13,Platycaryapollenites swasticoidus,Platycaryapollenites swasticoidus,Platycaryapollenites swasticoidus,exact,YES,circle,,
C_418109_W_Nassichuk_R_2025_01_21_10_57_19_Alaska::record_57,C_418109_W_Nassichuk_R_2025_01_21_10_57_19_Alaska,/rhf/allocations/dsci435/smithsonian_full_sp26/raw/Images_with_annotations_for_CNN_training/C_418109_W_Nassichuk_R_2025_01_21_10_57_19_Alaska.ndpi,C_418109_W_Nassichuk_R_2025_01_21_10_57_19_Alaska.ndpi.ndpa,e091985460b070fa537f4a5a17ff4804cc9fab071fe48358c7b3c1a27593950b,58,57,Alnipollenites verus,Alnipollenites verus,Alnipollenites verus,exact,YES,circle,,
C_418109_W_Nassichuk_R_2025_01_21_10_57_19_Alaska::record_58,C_418109_W_Nassichuk_R_2025_01_21_10_57_19_Alaska,/rhf/allocations/dsci435/smithsonian_full_sp26/raw/Images_with_annotations_for_CNN_training/C_418109_W_Nassichuk_R_2025_01_21_10_57_19_Alaska.ndpi,C_418109_W_Nassichuk_R_2025_01_21_10_57_19_Alaska.ndpi.ndpa,e091985460b070fa537f4a5a17ff4804cc9fab071fe48358c7b3c1a27593950b,59,58,Alnipollenites verus,Alnipollenites verus,Alnipollenites verus,exact,YES,circle,,
C_418109_W_Nassichuk_R_2025_01_21_10_57_19_Alaska::record_59,C_418109_W_Nassichuk_R_2025_01_21_10_57_19_Alaska,/rhf/allocations/dsci435/smithsonian_full_sp26/raw/Images_with_annotations_for_CNN_training/C_418109_W_Nassichuk_R_2025_01_21_10_57_19_Alaska.ndpi,C_418109_W_Nassichuk_R_2025_01_21_10_57_19_Alaska.ndpi.ndpa,e091985460b070fa537f4a5a17ff4804cc9fab071fe48358c7b3c1a27593950b,60,59,Juglans nigripites,Juglans nigripites,Polyatriopollenites type,exact,YES,circle,,
C_418070_W_Nassichuk_R_2025_01_21_14_17_12_Alaska::record_1,C_418070_W_Nassichuk_R_2025_01_21_14_17_12_Alaska,/rhf/allocations/dsci435/smithsonian_full_sp26/raw/Images_with_annotations_for_CNN_training/C_418070_W_Nassichuk_R_2025_01_21_14_17_12_Alaska.ndpi,C_418070_W_Nassichuk_R_2025_01_21_14_17_12_Alaska.ndpi.ndpa,ec58ca7f5569ee6ffda0f5ebb3eb6259a8384efb6a8b18ee8820d7e1dfdad1e4,2,1,Bisaccate,Bisaccate,Bisaccate,exact,YES,circle,,
C_418070_W_Nassichuk_R_2025_01_21_14_17_12_Alaska::record_3,C_418070_W_Nassichuk_R_2025_01_21_14_17_12_Alaska,/rhf/allocations/dsci435/smithsonian_full_sp26/raw/Images_with_annotations_for_CNN_training/C_418070_W_Nassichuk_R_2025_01_21_14_17_12_Alaska.ndpi,C_418070_W_Nassichuk_R_2025_01_21_14_17_12_Alaska.ndpi.ndpa,ec58ca7f5569ee6ffda0f5ebb3eb6259a8384efb6a8b18ee8820d7e1dfdad1e4,4,3,Betulaceae,Betulaceae,Betulaceae,exact,YES,circle,,
C_418070_W_Nassichuk_R_2025_01_21_14_17_12_Alaska::record_4,C_418070_W_Nassichuk_R_2025_01_21_14_17_12_Alaska,/rhf/allocations/dsci435/smithsonian_full_sp26/raw/Images_with_annotations_for_CNN_training/C_418070_W_Nassichuk_R_2025_01_21_14_17_12_Alaska.ndpi,C_418070_W_Nassichuk_R_2025_01_21_14_17_12_Alaska.ndpi.ndpa,ec58ca7f5569ee6ffda0f5ebb3eb6259a8384efb6a8b18ee8820d7e1dfdad1e4,5,4,Inaperturopollenites sp.,Inaperturopollenites sp.,Inaperturopollenites sp.,exact,YES,circle,,
C_418070_W_Nassichuk_R_2025_01_21_14_17_12_Alaska::record_5,C_418070_W_Nassichuk_R_2025_01_21_14_17_12_Alaska,/rhf/allocations/dsci435/smithsonian_full_sp26/raw/Images_with_annotations_for_CNN_training/C_418070_W_Nassichuk_R_2025_01_21_14_17_12_Alaska.ndpi,C_418070_W_Nassichuk_R_2025_01_21_14_17_12_Alaska.ndpi.ndpa,ec58ca7f5569ee6ffda0f5ebb3eb6259a8384efb6a8b18ee8820d7e1dfdad1e4,6,5,Inaperturopollenites sp.,Inaperturopollenites sp.,Inaperturopollenites sp.,exact,YES,circle,,
C_418070_W_Nassichuk_R_2025_01_21_14_17_12_Alaska::record_10,C_418070_W_Nassichuk_R_2025_01_21_14_17_12_Alaska,/rhf/allocations/dsci435/smithsonian_full_sp26/raw/Images_with_annotations_for_CNN_training/C_418070_W_Nassichuk_R_2025_01_21_14_17_12_Alaska.ndpi,C_418070_W_Nassichuk_R_2025_01_21_14_17_12_Alaska.ndpi.ndpa,ec58ca7f5569ee6ffda0f5ebb3eb6259a8384efb6a8b18ee8820d7e1dfdad1e4,11,10,Alnipollenites verus,Alnipollenites verus,Alnipollenites verus,exact,YES,circle,,
C_418070_W_Nassichuk_R_2025_01_21_14_17_12_Alaska::record_11,C_418070_W_Nassichuk_R_2025_01_21_14_17_12_Alaska,/rhf/allocations/dsci435/smithsonian_full_sp26/raw/Images_with_annotations_for_CNN_training/C_418070_W_Nassichuk_R_2025_01_21_14_17_12_Alaska.ndpi,C_418070_W_Nassichuk_R_2025_01_21_14_17_12_Alaska.ndpi.ndpa,ec58ca7f5569ee6ffda0f5ebb3eb6259a8384efb6a8b18ee8820d7e1dfdad1e4,12,11,Betulaceae,Betulaceae,Betulaceae,exact,YES,circle,,
C_418070_W_Nassichuk_R_2025_01_21_14_17_12_Alaska::record_16,C_418070_W_Nassichuk_R_2025_01_21_14_17_12_Alaska,/rhf/allocations/dsci435/smithsonian_full_sp26/raw/Images_with_annotations_for_CNN_training/C_418070_W_Nassichuk_R_2025_01_21_14_17_12_Alaska.ndpi,C_418070_W_Nassichuk_R_2025_01_21_14_17_12_Alaska.ndpi.ndpa,ec58ca7f5569ee6ffda0f5ebb3eb6259a8384efb6a8b18ee8820d7e1dfdad1e4,17,16,Momipites microfoveolatus,Momipites microfoveolatus,Momipites sp,exact,YES,circle,,
C_418070_W_Nassichuk_R_2025_01_21_14_17_12_Alaska::record_17,C_418070_W_Nassichuk_R_2025_01_21_14_17_12_Alaska,/rhf/allocations/dsci435/smithsonian_full_sp26/raw/Images_with_annotations_for_CNN_training/C_418070_W_Nassichuk_R_2025_01_21_14_17_12_Alaska.ndpi,C_418070_W_Nassichuk_R_2025_01_21_14_17_12_Alaska.ndpi.ndpa,ec58ca7f5569ee6ffda0f5ebb3eb6259a8384efb6a8b18ee8820d7e1dfdad1e4,18,17,Momipites microfoveolatus,Momipites microfoveolatus,Momipites sp,exact,YES,circle,,
C_418070_W_Nassichuk_R_2025_01_21_14_17_12_Alaska::record_21,C_418070_W_Nassichuk_R_2025_01_21_14_17_12_Alaska,/rhf/allocations/dsci435/smithsonian_full_sp26/raw/Images_with_annotations_for_CNN_training/C_418070_W_Nassichuk_R_2025_01_21_14_17_12_Alaska.ndpi,C_418070_W_Nassichuk_R_2025_01_21_14_17_12_Alaska.ndpi.ndpa,ec58ca7f5569ee6ffda0f5ebb3eb6259a8384efb6a8b18ee8820d7e1dfdad1e4,22,21,Bisaccate,Bisaccate,Bisaccate,exact,YES,circle,,
C_418070_W_Nassichuk_R_2025_01_21_14_17_12_Alaska::record_24,C_418070_W_Nassichuk_R_2025_01_21_14_17_12_Alaska,/rhf/allocations/dsci435/smithsonian_full_sp26/raw/Images_with_annotations_for_CNN_training/C_418070_W_Nassichuk_R_2025_01_21_14_17_12_Alaska.ndpi,C_418070_W_Nassichuk_R_2025_01_21_14_17_12_Alaska.ndpi.ndpa,ec58ca7f5569ee6ffda0f5ebb3eb6259a8384efb6a8b18ee8820d7e1dfdad1e4,25,24,Cyathidites sp.,Cyathidites sp.,Psilatriletes sp.,exact,YES,circle,,
C_418070_W_Nassichuk_R_2025_01_21_14_17_12_Alaska::record_26,C_418070_W_Nassichuk_R_2025_01_21_14_17_12_Alaska,/rhf/allocations/dsci435/smithsonian_full_sp26/raw/Images_with_annotations_for_CNN_training/C_418070_W_Nassichuk_R_2025_01_21_14_17_12_Alaska.ndpi,C_418070_W_Nassichuk_R_2025_01_21_14_17_12_Alaska.ndpi.ndpa,ec58ca7f5569ee6ffda0f5ebb3eb6259a8384efb6a8b18ee8820d7e1dfdad1e4,27,26,Bisaccate,Bisaccate,Bisaccate,exact,YES,circle,,
C_418070_W_Nassichuk_R_2025_01_21_14_17_12_Alaska::record_29,C_418070_W_Nassichuk_R_2025_01_21_14_17_12_Alaska,/rhf/allocations/dsci435/smithsonian_full_sp26/raw/Images_with_annotations_for_CNN_training/C_418070_W_Nassichuk_R_2025_01_21_14_17_12_Alaska.ndpi,C_418070_W_Nassichuk_R_2025_01_21_14_17_12_Alaska.ndpi.ndpa,ec58ca7f5569ee6ffda0f5ebb3eb6259a8384efb6a8b18ee8820d7e1dfdad1e4,30,29,Polyatriopollenites vermontensis,Polyatriopollenites vermontensis,Polyatriopollenites type,exact,YES,circle,,
C_418070_W_Nassichuk_R_2025_01_21_14_17_12_Alaska::record_34,C_418070_W_Nassichuk_R_2025_01_21_14_17_12_Alaska,/rhf/allocations/dsci435/smithsonian_full_sp26/raw/Images_with_annotations_for_CNN_training/C_418070_W_Nassichuk_R_2025_01_21_14_17_12_Alaska.ndpi,C_418070_W_Nassichuk_R_2025_01_21_14_17_12_Alaska.ndpi.ndpa,ec58ca7f5569ee6ffda0f5ebb3eb6259a8384efb6a8b18ee8820d7e1dfdad1e4,35,34,Polyatriopollenites vermontensis,Polyatriopollenites vermontensis,Polyatriopollenites type,exact,YES,circle,,
C_418070_W_Nassichuk_R_2025_01_21_14_17_12_Alaska::record_38,C_418070_W_Nassichuk_R_2025_01_21_14_17_12_Alaska,/rhf/allocations/dsci435/smithsonian_full_sp26/raw/Images_with_annotations_for_CNN_training/C_418070_W_Nassichuk_R_2025_01_21_14_17_12_Alaska.ndpi,C_418070_W_Nassichuk_R_2025_01_21_14_17_12_Alaska.ndpi.ndpa,ec58ca7f5569ee6ffda0f5ebb3eb6259a8384efb6a8b18ee8820d7e1dfdad1e4,39,38,Inaperturopollenites sp.,Inaperturopollenites sp.,Inaperturopollenites sp.,exact,YES,circle,,
C_418070_W_Nassichuk_R_2025_01_21_14_17_12_Alaska::record_56,C_418070_W_Nassichuk_R_2025_01_21_14_17_12_Alaska,/rhf/allocations/dsci435/smithsonian_full_sp26/raw/Images_with_annotations_for_CNN_training/C_418070_W_Nassichuk_R_2025_01_21_14_17_12_Alaska.ndpi,C_418070_W_Nassichuk_R_2025_01_21_14_17_12_Alaska.ndpi.ndpa,ec58ca7f5569ee6ffda0f5ebb3eb6259a8384efb6a8b18ee8820d7e1dfdad1e4,57,56,Psilatriletes sp.,Psilatriletes sp.,Psilatriletes sp.,exact,YES,circle,,
C_418070_W_Nassichuk_R_2025_01_21_14_17_12_Alaska::record_57,C_418070_W_Nassichuk_R_2025_01_21_14_17_12_Alaska,/rhf/allocations/dsci435/smithsonian_full_sp26/raw/Images_with_annotations_for_CNN_training/C_418070_W_Nassichuk_R_2025_01_21_14_17_12_Alaska.ndpi,C_418070_W_Nassichuk_R_2025_01_21_14_17_12_Alaska.ndpi.ndpa,ec58ca7f5569ee6ffda0f5ebb3eb6259a8384efb6a8b18ee8820d7e1dfdad1e4,58,57,Inaperturopollenites sp.,Inaperturopollenites sp.,Inaperturopollenites sp.,exact,YES,circle,,
C_418070_W_Nassichuk_R_2025_01_21_14_17_12_Alaska::record_68,C_418070_W_Nassichuk_R_2025_01_21_14_17_12_Alaska,/rhf/allocations/dsci435/smithsonian_full_sp26/raw/Images_with_annotations_for_CNN_training/C_418070_W_Nassichuk_R_2025_01_21_14_17_12_Alaska.ndpi,C_418070_W_Nassichuk_R_2025_01_21_14_17_12_Alaska.ndpi.ndpa,ec58ca7f5569ee6ffda0f5ebb3eb6259a8384efb6a8b18ee8820d7e1dfdad1e4,69,68,Bisaccate,Bisaccate,Bisaccate,exact,YES,circle,,
C_418070_W_Nassichuk_R_2025_01_21_14_17_12_Alaska::record_105,C_418070_W_Nassichuk_R_2025_01_21_14_17_12_Alaska,/rhf/allocations/dsci435/smithsonian_full_sp26/raw/Images_with_annotations_for_CNN_training/C_418070_W_Nassichuk_R_2025_01_21_14_17_12_Alaska.ndpi,C_418070_W_Nassichuk_R_2025_01_21_14_17_12_Alaska.ndpi.ndpa,ec58ca7f5569ee6ffda0f5ebb3eb6259a8384efb6a8b18ee8820d7e1dfdad1e4,106,105,Bisaccate,Bisaccate,Bisaccate,exact,YES,circle,,
C_418070_W_Nassichuk_R_2025_01_21_14_17_12_Alaska::record_112,C_418070_W_Nassichuk_R_2025_01_21_14_17_12_Alaska,/rhf/allocations/dsci435/smithsonian_full_sp26/raw/Images_with_annotations_for_CNN_training/C_418070_W_Nassichuk_R_2025_01_21_14_17_12_Alaska.ndpi,C_418070_W_Nassichuk_R_2025_01_21_14_17_12_Alaska.ndpi.ndpa,ec58ca7f5569ee6ffda0f5ebb3eb6259a8384efb6a8b18ee8820d7e1dfdad1e4,113,112,Psilatricolpites sp.,Psilatricolpites sp.,Psilatricolpites sp.,exact,YES,circle,,
C_418070_W_Nassichuk_R_2025_01_21_14_17_12_Alaska::record_113,C_418070_W_Nassichuk_R_2025_01_21_14_17_12_Alaska,/rhf/allocations/dsci435/smithsonian_full_sp26/raw/Images_with_annotations_for_CNN_training/C_418070_W_Nassichuk_R_2025_01_21_14_17_12_Alaska.ndpi,C_418070_W_Nassichuk_R_2025_01_21_14_17_12_Alaska.ndpi.ndpa,ec58ca7f5569ee6ffda0f5ebb3eb6259a8384efb6a8b18ee8820d7e1dfdad1e4,114,113,Pistillipollenites sp.,Pistillipollenites sp.,Pistillipollenites sp.,exact,YES,circle,,
C_418070_W_Nassichuk_R_2025_01_21_14_17_12_Alaska::record_119,C_418070_W_Nassichuk_R_2025_01_21_14_17_12_Alaska,/rhf/allocations/dsci435/smithsonian_full_sp26/raw/Images_with_annotations_for_CNN_training/C_418070_W_Nassichuk_R_2025_01_21_14_17_12_Alaska.ndpi,C_418070_W_Nassichuk_R_2025_01_21_14_17_12_Alaska.ndpi.ndpa,ec58ca7f5569ee6ffda0f5ebb3eb6259a8384efb6a8b18ee8820d7e1dfdad1e4,120,119,Quercus sp.,Quercus sp.,Quercus sp.,exact,YES,circle,,
C_418070_W_Nassichuk_R_2025_01_21_14_17_12_Alaska::record_120,C_418070_W_Nassichuk_R_2025_01_21_14_17_12_Alaska,/rhf/allocations/dsci435/smithsonian_full_sp26/raw/Images_with_annotations_for_CNN_training/C_418070_W_Nassichuk_R_2025_01_21_14_17_12_Alaska.ndpi,C_418070_W_Nassichuk_R_2025_01_21_14_17_12_Alaska.ndpi.ndpa,ec58ca7f5569ee6ffda0f5ebb3eb6259a8384efb6a8b18ee8820d7e1dfdad1e4,121,120,Quercus sp.,Quercus sp.,Quercus sp.,exact,YES,circle,,
C_418070_W_Nassichuk_R_2025_01_21_14_17_12_Alaska::record_122,C_418070_W_Nassichuk_R_2025_01_21_14_17_12_Alaska,/rhf/allocations/dsci435/smithsonian_full_sp26/raw/Images_with_annotations_for_CNN_training/C_418070_W_Nassichuk_R_2025_01_21_14_17_12_Alaska.ndpi,C_418070_W_Nassichuk_R_2025_01_21_14_17_12_Alaska.ndpi.ndpa,ec58ca7f5569ee6ffda0f5ebb3eb6259a8384efb6a8b18ee8820d7e1dfdad1e4,123,122,Psilatricolpites sp.,Psilatricolpites sp.,Psilatricolpites sp.,exact,YES,circle,,
C_418070_W_Nassichuk_R_2025_01_21_14_17_12_Alaska::record_123,C_418070_W_Nassichuk_R_2025_01_21_14_17_12_Alaska,/rhf/allocations/dsci435/smithsonian_full_sp26/raw/Images_with_annotations_for_CNN_training/C_418070_W_Nassichuk_R_2025_01_21_14_17_12_Alaska.ndpi,C_418070_W_Nassichuk_R_2025_01_21_14_17_12_Alaska.ndpi.ndpa,ec58ca7f5569ee6ffda0f5ebb3eb6259a8384efb6a8b18ee8820d7e1dfdad1e4,124,123,Bisaccate,Bisaccate,Bisaccate,exact,YES,circle,,
C_418070_W_Nassichuk_R_2025_01_21_14_17_12_Alaska::record_133,C_418070_W_Nassichuk_R_2025_01_21_14_17_12_Alaska,/rhf/allocations/dsci435/smithsonian_full_sp26/raw/Images_with_annotations_for_CNN_training/C_418070_W_Nassichuk_R_2025_01_21_14_17_12_Alaska.ndpi,C_418070_W_Nassichuk_R_2025_01_21_14_17_12_Alaska.ndpi.ndpa,ec58ca7f5569ee6ffda0f5ebb3eb6259a8384efb6a8b18ee8820d7e1dfdad1e4,134,133,Bisaccate,Bisaccate,Bisaccate,exact,YES,circle,,
C_418070_W_Nassichuk_R_2025_01_21_14_17_12_Alaska::record_141,C_418070_W_Nassichuk_R_2025_01_21_14_17_12_Alaska,/rhf/allocations/dsci435/smithsonian_full_sp26/raw/Images_with_annotations_for_CNN_training/C_418070_W_Nassichuk_R_2025_01_21_14_17_12_Alaska.ndpi,C_418070_W_Nassichuk_R_2025_01_21_14_17_12_Alaska.ndpi.ndpa,ec58ca7f5569ee6ffda0f5ebb3eb6259a8384efb6a8b18ee8820d7e1dfdad1e4,142,141,Inaperturopollenites sp.,Inaperturopollenites sp.,Inaperturopollenites sp.,exact,YES,circle,,
C_418070_W_Nassichuk_R_2025_01_21_14_17_12_Alaska::record_142,C_418070_W_Nassichuk_R_2025_01_21_14_17_12_Alaska,/rhf/allocations/dsci435/smithsonian_full_sp26/raw/Images_with_annotations_for_CNN_training/C_418070_W_Nassichuk_R_2025_01_21_14_17_12_Alaska.ndpi,C_418070_W_Nassichuk_R_2025_01_21_14_17_12_Alaska.ndpi.ndpa,ec58ca7f5569ee6ffda0f5ebb3eb6259a8384efb6a8b18ee8820d7e1dfdad1e4,143,142,Psilatricolpites sp.,Psilatricolpites sp.,Psilatricolpites sp.,exact,YES,circle,,
C_418070_W_Nassichuk_R_2025_01_21_14_17_12_Alaska::record_159,C_418070_W_Nassichuk_R_2025_01_21_14_17_12_Alaska,/rhf/allocations/dsci435/smithsonian_full_sp26/raw/Images_with_annotations_for_CNN_training/C_418070_W_Nassichuk_R_2025_01_21_14_17_12_Alaska.ndpi,C_418070_W_Nassichuk_R_2025_01_21_14_17_12_Alaska.ndpi.ndpa,ec58ca7f5569ee6ffda0f5ebb3eb6259a8384efb6a8b18ee8820d7e1dfdad1e4,161,159,Ericipites sp.,Ericipites sp.,Ericipites sp.,exact,YES,circle,,
C_418114_W_Nassichuk_L_2025_01_14_16_15_48_Alaska::record_1,C_418114_W_Nassichuk_L_2025_01_14_16_15_48_Alaska,/rhf/allocations/dsci435/smithsonian_full_sp26/raw/Images_with_annotations_for_CNN_training/C_418114_W_Nassichuk_L_2025_01_14_16_15_48_Alaska.ndpi,C_418114_W_Nassichuk_L_2025_01_14_16_15_48_Alaska.ndpi.ndpa,7196b7c65001aae52d05931bc9683a2b091370dd8d87fa6797a2fb370ce28d0b,2,1,Bipol,Bipol,Bisaccate,exact,YES,circle,,
C_418114_W_Nassichuk_L_2025_01_14_16_15_48_Alaska::record_2,C_418114_W_Nassichuk_L_2025_01_14_16_15_48_Alaska,/rhf/allocations/dsci435/smithsonian_full_sp26/raw/Images_with_annotations_for_CNN_training/C_418114_W_Nassichuk_L_2025_01_14_16_15_48_Alaska.ndpi,C_418114_W_Nassichuk_L_2025_01_14_16_15_48_Alaska.ndpi.ndpa,7196b7c65001aae52d05931bc9683a2b091370dd8d87fa6797a2fb370ce28d0b,3,2,Alnipollenites verus,Alnipollenites verus,Alnipollenites verus,exact,YES,circle,,
C_418114_W_Nassichuk_L_2025_01_14_16_15_48_Alaska::record_5,C_418114_W_Nassichuk_L_2025_01_14_16_15_48_Alaska,/rhf/allocations/dsci435/smithsonian_full_sp26/raw/Images_with_annotations_for_CNN_training/C_418114_W_Nassichuk_L_2025_01_14_16_15_48_Alaska.ndpi,C_418114_W_Nassichuk_L_2025_01_14_16_15_48_Alaska.ndpi.ndpa,7196b7c65001aae52d05931bc9683a2b091370dd8d87fa6797a2fb370ce28d0b,6,5,Psilamonocolpites sp.,Psilamonocolpites sp.,Monocolpites sp.,exact,YES,circle,,
C_418114_W_Nassichuk_L_2025_01_14_16_15_48_Alaska::record_6,C_418114_W_Nassichuk_L_2025_01_14_16_15_48_Alaska,/rhf/allocations/dsci435/smithsonian_full_sp26/raw/Images_with_annotations_for_CNN_training/C_418114_W_Nassichuk_L_2025_01_14_16_15_48_Alaska.ndpi,C_418114_W_Nassichuk_L_2025_01_14_16_15_48_Alaska.ndpi.ndpa,7196b7c65001aae52d05931bc9683a2b091370dd8d87fa6797a2fb370ce28d0b,7,6,Polyatriopollenites vermontensis,Polyatriopollenites vermontensis,Polyatriopollenites type,exact,YES,circle,,
C_418114_W_Nassichuk_L_2025_01_14_16_15_48_Alaska::record_8,C_418114_W_Nassichuk_L_2025_01_14_16_15_48_Alaska,/rhf/allocations/dsci435/smithsonian_full_sp26/raw/Images_with_annotations_for_CNN_training/C_418114_W_Nassichuk_L_2025_01_14_16_15_48_Alaska.ndpi,C_418114_W_Nassichuk_L_2025_01_14_16_15_48_Alaska.ndpi.ndpa,7196b7c65001aae52d05931bc9683a2b091370dd8d87fa6797a2fb370ce28d0b,9,8,Alnipollenites verus,Alnipollenites verus,Alnipollenites verus,exact,YES,circle,,
C_418114_W_Nassichuk_L_2025_01_14_16_15_48_Alaska::record_11,C_418114_W_Nassichuk_L_2025_01_14_16_15_48_Alaska,/rhf/allocations/dsci435/smithsonian_full_sp26/raw/Images_with_annotations_for_CNN_training/C_418114_W_Nassichuk_L_2025_01_14_16_15_48_Alaska.ndpi,C_418114_W_Nassichuk_L_2025_01_14_16_15_48_Alaska.ndpi.ndpa,7196b7c65001aae52d05931bc9683a2b091370dd8d87fa6797a2fb370ce28d0b,12,11,Bipol,Bipol,Bisaccate,exact,YES,circle,,
C_418114_W_Nassichuk_L_2025_01_14_16_15_48_Alaska::record_20,C_418114_W_Nassichuk_L_2025_01_14_16_15_48_Alaska,/rhf/allocations/dsci435/smithsonian_full_sp26/raw/Images_with_annotations_for_CNN_training/C_418114_W_Nassichuk_L_2025_01_14_16_15_48_Alaska.ndpi,C_418114_W_Nassichuk_L_2025_01_14_16_15_48_Alaska.ndpi.ndpa,7196b7c65001aae52d05931bc9683a2b091370dd8d87fa6797a2fb370ce28d0b,21,20,Taxodium sp.,Taxodium sp.,Taxodium sp.,exact,YES,circle,,
C_418114_W_Nassichuk_L_2025_01_14_16_15_48_Alaska::record_22,C_418114_W_Nassichuk_L_2025_01_14_16_15_48_Alaska,/rhf/allocations/dsci435/smithsonian_full_sp26/raw/Images_with_annotations_for_CNN_training/C_418114_W_Nassichuk_L_2025_01_14_16_15_48_Alaska.ndpi,C_418114_W_Nassichuk_L_2025_01_14_16_15_48_Alaska.ndpi.ndpa,7196b7c65001aae52d05931bc9683a2b091370dd8d87fa6797a2fb370ce28d0b,23,22,Polyatriopollenites vermontensis,Polyatriopollenites vermontensis,Polyatriopollenites type,exact,YES,circle,,
C_418114_W_Nassichuk_L_2025_01_14_16_15_48_Alaska::record_25,C_418114_W_Nassichuk_L_2025_01_14_16_15_48_Alaska,/rhf/allocations/dsci435/smithsonian_full_sp26/raw/Images_with_annotations_for_CNN_training/C_418114_W_Nassichuk_L_2025_01_14_16_15_48_Alaska.ndpi,C_418114_W_Nassichuk_L_2025_01_14_16_15_48_Alaska.ndpi.ndpa,7196b7c65001aae52d05931bc9683a2b091370dd8d87fa6797a2fb370ce28d0b,26,25,Taxodium sp.,Taxodium sp.,Taxodium sp.,exact,YES,circle,,
C_418114_W_Nassichuk_L_2025_01_14_16_15_48_Alaska::record_28,C_418114_W_Nassichuk_L_2025_01_14_16_15_48_Alaska,/rhf/allocations/dsci435/smithsonian_full_sp26/raw/Images_with_annotations_for_CNN_training/C_418114_W_Nassichuk_L_2025_01_14_16_15_48_Alaska.ndpi,C_418114_W_Nassichuk_L_2025_01_14_16_15_48_Alaska.ndpi.ndpa,7196b7c65001aae52d05931bc9683a2b091370dd8d87fa6797a2fb370ce28d0b,29,28,Bipol,Bipol,Bisaccate,exact,YES,circle,,
C_418114_W_Nassichuk_L_2025_01_14_16_15_48_Alaska::record_30,C_418114_W_Nassichuk_L_2025_01_14_16_15_48_Alaska,/rhf/allocations/dsci435/smithsonian_full_sp26/raw/Images_with_annotations_for_CNN_training/C_418114_W_Nassichuk_L_2025_01_14_16_15_48_Alaska.ndpi,C_418114_W_Nassichuk_L_2025_01_14_16_15_48_Alaska.ndpi.ndpa,7196b7c65001aae52d05931bc9683a2b091370dd8d87fa6797a2fb370ce28d0b,31,30,Inaperturopollenites sp.,Inaperturopollenites sp.,Inaperturopollenites sp.,exact,YES,circle,,
C_418114_W_Nassichuk_L_2025_01_14_16_15_48_Alaska::record_32,C_418114_W_Nassichuk_L_2025_01_14_16_15_48_Alaska,/rhf/allocations/dsci435/smithsonian_full_sp26/raw/Images_with_annotations_for_CNN_training/C_418114_W_Nassichuk_L_2025_01_14_16_15_48_Alaska.ndpi,C_418114_W_Nassichuk_L_2025_01_14_16_15_48_Alaska.ndpi.ndpa,7196b7c65001aae52d05931bc9683a2b091370dd8d87fa6797a2fb370ce28d0b,33,32,Taxodium sp.,Taxodium sp.,Taxodium sp.,exact,YES,circle,,
C_418114_W_Nassichuk_L_2025_01_14_16_15_48_Alaska::record_35,C_418114_W_Nassichuk_L_2025_01_14_16_15_48_Alaska,/rhf/allocations/dsci435/smithsonian_full_sp26/raw/Images_with_annotations_for_CNN_training/C_418114_W_Nassichuk_L_2025_01_14_16_15_48_Alaska.ndpi,C_418114_W_Nassichuk_L_2025_01_14_16_15_48_Alaska.ndpi.ndpa,7196b7c65001aae52d05931bc9683a2b091370dd8d87fa6797a2fb370ce28d0b,36,35,Taxodium sp.,Taxodium sp.,Taxodium sp.,exact,YES,circle,,
C_418114_W_Nassichuk_L_2025_01_14_16_15_48_Alaska::record_38,C_418114_W_Nassichuk_L_2025_01_14_16_15_48_Alaska,/rhf/allocations/dsci435/smithsonian_full_sp26/raw/Images_with_annotations_for_CNN_training/C_418114_W_Nassichuk_L_2025_01_14_16_15_48_Alaska.ndpi,C_418114_W_Nassichuk_L_2025_01_14_16_15_48_Alaska.ndpi.ndpa,7196b7c65001aae52d05931bc9683a2b091370dd8d87fa6797a2fb370ce28d0b,39,38,Taxodium sp.,Taxodium sp.,Taxodium sp.,exact,YES,circle,,
C_418114_W_Nassichuk_L_2025_01_14_16_15_48_Alaska::record_40,C_418114_W_Nassichuk_L_2025_01_14_16_15_48_Alaska,/rhf/allocations/dsci435/smithsonian_full_sp26/raw/Images_with_annotations_for_CNN_training/C_418114_W_Nassichuk_L_2025_01_14_16_15_48_Alaska.ndpi,C_418114_W_Nassichuk_L_2025_01_14_16_15_48_Alaska.ndpi.ndpa,7196b7c65001aae52d05931bc9683a2b091370dd8d87fa6797a2fb370ce28d0b,41,40,Betulaceae,Betulaceae,Betulaceae,exact,YES,circle,,
C_418114_W_Nassichuk_L_2025_01_14_16_15_48_Alaska::record_44,C_418114_W_Nassichuk_L_2025_01_14_16_15_48_Alaska,/rhf/allocations/dsci435/smithsonian_full_sp26/raw/Images_with_annotations_for_CNN_training/C_418114_W_Nassichuk_L_2025_01_14_16_15_48_Alaska.ndpi,C_418114_W_Nassichuk_L_2025_01_14_16_15_48_Alaska.ndpi.ndpa,7196b7c65001aae52d05931bc9683a2b091370dd8d87fa6797a2fb370ce28d0b,45,44,Taxodium sp.,Taxodium sp.,Taxodium sp.,exact,YES,circle,,
C_418114_W_Nassichuk_L_2025_01_14_16_15_48_Alaska::record_46,C_418114_W_Nassichuk_L_2025_01_14_16_15_48_Alaska,/rhf/allocations/dsci435/smithsonian_full_sp26/raw/Images_with_annotations_for_CNN_training/C_418114_W_Nassichuk_L_2025_01_14_16_15_48_Alaska.ndpi,C_418114_W_Nassichuk_L_2025_01_14_16_15_48_Alaska.ndpi.ndpa,7196b7c65001aae52d05931bc9683a2b091370dd8d87fa6797a2fb370ce28d0b,47,46,Psilatricolpites sp.,Psilatricolpites sp.,Psilatricolpites sp.,exact,YES,circle,,
C_418114_W_Nassichuk_L_2025_01_14_16_15_48_Alaska::record_47,C_418114_W_Nassichuk_L_2025_01_14_16_15_48_Alaska,/rhf/allocations/dsci435/smithsonian_full_sp26/raw/Images_with_annotations_for_CNN_training/C_418114_W_Nassichuk_L_2025_01_14_16_15_48_Alaska.ndpi,C_418114_W_Nassichuk_L_2025_01_14_16_15_48_Alaska.ndpi.ndpa,7196b7c65001aae52d05931bc9683a2b091370dd8d87fa6797a2fb370ce28d0b,48,47,Bipol,Bipol,Bisaccate,exact,YES,circle,,
C_418114_W_Nassichuk_L_2025_01_14_16_15_48_Alaska::record_53,C_418114_W_Nassichuk_L_2025_01_14_16_15_48_Alaska,/rhf/allocations/dsci435/smithsonian_full_sp26/raw/Images_with_annotations_for_CNN_training/C_418114_W_Nassichuk_L_2025_01_14_16_15_48_Alaska.ndpi,C_418114_W_Nassichuk_L_2025_01_14_16_15_48_Alaska.ndpi.ndpa,7196b7c65001aae52d05931bc9683a2b091370dd8d87fa6797a2fb370ce28d0b,54,53,Alnipollenites verus,Alnipollenites verus,Alnipollenites verus,exact,YES,circle,,
C_418114_W_Nassichuk_L_2025_01_14_16_15_48_Alaska::record_63,C_418114_W_Nassichuk_L_2025_01_14_16_15_48_Alaska,/rhf/allocations/dsci435/smithsonian_full_sp26/raw/Images_with_annotations_for_CNN_training/C_418114_W_Nassichuk_L_2025_01_14_16_15_48_Alaska.ndpi,C_418114_W_Nassichuk_L_2025_01_14_16_15_48_Alaska.ndpi.ndpa,7196b7c65001aae52d05931bc9683a2b091370dd8d87fa6797a2fb370ce28d0b,64,63,Taxodium sp.,Taxodium sp.,Taxodium sp.,exact,YES,circle,,
C_418114_W_Nassichuk_L_2025_01_14_16_15_48_Alaska::record_68,C_418114_W_Nassichuk_L_2025_01_14_16_15_48_Alaska,/rhf/allocations/dsci435/smithsonian_full_sp26/raw/Images_with_annotations_for_CNN_training/C_418114_W_Nassichuk_L_2025_01_14_16_15_48_Alaska.ndpi,C_418114_W_Nassichuk_L_2025_01_14_16_15_48_Alaska.ndpi.ndpa,7196b7c65001aae52d05931bc9683a2b091370dd8d87fa6797a2fb370ce28d0b,69,68,Betulaceae,Betulaceae,Betulaceae,exact,YES,circle,,
C_418114_W_Nassichuk_L_2025_01_14_16_15_48_Alaska::record_69,C_418114_W_Nassichuk_L_2025_01_14_16_15_48_Alaska,/rhf/allocations/dsci435/smithsonian_full_sp26/raw/Images_with_annotations_for_CNN_training/C_418114_W_Nassichuk_L_2025_01_14_16_15_48_Alaska.ndpi,C_418114_W_Nassichuk_L_2025_01_14_16_15_48_Alaska.ndpi.ndpa,7196b7c65001aae52d05931bc9683a2b091370dd8d87fa6797a2fb370ce28d0b,70,69,Taxodium sp.,Taxodium sp.,Taxodium sp.,exact,YES,circle,,
C_418114_W_Nassichuk_L_2025_01_14_16_15_48_Alaska::record_70,C_418114_W_Nassichuk_L_2025_01_14_16_15_48_Alaska,/rhf/allocations/dsci435/smithsonian_full_sp26/raw/Images_with_annotations_for_CNN_training/C_418114_W_Nassichuk_L_2025_01_14_16_15_48_Alaska.ndpi,C_418114_W_Nassichuk_L_2025_01_14_16_15_48_Alaska.ndpi.ndpa,7196b7c65001aae52d05931bc9683a2b091370dd8d87fa6797a2fb370ce28d0b,72,70,Psilatricolpites sp.,Psilatricolpites sp.,Psilatricolpites sp.,exact,YES,circle,,"Tricolpites
"
C_418114_W_Nassichuk_L_2025_01_14_16_15_48_Alaska::record_72,C_418114_W_Nassichuk_L_2025_01_14_16_15_48_Alaska,/rhf/allocations/dsci435/smithsonian_full_sp26/raw/Images_with_annotations_for_CNN_training/C_418114_W_Nassichuk_L_2025_01_14_16_15_48_Alaska.ndpi,C_418114_W_Nassichuk_L_2025_01_14_16_15_48_Alaska.ndpi.ndpa,7196b7c65001aae52d05931bc9683a2b091370dd8d87fa6797a2fb370ce28d0b,74,72,Taxodium sp.,Taxodium sp.,Taxodium sp.,exact,YES,circle,,
C_418114_W_Nassichuk_L_2025_01_14_16_15_48_Alaska::record_76,C_418114_W_Nassichuk_L_2025_01_14_16_15_48_Alaska,/rhf/allocations/dsci435/smithsonian_full_sp26/raw/Images_with_annotations_for_CNN_training/C_418114_W_Nassichuk_L_2025_01_14_16_15_48_Alaska.ndpi,C_418114_W_Nassichuk_L_2025_01_14_16_15_48_Alaska.ndpi.ndpa,7196b7c65001aae52d05931bc9683a2b091370dd8d87fa6797a2fb370ce28d0b,78,76,Psilatricolpites sp.,Psilatricolpites sp.,Psilatricolpites sp.,exact,YES,circle,,
C_418114_W_Nassichuk_L_2025_01_14_16_15_48_Alaska::record_82,C_418114_W_Nassichuk_L_2025_01_14_16_15_48_Alaska,/rhf/allocations/dsci435/smithsonian_full_sp26/raw/Images_with_annotations_for_CNN_training/C_418114_W_Nassichuk_L_2025_01_14_16_15_48_Alaska.ndpi,C_418114_W_Nassichuk_L_2025_01_14_16_15_48_Alaska.ndpi.ndpa,7196b7c65001aae52d05931bc9683a2b091370dd8d87fa6797a2fb370ce28d0b,84,82,Alnipollenites verus,Alnipollenites verus,Alnipollenites verus,exact,YES,circle,,
C_418114_W_Nassichuk_L_2025_01_14_16_15_48_Alaska::record_84,C_418114_W_Nassichuk_L_2025_01_14_16_15_48_Alaska,/rhf/allocations/dsci435/smithsonian_full_sp26/raw/Images_with_annotations_for_CNN_training/C_418114_W_Nassichuk_L_2025_01_14_16_15_48_Alaska.ndpi,C_418114_W_Nassichuk_L_2025_01_14_16_15_48_Alaska.ndpi.ndpa,7196b7c65001aae52d05931bc9683a2b091370dd8d87fa6797a2fb370ce28d0b,86,84,Horniella sp.,Horniella sp.,Rhoipites sp.,exact,YES,circle,,
C_418114_W_Nassichuk_L_2025_01_14_16_15_48_Alaska::record_86,C_418114_W_Nassichuk_L_2025_01_14_16_15_48_Alaska,/rhf/allocations/dsci435/smithsonian_full_sp26/raw/Images_with_annotations_for_CNN_training/C_418114_W_Nassichuk_L_2025_01_14_16_15_48_Alaska.ndpi,C_418114_W_Nassichuk_L_2025_01_14_16_15_48_Alaska.ndpi.ndpa,7196b7c65001aae52d05931bc9683a2b091370dd8d87fa6797a2fb370ce28d0b,88,86,Psilatricolpites sp.,Psilatricolpites sp.,Psilatricolpites sp.,exact,YES,circle,,
C_418114_W_Nassichuk_L_2025_01_14_16_15_48_Alaska::record_87,C_418114_W_Nassichuk_L_2025_01_14_16_15_48_Alaska,/rhf/allocations/dsci435/smithsonian_full_sp26/raw/Images_with_annotations_for_CNN_training/C_418114_W_Nassichuk_L_2025_01_14_16_15_48_Alaska.ndpi,C_418114_W_Nassichuk_L_2025_01_14_16_15_48_Alaska.ndpi.ndpa,7196b7c65001aae52d05931bc9683a2b091370dd8d87fa6797a2fb370ce28d0b,89,87,Psilatricolpites sp.,Psilatricolpites sp.,Psilatricolpites sp.,exact,YES,circle,,
C_418114_W_Nassichuk_L_2025_01_14_16_15_48_Alaska::record_88,C_418114_W_Nassichuk_L_2025_01_14_16_15_48_Alaska,/rhf/allocations/dsci435/smithsonian_full_sp26/raw/Images_with_annotations_for_CNN_training/C_418114_W_Nassichuk_L_2025_01_14_16_15_48_Alaska.ndpi,C_418114_W_Nassichuk_L_2025_01_14_16_15_48_Alaska.ndpi.ndpa,7196b7c65001aae52d05931bc9683a2b091370dd8d87fa6797a2fb370ce28d0b,90,88,Horniella sp.,Horniella sp.,Rhoipites sp.,exact,YES,circle,,
C_418114_W_Nassichuk_L_2025_01_14_16_15_48_Alaska::record_89,C_418114_W_Nassichuk_L_2025_01_14_16_15_48_Alaska,/rhf/allocations/dsci435/smithsonian_full_sp26/raw/Images_with_annotations_for_CNN_training/C_418114_W_Nassichuk_L_2025_01_14_16_15_48_Alaska.ndpi,C_418114_W_Nassichuk_L_2025_01_14_16_15_48_Alaska.ndpi.ndpa,7196b7c65001aae52d05931bc9683a2b091370dd8d87fa6797a2fb370ce28d0b,91,89,Taxodium sp.,Taxodium sp.,Taxodium sp.,exact,YES,circle,,
C_418114_W_Nassichuk_L_2025_01_14_16_15_48_Alaska::record_92,C_418114_W_Nassichuk_L_2025_01_14_16_15_48_Alaska,/rhf/allocations/dsci435/smithsonian_full_sp26/raw/Images_with_annotations_for_CNN_training/C_418114_W_Nassichuk_L_2025_01_14_16_15_48_Alaska.ndpi,C_418114_W_Nassichuk_L_2025_01_14_16_15_48_Alaska.ndpi.ndpa,7196b7c65001aae52d05931bc9683a2b091370dd8d87fa6797a2fb370ce28d0b,94,92,Psilatricolpites sp.,Psilatricolpites sp.,Psilatricolpites sp.,exact,YES,circle,,
C_418114_W_Nassichuk_L_2025_01_14_16_15_48_Alaska::record_96,C_418114_W_Nassichuk_L_2025_01_14_16_15_48_Alaska,/rhf/allocations/dsci435/smithsonian_full_sp26/raw/Images_with_annotations_for_CNN_training/C_418114_W_Nassichuk_L_2025_01_14_16_15_48_Alaska.ndpi,C_418114_W_Nassichuk_L_2025_01_14_16_15_48_Alaska.ndpi.ndpa,7196b7c65001aae52d05931bc9683a2b091370dd8d87fa6797a2fb370ce28d0b,98,96,Taxodium sp.,Taxodium sp.,Taxodium sp.,exact,YES,circle,,Corollina?
C_418114_W_Nassichuk_L_2025_01_14_16_15_48_Alaska::record_106,C_418114_W_Nassichuk_L_2025_01_14_16_15_48_Alaska,/rhf/allocations/dsci435/smithsonian_full_sp26/raw/Images_with_annotations_for_CNN_training/C_418114_W_Nassichuk_L_2025_01_14_16_15_48_Alaska.ndpi,C_418114_W_Nassichuk_L_2025_01_14_16_15_48_Alaska.ndpi.ndpa,7196b7c65001aae52d05931bc9683a2b091370dd8d87fa6797a2fb370ce28d0b,108,106,Taxodium sp.,Taxodium sp.,Taxodium sp.,exact,YES,circle,,
C_418114_W_Nassichuk_L_2025_01_14_16_15_48_Alaska::record_114,C_418114_W_Nassichuk_L_2025_01_14_16_15_48_Alaska,/rhf/allocations/dsci435/smithsonian_full_sp26/raw/Images_with_annotations_for_CNN_training/C_418114_W_Nassichuk_L_2025_01_14_16_15_48_Alaska.ndpi,C_418114_W_Nassichuk_L_2025_01_14_16_15_48_Alaska.ndpi.ndpa,7196b7c65001aae52d05931bc9683a2b091370dd8d87fa6797a2fb370ce28d0b,116,114,Alnipollenites verus,Alnipollenites verus,Alnipollenites verus,exact,YES,circle,,
C_418114_W_Nassichuk_L_2025_01_14_16_15_48_Alaska::record_116,C_418114_W_Nassichuk_L_2025_01_14_16_15_48_Alaska,/rhf/allocations/dsci435/smithsonian_full_sp26/raw/Images_with_annotations_for_CNN_training/C_418114_W_Nassichuk_L_2025_01_14_16_15_48_Alaska.ndpi,C_418114_W_Nassichuk_L_2025_01_14_16_15_48_Alaska.ndpi.ndpa,7196b7c65001aae52d05931bc9683a2b091370dd8d87fa6797a2fb370ce28d0b,118,116,Bipol,Bipol,Bisaccate,exact,YES,circle,,
C_418114_W_Nassichuk_L_2025_01_14_16_15_48_Alaska::record_118,C_418114_W_Nassichuk_L_2025_01_14_16_15_48_Alaska,/rhf/allocations/dsci435/smithsonian_full_sp26/raw/Images_with_annotations_for_CNN_training/C_418114_W_Nassichuk_L_2025_01_14_16_15_48_Alaska.ndpi,C_418114_W_Nassichuk_L_2025_01_14_16_15_48_Alaska.ndpi.ndpa,7196b7c65001aae52d05931bc9683a2b091370dd8d87fa6797a2fb370ce28d0b,120,118,Alnipollenites verus,Alnipollenites verus,Alnipollenites verus,exact,YES,circle,,
C_418114_W_Nassichuk_L_2025_01_14_16_15_48_Alaska::record_119,C_418114_W_Nassichuk_L_2025_01_14_16_15_48_Alaska,/rhf/allocations/dsci435/smithsonian_full_sp26/raw/Images_with_annotations_for_CNN_training/C_418114_W_Nassichuk_L_2025_01_14_16_15_48_Alaska.ndpi,C_418114_W_Nassichuk_L_2025_01_14_16_15_48_Alaska.ndpi.ndpa,7196b7c65001aae52d05931bc9683a2b091370dd8d87fa6797a2fb370ce28d0b,121,119,Alnipollenites verus,Alnipollenites verus,Alnipollenites verus,exact,YES,circle,,
C_418114_W_Nassichuk_L_2025_01_14_16_15_48_Alaska::record_126,C_418114_W_Nassichuk_L_2025_01_14_16_15_48_Alaska,/rhf/allocations/dsci435/smithsonian_full_sp26/raw/Images_with_annotations_for_CNN_training/C_418114_W_Nassichuk_L_2025_01_14_16_15_48_Alaska.ndpi,C_418114_W_Nassichuk_L_2025_01_14_16_15_48_Alaska.ndpi.ndpa,7196b7c65001aae52d05931bc9683a2b091370dd8d87fa6797a2fb370ce28d0b,128,126,Psilatricolpites sp.,Psilatricolpites sp.,Psilatricolpites sp.,exact,YES,circle,,
C_418114_W_Nassichuk_L_2025_01_14_16_15_48_Alaska::record_128,C_418114_W_Nassichuk_L_2025_01_14_16_15_48_Alaska,/rhf/allocations/dsci435/smithsonian_full_sp26/raw/Images_with_annotations_for_CNN_training/C_418114_W_Nassichuk_L_2025_01_14_16_15_48_Alaska.ndpi,C_418114_W_Nassichuk_L_2025_01_14_16_15_48_Alaska.ndpi.ndpa,7196b7c65001aae52d05931bc9683a2b091370dd8d87fa6797a2fb370ce28d0b,130,128,Inaperturopollenites sp.,Inaperturopollenites sp.,Inaperturopollenites sp.,exact,YES,circle,,
C_418114_W_Nassichuk_L_2025_01_14_16_15_48_Alaska::record_135,C_418114_W_Nassichuk_L_2025_01_14_16_15_48_Alaska,/rhf/allocations/dsci435/smithsonian_full_sp26/raw/Images_with_annotations_for_CNN_training/C_418114_W_Nassichuk_L_2025_01_14_16_15_48_Alaska.ndpi,C_418114_W_Nassichuk_L_2025_01_14_16_15_48_Alaska.ndpi.ndpa,7196b7c65001aae52d05931bc9683a2b091370dd8d87fa6797a2fb370ce28d0b,137,135,Inaperturopollenites sp.,Inaperturopollenites sp.,Inaperturopollenites sp.,exact,YES,circle,,
C_418114_W_Nassichuk_L_2025_01_14_16_15_48_Alaska::record_136,C_418114_W_Nassichuk_L_2025_01_14_16_15_48_Alaska,/rhf/allocations/dsci435/smithsonian_full_sp26/raw/Images_with_annotations_for_CNN_training/C_418114_W_Nassichuk_L_2025_01_14_16_15_48_Alaska.ndpi,C_418114_W_Nassichuk_L_2025_01_14_16_15_48_Alaska.ndpi.ndpa,7196b7c65001aae52d05931bc9683a2b091370dd8d87fa6797a2fb370ce28d0b,138,136,Alnipollenites verus,Alnipollenites verus,Alnipollenites verus,exact,YES,circle,,
C_418114_W_Nassichuk_L_2025_01_14_16_15_48_Alaska::record_137,C_418114_W_Nassichuk_L_2025_01_14_16_15_48_Alaska,/rhf/allocations/dsci435/smithsonian_full_sp26/raw/Images_with_annotations_for_CNN_training/C_418114_W_Nassichuk_L_2025_01_14_16_15_48_Alaska.ndpi,C_418114_W_Nassichuk_L_2025_01_14_16_15_48_Alaska.ndpi.ndpa,7196b7c65001aae52d05931bc9683a2b091370dd8d87fa6797a2fb370ce28d0b,139,137,Bipol,Bipol,Bisaccate,exact,YES,circle,,
C_418114_W_Nassichuk_L_2025_01_14_16_15_48_Alaska::record_138,C_418114_W_Nassichuk_L_2025_01_14_16_15_48_Alaska,/rhf/allocations/dsci435/smithsonian_full_sp26/raw/Images_with_annotations_for_CNN_training/C_418114_W_Nassichuk_L_2025_01_14_16_15_48_Alaska.ndpi,C_418114_W_Nassichuk_L_2025_01_14_16_15_48_Alaska.ndpi.ndpa,7196b7c65001aae52d05931bc9683a2b091370dd8d87fa6797a2fb370ce28d0b,140,138,Taxodium sp.,Taxodium sp.,Taxodium sp.,exact,YES,circle,,
C_418114_W_Nassichuk_L_2025_01_14_16_15_48_Alaska::record_139,C_418114_W_Nassichuk_L_2025_01_14_16_15_48_Alaska,/rhf/allocations/dsci435/smithsonian_full_sp26/raw/Images_with_annotations_for_CNN_training/C_418114_W_Nassichuk_L_2025_01_14_16_15_48_Alaska.ndpi,C_418114_W_Nassichuk_L_2025_01_14_16_15_48_Alaska.ndpi.ndpa,7196b7c65001aae52d05931bc9683a2b091370dd8d87fa6797a2fb370ce28d0b,141,139,Taxodium sp.,Taxodium sp.,Taxodium sp.,exact,YES,circle,,
C_418114_W_Nassichuk_L_2025_01_14_16_15_48_Alaska::record_140,C_418114_W_Nassichuk_L_2025_01_14_16_15_48_Alaska,/rhf/allocations/dsci435/smithsonian_full_sp26/raw/Images_with_annotations_for_CNN_training/C_418114_W_Nassichuk_L_2025_01_14_16_15_48_Alaska.ndpi,C_418114_W_Nassichuk_L_2025_01_14_16_15_48_Alaska.ndpi.ndpa,7196b7c65001aae52d05931bc9683a2b091370dd8d87fa6797a2fb370ce28d0b,142,140,Alnipollenites verus,Alnipollenites verus,Alnipollenites verus,exact,YES,circle,,
C_418114_W_Nassichuk_L_2025_01_14_16_15_48_Alaska::record_141,C_418114_W_Nassichuk_L_2025_01_14_16_15_48_Alaska,/rhf/allocations/dsci435/smithsonian_full_sp26/raw/Images_with_annotations_for_CNN_training/C_418114_W_Nassichuk_L_2025_01_14_16_15_48_Alaska.ndpi,C_418114_W_Nassichuk_L_2025_01_14_16_15_48_Alaska.ndpi.ndpa,7196b7c65001aae52d05931bc9683a2b091370dd8d87fa6797a2fb370ce28d0b,143,141,Psilatricolpites sp.,Psilatricolpites sp.,Psilatricolpites sp.,exact,YES,circle,,
C_418114_W_Nassichuk_L_2025_01_14_16_15_48_Alaska::record_151,C_418114_W_Nassichuk_L_2025_01_14_16_15_48_Alaska,/rhf/allocations/dsci435/smithsonian_full_sp26/raw/Images_with_annotations_for_CNN_training/C_418114_W_Nassichuk_L_2025_01_14_16_15_48_Alaska.ndpi,C_418114_W_Nassichuk_L_2025_01_14_16_15_48_Alaska.ndpi.ndpa,7196b7c65001aae52d05931bc9683a2b091370dd8d87fa6797a2fb370ce28d0b,153,151,Alnipollenites verus,Alnipollenites verus,Alnipollenites verus,exact,YES,circle,,
C_418114_W_Nassichuk_L_2025_01_14_16_15_48_Alaska::record_152,C_418114_W_Nassichuk_L_2025_01_14_16_15_48_Alaska,/rhf/allocations/dsci435/smithsonian_full_sp26/raw/Images_with_annotations_for_CNN_training/C_418114_W_Nassichuk_L_2025_01_14_16_15_48_Alaska.ndpi,C_418114_W_Nassichuk_L_2025_01_14_16_15_48_Alaska.ndpi.ndpa,7196b7c65001aae52d05931bc9683a2b091370dd8d87fa6797a2fb370ce28d0b,154,152,Taxodium sp.,Taxodium sp.,Taxodium sp.,exact,YES,circle,,
C_418114_W_Nassichuk_L_2025_01_14_16_15_48_Alaska::record_154,C_418114_W_Nassichuk_L_2025_01_14_16_15_48_Alaska,/rhf/allocations/dsci435/smithsonian_full_sp26/raw/Images_with_annotations_for_CNN_training/C_418114_W_Nassichuk_L_2025_01_14_16_15_48_Alaska.ndpi,C_418114_W_Nassichuk_L_2025_01_14_16_15_48_Alaska.ndpi.ndpa,7196b7c65001aae52d05931bc9683a2b091370dd8d87fa6797a2fb370ce28d0b,156,154,Bipol,Bipol,Bisaccate,exact,YES,circle,,
C_418114_W_Nassichuk_L_2025_01_14_16_15_48_Alaska::record_157,C_418114_W_Nassichuk_L_2025_01_14_16_15_48_Alaska,/rhf/allocations/dsci435/smithsonian_full_sp26/raw/Images_with_annotations_for_CNN_training/C_418114_W_Nassichuk_L_2025_01_14_16_15_48_Alaska.ndpi,C_418114_W_Nassichuk_L_2025_01_14_16_15_48_Alaska.ndpi.ndpa,7196b7c65001aae52d05931bc9683a2b091370dd8d87fa6797a2fb370ce28d0b,159,157,Taxodium sp.,Taxodium sp.,Taxodium sp.,exact,YES,circle,,
C_418114_W_Nassichuk_L_2025_01_14_16_15_48_Alaska::record_160,C_418114_W_Nassichuk_L_2025_01_14_16_15_48_Alaska,/rhf/allocations/dsci435/smithsonian_full_sp26/raw/Images_with_annotations_for_CNN_training/C_418114_W_Nassichuk_L_2025_01_14_16_15_48_Alaska.ndpi,C_418114_W_Nassichuk_L_2025_01_14_16_15_48_Alaska.ndpi.ndpa,7196b7c65001aae52d05931bc9683a2b091370dd8d87fa6797a2fb370ce28d0b,162,160,Taxodium sp.,Taxodium sp.,Taxodium sp.,exact,YES,circle,,
C_418114_W_Nassichuk_L_2025_01_14_16_15_48_Alaska::record_163,C_418114_W_Nassichuk_L_2025_01_14_16_15_48_Alaska,/rhf/allocations/dsci435/smithsonian_full_sp26/raw/Images_with_annotations_for_CNN_training/C_418114_W_Nassichuk_L_2025_01_14_16_15_48_Alaska.ndpi,C_418114_W_Nassichuk_L_2025_01_14_16_15_48_Alaska.ndpi.ndpa,7196b7c65001aae52d05931bc9683a2b091370dd8d87fa6797a2fb370ce28d0b,165,163,Monocolpites sp.,Monocolpites sp.,Monocolpites sp.,exact,YES,circle,,
C_418114_W_Nassichuk_L_2025_01_14_16_15_48_Alaska::record_170,C_418114_W_Nassichuk_L_2025_01_14_16_15_48_Alaska,/rhf/allocations/dsci435/smithsonian_full_sp26/raw/Images_with_annotations_for_CNN_training/C_418114_W_Nassichuk_L_2025_01_14_16_15_48_Alaska.ndpi,C_418114_W_Nassichuk_L_2025_01_14_16_15_48_Alaska.ndpi.ndpa,7196b7c65001aae52d05931bc9683a2b091370dd8d87fa6797a2fb370ce28d0b,172,170,Bipol,Bipol,Bisaccate,exact,YES,circle,,
C_418114_W_Nassichuk_L_2025_01_14_16_15_48_Alaska::record_176,C_418114_W_Nassichuk_L_2025_01_14_16_15_48_Alaska,/rhf/allocations/dsci435/smithsonian_full_sp26/raw/Images_with_annotations_for_CNN_training/C_418114_W_Nassichuk_L_2025_01_14_16_15_48_Alaska.ndpi,C_418114_W_Nassichuk_L_2025_01_14_16_15_48_Alaska.ndpi.ndpa,7196b7c65001aae52d05931bc9683a2b091370dd8d87fa6797a2fb370ce28d0b,178,176,Taxodium sp.,Taxodium sp.,Taxodium sp.,exact,YES,circle,,
C_418114_W_Nassichuk_L_2025_01_14_16_15_48_Alaska::record_183,C_418114_W_Nassichuk_L_2025_01_14_16_15_48_Alaska,/rhf/allocations/dsci435/smithsonian_full_sp26/raw/Images_with_annotations_for_CNN_training/C_418114_W_Nassichuk_L_2025_01_14_16_15_48_Alaska.ndpi,C_418114_W_Nassichuk_L_2025_01_14_16_15_48_Alaska.ndpi.ndpa,7196b7c65001aae52d05931bc9683a2b091370dd8d87fa6797a2fb370ce28d0b,185,183,Alnipollenites verus,Alnipollenites verus,Alnipollenites verus,exact,YES,circle,,
C_418114_W_Nassichuk_L_2025_01_14_16_15_48_Alaska::record_184,C_418114_W_Nassichuk_L_2025_01_14_16_15_48_Alaska,/rhf/allocations/dsci435/smithsonian_full_sp26/raw/Images_with_annotations_for_CNN_training/C_418114_W_Nassichuk_L_2025_01_14_16_15_48_Alaska.ndpi,C_418114_W_Nassichuk_L_2025_01_14_16_15_48_Alaska.ndpi.ndpa,7196b7c65001aae52d05931bc9683a2b091370dd8d87fa6797a2fb370ce28d0b,186,184,Psilatricolpites sp.,Psilatricolpites sp.,Psilatricolpites sp.,exact,YES,circle,,
C_418114_W_Nassichuk_L_2025_01_14_16_15_48_Alaska::record_196,C_418114_W_Nassichuk_L_2025_01_14_16_15_48_Alaska,/rhf/allocations/dsci435/smithsonian_full_sp26/raw/Images_with_annotations_for_CNN_training/C_418114_W_Nassichuk_L_2025_01_14_16_15_48_Alaska.ndpi,C_418114_W_Nassichuk_L_2025_01_14_16_15_48_Alaska.ndpi.ndpa,7196b7c65001aae52d05931bc9683a2b091370dd8d87fa6797a2fb370ce28d0b,198,196,Inaperturopollenites sp.,Inaperturopollenites sp.,Inaperturopollenites sp.,exact,YES,circle,,
C_418114_W_Nassichuk_L_2025_01_14_16_15_48_Alaska::record_197,C_418114_W_Nassichuk_L_2025_01_14_16_15_48_Alaska,/rhf/allocations/dsci435/smithsonian_full_sp26/raw/Images_with_annotations_for_CNN_training/C_418114_W_Nassichuk_L_2025_01_14_16_15_48_Alaska.ndpi,C_418114_W_Nassichuk_L_2025_01_14_16_15_48_Alaska.ndpi.ndpa,7196b7c65001aae52d05931bc9683a2b091370dd8d87fa6797a2fb370ce28d0b,199,197,Alnipollenites verus,Alnipollenites verus,Alnipollenites verus,exact,YES,circle,,
C_418114_W_Nassichuk_L_2025_01_14_16_15_48_Alaska::record_198,C_418114_W_Nassichuk_L_2025_01_14_16_15_48_Alaska,/rhf/allocations/dsci435/smithsonian_full_sp26/raw/Images_with_annotations_for_CNN_training/C_418114_W_Nassichuk_L_2025_01_14_16_15_48_Alaska.ndpi,C_418114_W_Nassichuk_L_2025_01_14_16_15_48_Alaska.ndpi.ndpa,7196b7c65001aae52d05931bc9683a2b091370dd8d87fa6797a2fb370ce28d0b,200,198,Ericipites sp.,Ericipites sp.,Ericipites sp.,exact,YES,circle,,
C_418114_W_Nassichuk_L_2025_01_14_16_15_48_Alaska::record_199,C_418114_W_Nassichuk_L_2025_01_14_16_15_48_Alaska,/rhf/allocations/dsci435/smithsonian_full_sp26/raw/Images_with_annotations_for_CNN_training/C_418114_W_Nassichuk_L_2025_01_14_16_15_48_Alaska.ndpi,C_418114_W_Nassichuk_L_2025_01_14_16_15_48_Alaska.ndpi.ndpa,7196b7c65001aae52d05931bc9683a2b091370dd8d87fa6797a2fb370ce28d0b,201,199,Alnipollenites verus,Alnipollenites verus,Alnipollenites verus,exact,YES,circle,,
C_418114_W_Nassichuk_L_2025_01_14_16_15_48_Alaska::record_200,C_418114_W_Nassichuk_L_2025_01_14_16_15_48_Alaska,/rhf/allocations/dsci435/smithsonian_full_sp26/raw/Images_with_annotations_for_CNN_training/C_418114_W_Nassichuk_L_2025_01_14_16_15_48_Alaska.ndpi,C_418114_W_Nassichuk_L_2025_01_14_16_15_48_Alaska.ndpi.ndpa,7196b7c65001aae52d05931bc9683a2b091370dd8d87fa6797a2fb370ce28d0b,202,200,Taxodium sp.,Taxodium sp.,Taxodium sp.,exact,YES,circle,,
C_418114_W_Nassichuk_L_2025_01_14_16_15_48_Alaska::record_201,C_418114_W_Nassichuk_L_2025_01_14_16_15_48_Alaska,/rhf/allocations/dsci435/smithsonian_full_sp26/raw/Images_with_annotations_for_CNN_training/C_418114_W_Nassichuk_L_2025_01_14_16_15_48_Alaska.ndpi,C_418114_W_Nassichuk_L_2025_01_14_16_15_48_Alaska.ndpi.ndpa,7196b7c65001aae52d05931bc9683a2b091370dd8d87fa6797a2fb370ce28d0b,203,201,Psilatricolpites sp.,Psilatricolpites sp.,Psilatricolpites sp.,exact,YES,circle,,
C_418114_W_Nassichuk_L_2025_01_14_16_15_48_Alaska::record_205,C_418114_W_Nassichuk_L_2025_01_14_16_15_48_Alaska,/rhf/allocations/dsci435/smithsonian_full_sp26/raw/Images_with_annotations_for_CNN_training/C_418114_W_Nassichuk_L_2025_01_14_16_15_48_Alaska.ndpi,C_418114_W_Nassichuk_L_2025_01_14_16_15_48_Alaska.ndpi.ndpa,7196b7c65001aae52d05931bc9683a2b091370dd8d87fa6797a2fb370ce28d0b,207,205,Psilatricolpites sp.,Psilatricolpites sp.,Psilatricolpites sp.,exact,YES,circle,,
C_418114_W_Nassichuk_L_2025_01_14_16_15_48_Alaska::record_206,C_418114_W_Nassichuk_L_2025_01_14_16_15_48_Alaska,/rhf/allocations/dsci435/smithsonian_full_sp26/raw/Images_with_annotations_for_CNN_training/C_418114_W_Nassichuk_L_2025_01_14_16_15_48_Alaska.ndpi,C_418114_W_Nassichuk_L_2025_01_14_16_15_48_Alaska.ndpi.ndpa,7196b7c65001aae52d05931bc9683a2b091370dd8d87fa6797a2fb370ce28d0b,208,206,Psilatricolpites sp.,Psilatricolpites sp.,Psilatricolpites sp.,exact,YES,circle,,
C_418114_W_Nassichuk_L_2025_01_14_16_15_48_Alaska::record_208,C_418114_W_Nassichuk_L_2025_01_14_16_15_48_Alaska,/rhf/allocations/dsci435/smithsonian_full_sp26/raw/Images_with_annotations_for_CNN_training/C_418114_W_Nassichuk_L_2025_01_14_16_15_48_Alaska.ndpi,C_418114_W_Nassichuk_L_2025_01_14_16_15_48_Alaska.ndpi.ndpa,7196b7c65001aae52d05931bc9683a2b091370dd8d87fa6797a2fb370ce28d0b,210,208,Psilatricolpites sp.,Psilatricolpites sp.,Psilatricolpites sp.,exact,YES,circle,,
C_418114_W_Nassichuk_L_2025_01_14_16_15_48_Alaska::record_213,C_418114_W_Nassichuk_L_2025_01_14_16_15_48_Alaska,/rhf/allocations/dsci435/smithsonian_full_sp26/raw/Images_with_annotations_for_CNN_training/C_418114_W_Nassichuk_L_2025_01_14_16_15_48_Alaska.ndpi,C_418114_W_Nassichuk_L_2025_01_14_16_15_48_Alaska.ndpi.ndpa,7196b7c65001aae52d05931bc9683a2b091370dd8d87fa6797a2fb370ce28d0b,215,213,Bipol,Bipol,Bisaccate,exact,YES,circle,,
C_418114_W_Nassichuk_L_2025_01_14_16_15_48_Alaska::record_216,C_418114_W_Nassichuk_L_2025_01_14_16_15_48_Alaska,/rhf/allocations/dsci435/smithsonian_full_sp26/raw/Images_with_annotations_for_CNN_training/C_418114_W_Nassichuk_L_2025_01_14_16_15_48_Alaska.ndpi,C_418114_W_Nassichuk_L_2025_01_14_16_15_48_Alaska.ndpi.ndpa,7196b7c65001aae52d05931bc9683a2b091370dd8d87fa6797a2fb370ce28d0b,218,216,Alnipollenites verus,Alnipollenites verus,Alnipollenites verus,exact,YES,circle,,
C_418114_W_Nassichuk_L_2025_01_14_16_15_48_Alaska::record_220,C_418114_W_Nassichuk_L_2025_01_14_16_15_48_Alaska,/rhf/allocations/dsci435/smithsonian_full_sp26/raw/Images_with_annotations_for_CNN_training/C_418114_W_Nassichuk_L_2025_01_14_16_15_48_Alaska.ndpi,C_418114_W_Nassichuk_L_2025_01_14_16_15_48_Alaska.ndpi.ndpa,7196b7c65001aae52d05931bc9683a2b091370dd8d87fa6797a2fb370ce28d0b,222,220,Taxodium sp.,Taxodium sp.,Taxodium sp.,exact,YES,circle,,
C_418114_W_Nassichuk_L_2025_01_14_16_15_48_Alaska::record_222,C_418114_W_Nassichuk_L_2025_01_14_16_15_48_Alaska,/rhf/allocations/dsci435/smithsonian_full_sp26/raw/Images_with_annotations_for_CNN_training/C_418114_W_Nassichuk_L_2025_01_14_16_15_48_Alaska.ndpi,C_418114_W_Nassichuk_L_2025_01_14_16_15_48_Alaska.ndpi.ndpa,7196b7c65001aae52d05931bc9683a2b091370dd8d87fa6797a2fb370ce28d0b,224,222,Taxodium sp.,Taxodium sp.,Taxodium sp.,exact,YES,circle,,
C_418114_W_Nassichuk_L_2025_01_14_16_15_48_Alaska::record_223,C_418114_W_Nassichuk_L_2025_01_14_16_15_48_Alaska,/rhf/allocations/dsci435/smithsonian_full_sp26/raw/Images_with_annotations_for_CNN_training/C_418114_W_Nassichuk_L_2025_01_14_16_15_48_Alaska.ndpi,C_418114_W_Nassichuk_L_2025_01_14_16_15_48_Alaska.ndpi.ndpa,7196b7c65001aae52d05931bc9683a2b091370dd8d87fa6797a2fb370ce28d0b,225,223,Taxodium sp.,Taxodium sp.,Taxodium sp.,exact,YES,circle,,
C_418114_W_Nassichuk_L_2025_01_14_16_15_48_Alaska::record_231,C_418114_W_Nassichuk_L_2025_01_14_16_15_48_Alaska,/rhf/allocations/dsci435/smithsonian_full_sp26/raw/Images_with_annotations_for_CNN_training/C_418114_W_Nassichuk_L_2025_01_14_16_15_48_Alaska.ndpi,C_418114_W_Nassichuk_L_2025_01_14_16_15_48_Alaska.ndpi.ndpa,7196b7c65001aae52d05931bc9683a2b091370dd8d87fa6797a2fb370ce28d0b,233,231,Psilatricolpites sp.,Psilatricolpites sp.,Psilatricolpites sp.,exact,YES,circle,,
C_418114_W_Nassichuk_L_2025_01_14_16_15_48_Alaska::record_234,C_418114_W_Nassichuk_L_2025_01_14_16_15_48_Alaska,/rhf/allocations/dsci435/smithsonian_full_sp26/raw/Images_with_annotations_for_CNN_training/C_418114_W_Nassichuk_L_2025_01_14_16_15_48_Alaska.ndpi,C_418114_W_Nassichuk_L_2025_01_14_16_15_48_Alaska.ndpi.ndpa,7196b7c65001aae52d05931bc9683a2b091370dd8d87fa6797a2fb370ce28d0b,236,234,Polyatriopollenites vermontensis,Polyatriopollenites vermontensis,Polyatriopollenites type,exact,YES,circle,,
C_418114_W_Nassichuk_L_2025_01_14_16_15_48_Alaska::record_235,C_418114_W_Nassichuk_L_2025_01_14_16_15_48_Alaska,/rhf/allocations/dsci435/smithsonian_full_sp26/raw/Images_with_annotations_for_CNN_training/C_418114_W_Nassichuk_L_2025_01_14_16_15_48_Alaska.ndpi,C_418114_W_Nassichuk_L_2025_01_14_16_15_48_Alaska.ndpi.ndpa,7196b7c65001aae52d05931bc9683a2b091370dd8d87fa6797a2fb370ce28d0b,237,235,Inaperturopollenites sp.,Inaperturopollenites sp.,Inaperturopollenites sp.,exact,YES,circle,,
C_418114_W_Nassichuk_L_2025_01_14_16_15_48_Alaska::record_240,C_418114_W_Nassichuk_L_2025_01_14_16_15_48_Alaska,/rhf/allocations/dsci435/smithsonian_full_sp26/raw/Images_with_annotations_for_CNN_training/C_418114_W_Nassichuk_L_2025_01_14_16_15_48_Alaska.ndpi,C_418114_W_Nassichuk_L_2025_01_14_16_15_48_Alaska.ndpi.ndpa,7196b7c65001aae52d05931bc9683a2b091370dd8d87fa6797a2fb370ce28d0b,242,240,Taxodium sp.,Taxodium sp.,Taxodium sp.,exact,YES,circle,,
C_418114_W_Nassichuk_L_2025_01_14_16_15_48_Alaska::record_242,C_418114_W_Nassichuk_L_2025_01_14_16_15_48_Alaska,/rhf/allocations/dsci435/smithsonian_full_sp26/raw/Images_with_annotations_for_CNN_training/C_418114_W_Nassichuk_L_2025_01_14_16_15_48_Alaska.ndpi,C_418114_W_Nassichuk_L_2025_01_14_16_15_48_Alaska.ndpi.ndpa,7196b7c65001aae52d05931bc9683a2b091370dd8d87fa6797a2fb370ce28d0b,244,242,Alnipollenites verus,Alnipollenites verus,Alnipollenites verus,exact,YES,circle,,
C_418114_W_Nassichuk_L_2025_01_14_16_15_48_Alaska::record_244,C_418114_W_Nassichuk_L_2025_01_14_16_15_48_Alaska,/rhf/allocations/dsci435/smithsonian_full_sp26/raw/Images_with_annotations_for_CNN_training/C_418114_W_Nassichuk_L_2025_01_14_16_15_48_Alaska.ndpi,C_418114_W_Nassichuk_L_2025_01_14_16_15_48_Alaska.ndpi.ndpa,7196b7c65001aae52d05931bc9683a2b091370dd8d87fa6797a2fb370ce28d0b,246,244,Taxodium sp.,Taxodium sp.,Taxodium sp.,exact,YES,circle,,
C_418114_W_Nassichuk_L_2025_01_14_16_15_48_Alaska::record_246,C_418114_W_Nassichuk_L_2025_01_14_16_15_48_Alaska,/rhf/allocations/dsci435/smithsonian_full_sp26/raw/Images_with_annotations_for_CNN_training/C_418114_W_Nassichuk_L_2025_01_14_16_15_48_Alaska.ndpi,C_418114_W_Nassichuk_L_2025_01_14_16_15_48_Alaska.ndpi.ndpa,7196b7c65001aae52d05931bc9683a2b091370dd8d87fa6797a2fb370ce28d0b,248,246,Taxodium sp.,Taxodium sp.,Taxodium sp.,exact,YES,circle,,
C_418114_W_Nassichuk_L_2025_01_14_16_15_48_Alaska::record_247,C_418114_W_Nassichuk_L_2025_01_14_16_15_48_Alaska,/rhf/allocations/dsci435/smithsonian_full_sp26/raw/Images_with_annotations_for_CNN_training/C_418114_W_Nassichuk_L_2025_01_14_16_15_48_Alaska.ndpi,C_418114_W_Nassichuk_L_2025_01_14_16_15_48_Alaska.ndpi.ndpa,7196b7c65001aae52d05931bc9683a2b091370dd8d87fa6797a2fb370ce28d0b,249,247,Juglans nigripites,Juglans nigripites,Polyatriopollenites type,exact,YES,circle,,
C_418114_W_Nassichuk_L_2025_01_14_16_15_48_Alaska::record_248,C_418114_W_Nassichuk_L_2025_01_14_16_15_48_Alaska,/rhf/allocations/dsci435/smithsonian_full_sp26/raw/Images_with_annotations_for_CNN_training/C_418114_W_Nassichuk_L_2025_01_14_16_15_48_Alaska.ndpi,C_418114_W_Nassichuk_L_2025_01_14_16_15_48_Alaska.ndpi.ndpa,7196b7c65001aae52d05931bc9683a2b091370dd8d87fa6797a2fb370ce28d0b,250,248,Bipol,Bipol,Bisaccate,exact,YES,circle,,
C_418114_W_Nassichuk_L_2025_01_14_16_15_48_Alaska::record_249,C_418114_W_Nassichuk_L_2025_01_14_16_15_48_Alaska,/rhf/allocations/dsci435/smithsonian_full_sp26/raw/Images_with_annotations_for_CNN_training/C_418114_W_Nassichuk_L_2025_01_14_16_15_48_Alaska.ndpi,C_418114_W_Nassichuk_L_2025_01_14_16_15_48_Alaska.ndpi.ndpa,7196b7c65001aae52d05931bc9683a2b091370dd8d87fa6797a2fb370ce28d0b,251,249,Horniella sp.,Horniella sp.,Rhoipites sp.,exact,YES,circle,,
C_418114_W_Nassichuk_L_2025_01_14_16_15_48_Alaska::record_251,C_418114_W_Nassichuk_L_2025_01_14_16_15_48_Alaska,/rhf/allocations/dsci435/smithsonian_full_sp26/raw/Images_with_annotations_for_CNN_training/C_418114_W_Nassichuk_L_2025_01_14_16_15_48_Alaska.ndpi,C_418114_W_Nassichuk_L_2025_01_14_16_15_48_Alaska.ndpi.ndpa,7196b7c65001aae52d05931bc9683a2b091370dd8d87fa6797a2fb370ce28d0b,253,251,Juglans nigripites,Juglans nigripites,Polyatriopollenites type,exact,YES,circle,,
C_418114_W_Nassichuk_L_2025_01_14_16_15_48_Alaska::record_260,C_418114_W_Nassichuk_L_2025_01_14_16_15_48_Alaska,/rhf/allocations/dsci435/smithsonian_full_sp26/raw/Images_with_annotations_for_CNN_training/C_418114_W_Nassichuk_L_2025_01_14_16_15_48_Alaska.ndpi,C_418114_W_Nassichuk_L_2025_01_14_16_15_48_Alaska.ndpi.ndpa,7196b7c65001aae52d05931bc9683a2b091370dd8d87fa6797a2fb370ce28d0b,262,260,Caryapollenites sp.,Caryapollenites sp.,Caryapollenites sp.,exact,YES,circle,,
C_418114_W_Nassichuk_L_2025_01_14_16_15_48_Alaska::record_261,C_418114_W_Nassichuk_L_2025_01_14_16_15_48_Alaska,/rhf/allocations/dsci435/smithsonian_full_sp26/raw/Images_with_annotations_for_CNN_training/C_418114_W_Nassichuk_L_2025_01_14_16_15_48_Alaska.ndpi,C_418114_W_Nassichuk_L_2025_01_14_16_15_48_Alaska.ndpi.ndpa,7196b7c65001aae52d05931bc9683a2b091370dd8d87fa6797a2fb370ce28d0b,263,261,Taxodium sp.,Taxodium sp.,Taxodium sp.,exact,YES,circle,,
C_418114_W_Nassichuk_L_2025_01_14_16_15_48_Alaska::record_262,C_418114_W_Nassichuk_L_2025_01_14_16_15_48_Alaska,/rhf/allocations/dsci435/smithsonian_full_sp26/raw/Images_with_annotations_for_CNN_training/C_418114_W_Nassichuk_L_2025_01_14_16_15_48_Alaska.ndpi,C_418114_W_Nassichuk_L_2025_01_14_16_15_48_Alaska.ndpi.ndpa,7196b7c65001aae52d05931bc9683a2b091370dd8d87fa6797a2fb370ce28d0b,264,262,Caryapollenites veripites,Caryapollenites veripites,Caryapollenites veripites,exact,YES,circle,,
C_418114_W_Nassichuk_L_2025_01_14_16_15_48_Alaska::record_263,C_418114_W_Nassichuk_L_2025_01_14_16_15_48_Alaska,/rhf/allocations/dsci435/smithsonian_full_sp26/raw/Images_with_annotations_for_CNN_training/C_418114_W_Nassichuk_L_2025_01_14_16_15_48_Alaska.ndpi,C_418114_W_Nassichuk_L_2025_01_14_16_15_48_Alaska.ndpi.ndpa,7196b7c65001aae52d05931bc9683a2b091370dd8d87fa6797a2fb370ce28d0b,265,263,Ulmipollenites sp.,Ulmipollenites sp.,Ulmipollenites sp.,exact,YES,circle,,
C_418114_W_Nassichuk_L_2025_01_14_16_15_48_Alaska::record_264,C_418114_W_Nassichuk_L_2025_01_14_16_15_48_Alaska,/rhf/allocations/dsci435/smithsonian_full_sp26/raw/Images_with_annotations_for_CNN_training/C_418114_W_Nassichuk_L_2025_01_14_16_15_48_Alaska.ndpi,C_418114_W_Nassichuk_L_2025_01_14_16_15_48_Alaska.ndpi.ndpa,7196b7c65001aae52d05931bc9683a2b091370dd8d87fa6797a2fb370ce28d0b,266,264,Taxodium sp.,Taxodium sp.,Taxodium sp.,exact,YES,circle,,
C_418114_W_Nassichuk_L_2025_01_14_16_15_48_Alaska::record_265,C_418114_W_Nassichuk_L_2025_01_14_16_15_48_Alaska,/rhf/allocations/dsci435/smithsonian_full_sp26/raw/Images_with_annotations_for_CNN_training/C_418114_W_Nassichuk_L_2025_01_14_16_15_48_Alaska.ndpi,C_418114_W_Nassichuk_L_2025_01_14_16_15_48_Alaska.ndpi.ndpa,7196b7c65001aae52d05931bc9683a2b091370dd8d87fa6797a2fb370ce28d0b,267,265,Psilatricolpites sp.,Psilatricolpites sp.,Psilatricolpites sp.,exact,YES,circle,,
C_418114_W_Nassichuk_L_2025_01_14_16_15_48_Alaska::record_266,C_418114_W_Nassichuk_L_2025_01_14_16_15_48_Alaska,/rhf/allocations/dsci435/smithsonian_full_sp26/raw/Images_with_annotations_for_CNN_training/C_418114_W_Nassichuk_L_2025_01_14_16_15_48_Alaska.ndpi,C_418114_W_Nassichuk_L_2025_01_14_16_15_48_Alaska.ndpi.ndpa,7196b7c65001aae52d05931bc9683a2b091370dd8d87fa6797a2fb370ce28d0b,268,266,Taxodium sp.,Taxodium sp.,Taxodium sp.,exact,YES,circle,,
C_418114_W_Nassichuk_L_2025_01_14_16_15_48_Alaska::record_267,C_418114_W_Nassichuk_L_2025_01_14_16_15_48_Alaska,/rhf/allocations/dsci435/smithsonian_full_sp26/raw/Images_with_annotations_for_CNN_training/C_418114_W_Nassichuk_L_2025_01_14_16_15_48_Alaska.ndpi,C_418114_W_Nassichuk_L_2025_01_14_16_15_48_Alaska.ndpi.ndpa,7196b7c65001aae52d05931bc9683a2b091370dd8d87fa6797a2fb370ce28d0b,269,267,Taxodium sp.,Taxodium sp.,Taxodium sp.,exact,YES,circle,,
C_418114_W_Nassichuk_L_2025_01_14_16_15_48_Alaska::record_268,C_418114_W_Nassichuk_L_2025_01_14_16_15_48_Alaska,/rhf/allocations/dsci435/smithsonian_full_sp26/raw/Images_with_annotations_for_CNN_training/C_418114_W_Nassichuk_L_2025_01_14_16_15_48_Alaska.ndpi,C_418114_W_Nassichuk_L_2025_01_14_16_15_48_Alaska.ndpi.ndpa,7196b7c65001aae52d05931bc9683a2b091370dd8d87fa6797a2fb370ce28d0b,270,268,Psilatricolpites sp.,Psilatricolpites sp.,Psilatricolpites sp.,exact,YES,circle,,
C_418114_W_Nassichuk_L_2025_01_14_16_15_48_Alaska::record_270,C_418114_W_Nassichuk_L_2025_01_14_16_15_48_Alaska,/rhf/allocations/dsci435/smithsonian_full_sp26/raw/Images_with_annotations_for_CNN_training/C_418114_W_Nassichuk_L_2025_01_14_16_15_48_Alaska.ndpi,C_418114_W_Nassichuk_L_2025_01_14_16_15_48_Alaska.ndpi.ndpa,7196b7c65001aae52d05931bc9683a2b091370dd8d87fa6797a2fb370ce28d0b,272,270,Alnipollenites verus,Alnipollenites verus,Alnipollenites verus,exact,YES,circle,,
C_418114_W_Nassichuk_L_2025_01_14_16_15_48_Alaska::record_271,C_418114_W_Nassichuk_L_2025_01_14_16_15_48_Alaska,/rhf/allocations/dsci435/smithsonian_full_sp26/raw/Images_with_annotations_for_CNN_training/C_418114_W_Nassichuk_L_2025_01_14_16_15_48_Alaska.ndpi,C_418114_W_Nassichuk_L_2025_01_14_16_15_48_Alaska.ndpi.ndpa,7196b7c65001aae52d05931bc9683a2b091370dd8d87fa6797a2fb370ce28d0b,273,271,Polyatriopollenites vermontensis,Polyatriopollenites vermontensis,Polyatriopollenites type,exact,YES,circle,,
C_418114_W_Nassichuk_L_2025_01_14_16_15_48_Alaska::record_272,C_418114_W_Nassichuk_L_2025_01_14_16_15_48_Alaska,/rhf/allocations/dsci435/smithsonian_full_sp26/raw/Images_with_annotations_for_CNN_training/C_418114_W_Nassichuk_L_2025_01_14_16_15_48_Alaska.ndpi,C_418114_W_Nassichuk_L_2025_01_14_16_15_48_Alaska.ndpi.ndpa,7196b7c65001aae52d05931bc9683a2b091370dd8d87fa6797a2fb370ce28d0b,274,272,Bombacacidites sp.,Bombacacidites sp.,Bombacacidites sp.,exact,YES,circle,,
C_418114_W_Nassichuk_L_2025_01_14_16_15_48_Alaska::record_273,C_418114_W_Nassichuk_L_2025_01_14_16_15_48_Alaska,/rhf/allocations/dsci435/smithsonian_full_sp26/raw/Images_with_annotations_for_CNN_training/C_418114_W_Nassichuk_L_2025_01_14_16_15_48_Alaska.ndpi,C_418114_W_Nassichuk_L_2025_01_14_16_15_48_Alaska.ndpi.ndpa,7196b7c65001aae52d05931bc9683a2b091370dd8d87fa6797a2fb370ce28d0b,275,273,Juglans nigripites,Juglans nigripites,Polyatriopollenites type,exact,YES,circle,,
C_418080_W_Nassichuk_L_2025_01_14_19_14_58_Alaska::record_1,C_418080_W_Nassichuk_L_2025_01_14_19_14_58_Alaska,/rhf/allocations/dsci435/smithsonian_full_sp26/raw/Images_with_annotations_for_CNN_training/C_418080_W_Nassichuk_L_2025_01_14_19_14_58_Alaska.ndpi,C_418080_W_Nassichuk_L_2025_01_14_19_14_58_Alaska.ndpi.ndpa,cd06e896ea5e35ee5f5b42bd29bd6f8c10d7eb578e88a6d4135aec124e3ca4f2,2,1,Bisaccate,Bisaccate,Bisaccate,exact,YES,circle,,
C_418080_W_Nassichuk_L_2025_01_14_19_14_58_Alaska::record_2,C_418080_W_Nassichuk_L_2025_01_14_19_14_58_Alaska,/rhf/allocations/dsci435/smithsonian_full_sp26/raw/Images_with_annotations_for_CNN_training/C_418080_W_Nassichuk_L_2025_01_14_19_14_58_Alaska.ndpi,C_418080_W_Nassichuk_L_2025_01_14_19_14_58_Alaska.ndpi.ndpa,cd06e896ea5e35ee5f5b42bd29bd6f8c10d7eb578e88a6d4135aec124e3ca4f2,3,2,Bisaccate,Bisaccate,Bisaccate,exact,YES,circle,,
C_418080_W_Nassichuk_L_2025_01_14_19_14_58_Alaska::record_3,C_418080_W_Nassichuk_L_2025_01_14_19_14_58_Alaska,/rhf/allocations/dsci435/smithsonian_full_sp26/raw/Images_with_annotations_for_CNN_training/C_418080_W_Nassichuk_L_2025_01_14_19_14_58_Alaska.ndpi,C_418080_W_Nassichuk_L_2025_01_14_19_14_58_Alaska.ndpi.ndpa,cd06e896ea5e35ee5f5b42bd29bd6f8c10d7eb578e88a6d4135aec124e3ca4f2,4,3,Bisaccate,Bisaccate,Bisaccate,exact,YES,circle,,
C_418080_W_Nassichuk_L_2025_01_14_19_14_58_Alaska::record_4,C_418080_W_Nassichuk_L_2025_01_14_19_14_58_Alaska,/rhf/allocations/dsci435/smithsonian_full_sp26/raw/Images_with_annotations_for_CNN_training/C_418080_W_Nassichuk_L_2025_01_14_19_14_58_Alaska.ndpi,C_418080_W_Nassichuk_L_2025_01_14_19_14_58_Alaska.ndpi.ndpa,cd06e896ea5e35ee5f5b42bd29bd6f8c10d7eb578e88a6d4135aec124e3ca4f2,5,4,Bisaccate,Bisaccate,Bisaccate,exact,YES,circle,,
C_418080_W_Nassichuk_L_2025_01_14_19_14_58_Alaska::record_5,C_418080_W_Nassichuk_L_2025_01_14_19_14_58_Alaska,/rhf/allocations/dsci435/smithsonian_full_sp26/raw/Images_with_annotations_for_CNN_training/C_418080_W_Nassichuk_L_2025_01_14_19_14_58_Alaska.ndpi,C_418080_W_Nassichuk_L_2025_01_14_19_14_58_Alaska.ndpi.ndpa,cd06e896ea5e35ee5f5b42bd29bd6f8c10d7eb578e88a6d4135aec124e3ca4f2,6,5,Bisaccate,Bisaccate,Bisaccate,exact,YES,circle,,
C_418080_W_Nassichuk_L_2025_01_14_19_14_58_Alaska::record_6,C_418080_W_Nassichuk_L_2025_01_14_19_14_58_Alaska,/rhf/allocations/dsci435/smithsonian_full_sp26/raw/Images_with_annotations_for_CNN_training/C_418080_W_Nassichuk_L_2025_01_14_19_14_58_Alaska.ndpi,C_418080_W_Nassichuk_L_2025_01_14_19_14_58_Alaska.ndpi.ndpa,cd06e896ea5e35ee5f5b42bd29bd6f8c10d7eb578e88a6d4135aec124e3ca4f2,7,6,Pistillipollenites mcgregorii,Pistillipollenites mcgregorii,Pistillipollenites sp.,exact,YES,circle,,
C_418080_W_Nassichuk_L_2025_01_14_19_14_58_Alaska::record_7,C_418080_W_Nassichuk_L_2025_01_14_19_14_58_Alaska,/rhf/allocations/dsci435/smithsonian_full_sp26/raw/Images_with_annotations_for_CNN_training/C_418080_W_Nassichuk_L_2025_01_14_19_14_58_Alaska.ndpi,C_418080_W_Nassichuk_L_2025_01_14_19_14_58_Alaska.ndpi.ndpa,cd06e896ea5e35ee5f5b42bd29bd6f8c10d7eb578e88a6d4135aec124e3ca4f2,8,7,Pistillipollenites mcgregorii,Pistillipollenites mcgregorii,Pistillipollenites sp.,exact,YES,circle,,
C_418080_W_Nassichuk_L_2025_01_14_19_14_58_Alaska::record_9,C_418080_W_Nassichuk_L_2025_01_14_19_14_58_Alaska,/rhf/allocations/dsci435/smithsonian_full_sp26/raw/Images_with_annotations_for_CNN_training/C_418080_W_Nassichuk_L_2025_01_14_19_14_58_Alaska.ndpi,C_418080_W_Nassichuk_L_2025_01_14_19_14_58_Alaska.ndpi.ndpa,cd06e896ea5e35ee5f5b42bd29bd6f8c10d7eb578e88a6d4135aec124e3ca4f2,10,9,Bisaccate,Bisaccate,Bisaccate,exact,YES,circle,,
C_418080_W_Nassichuk_L_2025_01_14_19_14_58_Alaska::record_17,C_418080_W_Nassichuk_L_2025_01_14_19_14_58_Alaska,/rhf/allocations/dsci435/smithsonian_full_sp26/raw/Images_with_annotations_for_CNN_training/C_418080_W_Nassichuk_L_2025_01_14_19_14_58_Alaska.ndpi,C_418080_W_Nassichuk_L_2025_01_14_19_14_58_Alaska.ndpi.ndpa,cd06e896ea5e35ee5f5b42bd29bd6f8c10d7eb578e88a6d4135aec124e3ca4f2,18,17,Pistillipollenites mcgregorii,Pistillipollenites mcgregorii,Pistillipollenites sp.,exact,YES,circle,,
C_418080_W_Nassichuk_L_2025_01_14_19_14_58_Alaska::record_23,C_418080_W_Nassichuk_L_2025_01_14_19_14_58_Alaska,/rhf/allocations/dsci435/smithsonian_full_sp26/raw/Images_with_annotations_for_CNN_training/C_418080_W_Nassichuk_L_2025_01_14_19_14_58_Alaska.ndpi,C_418080_W_Nassichuk_L_2025_01_14_19_14_58_Alaska.ndpi.ndpa,cd06e896ea5e35ee5f5b42bd29bd6f8c10d7eb578e88a6d4135aec124e3ca4f2,24,23,Pistillipollenites mcgregorii,Pistillipollenites mcgregorii,Pistillipollenites sp.,exact,YES,circle,,
C_418080_W_Nassichuk_L_2025_01_14_19_14_58_Alaska::record_28,C_418080_W_Nassichuk_L_2025_01_14_19_14_58_Alaska,/rhf/allocations/dsci435/smithsonian_full_sp26/raw/Images_with_annotations_for_CNN_training/C_418080_W_Nassichuk_L_2025_01_14_19_14_58_Alaska.ndpi,C_418080_W_Nassichuk_L_2025_01_14_19_14_58_Alaska.ndpi.ndpa,cd06e896ea5e35ee5f5b42bd29bd6f8c10d7eb578e88a6d4135aec124e3ca4f2,29,28,Momipites wyomingensis,Momipites wyomingensis,Momipites wyomingensis,exact,YES,circle,,
C_418080_W_Nassichuk_L_2025_01_14_19_14_58_Alaska::record_30,C_418080_W_Nassichuk_L_2025_01_14_19_14_58_Alaska,/rhf/allocations/dsci435/smithsonian_full_sp26/raw/Images_with_annotations_for_CNN_training/C_418080_W_Nassichuk_L_2025_01_14_19_14_58_Alaska.ndpi,C_418080_W_Nassichuk_L_2025_01_14_19_14_58_Alaska.ndpi.ndpa,cd06e896ea5e35ee5f5b42bd29bd6f8c10d7eb578e88a6d4135aec124e3ca4f2,31,30,Bisaccate,Bisaccate,Bisaccate,exact,YES,circle,,
C_418080_W_Nassichuk_L_2025_01_14_19_14_58_Alaska::record_34,C_418080_W_Nassichuk_L_2025_01_14_19_14_58_Alaska,/rhf/allocations/dsci435/smithsonian_full_sp26/raw/Images_with_annotations_for_CNN_training/C_418080_W_Nassichuk_L_2025_01_14_19_14_58_Alaska.ndpi,C_418080_W_Nassichuk_L_2025_01_14_19_14_58_Alaska.ndpi.ndpa,cd06e896ea5e35ee5f5b42bd29bd6f8c10d7eb578e88a6d4135aec124e3ca4f2,35,34,Pistillipollenites mcgregorii,Pistillipollenites mcgregorii,Pistillipollenites sp.,exact,YES,circle,,
C_418080_W_Nassichuk_L_2025_01_14_19_14_58_Alaska::record_35,C_418080_W_Nassichuk_L_2025_01_14_19_14_58_Alaska,/rhf/allocations/dsci435/smithsonian_full_sp26/raw/Images_with_annotations_for_CNN_training/C_418080_W_Nassichuk_L_2025_01_14_19_14_58_Alaska.ndpi,C_418080_W_Nassichuk_L_2025_01_14_19_14_58_Alaska.ndpi.ndpa,cd06e896ea5e35ee5f5b42bd29bd6f8c10d7eb578e88a6d4135aec124e3ca4f2,36,35,Pistillipollenites mcgregorii,Pistillipollenites mcgregorii,Pistillipollenites sp.,exact,YES,circle,,
C_418080_W_Nassichuk_L_2025_01_14_19_14_58_Alaska::record_46,C_418080_W_Nassichuk_L_2025_01_14_19_14_58_Alaska,/rhf/allocations/dsci435/smithsonian_full_sp26/raw/Images_with_annotations_for_CNN_training/C_418080_W_Nassichuk_L_2025_01_14_19_14_58_Alaska.ndpi,C_418080_W_Nassichuk_L_2025_01_14_19_14_58_Alaska.ndpi.ndpa,cd06e896ea5e35ee5f5b42bd29bd6f8c10d7eb578e88a6d4135aec124e3ca4f2,47,46,Pistillipollenites mcgregorii,Pistillipollenites mcgregorii,Pistillipollenites sp.,exact,YES,circle,,
C_418080_W_Nassichuk_L_2025_01_14_19_14_58_Alaska::record_52,C_418080_W_Nassichuk_L_2025_01_14_19_14_58_Alaska,/rhf/allocations/dsci435/smithsonian_full_sp26/raw/Images_with_annotations_for_CNN_training/C_418080_W_Nassichuk_L_2025_01_14_19_14_58_Alaska.ndpi,C_418080_W_Nassichuk_L_2025_01_14_19_14_58_Alaska.ndpi.ndpa,cd06e896ea5e35ee5f5b42bd29bd6f8c10d7eb578e88a6d4135aec124e3ca4f2,53,52,Bisaccate,Bisaccate,Bisaccate,exact,YES,circle,,
C_418080_W_Nassichuk_L_2025_01_14_19_14_58_Alaska::record_53,C_418080_W_Nassichuk_L_2025_01_14_19_14_58_Alaska,/rhf/allocations/dsci435/smithsonian_full_sp26/raw/Images_with_annotations_for_CNN_training/C_418080_W_Nassichuk_L_2025_01_14_19_14_58_Alaska.ndpi,C_418080_W_Nassichuk_L_2025_01_14_19_14_58_Alaska.ndpi.ndpa,cd06e896ea5e35ee5f5b42bd29bd6f8c10d7eb578e88a6d4135aec124e3ca4f2,54,53,Pistillipollenites mcgregorii,Pistillipollenites mcgregorii,Pistillipollenites sp.,exact,YES,circle,,
C_418080_W_Nassichuk_L_2025_01_14_19_14_58_Alaska::record_54,C_418080_W_Nassichuk_L_2025_01_14_19_14_58_Alaska,/rhf/allocations/dsci435/smithsonian_full_sp26/raw/Images_with_annotations_for_CNN_training/C_418080_W_Nassichuk_L_2025_01_14_19_14_58_Alaska.ndpi,C_418080_W_Nassichuk_L_2025_01_14_19_14_58_Alaska.ndpi.ndpa,cd06e896ea5e35ee5f5b42bd29bd6f8c10d7eb578e88a6d4135aec124e3ca4f2,55,54,Taxodium sp.,Taxodium sp.,Taxodium sp.,exact,YES,circle,,
C_418080_W_Nassichuk_L_2025_01_14_19_14_58_Alaska::record_61,C_418080_W_Nassichuk_L_2025_01_14_19_14_58_Alaska,/rhf/allocations/dsci435/smithsonian_full_sp26/raw/Images_with_annotations_for_CNN_training/C_418080_W_Nassichuk_L_2025_01_14_19_14_58_Alaska.ndpi,C_418080_W_Nassichuk_L_2025_01_14_19_14_58_Alaska.ndpi.ndpa,cd06e896ea5e35ee5f5b42bd29bd6f8c10d7eb578e88a6d4135aec124e3ca4f2,62,61,Pistillipollenites mcgregorii,Pistillipollenites mcgregorii,Pistillipollenites sp.,exact,YES,circle,,
C_418080_W_Nassichuk_L_2025_01_14_19_14_58_Alaska::record_63,C_418080_W_Nassichuk_L_2025_01_14_19_14_58_Alaska,/rhf/allocations/dsci435/smithsonian_full_sp26/raw/Images_with_annotations_for_CNN_training/C_418080_W_Nassichuk_L_2025_01_14_19_14_58_Alaska.ndpi,C_418080_W_Nassichuk_L_2025_01_14_19_14_58_Alaska.ndpi.ndpa,cd06e896ea5e35ee5f5b42bd29bd6f8c10d7eb578e88a6d4135aec124e3ca4f2,64,63,Pistillipollenites mcgregorii,Pistillipollenites mcgregorii,Pistillipollenites sp.,exact,YES,circle,,
C_418080_W_Nassichuk_L_2025_01_14_19_14_58_Alaska::record_65,C_418080_W_Nassichuk_L_2025_01_14_19_14_58_Alaska,/rhf/allocations/dsci435/smithsonian_full_sp26/raw/Images_with_annotations_for_CNN_training/C_418080_W_Nassichuk_L_2025_01_14_19_14_58_Alaska.ndpi,C_418080_W_Nassichuk_L_2025_01_14_19_14_58_Alaska.ndpi.ndpa,cd06e896ea5e35ee5f5b42bd29bd6f8c10d7eb578e88a6d4135aec124e3ca4f2,66,65,Pistillipollenites mcgregorii,Pistillipollenites mcgregorii,Pistillipollenites sp.,exact,YES,circle,,
C_418080_W_Nassichuk_L_2025_01_14_19_14_58_Alaska::record_71,C_418080_W_Nassichuk_L_2025_01_14_19_14_58_Alaska,/rhf/allocations/dsci435/smithsonian_full_sp26/raw/Images_with_annotations_for_CNN_training/C_418080_W_Nassichuk_L_2025_01_14_19_14_58_Alaska.ndpi,C_418080_W_Nassichuk_L_2025_01_14_19_14_58_Alaska.ndpi.ndpa,cd06e896ea5e35ee5f5b42bd29bd6f8c10d7eb578e88a6d4135aec124e3ca4f2,72,71,Pistillipollenites mcgregorii,Pistillipollenites mcgregorii,Pistillipollenites sp.,exact,YES,circle,,
C_418080_W_Nassichuk_L_2025_01_14_19_14_58_Alaska::record_74,C_418080_W_Nassichuk_L_2025_01_14_19_14_58_Alaska,/rhf/allocations/dsci435/smithsonian_full_sp26/raw/Images_with_annotations_for_CNN_training/C_418080_W_Nassichuk_L_2025_01_14_19_14_58_Alaska.ndpi,C_418080_W_Nassichuk_L_2025_01_14_19_14_58_Alaska.ndpi.ndpa,cd06e896ea5e35ee5f5b42bd29bd6f8c10d7eb578e88a6d4135aec124e3ca4f2,75,74,Taxodium sp.,Taxodium sp.,Taxodium sp.,exact,YES,circle,,
C_418080_W_Nassichuk_L_2025_01_14_19_14_58_Alaska::record_88,C_418080_W_Nassichuk_L_2025_01_14_19_14_58_Alaska,/rhf/allocations/dsci435/smithsonian_full_sp26/raw/Images_with_annotations_for_CNN_training/C_418080_W_Nassichuk_L_2025_01_14_19_14_58_Alaska.ndpi,C_418080_W_Nassichuk_L_2025_01_14_19_14_58_Alaska.ndpi.ndpa,cd06e896ea5e35ee5f5b42bd29bd6f8c10d7eb578e88a6d4135aec124e3ca4f2,89,88,Caryapollenites imparalis,Caryapollenites imparalis,Caryapollenites sp.,exact,YES,circle,,
C_418080_W_Nassichuk_L_2025_01_14_19_14_58_Alaska::record_103,C_418080_W_Nassichuk_L_2025_01_14_19_14_58_Alaska,/rhf/allocations/dsci435/smithsonian_full_sp26/raw/Images_with_annotations_for_CNN_training/C_418080_W_Nassichuk_L_2025_01_14_19_14_58_Alaska.ndpi,C_418080_W_Nassichuk_L_2025_01_14_19_14_58_Alaska.ndpi.ndpa,cd06e896ea5e35ee5f5b42bd29bd6f8c10d7eb578e88a6d4135aec124e3ca4f2,104,103,Momipites wyomingensis,Momipites wyomingensis,Momipites wyomingensis,exact,YES,circle,,
C_418080_W_Nassichuk_L_2025_01_14_19_14_58_Alaska::record_108,C_418080_W_Nassichuk_L_2025_01_14_19_14_58_Alaska,/rhf/allocations/dsci435/smithsonian_full_sp26/raw/Images_with_annotations_for_CNN_training/C_418080_W_Nassichuk_L_2025_01_14_19_14_58_Alaska.ndpi,C_418080_W_Nassichuk_L_2025_01_14_19_14_58_Alaska.ndpi.ndpa,cd06e896ea5e35ee5f5b42bd29bd6f8c10d7eb578e88a6d4135aec124e3ca4f2,109,108,Alnipollenites verus,Alnipollenites verus,Alnipollenites verus,exact,YES,circle,,
C_418080_W_Nassichuk_L_2025_01_14_19_14_58_Alaska::record_111,C_418080_W_Nassichuk_L_2025_01_14_19_14_58_Alaska,/rhf/allocations/dsci435/smithsonian_full_sp26/raw/Images_with_annotations_for_CNN_training/C_418080_W_Nassichuk_L_2025_01_14_19_14_58_Alaska.ndpi,C_418080_W_Nassichuk_L_2025_01_14_19_14_58_Alaska.ndpi.ndpa,cd06e896ea5e35ee5f5b42bd29bd6f8c10d7eb578e88a6d4135aec124e3ca4f2,112,111,Betulaceae,Betulaceae,Betulaceae,exact,YES,circle,,
C_418080_W_Nassichuk_L_2025_01_14_19_14_58_Alaska::record_121,C_418080_W_Nassichuk_L_2025_01_14_19_14_58_Alaska,/rhf/allocations/dsci435/smithsonian_full_sp26/raw/Images_with_annotations_for_CNN_training/C_418080_W_Nassichuk_L_2025_01_14_19_14_58_Alaska.ndpi,C_418080_W_Nassichuk_L_2025_01_14_19_14_58_Alaska.ndpi.ndpa,cd06e896ea5e35ee5f5b42bd29bd6f8c10d7eb578e88a6d4135aec124e3ca4f2,122,121,Rousea linguiflumena,Rousea linguiflumena,Rousea sp.,exact,YES,circle,,
C_418080_W_Nassichuk_L_2025_01_14_19_14_58_Alaska::record_122,C_418080_W_Nassichuk_L_2025_01_14_19_14_58_Alaska,/rhf/allocations/dsci435/smithsonian_full_sp26/raw/Images_with_annotations_for_CNN_training/C_418080_W_Nassichuk_L_2025_01_14_19_14_58_Alaska.ndpi,C_418080_W_Nassichuk_L_2025_01_14_19_14_58_Alaska.ndpi.ndpa,cd06e896ea5e35ee5f5b42bd29bd6f8c10d7eb578e88a6d4135aec124e3ca4f2,123,122,Pistillipollenites mcgregorii,Pistillipollenites mcgregorii,Pistillipollenites sp.,exact,YES,circle,,
C_418080_W_Nassichuk_L_2025_01_14_19_14_58_Alaska::record_126,C_418080_W_Nassichuk_L_2025_01_14_19_14_58_Alaska,/rhf/allocations/dsci435/smithsonian_full_sp26/raw/Images_with_annotations_for_CNN_training/C_418080_W_Nassichuk_L_2025_01_14_19_14_58_Alaska.ndpi,C_418080_W_Nassichuk_L_2025_01_14_19_14_58_Alaska.ndpi.ndpa,cd06e896ea5e35ee5f5b42bd29bd6f8c10d7eb578e88a6d4135aec124e3ca4f2,127,126,Momipites wyomingensis,Momipites wyomingensis,Momipites wyomingensis,exact,YES,circle,,
C_418080_W_Nassichuk_L_2025_01_14_19_14_58_Alaska::record_149,C_418080_W_Nassichuk_L_2025_01_14_19_14_58_Alaska,/rhf/allocations/dsci435/smithsonian_full_sp26/raw/Images_with_annotations_for_CNN_training/C_418080_W_Nassichuk_L_2025_01_14_19_14_58_Alaska.ndpi,C_418080_W_Nassichuk_L_2025_01_14_19_14_58_Alaska.ndpi.ndpa,cd06e896ea5e35ee5f5b42bd29bd6f8c10d7eb578e88a6d4135aec124e3ca4f2,150,149,Momipites wyomingensis,Momipites wyomingensis,Momipites wyomingensis,exact,YES,circle,,
C_418080_W_Nassichuk_L_2025_01_14_19_14_58_Alaska::record_156,C_418080_W_Nassichuk_L_2025_01_14_19_14_58_Alaska,/rhf/allocations/dsci435/smithsonian_full_sp26/raw/Images_with_annotations_for_CNN_training/C_418080_W_Nassichuk_L_2025_01_14_19_14_58_Alaska.ndpi,C_418080_W_Nassichuk_L_2025_01_14_19_14_58_Alaska.ndpi.ndpa,cd06e896ea5e35ee5f5b42bd29bd6f8c10d7eb578e88a6d4135aec124e3ca4f2,157,156,Pistillipollenites mcgregorii,Pistillipollenites mcgregorii,Pistillipollenites sp.,exact,YES,circle,,
C_418080_W_Nassichuk_L_2025_01_14_19_14_58_Alaska::record_163,C_418080_W_Nassichuk_L_2025_01_14_19_14_58_Alaska,/rhf/allocations/dsci435/smithsonian_full_sp26/raw/Images_with_annotations_for_CNN_training/C_418080_W_Nassichuk_L_2025_01_14_19_14_58_Alaska.ndpi,C_418080_W_Nassichuk_L_2025_01_14_19_14_58_Alaska.ndpi.ndpa,cd06e896ea5e35ee5f5b42bd29bd6f8c10d7eb578e88a6d4135aec124e3ca4f2,164,163,Pistillipollenites mcgregorii,Pistillipollenites mcgregorii,Pistillipollenites sp.,exact,YES,circle,,
C_418080_W_Nassichuk_L_2025_01_14_19_14_58_Alaska::record_166,C_418080_W_Nassichuk_L_2025_01_14_19_14_58_Alaska,/rhf/allocations/dsci435/smithsonian_full_sp26/raw/Images_with_annotations_for_CNN_training/C_418080_W_Nassichuk_L_2025_01_14_19_14_58_Alaska.ndpi,C_418080_W_Nassichuk_L_2025_01_14_19_14_58_Alaska.ndpi.ndpa,cd06e896ea5e35ee5f5b42bd29bd6f8c10d7eb578e88a6d4135aec124e3ca4f2,167,166,Pistillipollenites mcgregorii,Pistillipollenites mcgregorii,Pistillipollenites sp.,exact,YES,circle,,
C_418080_W_Nassichuk_L_2025_01_14_19_14_58_Alaska::record_167,C_418080_W_Nassichuk_L_2025_01_14_19_14_58_Alaska,/rhf/allocations/dsci435/smithsonian_full_sp26/raw/Images_with_annotations_for_CNN_training/C_418080_W_Nassichuk_L_2025_01_14_19_14_58_Alaska.ndpi,C_418080_W_Nassichuk_L_2025_01_14_19_14_58_Alaska.ndpi.ndpa,cd06e896ea5e35ee5f5b42bd29bd6f8c10d7eb578e88a6d4135aec124e3ca4f2,168,167,Pistillipollenites mcgregorii,Pistillipollenites mcgregorii,Pistillipollenites sp.,exact,YES,circle,,
C_418080_W_Nassichuk_L_2025_01_14_19_14_58_Alaska::record_168,C_418080_W_Nassichuk_L_2025_01_14_19_14_58_Alaska,/rhf/allocations/dsci435/smithsonian_full_sp26/raw/Images_with_annotations_for_CNN_training/C_418080_W_Nassichuk_L_2025_01_14_19_14_58_Alaska.ndpi,C_418080_W_Nassichuk_L_2025_01_14_19_14_58_Alaska.ndpi.ndpa,cd06e896ea5e35ee5f5b42bd29bd6f8c10d7eb578e88a6d4135aec124e3ca4f2,169,168,Alnipollenites verus,Alnipollenites verus,Alnipollenites verus,exact,YES,circle,,
C_418080_W_Nassichuk_L_2025_01_14_19_14_58_Alaska::record_169,C_418080_W_Nassichuk_L_2025_01_14_19_14_58_Alaska,/rhf/allocations/dsci435/smithsonian_full_sp26/raw/Images_with_annotations_for_CNN_training/C_418080_W_Nassichuk_L_2025_01_14_19_14_58_Alaska.ndpi,C_418080_W_Nassichuk_L_2025_01_14_19_14_58_Alaska.ndpi.ndpa,cd06e896ea5e35ee5f5b42bd29bd6f8c10d7eb578e88a6d4135aec124e3ca4f2,170,169,Alnipollenites verus,Alnipollenites verus,Alnipollenites verus,exact,YES,circle,,
C_418080_W_Nassichuk_L_2025_01_14_19_14_58_Alaska::record_170,C_418080_W_Nassichuk_L_2025_01_14_19_14_58_Alaska,/rhf/allocations/dsci435/smithsonian_full_sp26/raw/Images_with_annotations_for_CNN_training/C_418080_W_Nassichuk_L_2025_01_14_19_14_58_Alaska.ndpi,C_418080_W_Nassichuk_L_2025_01_14_19_14_58_Alaska.ndpi.ndpa,cd06e896ea5e35ee5f5b42bd29bd6f8c10d7eb578e88a6d4135aec124e3ca4f2,171,170,Momipites wyomingensis,Momipites wyomingensis,Momipites wyomingensis,exact,YES,circle,,
C_418080_W_Nassichuk_L_2025_01_14_19_14_58_Alaska::record_171,C_418080_W_Nassichuk_L_2025_01_14_19_14_58_Alaska,/rhf/allocations/dsci435/smithsonian_full_sp26/raw/Images_with_annotations_for_CNN_training/C_418080_W_Nassichuk_L_2025_01_14_19_14_58_Alaska.ndpi,C_418080_W_Nassichuk_L_2025_01_14_19_14_58_Alaska.ndpi.ndpa,cd06e896ea5e35ee5f5b42bd29bd6f8c10d7eb578e88a6d4135aec124e3ca4f2,172,171,Pistillipollenites mcgregorii,Pistillipollenites mcgregorii,Pistillipollenites sp.,exact,YES,circle,,
C_418080_W_Nassichuk_L_2025_01_14_19_14_58_Alaska::record_172,C_418080_W_Nassichuk_L_2025_01_14_19_14_58_Alaska,/rhf/allocations/dsci435/smithsonian_full_sp26/raw/Images_with_annotations_for_CNN_training/C_418080_W_Nassichuk_L_2025_01_14_19_14_58_Alaska.ndpi,C_418080_W_Nassichuk_L_2025_01_14_19_14_58_Alaska.ndpi.ndpa,cd06e896ea5e35ee5f5b42bd29bd6f8c10d7eb578e88a6d4135aec124e3ca4f2,173,172,Pistillipollenites mcgregorii,Pistillipollenites mcgregorii,Pistillipollenites sp.,exact,YES,circle,,
C_418080_W_Nassichuk_L_2025_01_14_19_14_58_Alaska::record_173,C_418080_W_Nassichuk_L_2025_01_14_19_14_58_Alaska,/rhf/allocations/dsci435/smithsonian_full_sp26/raw/Images_with_annotations_for_CNN_training/C_418080_W_Nassichuk_L_2025_01_14_19_14_58_Alaska.ndpi,C_418080_W_Nassichuk_L_2025_01_14_19_14_58_Alaska.ndpi.ndpa,cd06e896ea5e35ee5f5b42bd29bd6f8c10d7eb578e88a6d4135aec124e3ca4f2,174,173,Alnipollenites verus,Alnipollenites verus,Alnipollenites verus,exact,YES,circle,,
C_418080_W_Nassichuk_L_2025_01_14_19_14_58_Alaska::record_174,C_418080_W_Nassichuk_L_2025_01_14_19_14_58_Alaska,/rhf/allocations/dsci435/smithsonian_full_sp26/raw/Images_with_annotations_for_CNN_training/C_418080_W_Nassichuk_L_2025_01_14_19_14_58_Alaska.ndpi,C_418080_W_Nassichuk_L_2025_01_14_19_14_58_Alaska.ndpi.ndpa,cd06e896ea5e35ee5f5b42bd29bd6f8c10d7eb578e88a6d4135aec124e3ca4f2,175,174,Alnipollenites verus,Alnipollenites verus,Alnipollenites verus,exact,YES,circle,,
C_418080_W_Nassichuk_L_2025_01_14_19_14_58_Alaska::record_175,C_418080_W_Nassichuk_L_2025_01_14_19_14_58_Alaska,/rhf/allocations/dsci435/smithsonian_full_sp26/raw/Images_with_annotations_for_CNN_training/C_418080_W_Nassichuk_L_2025_01_14_19_14_58_Alaska.ndpi,C_418080_W_Nassichuk_L_2025_01_14_19_14_58_Alaska.ndpi.ndpa,cd06e896ea5e35ee5f5b42bd29bd6f8c10d7eb578e88a6d4135aec124e3ca4f2,176,175,Pistillipollenites mcgregorii,Pistillipollenites mcgregorii,Pistillipollenites sp.,exact,YES,circle,,
C_418080_W_Nassichuk_L_2025_01_14_19_14_58_Alaska::record_176,C_418080_W_Nassichuk_L_2025_01_14_19_14_58_Alaska,/rhf/allocations/dsci435/smithsonian_full_sp26/raw/Images_with_annotations_for_CNN_training/C_418080_W_Nassichuk_L_2025_01_14_19_14_58_Alaska.ndpi,C_418080_W_Nassichuk_L_2025_01_14_19_14_58_Alaska.ndpi.ndpa,cd06e896ea5e35ee5f5b42bd29bd6f8c10d7eb578e88a6d4135aec124e3ca4f2,177,176,Pistillipollenites mcgregorii,Pistillipollenites mcgregorii,Pistillipollenites sp.,exact,YES,circle,,
C_418080_W_Nassichuk_L_2025_01_14_19_14_58_Alaska::record_177,C_418080_W_Nassichuk_L_2025_01_14_19_14_58_Alaska,/rhf/allocations/dsci435/smithsonian_full_sp26/raw/Images_with_annotations_for_CNN_training/C_418080_W_Nassichuk_L_2025_01_14_19_14_58_Alaska.ndpi,C_418080_W_Nassichuk_L_2025_01_14_19_14_58_Alaska.ndpi.ndpa,cd06e896ea5e35ee5f5b42bd29bd6f8c10d7eb578e88a6d4135aec124e3ca4f2,178,177,Pistillipollenites mcgregorii,Pistillipollenites mcgregorii,Pistillipollenites sp.,exact,YES,circle,,
C_418080_W_Nassichuk_L_2025_01_14_19_14_58_Alaska::record_178,C_418080_W_Nassichuk_L_2025_01_14_19_14_58_Alaska,/rhf/allocations/dsci435/smithsonian_full_sp26/raw/Images_with_annotations_for_CNN_training/C_418080_W_Nassichuk_L_2025_01_14_19_14_58_Alaska.ndpi,C_418080_W_Nassichuk_L_2025_01_14_19_14_58_Alaska.ndpi.ndpa,cd06e896ea5e35ee5f5b42bd29bd6f8c10d7eb578e88a6d4135aec124e3ca4f2,179,178,Pistillipollenites mcgregorii,Pistillipollenites mcgregorii,Pistillipollenites sp.,exact,YES,circle,,
C_418080_W_Nassichuk_L_2025_01_14_19_14_58_Alaska::record_179,C_418080_W_Nassichuk_L_2025_01_14_19_14_58_Alaska,/rhf/allocations/dsci435/smithsonian_full_sp26/raw/Images_with_annotations_for_CNN_training/C_418080_W_Nassichuk_L_2025_01_14_19_14_58_Alaska.ndpi,C_418080_W_Nassichuk_L_2025_01_14_19_14_58_Alaska.ndpi.ndpa,cd06e896ea5e35ee5f5b42bd29bd6f8c10d7eb578e88a6d4135aec124e3ca4f2,180,179,Pistillipollenites mcgregorii,Pistillipollenites mcgregorii,Pistillipollenites sp.,exact,YES,circle,,
C_418080_W_Nassichuk_L_2025_01_14_19_14_58_Alaska::record_180,C_418080_W_Nassichuk_L_2025_01_14_19_14_58_Alaska,/rhf/allocations/dsci435/smithsonian_full_sp26/raw/Images_with_annotations_for_CNN_training/C_418080_W_Nassichuk_L_2025_01_14_19_14_58_Alaska.ndpi,C_418080_W_Nassichuk_L_2025_01_14_19_14_58_Alaska.ndpi.ndpa,cd06e896ea5e35ee5f5b42bd29bd6f8c10d7eb578e88a6d4135aec124e3ca4f2,181,180,Alnipollenites verus,Alnipollenites verus,Alnipollenites verus,exact,YES,circle,,
C_418080_W_Nassichuk_L_2025_01_14_19_14_58_Alaska::record_181,C_418080_W_Nassichuk_L_2025_01_14_19_14_58_Alaska,/rhf/allocations/dsci435/smithsonian_full_sp26/raw/Images_with_annotations_for_CNN_training/C_418080_W_Nassichuk_L_2025_01_14_19_14_58_Alaska.ndpi,C_418080_W_Nassichuk_L_2025_01_14_19_14_58_Alaska.ndpi.ndpa,cd06e896ea5e35ee5f5b42bd29bd6f8c10d7eb578e88a6d4135aec124e3ca4f2,182,181,Pistillipollenites mcgregorii,Pistillipollenites mcgregorii,Pistillipollenites sp.,exact,YES,circle,,
C_418080_W_Nassichuk_L_2025_01_14_19_14_58_Alaska::record_182,C_418080_W_Nassichuk_L_2025_01_14_19_14_58_Alaska,/rhf/allocations/dsci435/smithsonian_full_sp26/raw/Images_with_annotations_for_CNN_training/C_418080_W_Nassichuk_L_2025_01_14_19_14_58_Alaska.ndpi,C_418080_W_Nassichuk_L_2025_01_14_19_14_58_Alaska.ndpi.ndpa,cd06e896ea5e35ee5f5b42bd29bd6f8c10d7eb578e88a6d4135aec124e3ca4f2,183,182,Alnipollenites verus,Alnipollenites verus,Alnipollenites verus,exact,YES,circle,,
C_418080_W_Nassichuk_L_2025_01_14_19_14_58_Alaska::record_183,C_418080_W_Nassichuk_L_2025_01_14_19_14_58_Alaska,/rhf/allocations/dsci435/smithsonian_full_sp26/raw/Images_with_annotations_for_CNN_training/C_418080_W_Nassichuk_L_2025_01_14_19_14_58_Alaska.ndpi,C_418080_W_Nassichuk_L_2025_01_14_19_14_58_Alaska.ndpi.ndpa,cd06e896ea5e35ee5f5b42bd29bd6f8c10d7eb578e88a6d4135aec124e3ca4f2,184,183,Pistillipollenites mcgregorii,Pistillipollenites mcgregorii,Pistillipollenites sp.,exact,YES,circle,,
C_418080_W_Nassichuk_L_2025_01_14_19_14_58_Alaska::record_186,C_418080_W_Nassichuk_L_2025_01_14_19_14_58_Alaska,/rhf/allocations/dsci435/smithsonian_full_sp26/raw/Images_with_annotations_for_CNN_training/C_418080_W_Nassichuk_L_2025_01_14_19_14_58_Alaska.ndpi,C_418080_W_Nassichuk_L_2025_01_14_19_14_58_Alaska.ndpi.ndpa,cd06e896ea5e35ee5f5b42bd29bd6f8c10d7eb578e88a6d4135aec124e3ca4f2,187,186,Pistillipollenites mcgregorii,Pistillipollenites mcgregorii,Pistillipollenites sp.,exact,YES,circle,,
C_418080_W_Nassichuk_L_2025_01_14_19_14_58_Alaska::record_187,C_418080_W_Nassichuk_L_2025_01_14_19_14_58_Alaska,/rhf/allocations/dsci435/smithsonian_full_sp26/raw/Images_with_annotations_for_CNN_training/C_418080_W_Nassichuk_L_2025_01_14_19_14_58_Alaska.ndpi,C_418080_W_Nassichuk_L_2025_01_14_19_14_58_Alaska.ndpi.ndpa,cd06e896ea5e35ee5f5b42bd29bd6f8c10d7eb578e88a6d4135aec124e3ca4f2,188,187,Pistillipollenites mcgregorii,Pistillipollenites mcgregorii,Pistillipollenites sp.,exact,YES,circle,,
C_418080_W_Nassichuk_L_2025_01_14_19_14_58_Alaska::record_188,C_418080_W_Nassichuk_L_2025_01_14_19_14_58_Alaska,/rhf/allocations/dsci435/smithsonian_full_sp26/raw/Images_with_annotations_for_CNN_training/C_418080_W_Nassichuk_L_2025_01_14_19_14_58_Alaska.ndpi,C_418080_W_Nassichuk_L_2025_01_14_19_14_58_Alaska.ndpi.ndpa,cd06e896ea5e35ee5f5b42bd29bd6f8c10d7eb578e88a6d4135aec124e3ca4f2,189,188,Pistillipollenites mcgregorii,Pistillipollenites mcgregorii,Pistillipollenites sp.,exact,YES,circle,,
C_418080_W_Nassichuk_L_2025_01_14_19_14_58_Alaska::record_189,C_418080_W_Nassichuk_L_2025_01_14_19_14_58_Alaska,/rhf/allocations/dsci435/smithsonian_full_sp26/raw/Images_with_annotations_for_CNN_training/C_418080_W_Nassichuk_L_2025_01_14_19_14_58_Alaska.ndpi,C_418080_W_Nassichuk_L_2025_01_14_19_14_58_Alaska.ndpi.ndpa,cd06e896ea5e35ee5f5b42bd29bd6f8c10d7eb578e88a6d4135aec124e3ca4f2,190,189,Pistillipollenites mcgregorii,Pistillipollenites mcgregorii,Pistillipollenites sp.,exact,YES,circle,,
C_418080_W_Nassichuk_L_2025_01_14_19_14_58_Alaska::record_190,C_418080_W_Nassichuk_L_2025_01_14_19_14_58_Alaska,/rhf/allocations/dsci435/smithsonian_full_sp26/raw/Images_with_annotations_for_CNN_training/C_418080_W_Nassichuk_L_2025_01_14_19_14_58_Alaska.ndpi,C_418080_W_Nassichuk_L_2025_01_14_19_14_58_Alaska.ndpi.ndpa,cd06e896ea5e35ee5f5b42bd29bd6f8c10d7eb578e88a6d4135aec124e3ca4f2,191,190,Pistillipollenites mcgregorii,Pistillipollenites mcgregorii,Pistillipollenites sp.,exact,YES,circle,,
C_418080_W_Nassichuk_L_2025_01_14_19_14_58_Alaska::record_191,C_418080_W_Nassichuk_L_2025_01_14_19_14_58_Alaska,/rhf/allocations/dsci435/smithsonian_full_sp26/raw/Images_with_annotations_for_CNN_training/C_418080_W_Nassichuk_L_2025_01_14_19_14_58_Alaska.ndpi,C_418080_W_Nassichuk_L_2025_01_14_19_14_58_Alaska.ndpi.ndpa,cd06e896ea5e35ee5f5b42bd29bd6f8c10d7eb578e88a6d4135aec124e3ca4f2,192,191,Pistillipollenites mcgregorii,Pistillipollenites mcgregorii,Pistillipollenites sp.,exact,YES,circle,,
C_418080_W_Nassichuk_L_2025_01_14_19_14_58_Alaska::record_192,C_418080_W_Nassichuk_L_2025_01_14_19_14_58_Alaska,/rhf/allocations/dsci435/smithsonian_full_sp26/raw/Images_with_annotations_for_CNN_training/C_418080_W_Nassichuk_L_2025_01_14_19_14_58_Alaska.ndpi,C_418080_W_Nassichuk_L_2025_01_14_19_14_58_Alaska.ndpi.ndpa,cd06e896ea5e35ee5f5b42bd29bd6f8c10d7eb578e88a6d4135aec124e3ca4f2,193,192,Pistillipollenites mcgregorii,Pistillipollenites mcgregorii,Pistillipollenites sp.,exact,YES,circle,,
C_418080_W_Nassichuk_L_2025_01_14_19_14_58_Alaska::record_193,C_418080_W_Nassichuk_L_2025_01_14_19_14_58_Alaska,/rhf/allocations/dsci435/smithsonian_full_sp26/raw/Images_with_annotations_for_CNN_training/C_418080_W_Nassichuk_L_2025_01_14_19_14_58_Alaska.ndpi,C_418080_W_Nassichuk_L_2025_01_14_19_14_58_Alaska.ndpi.ndpa,cd06e896ea5e35ee5f5b42bd29bd6f8c10d7eb578e88a6d4135aec124e3ca4f2,194,193,Pistillipollenites mcgregorii,Pistillipollenites mcgregorii,Pistillipollenites sp.,exact,YES,circle,,
C_418080_W_Nassichuk_L_2025_01_14_19_14_58_Alaska::record_194,C_418080_W_Nassichuk_L_2025_01_14_19_14_58_Alaska,/rhf/allocations/dsci435/smithsonian_full_sp26/raw/Images_with_annotations_for_CNN_training/C_418080_W_Nassichuk_L_2025_01_14_19_14_58_Alaska.ndpi,C_418080_W_Nassichuk_L_2025_01_14_19_14_58_Alaska.ndpi.ndpa,cd06e896ea5e35ee5f5b42bd29bd6f8c10d7eb578e88a6d4135aec124e3ca4f2,195,194,Pistillipollenites mcgregorii,Pistillipollenites mcgregorii,Pistillipollenites sp.,exact,YES,circle,,
C_418080_W_Nassichuk_L_2025_01_14_19_14_58_Alaska::record_195,C_418080_W_Nassichuk_L_2025_01_14_19_14_58_Alaska,/rhf/allocations/dsci435/smithsonian_full_sp26/raw/Images_with_annotations_for_CNN_training/C_418080_W_Nassichuk_L_2025_01_14_19_14_58_Alaska.ndpi,C_418080_W_Nassichuk_L_2025_01_14_19_14_58_Alaska.ndpi.ndpa,cd06e896ea5e35ee5f5b42bd29bd6f8c10d7eb578e88a6d4135aec124e3ca4f2,196,195,Tetracolporopollenites sp.,Tetracolporopollenites sp.,Tetracolporopollenites sp.,exact,YES,circle,,
C_418080_W_Nassichuk_L_2025_01_14_19_14_58_Alaska::record_196,C_418080_W_Nassichuk_L_2025_01_14_19_14_58_Alaska,/rhf/allocations/dsci435/smithsonian_full_sp26/raw/Images_with_annotations_for_CNN_training/C_418080_W_Nassichuk_L_2025_01_14_19_14_58_Alaska.ndpi,C_418080_W_Nassichuk_L_2025_01_14_19_14_58_Alaska.ndpi.ndpa,cd06e896ea5e35ee5f5b42bd29bd6f8c10d7eb578e88a6d4135aec124e3ca4f2,197,196,Pistillipollenites mcgregorii,Pistillipollenites mcgregorii,Pistillipollenites sp.,exact,YES,circle,,
C_418080_W_Nassichuk_L_2025_01_14_19_14_58_Alaska::record_197,C_418080_W_Nassichuk_L_2025_01_14_19_14_58_Alaska,/rhf/allocations/dsci435/smithsonian_full_sp26/raw/Images_with_annotations_for_CNN_training/C_418080_W_Nassichuk_L_2025_01_14_19_14_58_Alaska.ndpi,C_418080_W_Nassichuk_L_2025_01_14_19_14_58_Alaska.ndpi.ndpa,cd06e896ea5e35ee5f5b42bd29bd6f8c10d7eb578e88a6d4135aec124e3ca4f2,198,197,Pistillipollenites mcgregorii,Pistillipollenites mcgregorii,Pistillipollenites sp.,exact,YES,circle,,
C_418080_W_Nassichuk_L_2025_01_14_19_14_58_Alaska::record_198,C_418080_W_Nassichuk_L_2025_01_14_19_14_58_Alaska,/rhf/allocations/dsci435/smithsonian_full_sp26/raw/Images_with_annotations_for_CNN_training/C_418080_W_Nassichuk_L_2025_01_14_19_14_58_Alaska.ndpi,C_418080_W_Nassichuk_L_2025_01_14_19_14_58_Alaska.ndpi.ndpa,cd06e896ea5e35ee5f5b42bd29bd6f8c10d7eb578e88a6d4135aec124e3ca4f2,199,198,Pistillipollenites mcgregorii,Pistillipollenites mcgregorii,Pistillipollenites sp.,exact,YES,circle,,
C_418080_W_Nassichuk_L_2025_01_14_19_14_58_Alaska::record_199,C_418080_W_Nassichuk_L_2025_01_14_19_14_58_Alaska,/rhf/allocations/dsci435/smithsonian_full_sp26/raw/Images_with_annotations_for_CNN_training/C_418080_W_Nassichuk_L_2025_01_14_19_14_58_Alaska.ndpi,C_418080_W_Nassichuk_L_2025_01_14_19_14_58_Alaska.ndpi.ndpa,cd06e896ea5e35ee5f5b42bd29bd6f8c10d7eb578e88a6d4135aec124e3ca4f2,200,199,Pistillipollenites mcgregorii,Pistillipollenites mcgregorii,Pistillipollenites sp.,exact,YES,circle,,
C_418080_W_Nassichuk_L_2025_01_14_19_14_58_Alaska::record_200,C_418080_W_Nassichuk_L_2025_01_14_19_14_58_Alaska,/rhf/allocations/dsci435/smithsonian_full_sp26/raw/Images_with_annotations_for_CNN_training/C_418080_W_Nassichuk_L_2025_01_14_19_14_58_Alaska.ndpi,C_418080_W_Nassichuk_L_2025_01_14_19_14_58_Alaska.ndpi.ndpa,cd06e896ea5e35ee5f5b42bd29bd6f8c10d7eb578e88a6d4135aec124e3ca4f2,201,200,Caryapollenites imparalis,Caryapollenites imparalis,Caryapollenites sp.,exact,YES,circle,,
C_418080_W_Nassichuk_L_2025_01_14_19_14_58_Alaska::record_201,C_418080_W_Nassichuk_L_2025_01_14_19_14_58_Alaska,/rhf/allocations/dsci435/smithsonian_full_sp26/raw/Images_with_annotations_for_CNN_training/C_418080_W_Nassichuk_L_2025_01_14_19_14_58_Alaska.ndpi,C_418080_W_Nassichuk_L_2025_01_14_19_14_58_Alaska.ndpi.ndpa,cd06e896ea5e35ee5f5b42bd29bd6f8c10d7eb578e88a6d4135aec124e3ca4f2,202,201,Pistillipollenites mcgregorii,Pistillipollenites mcgregorii,Pistillipollenites sp.,exact,YES,circle,,
C_418080_W_Nassichuk_L_2025_01_14_19_14_58_Alaska::record_202,C_418080_W_Nassichuk_L_2025_01_14_19_14_58_Alaska,/rhf/allocations/dsci435/smithsonian_full_sp26/raw/Images_with_annotations_for_CNN_training/C_418080_W_Nassichuk_L_2025_01_14_19_14_58_Alaska.ndpi,C_418080_W_Nassichuk_L_2025_01_14_19_14_58_Alaska.ndpi.ndpa,cd06e896ea5e35ee5f5b42bd29bd6f8c10d7eb578e88a6d4135aec124e3ca4f2,203,202,Pistillipollenites mcgregorii,Pistillipollenites mcgregorii,Pistillipollenites sp.,exact,YES,circle,,
C_418080_W_Nassichuk_L_2025_01_14_19_14_58_Alaska::record_203,C_418080_W_Nassichuk_L_2025_01_14_19_14_58_Alaska,/rhf/allocations/dsci435/smithsonian_full_sp26/raw/Images_with_annotations_for_CNN_training/C_418080_W_Nassichuk_L_2025_01_14_19_14_58_Alaska.ndpi,C_418080_W_Nassichuk_L_2025_01_14_19_14_58_Alaska.ndpi.ndpa,cd06e896ea5e35ee5f5b42bd29bd6f8c10d7eb578e88a6d4135aec124e3ca4f2,204,203,Pistillipollenites mcgregorii,Pistillipollenites mcgregorii,Pistillipollenites sp.,exact,YES,circle,,
C_418080_W_Nassichuk_L_2025_01_14_19_14_58_Alaska::record_204,C_418080_W_Nassichuk_L_2025_01_14_19_14_58_Alaska,/rhf/allocations/dsci435/smithsonian_full_sp26/raw/Images_with_annotations_for_CNN_training/C_418080_W_Nassichuk_L_2025_01_14_19_14_58_Alaska.ndpi,C_418080_W_Nassichuk_L_2025_01_14_19_14_58_Alaska.ndpi.ndpa,cd06e896ea5e35ee5f5b42bd29bd6f8c10d7eb578e88a6d4135aec124e3ca4f2,205,204,Pistillipollenites mcgregorii,Pistillipollenites mcgregorii,Pistillipollenites sp.,exact,YES,circle,,
C_418080_W_Nassichuk_L_2025_01_14_19_14_58_Alaska::record_205,C_418080_W_Nassichuk_L_2025_01_14_19_14_58_Alaska,/rhf/allocations/dsci435/smithsonian_full_sp26/raw/Images_with_annotations_for_CNN_training/C_418080_W_Nassichuk_L_2025_01_14_19_14_58_Alaska.ndpi,C_418080_W_Nassichuk_L_2025_01_14_19_14_58_Alaska.ndpi.ndpa,cd06e896ea5e35ee5f5b42bd29bd6f8c10d7eb578e88a6d4135aec124e3ca4f2,206,205,Pistillipollenites mcgregorii,Pistillipollenites mcgregorii,Pistillipollenites sp.,exact,YES,circle,,
C_418080_W_Nassichuk_L_2025_01_14_19_14_58_Alaska::record_206,C_418080_W_Nassichuk_L_2025_01_14_19_14_58_Alaska,/rhf/allocations/dsci435/smithsonian_full_sp26/raw/Images_with_annotations_for_CNN_training/C_418080_W_Nassichuk_L_2025_01_14_19_14_58_Alaska.ndpi,C_418080_W_Nassichuk_L_2025_01_14_19_14_58_Alaska.ndpi.ndpa,cd06e896ea5e35ee5f5b42bd29bd6f8c10d7eb578e88a6d4135aec124e3ca4f2,207,206,Pistillipollenites mcgregorii,Pistillipollenites mcgregorii,Pistillipollenites sp.,exact,YES,circle,,
C_418080_W_Nassichuk_L_2025_01_14_19_14_58_Alaska::record_207,C_418080_W_Nassichuk_L_2025_01_14_19_14_58_Alaska,/rhf/allocations/dsci435/smithsonian_full_sp26/raw/Images_with_annotations_for_CNN_training/C_418080_W_Nassichuk_L_2025_01_14_19_14_58_Alaska.ndpi,C_418080_W_Nassichuk_L_2025_01_14_19_14_58_Alaska.ndpi.ndpa,cd06e896ea5e35ee5f5b42bd29bd6f8c10d7eb578e88a6d4135aec124e3ca4f2,208,207,Pistillipollenites mcgregorii,Pistillipollenites mcgregorii,Pistillipollenites sp.,exact,YES,circle,,
C_418080_W_Nassichuk_L_2025_01_14_19_14_58_Alaska::record_208,C_418080_W_Nassichuk_L_2025_01_14_19_14_58_Alaska,/rhf/allocations/dsci435/smithsonian_full_sp26/raw/Images_with_annotations_for_CNN_training/C_418080_W_Nassichuk_L_2025_01_14_19_14_58_Alaska.ndpi,C_418080_W_Nassichuk_L_2025_01_14_19_14_58_Alaska.ndpi.ndpa,cd06e896ea5e35ee5f5b42bd29bd6f8c10d7eb578e88a6d4135aec124e3ca4f2,209,208,Pistillipollenites mcgregorii,Pistillipollenites mcgregorii,Pistillipollenites sp.,exact,YES,circle,,
C_418080_W_Nassichuk_L_2025_01_14_19_14_58_Alaska::record_209,C_418080_W_Nassichuk_L_2025_01_14_19_14_58_Alaska,/rhf/allocations/dsci435/smithsonian_full_sp26/raw/Images_with_annotations_for_CNN_training/C_418080_W_Nassichuk_L_2025_01_14_19_14_58_Alaska.ndpi,C_418080_W_Nassichuk_L_2025_01_14_19_14_58_Alaska.ndpi.ndpa,cd06e896ea5e35ee5f5b42bd29bd6f8c10d7eb578e88a6d4135aec124e3ca4f2,210,209,Pistillipollenites mcgregorii,Pistillipollenites mcgregorii,Pistillipollenites sp.,exact,YES,circle,,
C_418080_W_Nassichuk_L_2025_01_14_19_14_58_Alaska::record_210,C_418080_W_Nassichuk_L_2025_01_14_19_14_58_Alaska,/rhf/allocations/dsci435/smithsonian_full_sp26/raw/Images_with_annotations_for_CNN_training/C_418080_W_Nassichuk_L_2025_01_14_19_14_58_Alaska.ndpi,C_418080_W_Nassichuk_L_2025_01_14_19_14_58_Alaska.ndpi.ndpa,cd06e896ea5e35ee5f5b42bd29bd6f8c10d7eb578e88a6d4135aec124e3ca4f2,211,210,Pistillipollenites mcgregorii,Pistillipollenites mcgregorii,Pistillipollenites sp.,exact,YES,circle,,
C_418080_W_Nassichuk_L_2025_01_14_19_14_58_Alaska::record_211,C_418080_W_Nassichuk_L_2025_01_14_19_14_58_Alaska,/rhf/allocations/dsci435/smithsonian_full_sp26/raw/Images_with_annotations_for_CNN_training/C_418080_W_Nassichuk_L_2025_01_14_19_14_58_Alaska.ndpi,C_418080_W_Nassichuk_L_2025_01_14_19_14_58_Alaska.ndpi.ndpa,cd06e896ea5e35ee5f5b42bd29bd6f8c10d7eb578e88a6d4135aec124e3ca4f2,212,211,Pistillipollenites mcgregorii,Pistillipollenites mcgregorii,Pistillipollenites sp.,exact,YES,circle,,
C_418080_W_Nassichuk_L_2025_01_14_19_14_58_Alaska::record_212,C_418080_W_Nassichuk_L_2025_01_14_19_14_58_Alaska,/rhf/allocations/dsci435/smithsonian_full_sp26/raw/Images_with_annotations_for_CNN_training/C_418080_W_Nassichuk_L_2025_01_14_19_14_58_Alaska.ndpi,C_418080_W_Nassichuk_L_2025_01_14_19_14_58_Alaska.ndpi.ndpa,cd06e896ea5e35ee5f5b42bd29bd6f8c10d7eb578e88a6d4135aec124e3ca4f2,213,212,Pistillipollenites mcgregorii,Pistillipollenites mcgregorii,Pistillipollenites sp.,exact,YES,circle,,
C_418080_W_Nassichuk_L_2025_01_14_19_14_58_Alaska::record_213,C_418080_W_Nassichuk_L_2025_01_14_19_14_58_Alaska,/rhf/allocations/dsci435/smithsonian_full_sp26/raw/Images_with_annotations_for_CNN_training/C_418080_W_Nassichuk_L_2025_01_14_19_14_58_Alaska.ndpi,C_418080_W_Nassichuk_L_2025_01_14_19_14_58_Alaska.ndpi.ndpa,cd06e896ea5e35ee5f5b42bd29bd6f8c10d7eb578e88a6d4135aec124e3ca4f2,214,213,Pistillipollenites mcgregorii,Pistillipollenites mcgregorii,Pistillipollenites sp.,exact,YES,circle,,
C_418080_W_Nassichuk_L_2025_01_14_19_14_58_Alaska::record_214,C_418080_W_Nassichuk_L_2025_01_14_19_14_58_Alaska,/rhf/allocations/dsci435/smithsonian_full_sp26/raw/Images_with_annotations_for_CNN_training/C_418080_W_Nassichuk_L_2025_01_14_19_14_58_Alaska.ndpi,C_418080_W_Nassichuk_L_2025_01_14_19_14_58_Alaska.ndpi.ndpa,cd06e896ea5e35ee5f5b42bd29bd6f8c10d7eb578e88a6d4135aec124e3ca4f2,215,214,Pistillipollenites mcgregorii,Pistillipollenites mcgregorii,Pistillipollenites sp.,exact,YES,circle,,
C_418080_W_Nassichuk_L_2025_01_14_19_14_58_Alaska::record_215,C_418080_W_Nassichuk_L_2025_01_14_19_14_58_Alaska,/rhf/allocations/dsci435/smithsonian_full_sp26/raw/Images_with_annotations_for_CNN_training/C_418080_W_Nassichuk_L_2025_01_14_19_14_58_Alaska.ndpi,C_418080_W_Nassichuk_L_2025_01_14_19_14_58_Alaska.ndpi.ndpa,cd06e896ea5e35ee5f5b42bd29bd6f8c10d7eb578e88a6d4135aec124e3ca4f2,216,215,Pistillipollenites mcgregorii,Pistillipollenites mcgregorii,Pistillipollenites sp.,exact,YES,circle,,
C_418080_W_Nassichuk_L_2025_01_14_19_14_58_Alaska::record_216,C_418080_W_Nassichuk_L_2025_01_14_19_14_58_Alaska,/rhf/allocations/dsci435/smithsonian_full_sp26/raw/Images_with_annotations_for_CNN_training/C_418080_W_Nassichuk_L_2025_01_14_19_14_58_Alaska.ndpi,C_418080_W_Nassichuk_L_2025_01_14_19_14_58_Alaska.ndpi.ndpa,cd06e896ea5e35ee5f5b42bd29bd6f8c10d7eb578e88a6d4135aec124e3ca4f2,217,216,Quercus sp.,Quercus sp.,Quercus sp.,exact,YES,circle,,
C_418080_W_Nassichuk_L_2025_01_14_19_14_58_Alaska::record_217,C_418080_W_Nassichuk_L_2025_01_14_19_14_58_Alaska,/rhf/allocations/dsci435/smithsonian_full_sp26/raw/Images_with_annotations_for_CNN_training/C_418080_W_Nassichuk_L_2025_01_14_19_14_58_Alaska.ndpi,C_418080_W_Nassichuk_L_2025_01_14_19_14_58_Alaska.ndpi.ndpa,cd06e896ea5e35ee5f5b42bd29bd6f8c10d7eb578e88a6d4135aec124e3ca4f2,218,217,Quercus sp.,Quercus sp.,Quercus sp.,exact,YES,circle,,
C_418080_W_Nassichuk_L_2025_01_14_19_14_58_Alaska::record_218,C_418080_W_Nassichuk_L_2025_01_14_19_14_58_Alaska,/rhf/allocations/dsci435/smithsonian_full_sp26/raw/Images_with_annotations_for_CNN_training/C_418080_W_Nassichuk_L_2025_01_14_19_14_58_Alaska.ndpi,C_418080_W_Nassichuk_L_2025_01_14_19_14_58_Alaska.ndpi.ndpa,cd06e896ea5e35ee5f5b42bd29bd6f8c10d7eb578e88a6d4135aec124e3ca4f2,219,218,Caryapollenites imparalis,Caryapollenites imparalis,Caryapollenites sp.,exact,YES,circle,,
C_418080_W_Nassichuk_L_2025_01_14_19_14_58_Alaska::record_219,C_418080_W_Nassichuk_L_2025_01_14_19_14_58_Alaska,/rhf/allocations/dsci435/smithsonian_full_sp26/raw/Images_with_annotations_for_CNN_training/C_418080_W_Nassichuk_L_2025_01_14_19_14_58_Alaska.ndpi,C_418080_W_Nassichuk_L_2025_01_14_19_14_58_Alaska.ndpi.ndpa,cd06e896ea5e35ee5f5b42bd29bd6f8c10d7eb578e88a6d4135aec124e3ca4f2,220,219,Tetracolporopollenites sp.,Tetracolporopollenites sp.,Tetracolporopollenites sp.,exact,YES,circle,,
C_418080_W_Nassichuk_L_2025_01_14_19_14_58_Alaska::record_220,C_418080_W_Nassichuk_L_2025_01_14_19_14_58_Alaska,/rhf/allocations/dsci435/smithsonian_full_sp26/raw/Images_with_annotations_for_CNN_training/C_418080_W_Nassichuk_L_2025_01_14_19_14_58_Alaska.ndpi,C_418080_W_Nassichuk_L_2025_01_14_19_14_58_Alaska.ndpi.ndpa,cd06e896ea5e35ee5f5b42bd29bd6f8c10d7eb578e88a6d4135aec124e3ca4f2,221,220,Caryapollenites imparalis,Caryapollenites imparalis,Caryapollenites sp.,exact,YES,circle,,
C_418080_W_Nassichuk_L_2025_01_14_19_14_58_Alaska::record_221,C_418080_W_Nassichuk_L_2025_01_14_19_14_58_Alaska,/rhf/allocations/dsci435/smithsonian_full_sp26/raw/Images_with_annotations_for_CNN_training/C_418080_W_Nassichuk_L_2025_01_14_19_14_58_Alaska.ndpi,C_418080_W_Nassichuk_L_2025_01_14_19_14_58_Alaska.ndpi.ndpa,cd06e896ea5e35ee5f5b42bd29bd6f8c10d7eb578e88a6d4135aec124e3ca4f2,222,221,Juglans nigripites,Juglans nigripites,Polyatriopollenites type,exact,YES,circle,,
C_418080_W_Nassichuk_L_2025_01_14_19_14_58_Alaska::record_222,C_418080_W_Nassichuk_L_2025_01_14_19_14_58_Alaska,/rhf/allocations/dsci435/smithsonian_full_sp26/raw/Images_with_annotations_for_CNN_training/C_418080_W_Nassichuk_L_2025_01_14_19_14_58_Alaska.ndpi,C_418080_W_Nassichuk_L_2025_01_14_19_14_58_Alaska.ndpi.ndpa,cd06e896ea5e35ee5f5b42bd29bd6f8c10d7eb578e88a6d4135aec124e3ca4f2,223,222,Rousea sp.,Rousea sp.,Rousea sp.,exact,YES,circle,,
C_418080_W_Nassichuk_L_2025_01_14_19_14_58_Alaska::record_223,C_418080_W_Nassichuk_L_2025_01_14_19_14_58_Alaska,/rhf/allocations/dsci435/smithsonian_full_sp26/raw/Images_with_annotations_for_CNN_training/C_418080_W_Nassichuk_L_2025_01_14_19_14_58_Alaska.ndpi,C_418080_W_Nassichuk_L_2025_01_14_19_14_58_Alaska.ndpi.ndpa,cd06e896ea5e35ee5f5b42bd29bd6f8c10d7eb578e88a6d4135aec124e3ca4f2,224,223,Ericipites sp.,Ericipites sp.,Ericipites sp.,exact,YES,circle,,
C_418080_W_Nassichuk_L_2025_01_14_19_14_58_Alaska::record_224,C_418080_W_Nassichuk_L_2025_01_14_19_14_58_Alaska,/rhf/allocations/dsci435/smithsonian_full_sp26/raw/Images_with_annotations_for_CNN_training/C_418080_W_Nassichuk_L_2025_01_14_19_14_58_Alaska.ndpi,C_418080_W_Nassichuk_L_2025_01_14_19_14_58_Alaska.ndpi.ndpa,cd06e896ea5e35ee5f5b42bd29bd6f8c10d7eb578e88a6d4135aec124e3ca4f2,225,224,Cupuliferoipollenites sp.,Cupuliferoipollenites sp.,Cupuliferoipollenites sp.,exact,YES,circle,,
C_418080_W_Nassichuk_L_2025_01_14_19_14_58_Alaska::record_225,C_418080_W_Nassichuk_L_2025_01_14_19_14_58_Alaska,/rhf/allocations/dsci435/smithsonian_full_sp26/raw/Images_with_annotations_for_CNN_training/C_418080_W_Nassichuk_L_2025_01_14_19_14_58_Alaska.ndpi,C_418080_W_Nassichuk_L_2025_01_14_19_14_58_Alaska.ndpi.ndpa,cd06e896ea5e35ee5f5b42bd29bd6f8c10d7eb578e88a6d4135aec124e3ca4f2,226,225,Pistillipollenites sp.,Pistillipollenites sp.,Pistillipollenites sp.,exact,YES,circle,,
USNMPAL_792666_D1074_2024_01_26_10_32_56_N_Dakota::record_1,USNMPAL_792666_D1074_2024_01_26_10_32_56_N_Dakota,/rhf/allocations/dsci435/smithsonian_full_sp26/raw/Images_with_annotations_for_CNN_training/USNMPAL_792666_D1074_2024_01_26_10_32_56_N_Dakota.ndpi,USNMPAL_792666_D1074_2024_01_26_10_32_56_N_Dakota.ndpi.ndpa,e888eed5c350636fba0ef7b68badfe6235995df8b603b76d4cc61b946c3ee28f,2,1,Bisaccate pollen,Bisaccate pollen,Bisaccate,exact,YES,circle,,
USNMPAL_792666_D1074_2024_01_26_10_32_56_N_Dakota::record_2,USNMPAL_792666_D1074_2024_01_26_10_32_56_N_Dakota,/rhf/allocations/dsci435/smithsonian_full_sp26/raw/Images_with_annotations_for_CNN_training/USNMPAL_792666_D1074_2024_01_26_10_32_56_N_Dakota.ndpi,USNMPAL_792666_D1074_2024_01_26_10_32_56_N_Dakota.ndpi.ndpa,e888eed5c350636fba0ef7b68badfe6235995df8b603b76d4cc61b946c3ee28f,3,2,Bisaccate pollen,Bisaccate pollen,Bisaccate,exact,YES,circle,,
USNMPAL_792666_D1074_2024_01_26_10_32_56_N_Dakota::record_11,USNMPAL_792666_D1074_2024_01_26_10_32_56_N_Dakota,/rhf/allocations/dsci435/smithsonian_full_sp26/raw/Images_with_annotations_for_CNN_training/USNMPAL_792666_D1074_2024_01_26_10_32_56_N_Dakota.ndpi,USNMPAL_792666_D1074_2024_01_26_10_32_56_N_Dakota.ndpi.ndpa,e888eed5c350636fba0ef7b68badfe6235995df8b603b76d4cc61b946c3ee28f,12,11,Laevigatosporites sp.,Laevigatosporites sp.,Laevigatosporites sp.,exact,YES,circle,,
USNMPAL_792666_D1074_2024_01_26_10_32_56_N_Dakota::record_15,USNMPAL_792666_D1074_2024_01_26_10_32_56_N_Dakota,/rhf/allocations/dsci435/smithsonian_full_sp26/raw/Images_with_annotations_for_CNN_training/USNMPAL_792666_D1074_2024_01_26_10_32_56_N_Dakota.ndpi,USNMPAL_792666_D1074_2024_01_26_10_32_56_N_Dakota.ndpi.ndpa,e888eed5c350636fba0ef7b68badfe6235995df8b603b76d4cc61b946c3ee28f,16,15,Momipites wyomingensis,Momipites wyomingensis,Momipites wyomingensis,exact,YES,circle,,
USNMPAL_792666_D1074_2024_01_26_10_32_56_N_Dakota::record_19,USNMPAL_792666_D1074_2024_01_26_10_32_56_N_Dakota,/rhf/allocations/dsci435/smithsonian_full_sp26/raw/Images_with_annotations_for_CNN_training/USNMPAL_792666_D1074_2024_01_26_10_32_56_N_Dakota.ndpi,USNMPAL_792666_D1074_2024_01_26_10_32_56_N_Dakota.ndpi.ndpa,e888eed5c350636fba0ef7b68badfe6235995df8b603b76d4cc61b946c3ee28f,20,19,Laevigatosporites sp.,Laevigatosporites sp.,Laevigatosporites sp.,exact,YES,circle,,
USNMPAL_792666_D1074_2024_01_26_10_32_56_N_Dakota::record_24,USNMPAL_792666_D1074_2024_01_26_10_32_56_N_Dakota,/rhf/allocations/dsci435/smithsonian_full_sp26/raw/Images_with_annotations_for_CNN_training/USNMPAL_792666_D1074_2024_01_26_10_32_56_N_Dakota.ndpi,USNMPAL_792666_D1074_2024_01_26_10_32_56_N_Dakota.ndpi.ndpa,e888eed5c350636fba0ef7b68badfe6235995df8b603b76d4cc61b946c3ee28f,25,24,Taxodium sp.,Taxodium sp.,Taxodium sp.,exact,YES,circle,,
USNMPAL_792666_D1074_2024_01_26_10_32_56_N_Dakota::record_39,USNMPAL_792666_D1074_2024_01_26_10_32_56_N_Dakota,/rhf/allocations/dsci435/smithsonian_full_sp26/raw/Images_with_annotations_for_CNN_training/USNMPAL_792666_D1074_2024_01_26_10_32_56_N_Dakota.ndpi,USNMPAL_792666_D1074_2024_01_26_10_32_56_N_Dakota.ndpi.ndpa,e888eed5c350636fba0ef7b68badfe6235995df8b603b76d4cc61b946c3ee28f,41,39,Bisaccate pollen,Bisaccate pollen,Bisaccate,exact,YES,circle,,
USNMPAL_792666_D1074_2024_01_26_10_32_56_N_Dakota::record_43,USNMPAL_792666_D1074_2024_01_26_10_32_56_N_Dakota,/rhf/allocations/dsci435/smithsonian_full_sp26/raw/Images_with_annotations_for_CNN_training/USNMPAL_792666_D1074_2024_01_26_10_32_56_N_Dakota.ndpi,USNMPAL_792666_D1074_2024_01_26_10_32_56_N_Dakota.ndpi.ndpa,e888eed5c350636fba0ef7b68badfe6235995df8b603b76d4cc61b946c3ee28f,45,43,Cyathidites sp.,Cyathidites sp.,Psilatriletes sp.,exact,YES,circle,,
USNMPAL_792717_D1350_L_2024_02_20_15_21_31_Oregon::record_17,USNMPAL_792717_D1350_L_2024_02_20_15_21_31_Oregon,/rhf/allocations/dsci435/smithsonian_full_sp26/raw/Images_with_annotations_for_CNN_training/USNMPAL_792717_D1350_L_2024_02_20_15_21_31_Oregon.ndpi,USNMPAL_792717_D1350_L_2024_02_20_15_21_31_Oregon.ndpi.ndpa,2a655a500d2204a8bfd51f4aa006cf8263285b1167e032546d58a800f5ac649f,18,17,Cyathidites,Cyathidites,Psilatriletes sp.,exact,YES,circle,,
USNMPAL_792717_D1350_L_2024_02_20_15_21_31_Oregon::record_24,USNMPAL_792717_D1350_L_2024_02_20_15_21_31_Oregon,/rhf/allocations/dsci435/smithsonian_full_sp26/raw/Images_with_annotations_for_CNN_training/USNMPAL_792717_D1350_L_2024_02_20_15_21_31_Oregon.ndpi,USNMPAL_792717_D1350_L_2024_02_20_15_21_31_Oregon.ndpi.ndpa,2a655a500d2204a8bfd51f4aa006cf8263285b1167e032546d58a800f5ac649f,25,24,Rhoipites sp.,Rhoipites sp.,Rhoipites sp.,exact,YES,circle,,
USNMPAL_792717_D1350_L_2024_02_20_15_21_31_Oregon::record_34,USNMPAL_792717_D1350_L_2024_02_20_15_21_31_Oregon,/rhf/allocations/dsci435/smithsonian_full_sp26/raw/Images_with_annotations_for_CNN_training/USNMPAL_792717_D1350_L_2024_02_20_15_21_31_Oregon.ndpi,USNMPAL_792717_D1350_L_2024_02_20_15_21_31_Oregon.ndpi.ndpa,2a655a500d2204a8bfd51f4aa006cf8263285b1167e032546d58a800f5ac649f,36,34,Laevigatosporites sp.,Laevigatosporites sp.,Laevigatosporites sp.,exact,YES,circle,,
USNMPAL_792717_D1350_L_2024_02_20_15_21_31_Oregon::record_39,USNMPAL_792717_D1350_L_2024_02_20_15_21_31_Oregon,/rhf/allocations/dsci435/smithsonian_full_sp26/raw/Images_with_annotations_for_CNN_training/USNMPAL_792717_D1350_L_2024_02_20_15_21_31_Oregon.ndpi,USNMPAL_792717_D1350_L_2024_02_20_15_21_31_Oregon.ndpi.ndpa,2a655a500d2204a8bfd51f4aa006cf8263285b1167e032546d58a800f5ac649f,41,39,Taxodium sp.,Taxodium sp.,Taxodium sp.,exact,YES,circle,,
USNMPAL_792717_D1350_L_2024_02_20_15_21_31_Oregon::record_41,USNMPAL_792717_D1350_L_2024_02_20_15_21_31_Oregon,/rhf/allocations/dsci435/smithsonian_full_sp26/raw/Images_with_annotations_for_CNN_training/USNMPAL_792717_D1350_L_2024_02_20_15_21_31_Oregon.ndpi,USNMPAL_792717_D1350_L_2024_02_20_15_21_31_Oregon.ndpi.ndpa,2a655a500d2204a8bfd51f4aa006cf8263285b1167e032546d58a800f5ac649f,43,41,Retitricolporites sp.,Retitricolporites sp.,Rousea sp.,exact,YES,circle,,
USNMPAL_792717_D1350_L_2024_02_20_15_21_31_Oregon::record_46,USNMPAL_792717_D1350_L_2024_02_20_15_21_31_Oregon,/rhf/allocations/dsci435/smithsonian_full_sp26/raw/Images_with_annotations_for_CNN_training/USNMPAL_792717_D1350_L_2024_02_20_15_21_31_Oregon.ndpi,USNMPAL_792717_D1350_L_2024_02_20_15_21_31_Oregon.ndpi.ndpa,2a655a500d2204a8bfd51f4aa006cf8263285b1167e032546d58a800f5ac649f,48,46,Arecipites sp.,Arecipites sp.,Arecipites sp.,exact,YES,circle,,
USNMPAL_792717_D1350_L_2024_02_20_15_21_31_Oregon::record_54,USNMPAL_792717_D1350_L_2024_02_20_15_21_31_Oregon,/rhf/allocations/dsci435/smithsonian_full_sp26/raw/Images_with_annotations_for_CNN_training/USNMPAL_792717_D1350_L_2024_02_20_15_21_31_Oregon.ndpi,USNMPAL_792717_D1350_L_2024_02_20_15_21_31_Oregon.ndpi.ndpa,2a655a500d2204a8bfd51f4aa006cf8263285b1167e032546d58a800f5ac649f,56,54,Platycarya platycarioides,Platycarya platycarioides,Platycarya platycarioides,exact,YES,circle,,
USNMPAL_792717_D1350_L_2024_02_20_15_21_31_Oregon::record_58,USNMPAL_792717_D1350_L_2024_02_20_15_21_31_Oregon,/rhf/allocations/dsci435/smithsonian_full_sp26/raw/Images_with_annotations_for_CNN_training/USNMPAL_792717_D1350_L_2024_02_20_15_21_31_Oregon.ndpi,USNMPAL_792717_D1350_L_2024_02_20_15_21_31_Oregon.ndpi.ndpa,2a655a500d2204a8bfd51f4aa006cf8263285b1167e032546d58a800f5ac649f,60,58,Ulmipollenites sp.,Ulmipollenites sp.,Ulmipollenites sp.,exact,YES,circle,,
USNMPAL_792717_D1350_L_2024_02_20_15_21_31_Oregon::record_62,USNMPAL_792717_D1350_L_2024_02_20_15_21_31_Oregon,/rhf/allocations/dsci435/smithsonian_full_sp26/raw/Images_with_annotations_for_CNN_training/USNMPAL_792717_D1350_L_2024_02_20_15_21_31_Oregon.ndpi,USNMPAL_792717_D1350_L_2024_02_20_15_21_31_Oregon.ndpi.ndpa,2a655a500d2204a8bfd51f4aa006cf8263285b1167e032546d58a800f5ac649f,64,62,Deltoidospora sp.,Deltoidospora sp.,Psilatriletes sp.,exact,YES,circle,,
USNMPAL_792717_D1350_L_2024_02_20_15_21_31_Oregon::record_68,USNMPAL_792717_D1350_L_2024_02_20_15_21_31_Oregon,/rhf/allocations/dsci435/smithsonian_full_sp26/raw/Images_with_annotations_for_CNN_training/USNMPAL_792717_D1350_L_2024_02_20_15_21_31_Oregon.ndpi,USNMPAL_792717_D1350_L_2024_02_20_15_21_31_Oregon.ndpi.ndpa,2a655a500d2204a8bfd51f4aa006cf8263285b1167e032546d58a800f5ac649f,71,68,Deltoidospora sp.,Deltoidospora sp.,Psilatriletes sp.,exact,YES,circle,,
USNMPAL_792717_D1350_L_2024_02_20_15_21_31_Oregon::record_75,USNMPAL_792717_D1350_L_2024_02_20_15_21_31_Oregon,/rhf/allocations/dsci435/smithsonian_full_sp26/raw/Images_with_annotations_for_CNN_training/USNMPAL_792717_D1350_L_2024_02_20_15_21_31_Oregon.ndpi,USNMPAL_792717_D1350_L_2024_02_20_15_21_31_Oregon.ndpi.ndpa,2a655a500d2204a8bfd51f4aa006cf8263285b1167e032546d58a800f5ac649f,78,75,Psilamonocolpites sp.,Psilamonocolpites sp.,Monocolpites sp.,exact,YES,circle,,
USNMPAL_792717_D1350_L_2024_02_20_15_21_31_Oregon::record_77,USNMPAL_792717_D1350_L_2024_02_20_15_21_31_Oregon,/rhf/allocations/dsci435/smithsonian_full_sp26/raw/Images_with_annotations_for_CNN_training/USNMPAL_792717_D1350_L_2024_02_20_15_21_31_Oregon.ndpi,USNMPAL_792717_D1350_L_2024_02_20_15_21_31_Oregon.ndpi.ndpa,2a655a500d2204a8bfd51f4aa006cf8263285b1167e032546d58a800f5ac649f,80,77,Arecipites sp.,Arecipites sp.,Arecipites sp.,exact,YES,circle,,
USNMPAL_792717_D1350_L_2024_02_20_15_21_31_Oregon::record_78,USNMPAL_792717_D1350_L_2024_02_20_15_21_31_Oregon,/rhf/allocations/dsci435/smithsonian_full_sp26/raw/Images_with_annotations_for_CNN_training/USNMPAL_792717_D1350_L_2024_02_20_15_21_31_Oregon.ndpi,USNMPAL_792717_D1350_L_2024_02_20_15_21_31_Oregon.ndpi.ndpa,2a655a500d2204a8bfd51f4aa006cf8263285b1167e032546d58a800f5ac649f,81,78,Arecipites sp.,Arecipites sp.,Arecipites sp.,exact,YES,circle,,
USNMPAL_792717_D1350_L_2024_02_20_15_21_31_Oregon::record_80,USNMPAL_792717_D1350_L_2024_02_20_15_21_31_Oregon,/rhf/allocations/dsci435/smithsonian_full_sp26/raw/Images_with_annotations_for_CNN_training/USNMPAL_792717_D1350_L_2024_02_20_15_21_31_Oregon.ndpi,USNMPAL_792717_D1350_L_2024_02_20_15_21_31_Oregon.ndpi.ndpa,2a655a500d2204a8bfd51f4aa006cf8263285b1167e032546d58a800f5ac649f,83,80,Arecipites sp.,Arecipites sp.,Arecipites sp.,exact,YES,circle,,
USNMPAL_792717_D1350_L_2024_02_20_15_21_31_Oregon::record_89,USNMPAL_792717_D1350_L_2024_02_20_15_21_31_Oregon,/rhf/allocations/dsci435/smithsonian_full_sp26/raw/Images_with_annotations_for_CNN_training/USNMPAL_792717_D1350_L_2024_02_20_15_21_31_Oregon.ndpi,USNMPAL_792717_D1350_L_2024_02_20_15_21_31_Oregon.ndpi.ndpa,2a655a500d2204a8bfd51f4aa006cf8263285b1167e032546d58a800f5ac649f,92,89,Momipites sp.,Momipites sp.,Momipites sp,exact,YES,circle,,
USNMPAL_792717_D1350_L_2024_02_20_15_21_31_Oregon::record_91,USNMPAL_792717_D1350_L_2024_02_20_15_21_31_Oregon,/rhf/allocations/dsci435/smithsonian_full_sp26/raw/Images_with_annotations_for_CNN_training/USNMPAL_792717_D1350_L_2024_02_20_15_21_31_Oregon.ndpi,USNMPAL_792717_D1350_L_2024_02_20_15_21_31_Oregon.ndpi.ndpa,2a655a500d2204a8bfd51f4aa006cf8263285b1167e032546d58a800f5ac649f,95,91,Arecipites sp.,Arecipites sp.,Arecipites sp.,exact,YES,circle,,
USNMPAL_792717_D1350_L_2024_02_20_15_21_31_Oregon::record_93,USNMPAL_792717_D1350_L_2024_02_20_15_21_31_Oregon,/rhf/allocations/dsci435/smithsonian_full_sp26/raw/Images_with_annotations_for_CNN_training/USNMPAL_792717_D1350_L_2024_02_20_15_21_31_Oregon.ndpi,USNMPAL_792717_D1350_L_2024_02_20_15_21_31_Oregon.ndpi.ndpa,2a655a500d2204a8bfd51f4aa006cf8263285b1167e032546d58a800f5ac649f,97,93,Platycaryapollenites swasticoidus,Platycaryapollenites swasticoidus,Platycaryapollenites swasticoidus,exact,YES,circle,,
USNMPAL_792717_D1350_L_2024_02_20_15_21_31_Oregon::record_97,USNMPAL_792717_D1350_L_2024_02_20_15_21_31_Oregon,/rhf/allocations/dsci435/smithsonian_full_sp26/raw/Images_with_annotations_for_CNN_training/USNMPAL_792717_D1350_L_2024_02_20_15_21_31_Oregon.ndpi,USNMPAL_792717_D1350_L_2024_02_20_15_21_31_Oregon.ndpi.ndpa,2a655a500d2204a8bfd51f4aa006cf8263285b1167e032546d58a800f5ac649f,101,97,Pistillipollenites sp.,Pistillipollenites sp.,Pistillipollenites sp.,exact,YES,circle,,
USNMPAL_792717_D1350_L_2024_02_20_15_21_31_Oregon::record_103,USNMPAL_792717_D1350_L_2024_02_20_15_21_31_Oregon,/rhf/allocations/dsci435/smithsonian_full_sp26/raw/Images_with_annotations_for_CNN_training/USNMPAL_792717_D1350_L_2024_02_20_15_21_31_Oregon.ndpi,USNMPAL_792717_D1350_L_2024_02_20_15_21_31_Oregon.ndpi.ndpa,2a655a500d2204a8bfd51f4aa006cf8263285b1167e032546d58a800f5ac649f,107,103,Arecipites sp.,Arecipites sp.,Arecipites sp.,exact,YES,circle,,
USNMPAL_792717_D1350_L_2024_02_20_15_21_31_Oregon::record_109,USNMPAL_792717_D1350_L_2024_02_20_15_21_31_Oregon,/rhf/allocations/dsci435/smithsonian_full_sp26/raw/Images_with_annotations_for_CNN_training/USNMPAL_792717_D1350_L_2024_02_20_15_21_31_Oregon.ndpi,USNMPAL_792717_D1350_L_2024_02_20_15_21_31_Oregon.ndpi.ndpa,2a655a500d2204a8bfd51f4aa006cf8263285b1167e032546d58a800f5ac649f,113,109,Deltoidospora sp.,Deltoidospora sp.,Psilatriletes sp.,exact,YES,circle,,
USNMPAL_792717_D1350_L_2024_02_20_15_21_31_Oregon::record_113,USNMPAL_792717_D1350_L_2024_02_20_15_21_31_Oregon,/rhf/allocations/dsci435/smithsonian_full_sp26/raw/Images_with_annotations_for_CNN_training/USNMPAL_792717_D1350_L_2024_02_20_15_21_31_Oregon.ndpi,USNMPAL_792717_D1350_L_2024_02_20_15_21_31_Oregon.ndpi.ndpa,2a655a500d2204a8bfd51f4aa006cf8263285b1167e032546d58a800f5ac649f,117,113,Deltoidospora sp.,Deltoidospora sp.,Psilatriletes sp.,exact,YES,circle,,
USNMPAL_792717_D1350_L_2024_02_20_15_21_31_Oregon::record_120,USNMPAL_792717_D1350_L_2024_02_20_15_21_31_Oregon,/rhf/allocations/dsci435/smithsonian_full_sp26/raw/Images_with_annotations_for_CNN_training/USNMPAL_792717_D1350_L_2024_02_20_15_21_31_Oregon.ndpi,USNMPAL_792717_D1350_L_2024_02_20_15_21_31_Oregon.ndpi.ndpa,2a655a500d2204a8bfd51f4aa006cf8263285b1167e032546d58a800f5ac649f,124,120,Deltoidospora sp.,Deltoidospora sp.,Psilatriletes sp.,exact,YES,circle,,Trilete
USNMPAL_792717_D1350_L_2024_02_20_15_21_31_Oregon::record_122,USNMPAL_792717_D1350_L_2024_02_20_15_21_31_Oregon,/rhf/allocations/dsci435/smithsonian_full_sp26/raw/Images_with_annotations_for_CNN_training/USNMPAL_792717_D1350_L_2024_02_20_15_21_31_Oregon.ndpi,USNMPAL_792717_D1350_L_2024_02_20_15_21_31_Oregon.ndpi.ndpa,2a655a500d2204a8bfd51f4aa006cf8263285b1167e032546d58a800f5ac649f,126,122,Taxodium sp.,Taxodium sp.,Taxodium sp.,exact,YES,circle,,
USNMPAL_792717_D1350_L_2024_02_20_15_21_31_Oregon::record_123,USNMPAL_792717_D1350_L_2024_02_20_15_21_31_Oregon,/rhf/allocations/dsci435/smithsonian_full_sp26/raw/Images_with_annotations_for_CNN_training/USNMPAL_792717_D1350_L_2024_02_20_15_21_31_Oregon.ndpi,USNMPAL_792717_D1350_L_2024_02_20_15_21_31_Oregon.ndpi.ndpa,2a655a500d2204a8bfd51f4aa006cf8263285b1167e032546d58a800f5ac649f,127,123,Taxodium sp.,Taxodium sp.,Taxodium sp.,exact,YES,circle,,
USNMPAL_792717_D1350_L_2024_02_20_15_21_31_Oregon::record_124,USNMPAL_792717_D1350_L_2024_02_20_15_21_31_Oregon,/rhf/allocations/dsci435/smithsonian_full_sp26/raw/Images_with_annotations_for_CNN_training/USNMPAL_792717_D1350_L_2024_02_20_15_21_31_Oregon.ndpi,USNMPAL_792717_D1350_L_2024_02_20_15_21_31_Oregon.ndpi.ndpa,2a655a500d2204a8bfd51f4aa006cf8263285b1167e032546d58a800f5ac649f,128,124,Taxodium sp.,Taxodium sp.,Taxodium sp.,exact,YES,circle,,
USNMPAL_792717_D1350_L_2024_02_20_15_21_31_Oregon::record_131,USNMPAL_792717_D1350_L_2024_02_20_15_21_31_Oregon,/rhf/allocations/dsci435/smithsonian_full_sp26/raw/Images_with_annotations_for_CNN_training/USNMPAL_792717_D1350_L_2024_02_20_15_21_31_Oregon.ndpi,USNMPAL_792717_D1350_L_2024_02_20_15_21_31_Oregon.ndpi.ndpa,2a655a500d2204a8bfd51f4aa006cf8263285b1167e032546d58a800f5ac649f,135,131,Deltoidospora sp.,Deltoidospora sp.,Psilatriletes sp.,exact,YES,circle,,
USNMPAL_792717_D1350_L_2024_02_20_15_21_31_Oregon::record_132,USNMPAL_792717_D1350_L_2024_02_20_15_21_31_Oregon,/rhf/allocations/dsci435/smithsonian_full_sp26/raw/Images_with_annotations_for_CNN_training/USNMPAL_792717_D1350_L_2024_02_20_15_21_31_Oregon.ndpi,USNMPAL_792717_D1350_L_2024_02_20_15_21_31_Oregon.ndpi.ndpa,2a655a500d2204a8bfd51f4aa006cf8263285b1167e032546d58a800f5ac649f,136,132,Arecipites sp.,Arecipites sp.,Arecipites sp.,exact,YES,circle,,
USNMPAL_792719_D1357_2023_11_09_10_41_27_Colorado::record_5,USNMPAL_792719_D1357_2023_11_09_10_41_27_Colorado,/rhf/allocations/dsci435/smithsonian_full_sp26/raw/Images_with_annotations_for_CNN_training/USNMPAL_792719_D1357_2023_11_09_10_41_27_Colorado.ndpi,USNMPAL_792719_D1357_2023_11_09_10_41_27_Colorado.ndpi.ndpa,0addfde2b9fe4f4976b35941eca28187194d77d6f0898372cfe5ccb592dc52c8,6,5,Caryapollenites,Caryapollenites,Caryapollenites sp.,exact,YES,circle,,
USNMPAL_792719_D1357_2023_11_09_10_41_27_Colorado::record_39,USNMPAL_792719_D1357_2023_11_09_10_41_27_Colorado,/rhf/allocations/dsci435/smithsonian_full_sp26/raw/Images_with_annotations_for_CNN_training/USNMPAL_792719_D1357_2023_11_09_10_41_27_Colorado.ndpi,USNMPAL_792719_D1357_2023_11_09_10_41_27_Colorado.ndpi.ndpa,0addfde2b9fe4f4976b35941eca28187194d77d6f0898372cfe5ccb592dc52c8,40,39,Caryapollenites,Caryapollenites,Caryapollenites sp.,exact,YES,circle,,
USNMPAL_792719_D1357_2023_11_09_10_41_27_Colorado::record_42,USNMPAL_792719_D1357_2023_11_09_10_41_27_Colorado,/rhf/allocations/dsci435/smithsonian_full_sp26/raw/Images_with_annotations_for_CNN_training/USNMPAL_792719_D1357_2023_11_09_10_41_27_Colorado.ndpi,USNMPAL_792719_D1357_2023_11_09_10_41_27_Colorado.ndpi.ndpa,0addfde2b9fe4f4976b35941eca28187194d77d6f0898372cfe5ccb592dc52c8,43,42,Momipites,Momipites,Momipites sp,exact,YES,circle,,
USNMPAL_792719_D1357_2023_11_09_10_41_27_Colorado::record_52,USNMPAL_792719_D1357_2023_11_09_10_41_27_Colorado,/rhf/allocations/dsci435/smithsonian_full_sp26/raw/Images_with_annotations_for_CNN_training/USNMPAL_792719_D1357_2023_11_09_10_41_27_Colorado.ndpi,USNMPAL_792719_D1357_2023_11_09_10_41_27_Colorado.ndpi.ndpa,0addfde2b9fe4f4976b35941eca28187194d77d6f0898372cfe5ccb592dc52c8,53,52,Momipites,Momipites,Momipites sp,exact,YES,circle,,
USNMPAL_792719_D1357_2023_11_09_10_41_27_Colorado::record_66,USNMPAL_792719_D1357_2023_11_09_10_41_27_Colorado,/rhf/allocations/dsci435/smithsonian_full_sp26/raw/Images_with_annotations_for_CNN_training/USNMPAL_792719_D1357_2023_11_09_10_41_27_Colorado.ndpi,USNMPAL_792719_D1357_2023_11_09_10_41_27_Colorado.ndpi.ndpa,0addfde2b9fe4f4976b35941eca28187194d77d6f0898372cfe5ccb592dc52c8,67,66,Caryapollenites,Caryapollenites,Caryapollenites sp.,exact,YES,circle,,
USNMPAL_792719_D1357_2023_11_09_10_41_27_Colorado::record_72,USNMPAL_792719_D1357_2023_11_09_10_41_27_Colorado,/rhf/allocations/dsci435/smithsonian_full_sp26/raw/Images_with_annotations_for_CNN_training/USNMPAL_792719_D1357_2023_11_09_10_41_27_Colorado.ndpi,USNMPAL_792719_D1357_2023_11_09_10_41_27_Colorado.ndpi.ndpa,0addfde2b9fe4f4976b35941eca28187194d77d6f0898372cfe5ccb592dc52c8,73,72,Momipites,Momipites,Momipites sp,exact,YES,circle,,
USNMPAL_792815_D1524_L_2024_01_26_10_53_45_Oregon::record_8,USNMPAL_792815_D1524_L_2024_01_26_10_53_45_Oregon,/rhf/allocations/dsci435/smithsonian_full_sp26/raw/Images_with_annotations_for_CNN_training/USNMPAL_792815_D1524_L_2024_01_26_10_53_45_Oregon.ndpi,USNMPAL_792815_D1524_L_2024_01_26_10_53_45_Oregon.ndpi.ndpa,33115070e84b12e74e4c5f7ff5192fb8ff6f8cee7be28c6407b940157a925459,9,8,Cicatricosisporites,Cicatricosisporites,Cicatricosisporites sp.,exact,YES,circle,,
USNMPAL_792815_D1524_L_2024_01_26_10_53_45_Oregon::record_24,USNMPAL_792815_D1524_L_2024_01_26_10_53_45_Oregon,/rhf/allocations/dsci435/smithsonian_full_sp26/raw/Images_with_annotations_for_CNN_training/USNMPAL_792815_D1524_L_2024_01_26_10_53_45_Oregon.ndpi,USNMPAL_792815_D1524_L_2024_01_26_10_53_45_Oregon.ndpi.ndpa,33115070e84b12e74e4c5f7ff5192fb8ff6f8cee7be28c6407b940157a925459,25,24,Momipites,Momipites,Momipites sp,exact,YES,circle,,
USNMPAL_792924_D1820_2024-01-23_13_40_57_N_Mexico::record_1,USNMPAL_792924_D1820_2024-01-23_13_40_57_N_Mexico,/rhf/allocations/dsci435/smithsonian_full_sp26/raw/Images_with_annotations_for_CNN_training/USNMPAL_792924_D1820_2024-01-23_13_40_57_N_Mexico.ndpi,USNMPAL_792924_D1820_2024-01-23_13_40_57_N_Mexico.ndpi.ndpa,b8cb41aa1590de09f08494721a5423713af3e44c3c3681e26e92847994ff587e,2,1,Momipites,Momipites,Momipites sp,exact,YES,circle,,
USNMPAL_792924_D1820_2024-01-23_13_40_57_N_Mexico::record_3,USNMPAL_792924_D1820_2024-01-23_13_40_57_N_Mexico,/rhf/allocations/dsci435/smithsonian_full_sp26/raw/Images_with_annotations_for_CNN_training/USNMPAL_792924_D1820_2024-01-23_13_40_57_N_Mexico.ndpi,USNMPAL_792924_D1820_2024-01-23_13_40_57_N_Mexico.ndpi.ndpa,b8cb41aa1590de09f08494721a5423713af3e44c3c3681e26e92847994ff587e,4,3,Caryapollenites,Caryapollenites,Caryapollenites sp.,exact,YES,circle,,
USNMPAL_792924_D1820_2024-01-23_13_40_57_N_Mexico::record_15,USNMPAL_792924_D1820_2024-01-23_13_40_57_N_Mexico,/rhf/allocations/dsci435/smithsonian_full_sp26/raw/Images_with_annotations_for_CNN_training/USNMPAL_792924_D1820_2024-01-23_13_40_57_N_Mexico.ndpi,USNMPAL_792924_D1820_2024-01-23_13_40_57_N_Mexico.ndpi.ndpa,b8cb41aa1590de09f08494721a5423713af3e44c3c3681e26e92847994ff587e,16,15,Betulaceae,Betulaceae,Betulaceae,exact,YES,circle,,
USNMPAL_792924_D1820_2024-01-23_13_40_57_N_Mexico::record_31,USNMPAL_792924_D1820_2024-01-23_13_40_57_N_Mexico,/rhf/allocations/dsci435/smithsonian_full_sp26/raw/Images_with_annotations_for_CNN_training/USNMPAL_792924_D1820_2024-01-23_13_40_57_N_Mexico.ndpi,USNMPAL_792924_D1820_2024-01-23_13_40_57_N_Mexico.ndpi.ndpa,b8cb41aa1590de09f08494721a5423713af3e44c3c3681e26e92847994ff587e,32,31,Bipol,Bipol,Bisaccate,exact,YES,circle,,
USNMPAL_792924_D1820_2024-01-23_13_40_57_N_Mexico::record_32,USNMPAL_792924_D1820_2024-01-23_13_40_57_N_Mexico,/rhf/allocations/dsci435/smithsonian_full_sp26/raw/Images_with_annotations_for_CNN_training/USNMPAL_792924_D1820_2024-01-23_13_40_57_N_Mexico.ndpi,USNMPAL_792924_D1820_2024-01-23_13_40_57_N_Mexico.ndpi.ndpa,b8cb41aa1590de09f08494721a5423713af3e44c3c3681e26e92847994ff587e,33,32,Betulaceae,Betulaceae,Betulaceae,exact,YES,circle,,
USNMPAL_793471_D3915_L_2024-01-22_10_22_34_Alaska::record_79,USNMPAL_793471_D3915_L_2024-01-22_10_22_34_Alaska,/rhf/allocations/dsci435/smithsonian_full_sp26/raw/Images_with_annotations_for_CNN_training/USNMPAL_793471_D3915_L_2024-01-22_10_22_34_Alaska.ndpi,USNMPAL_793471_D3915_L_2024-01-22_10_22_34_Alaska.ndpi.ndpa,22f254ccad595683d68f2c9395ffabd356e776113d23787ca4f853d321c814b2,80,79,Momipites?,Momipites?,Momipites sp,exact,YES,circle,,
USNMPAL_793471_D3915_L_2024-01-22_10_22_34_Alaska::record_112,USNMPAL_793471_D3915_L_2024-01-22_10_22_34_Alaska,/rhf/allocations/dsci435/smithsonian_full_sp26/raw/Images_with_annotations_for_CNN_training/USNMPAL_793471_D3915_L_2024-01-22_10_22_34_Alaska.ndpi,USNMPAL_793471_D3915_L_2024-01-22_10_22_34_Alaska.ndpi.ndpa,22f254ccad595683d68f2c9395ffabd356e776113d23787ca4f853d321c814b2,113,112,Bisaccate,Bisaccate,Bisaccate,exact,YES,circle,,
USNMPAL_793471_D3915_L_2024-01-22_10_22_34_Alaska::record_113,USNMPAL_793471_D3915_L_2024-01-22_10_22_34_Alaska,/rhf/allocations/dsci435/smithsonian_full_sp26/raw/Images_with_annotations_for_CNN_training/USNMPAL_793471_D3915_L_2024-01-22_10_22_34_Alaska.ndpi,USNMPAL_793471_D3915_L_2024-01-22_10_22_34_Alaska.ndpi.ndpa,22f254ccad595683d68f2c9395ffabd356e776113d23787ca4f853d321c814b2,114,113,Monocolpate,Monocolpate,Monocolpites sp.,exact,YES,circle,,
USNMPAL_793471_D3915_L_2024_01_22_10_22_34_Alaska::record_8,USNMPAL_793471_D3915_L_2024_01_22_10_22_34_Alaska,/rhf/allocations/dsci435/smithsonian_full_sp26/raw/Images_with_annotations_for_CNN_training/USNMPAL_793471_D3915_L_2024_01_22_10_22_34_Alaska.ndpi,USNMPAL_793471_D3915_L_2024_01_22_10_22_34_Alaska.ndpi.ndpa,b2107544c7bcf35209de7fd57bcbf234cbc1042cb5c9c402a82c57540c003813,9,8,Laevigatosporites sp.,Laevigatosporites sp.,Laevigatosporites sp.,exact,YES,circle,,
USNMPAL_793471_D3915_L_2024_01_22_10_22_34_Alaska::record_24,USNMPAL_793471_D3915_L_2024_01_22_10_22_34_Alaska,/rhf/allocations/dsci435/smithsonian_full_sp26/raw/Images_with_annotations_for_CNN_training/USNMPAL_793471_D3915_L_2024_01_22_10_22_34_Alaska.ndpi,USNMPAL_793471_D3915_L_2024_01_22_10_22_34_Alaska.ndpi.ndpa,b2107544c7bcf35209de7fd57bcbf234cbc1042cb5c9c402a82c57540c003813,25,24,Laevigatosporites sp.,Laevigatosporites sp.,Laevigatosporites sp.,exact,YES,circle,,
USNMPAL_793471_D3915_L_2024_01_22_10_22_34_Alaska::record_40,USNMPAL_793471_D3915_L_2024_01_22_10_22_34_Alaska,/rhf/allocations/dsci435/smithsonian_full_sp26/raw/Images_with_annotations_for_CNN_training/USNMPAL_793471_D3915_L_2024_01_22_10_22_34_Alaska.ndpi,USNMPAL_793471_D3915_L_2024_01_22_10_22_34_Alaska.ndpi.ndpa,b2107544c7bcf35209de7fd57bcbf234cbc1042cb5c9c402a82c57540c003813,41,40,Laevigatosporites sp.,Laevigatosporites sp.,Laevigatosporites sp.,exact,YES,circle,,
USNMPAL_793471_D3915_L_2024_01_22_10_22_34_Alaska::record_44,USNMPAL_793471_D3915_L_2024_01_22_10_22_34_Alaska,/rhf/allocations/dsci435/smithsonian_full_sp26/raw/Images_with_annotations_for_CNN_training/USNMPAL_793471_D3915_L_2024_01_22_10_22_34_Alaska.ndpi,USNMPAL_793471_D3915_L_2024_01_22_10_22_34_Alaska.ndpi.ndpa,b2107544c7bcf35209de7fd57bcbf234cbc1042cb5c9c402a82c57540c003813,45,44,Inaperturopollenites sp.,Inaperturopollenites sp.,Inaperturopollenites sp.,exact,YES,circle,,
USNMPAL_793471_D3915_L_2024_01_22_10_22_34_Alaska::record_49,USNMPAL_793471_D3915_L_2024_01_22_10_22_34_Alaska,/rhf/allocations/dsci435/smithsonian_full_sp26/raw/Images_with_annotations_for_CNN_training/USNMPAL_793471_D3915_L_2024_01_22_10_22_34_Alaska.ndpi,USNMPAL_793471_D3915_L_2024_01_22_10_22_34_Alaska.ndpi.ndpa,b2107544c7bcf35209de7fd57bcbf234cbc1042cb5c9c402a82c57540c003813,50,49,Monocolpites sp.,Monocolpites sp.,Monocolpites sp.,exact,YES,circle,,
USNMPAL_793471_D3915_L_2024_01_22_10_22_34_Alaska::record_51,USNMPAL_793471_D3915_L_2024_01_22_10_22_34_Alaska,/rhf/allocations/dsci435/smithsonian_full_sp26/raw/Images_with_annotations_for_CNN_training/USNMPAL_793471_D3915_L_2024_01_22_10_22_34_Alaska.ndpi,USNMPAL_793471_D3915_L_2024_01_22_10_22_34_Alaska.ndpi.ndpa,b2107544c7bcf35209de7fd57bcbf234cbc1042cb5c9c402a82c57540c003813,52,51,Inaperturopollenites sp.,Inaperturopollenites sp.,Inaperturopollenites sp.,exact,YES,circle,,
USNMPAL_793471_D3915_L_2024_01_22_10_22_34_Alaska::record_66,USNMPAL_793471_D3915_L_2024_01_22_10_22_34_Alaska,/rhf/allocations/dsci435/smithsonian_full_sp26/raw/Images_with_annotations_for_CNN_training/USNMPAL_793471_D3915_L_2024_01_22_10_22_34_Alaska.ndpi,USNMPAL_793471_D3915_L_2024_01_22_10_22_34_Alaska.ndpi.ndpa,b2107544c7bcf35209de7fd57bcbf234cbc1042cb5c9c402a82c57540c003813,67,66,Laevigatosporites sp.,Laevigatosporites sp.,Laevigatosporites sp.,exact,YES,circle,,
USNMPAL_793471_D3915_L_2024_01_22_10_22_34_Alaska::record_77,USNMPAL_793471_D3915_L_2024_01_22_10_22_34_Alaska,/rhf/allocations/dsci435/smithsonian_full_sp26/raw/Images_with_annotations_for_CNN_training/USNMPAL_793471_D3915_L_2024_01_22_10_22_34_Alaska.ndpi,USNMPAL_793471_D3915_L_2024_01_22_10_22_34_Alaska.ndpi.ndpa,b2107544c7bcf35209de7fd57bcbf234cbc1042cb5c9c402a82c57540c003813,78,77,Laevigatosporites sp.,Laevigatosporites sp.,Laevigatosporites sp.,exact,YES,circle,,
USNMPAL_793471_D3915_L_2024_01_22_10_22_34_Alaska::record_85,USNMPAL_793471_D3915_L_2024_01_22_10_22_34_Alaska,/rhf/allocations/dsci435/smithsonian_full_sp26/raw/Images_with_annotations_for_CNN_training/USNMPAL_793471_D3915_L_2024_01_22_10_22_34_Alaska.ndpi,USNMPAL_793471_D3915_L_2024_01_22_10_22_34_Alaska.ndpi.ndpa,b2107544c7bcf35209de7fd57bcbf234cbc1042cb5c9c402a82c57540c003813,86,85,Inaperturopollenites sp.,Inaperturopollenites sp.,Inaperturopollenites sp.,exact,YES,circle,,
USNMPAL_793471_D3915_L_2024_01_22_10_22_34_Alaska::record_89,USNMPAL_793471_D3915_L_2024_01_22_10_22_34_Alaska,/rhf/allocations/dsci435/smithsonian_full_sp26/raw/Images_with_annotations_for_CNN_training/USNMPAL_793471_D3915_L_2024_01_22_10_22_34_Alaska.ndpi,USNMPAL_793471_D3915_L_2024_01_22_10_22_34_Alaska.ndpi.ndpa,b2107544c7bcf35209de7fd57bcbf234cbc1042cb5c9c402a82c57540c003813,90,89,Inaperturopollenites sp.,Inaperturopollenites sp.,Inaperturopollenites sp.,exact,YES,circle,,
USNMPAL_793471_D3915_L_2024_01_22_10_22_34_Alaska::record_100,USNMPAL_793471_D3915_L_2024_01_22_10_22_34_Alaska,/rhf/allocations/dsci435/smithsonian_full_sp26/raw/Images_with_annotations_for_CNN_training/USNMPAL_793471_D3915_L_2024_01_22_10_22_34_Alaska.ndpi,USNMPAL_793471_D3915_L_2024_01_22_10_22_34_Alaska.ndpi.ndpa,b2107544c7bcf35209de7fd57bcbf234cbc1042cb5c9c402a82c57540c003813,101,100,Laevigatosporites sp.,Laevigatosporites sp.,Laevigatosporites sp.,exact,YES,circle,,
USNMPAL_793471_D3915_L_2024_01_22_10_22_34_Alaska::record_107,USNMPAL_793471_D3915_L_2024_01_22_10_22_34_Alaska,/rhf/allocations/dsci435/smithsonian_full_sp26/raw/Images_with_annotations_for_CNN_training/USNMPAL_793471_D3915_L_2024_01_22_10_22_34_Alaska.ndpi,USNMPAL_793471_D3915_L_2024_01_22_10_22_34_Alaska.ndpi.ndpa,b2107544c7bcf35209de7fd57bcbf234cbc1042cb5c9c402a82c57540c003813,108,107,Inaperturopollenites sp.,Inaperturopollenites sp.,Inaperturopollenites sp.,exact,YES,circle,,
USNMPAL_793471_D3915_L_2024_01_22_10_22_34_Alaska::record_112,USNMPAL_793471_D3915_L_2024_01_22_10_22_34_Alaska,/rhf/allocations/dsci435/smithsonian_full_sp26/raw/Images_with_annotations_for_CNN_training/USNMPAL_793471_D3915_L_2024_01_22_10_22_34_Alaska.ndpi,USNMPAL_793471_D3915_L_2024_01_22_10_22_34_Alaska.ndpi.ndpa,b2107544c7bcf35209de7fd57bcbf234cbc1042cb5c9c402a82c57540c003813,113,112,Bisaccate,Bisaccate,Bisaccate,exact,YES,circle,,
USNMPAL_793472_D3916_R_2023_11_20_17_04_43_Alaska::record_8,USNMPAL_793472_D3916_R_2023_11_20_17_04_43_Alaska,/rhf/allocations/dsci435/smithsonian_full_sp26/raw/Images_with_annotations_for_CNN_training/USNMPAL_793472_D3916_R_2023_11_20_17_04_43_Alaska.ndpi,USNMPAL_793472_D3916_R_2023_11_20_17_04_43_Alaska.ndpi.ndpa,f72ff719fcacd60c2418affbba9d4ff5b3380d9a891263cad9875060a18adacf,10,8,Laevigatosporites,Laevigatosporites,Laevigatosporites sp.,exact,YES,circle,,
USNMPAL_793472_D3916_R_2023_11_20_17_04_43_Alaska::record_9,USNMPAL_793472_D3916_R_2023_11_20_17_04_43_Alaska,/rhf/allocations/dsci435/smithsonian_full_sp26/raw/Images_with_annotations_for_CNN_training/USNMPAL_793472_D3916_R_2023_11_20_17_04_43_Alaska.ndpi,USNMPAL_793472_D3916_R_2023_11_20_17_04_43_Alaska.ndpi.ndpa,f72ff719fcacd60c2418affbba9d4ff5b3380d9a891263cad9875060a18adacf,11,9,Betulaceae/Myricaceae,Betulaceae/Myricaceae,Betulaceae,exact,YES,circle,,
USNMPAL_793472_D3916_R_2023_11_20_17_04_43_Alaska::record_19,USNMPAL_793472_D3916_R_2023_11_20_17_04_43_Alaska,/rhf/allocations/dsci435/smithsonian_full_sp26/raw/Images_with_annotations_for_CNN_training/USNMPAL_793472_D3916_R_2023_11_20_17_04_43_Alaska.ndpi,USNMPAL_793472_D3916_R_2023_11_20_17_04_43_Alaska.ndpi.ndpa,f72ff719fcacd60c2418affbba9d4ff5b3380d9a891263cad9875060a18adacf,21,19,Inaperturopollenites,Inaperturopollenites,Inaperturopollenites sp.,exact,YES,circle,,I. hiatipites?
USNMPAL_793472_D3916_R_2023_11_20_17_04_43_Alaska::record_21,USNMPAL_793472_D3916_R_2023_11_20_17_04_43_Alaska,/rhf/allocations/dsci435/smithsonian_full_sp26/raw/Images_with_annotations_for_CNN_training/USNMPAL_793472_D3916_R_2023_11_20_17_04_43_Alaska.ndpi,USNMPAL_793472_D3916_R_2023_11_20_17_04_43_Alaska.ndpi.ndpa,f72ff719fcacd60c2418affbba9d4ff5b3380d9a891263cad9875060a18adacf,23,21,Laevigatosporites,Laevigatosporites,Laevigatosporites sp.,exact,YES,circle,,
USNMPAL_793472_D3916_R_2023_11_20_17_04_43_Alaska::record_48,USNMPAL_793472_D3916_R_2023_11_20_17_04_43_Alaska,/rhf/allocations/dsci435/smithsonian_full_sp26/raw/Images_with_annotations_for_CNN_training/USNMPAL_793472_D3916_R_2023_11_20_17_04_43_Alaska.ndpi,USNMPAL_793472_D3916_R_2023_11_20_17_04_43_Alaska.ndpi.ndpa,f72ff719fcacd60c2418affbba9d4ff5b3380d9a891263cad9875060a18adacf,51,48,Triletes,Triletes,Psilatriletes sp.,exact,YES,circle,,
USNM_792877_D1727_L_2024_03_14_10_25_59_Washington::record_2,USNM_792877_D1727_L_2024_03_14_10_25_59_Washington,/rhf/allocations/dsci435/smithsonian_full_sp26/raw/Images_with_annotations_for_CNN_training/USNM_792877_D1727_L_2024_03_14_10_25_59_Washington.ndpi,USNM_792877_D1727_L_2024_03_14_10_25_59_Washington.ndpi.ndpa,ac47d0a11b0bb144203c61546aa5df8d00d6e159de0de47eba15eb914e6c0a8a,3,2,Alnipollenites verus,Alnipollenites verus,Alnipollenites verus,exact,YES,circle,,
USNM_792877_D1727_L_2024_03_14_10_25_59_Washington::record_3,USNM_792877_D1727_L_2024_03_14_10_25_59_Washington,/rhf/allocations/dsci435/smithsonian_full_sp26/raw/Images_with_annotations_for_CNN_training/USNM_792877_D1727_L_2024_03_14_10_25_59_Washington.ndpi,USNM_792877_D1727_L_2024_03_14_10_25_59_Washington.ndpi.ndpa,ac47d0a11b0bb144203c61546aa5df8d00d6e159de0de47eba15eb914e6c0a8a,4,3,Alnipollenites verus,Alnipollenites verus,Alnipollenites verus,exact,YES,circle,,
USNM_792877_D1727_L_2024_03_14_10_25_59_Washington::record_6,USNM_792877_D1727_L_2024_03_14_10_25_59_Washington,/rhf/allocations/dsci435/smithsonian_full_sp26/raw/Images_with_annotations_for_CNN_training/USNM_792877_D1727_L_2024_03_14_10_25_59_Washington.ndpi,USNM_792877_D1727_L_2024_03_14_10_25_59_Washington.ndpi.ndpa,ac47d0a11b0bb144203c61546aa5df8d00d6e159de0de47eba15eb914e6c0a8a,7,6,Tiliapollenites sp.,Tiliapollenites sp.,Bombacacidites sp.,exact,YES,circle,,
USNM_792877_D1727_L_2024_03_14_10_25_59_Washington::record_7,USNM_792877_D1727_L_2024_03_14_10_25_59_Washington,/rhf/allocations/dsci435/smithsonian_full_sp26/raw/Images_with_annotations_for_CNN_training/USNM_792877_D1727_L_2024_03_14_10_25_59_Washington.ndpi,USNM_792877_D1727_L_2024_03_14_10_25_59_Washington.ndpi.ndpa,ac47d0a11b0bb144203c61546aa5df8d00d6e159de0de47eba15eb914e6c0a8a,8,7,Ulmipollenites sp.,Ulmipollenites sp.,Ulmipollenites sp.,exact,YES,circle,,
USNM_792877_D1727_L_2024_03_14_10_25_59_Washington::record_8,USNM_792877_D1727_L_2024_03_14_10_25_59_Washington,/rhf/allocations/dsci435/smithsonian_full_sp26/raw/Images_with_annotations_for_CNN_training/USNM_792877_D1727_L_2024_03_14_10_25_59_Washington.ndpi,USNM_792877_D1727_L_2024_03_14_10_25_59_Washington.ndpi.ndpa,ac47d0a11b0bb144203c61546aa5df8d00d6e159de0de47eba15eb914e6c0a8a,9,8,Ulmipollenites sp.,Ulmipollenites sp.,Ulmipollenites sp.,exact,YES,circle,,
USNM_792877_D1727_L_2024_03_14_10_25_59_Washington::record_9,USNM_792877_D1727_L_2024_03_14_10_25_59_Washington,/rhf/allocations/dsci435/smithsonian_full_sp26/raw/Images_with_annotations_for_CNN_training/USNM_792877_D1727_L_2024_03_14_10_25_59_Washington.ndpi,USNM_792877_D1727_L_2024_03_14_10_25_59_Washington.ndpi.ndpa,ac47d0a11b0bb144203c61546aa5df8d00d6e159de0de47eba15eb914e6c0a8a,10,9,Bombacacidites sp.,Bombacacidites sp.,Bombacacidites sp.,exact,YES,circle,,
USNM_792877_D1727_L_2024_03_14_10_25_59_Washington::record_11,USNM_792877_D1727_L_2024_03_14_10_25_59_Washington,/rhf/allocations/dsci435/smithsonian_full_sp26/raw/Images_with_annotations_for_CNN_training/USNM_792877_D1727_L_2024_03_14_10_25_59_Washington.ndpi,USNM_792877_D1727_L_2024_03_14_10_25_59_Washington.ndpi.ndpa,ac47d0a11b0bb144203c61546aa5df8d00d6e159de0de47eba15eb914e6c0a8a,12,11,Alnipollenites verus,Alnipollenites verus,Alnipollenites verus,exact,YES,circle,,
USNM_792877_D1727_L_2024_03_14_10_25_59_Washington::record_13,USNM_792877_D1727_L_2024_03_14_10_25_59_Washington,/rhf/allocations/dsci435/smithsonian_full_sp26/raw/Images_with_annotations_for_CNN_training/USNM_792877_D1727_L_2024_03_14_10_25_59_Washington.ndpi,USNM_792877_D1727_L_2024_03_14_10_25_59_Washington.ndpi.ndpa,ac47d0a11b0bb144203c61546aa5df8d00d6e159de0de47eba15eb914e6c0a8a,14,13,Alnipollenites verus,Alnipollenites verus,Alnipollenites verus,exact,YES,circle,,
USNM_792877_D1727_L_2024_03_14_10_25_59_Washington::record_19,USNM_792877_D1727_L_2024_03_14_10_25_59_Washington,/rhf/allocations/dsci435/smithsonian_full_sp26/raw/Images_with_annotations_for_CNN_training/USNM_792877_D1727_L_2024_03_14_10_25_59_Washington.ndpi,USNM_792877_D1727_L_2024_03_14_10_25_59_Washington.ndpi.ndpa,ac47d0a11b0bb144203c61546aa5df8d00d6e159de0de47eba15eb914e6c0a8a,20,19,Alnipollenites verus,Alnipollenites verus,Alnipollenites verus,exact,YES,circle,,
USNM_792877_D1727_L_2024_03_14_10_25_59_Washington::record_23,USNM_792877_D1727_L_2024_03_14_10_25_59_Washington,/rhf/allocations/dsci435/smithsonian_full_sp26/raw/Images_with_annotations_for_CNN_training/USNM_792877_D1727_L_2024_03_14_10_25_59_Washington.ndpi,USNM_792877_D1727_L_2024_03_14_10_25_59_Washington.ndpi.ndpa,ac47d0a11b0bb144203c61546aa5df8d00d6e159de0de47eba15eb914e6c0a8a,24,23,Alnipollenites verus,Alnipollenites verus,Alnipollenites verus,exact,YES,circle,,
USNM_792877_D1727_L_2024_03_14_10_25_59_Washington::record_25,USNM_792877_D1727_L_2024_03_14_10_25_59_Washington,/rhf/allocations/dsci435/smithsonian_full_sp26/raw/Images_with_annotations_for_CNN_training/USNM_792877_D1727_L_2024_03_14_10_25_59_Washington.ndpi,USNM_792877_D1727_L_2024_03_14_10_25_59_Washington.ndpi.ndpa,ac47d0a11b0bb144203c61546aa5df8d00d6e159de0de47eba15eb914e6c0a8a,26,25,Psilamonocolpites sp.,Psilamonocolpites sp.,Monocolpites sp.,exact,YES,circle,,
USNM_792877_D1727_L_2024_03_14_10_25_59_Washington::record_27,USNM_792877_D1727_L_2024_03_14_10_25_59_Washington,/rhf/allocations/dsci435/smithsonian_full_sp26/raw/Images_with_annotations_for_CNN_training/USNM_792877_D1727_L_2024_03_14_10_25_59_Washington.ndpi,USNM_792877_D1727_L_2024_03_14_10_25_59_Washington.ndpi.ndpa,ac47d0a11b0bb144203c61546aa5df8d00d6e159de0de47eba15eb914e6c0a8a,28,27,Horniella sp.,Horniella sp.,Rhoipites sp.,exact,YES,circle,,
USNM_792877_D1727_L_2024_03_14_10_25_59_Washington::record_29,USNM_792877_D1727_L_2024_03_14_10_25_59_Washington,/rhf/allocations/dsci435/smithsonian_full_sp26/raw/Images_with_annotations_for_CNN_training/USNM_792877_D1727_L_2024_03_14_10_25_59_Washington.ndpi,USNM_792877_D1727_L_2024_03_14_10_25_59_Washington.ndpi.ndpa,ac47d0a11b0bb144203c61546aa5df8d00d6e159de0de47eba15eb914e6c0a8a,30,29,Psilamonocolpites sp.,Psilamonocolpites sp.,Monocolpites sp.,exact,YES,circle,,
USNM_792877_D1727_L_2024_03_14_10_25_59_Washington::record_37,USNM_792877_D1727_L_2024_03_14_10_25_59_Washington,/rhf/allocations/dsci435/smithsonian_full_sp26/raw/Images_with_annotations_for_CNN_training/USNM_792877_D1727_L_2024_03_14_10_25_59_Washington.ndpi,USNM_792877_D1727_L_2024_03_14_10_25_59_Washington.ndpi.ndpa,ac47d0a11b0bb144203c61546aa5df8d00d6e159de0de47eba15eb914e6c0a8a,38,37,Alnipollenites verus,Alnipollenites verus,Alnipollenites verus,exact,YES,circle,,
USNM_792877_D1727_L_2024_03_14_10_25_59_Washington::record_39,USNM_792877_D1727_L_2024_03_14_10_25_59_Washington,/rhf/allocations/dsci435/smithsonian_full_sp26/raw/Images_with_annotations_for_CNN_training/USNM_792877_D1727_L_2024_03_14_10_25_59_Washington.ndpi,USNM_792877_D1727_L_2024_03_14_10_25_59_Washington.ndpi.ndpa,ac47d0a11b0bb144203c61546aa5df8d00d6e159de0de47eba15eb914e6c0a8a,40,39,Rousea sp.,Rousea sp.,Rousea sp.,exact,YES,circle,,
USNM_792877_D1727_L_2024_03_14_10_25_59_Washington::record_54,USNM_792877_D1727_L_2024_03_14_10_25_59_Washington,/rhf/allocations/dsci435/smithsonian_full_sp26/raw/Images_with_annotations_for_CNN_training/USNM_792877_D1727_L_2024_03_14_10_25_59_Washington.ndpi,USNM_792877_D1727_L_2024_03_14_10_25_59_Washington.ndpi.ndpa,ac47d0a11b0bb144203c61546aa5df8d00d6e159de0de47eba15eb914e6c0a8a,55,54,Ulmipollenites sp.,Ulmipollenites sp.,Ulmipollenites sp.,exact,YES,circle,,
USNM_792877_D1727_L_2024_03_14_10_25_59_Washington::record_79,USNM_792877_D1727_L_2024_03_14_10_25_59_Washington,/rhf/allocations/dsci435/smithsonian_full_sp26/raw/Images_with_annotations_for_CNN_training/USNM_792877_D1727_L_2024_03_14_10_25_59_Washington.ndpi,USNM_792877_D1727_L_2024_03_14_10_25_59_Washington.ndpi.ndpa,ac47d0a11b0bb144203c61546aa5df8d00d6e159de0de47eba15eb914e6c0a8a,80,79,Alnipollenites sp.,Alnipollenites sp.,Alnipollenites verus,exact,YES,circle,,
USNM_792877_D1727_L_2024_03_14_10_25_59_Washington::record_80,USNM_792877_D1727_L_2024_03_14_10_25_59_Washington,/rhf/allocations/dsci435/smithsonian_full_sp26/raw/Images_with_annotations_for_CNN_training/USNM_792877_D1727_L_2024_03_14_10_25_59_Washington.ndpi,USNM_792877_D1727_L_2024_03_14_10_25_59_Washington.ndpi.ndpa,ac47d0a11b0bb144203c61546aa5df8d00d6e159de0de47eba15eb914e6c0a8a,81,80,Alnipollenites verus,Alnipollenites verus,Alnipollenites verus,exact,YES,circle,,
USNM_792877_D1727_L_2024_03_14_10_25_59_Washington::record_89,USNM_792877_D1727_L_2024_03_14_10_25_59_Washington,/rhf/allocations/dsci435/smithsonian_full_sp26/raw/Images_with_annotations_for_CNN_training/USNM_792877_D1727_L_2024_03_14_10_25_59_Washington.ndpi,USNM_792877_D1727_L_2024_03_14_10_25_59_Washington.ndpi.ndpa,ac47d0a11b0bb144203c61546aa5df8d00d6e159de0de47eba15eb914e6c0a8a,90,89,Alnipollenites verus,Alnipollenites verus,Alnipollenites verus,exact,YES,circle,,
USNM_792877_D1727_L_2024_03_14_10_25_59_Washington::record_90,USNM_792877_D1727_L_2024_03_14_10_25_59_Washington,/rhf/allocations/dsci435/smithsonian_full_sp26/raw/Images_with_annotations_for_CNN_training/USNM_792877_D1727_L_2024_03_14_10_25_59_Washington.ndpi,USNM_792877_D1727_L_2024_03_14_10_25_59_Washington.ndpi.ndpa,ac47d0a11b0bb144203c61546aa5df8d00d6e159de0de47eba15eb914e6c0a8a,91,90,Rousea sp.,Rousea sp.,Rousea sp.,exact,YES,circle,,
USNM_792877_D1727_L_2024_03_14_10_25_59_Washington::record_105,USNM_792877_D1727_L_2024_03_14_10_25_59_Washington,/rhf/allocations/dsci435/smithsonian_full_sp26/raw/Images_with_annotations_for_CNN_training/USNM_792877_D1727_L_2024_03_14_10_25_59_Washington.ndpi,USNM_792877_D1727_L_2024_03_14_10_25_59_Washington.ndpi.ndpa,ac47d0a11b0bb144203c61546aa5df8d00d6e159de0de47eba15eb914e6c0a8a,106,105,Ulmipollenites sp.,Ulmipollenites sp.,Ulmipollenites sp.,exact,YES,circle,,
USNM_792877_D1727_L_2024_03_14_10_25_59_Washington::record_110,USNM_792877_D1727_L_2024_03_14_10_25_59_Washington,/rhf/allocations/dsci435/smithsonian_full_sp26/raw/Images_with_annotations_for_CNN_training/USNM_792877_D1727_L_2024_03_14_10_25_59_Washington.ndpi,USNM_792877_D1727_L_2024_03_14_10_25_59_Washington.ndpi.ndpa,ac47d0a11b0bb144203c61546aa5df8d00d6e159de0de47eba15eb914e6c0a8a,111,110,Alnipollenites verus,Alnipollenites verus,Alnipollenites verus,exact,YES,circle,,
USNM_792877_D1727_L_2024_03_14_10_25_59_Washington::record_112,USNM_792877_D1727_L_2024_03_14_10_25_59_Washington,/rhf/allocations/dsci435/smithsonian_full_sp26/raw/Images_with_annotations_for_CNN_training/USNM_792877_D1727_L_2024_03_14_10_25_59_Washington.ndpi,USNM_792877_D1727_L_2024_03_14_10_25_59_Washington.ndpi.ndpa,ac47d0a11b0bb144203c61546aa5df8d00d6e159de0de47eba15eb914e6c0a8a,113,112,Ulmipollenites sp.,Ulmipollenites sp.,Ulmipollenites sp.,exact,YES,circle,,
USNM_792877_D1727_L_2024_03_14_10_25_59_Washington::record_116,USNM_792877_D1727_L_2024_03_14_10_25_59_Washington,/rhf/allocations/dsci435/smithsonian_full_sp26/raw/Images_with_annotations_for_CNN_training/USNM_792877_D1727_L_2024_03_14_10_25_59_Washington.ndpi,USNM_792877_D1727_L_2024_03_14_10_25_59_Washington.ndpi.ndpa,ac47d0a11b0bb144203c61546aa5df8d00d6e159de0de47eba15eb914e6c0a8a,117,116,Bombacacidites cf. annae,Bombacacidites cf. annae,Bombacacidites sp.,exact,YES,circle,,
USNM_792877_D1727_L_2024_03_14_10_25_59_Washington::record_121,USNM_792877_D1727_L_2024_03_14_10_25_59_Washington,/rhf/allocations/dsci435/smithsonian_full_sp26/raw/Images_with_annotations_for_CNN_training/USNM_792877_D1727_L_2024_03_14_10_25_59_Washington.ndpi,USNM_792877_D1727_L_2024_03_14_10_25_59_Washington.ndpi.ndpa,ac47d0a11b0bb144203c61546aa5df8d00d6e159de0de47eba15eb914e6c0a8a,122,121,Rhoipites sp.,Rhoipites sp.,Rhoipites sp.,exact,YES,circle,,
USNM_792877_D1727_L_2024_03_14_10_25_59_Washington::record_126,USNM_792877_D1727_L_2024_03_14_10_25_59_Washington,/rhf/allocations/dsci435/smithsonian_full_sp26/raw/Images_with_annotations_for_CNN_training/USNM_792877_D1727_L_2024_03_14_10_25_59_Washington.ndpi,USNM_792877_D1727_L_2024_03_14_10_25_59_Washington.ndpi.ndpa,ac47d0a11b0bb144203c61546aa5df8d00d6e159de0de47eba15eb914e6c0a8a,127,126,Alnipollenites verus,Alnipollenites verus,Alnipollenites verus,exact,YES,circle,,
USNM_792877_D1727_L_2024_03_14_10_25_59_Washington::record_139,USNM_792877_D1727_L_2024_03_14_10_25_59_Washington,/rhf/allocations/dsci435/smithsonian_full_sp26/raw/Images_with_annotations_for_CNN_training/USNM_792877_D1727_L_2024_03_14_10_25_59_Washington.ndpi,USNM_792877_D1727_L_2024_03_14_10_25_59_Washington.ndpi.ndpa,ac47d0a11b0bb144203c61546aa5df8d00d6e159de0de47eba15eb914e6c0a8a,140,139,Alnipollenites verus,Alnipollenites verus,Alnipollenites verus,exact,YES,circle,,
USNM_792877_D1727_L_2024_03_14_10_25_59_Washington::record_146,USNM_792877_D1727_L_2024_03_14_10_25_59_Washington,/rhf/allocations/dsci435/smithsonian_full_sp26/raw/Images_with_annotations_for_CNN_training/USNM_792877_D1727_L_2024_03_14_10_25_59_Washington.ndpi,USNM_792877_D1727_L_2024_03_14_10_25_59_Washington.ndpi.ndpa,ac47d0a11b0bb144203c61546aa5df8d00d6e159de0de47eba15eb914e6c0a8a,147,146,Alnipollenites verus,Alnipollenites verus,Alnipollenites verus,exact,YES,circle,,
USNMPAL_792668_D1091_2024_01_25_16_57_52_Tennessee::record_1,USNMPAL_792668_D1091_2024_01_25_16_57_52_Tennessee,/rhf/allocations/dsci435/smithsonian_full_sp26/raw/Images_with_annotations_for_CNN_training/USNMPAL_792668_D1091_2024_01_25_16_57_52_Tennessee.ndpi,USNMPAL_792668_D1091_2024_01_25_16_57_52_Tennessee.ndpi.ndpa,59b42a79818e23c5d2eab88d2a7e67d1fb69c226f1ef93641027037e4ef82fde,2,1,Bisaccate pollen,Bisaccate pollen,Bisaccate,exact,YES,circle,,
USNMPAL_792668_D1091_2024_01_25_16_57_52_Tennessee::record_9,USNMPAL_792668_D1091_2024_01_25_16_57_52_Tennessee,/rhf/allocations/dsci435/smithsonian_full_sp26/raw/Images_with_annotations_for_CNN_training/USNMPAL_792668_D1091_2024_01_25_16_57_52_Tennessee.ndpi,USNMPAL_792668_D1091_2024_01_25_16_57_52_Tennessee.ndpi.ndpa,59b42a79818e23c5d2eab88d2a7e67d1fb69c226f1ef93641027037e4ef82fde,10,9,Momipites,Momipites,Momipites sp,exact,YES,circle,,
USNMPAL_792668_D1091_2024_01_25_16_57_52_Tennessee::record_14,USNMPAL_792668_D1091_2024_01_25_16_57_52_Tennessee,/rhf/allocations/dsci435/smithsonian_full_sp26/raw/Images_with_annotations_for_CNN_training/USNMPAL_792668_D1091_2024_01_25_16_57_52_Tennessee.ndpi,USNMPAL_792668_D1091_2024_01_25_16_57_52_Tennessee.ndpi.ndpa,59b42a79818e23c5d2eab88d2a7e67d1fb69c226f1ef93641027037e4ef82fde,15,14,Momipites,Momipites,Momipites sp,exact,YES,circle,,
USNMPAL_792668_D1091_2024_01_25_16_57_52_Tennessee::record_24,USNMPAL_792668_D1091_2024_01_25_16_57_52_Tennessee,/rhf/allocations/dsci435/smithsonian_full_sp26/raw/Images_with_annotations_for_CNN_training/USNMPAL_792668_D1091_2024_01_25_16_57_52_Tennessee.ndpi,USNMPAL_792668_D1091_2024_01_25_16_57_52_Tennessee.ndpi.ndpa,59b42a79818e23c5d2eab88d2a7e67d1fb69c226f1ef93641027037e4ef82fde,25,24,Monocolpites,Monocolpites,Monocolpites sp.,exact,YES,circle,,
USNMPAL_792715_D1298_L_2024_01_25_14_55_02_Wyoming::record_1,USNMPAL_792715_D1298_L_2024_01_25_14_55_02_Wyoming,/rhf/allocations/dsci435/smithsonian_full_sp26/raw/Images_with_annotations_for_CNN_training/USNMPAL_792715_D1298_L_2024_01_25_14_55_02_Wyoming.ndpi,USNMPAL_792715_D1298_L_2024_01_25_14_55_02_Wyoming.ndpi.ndpa,789c89c006e2a12f764d5029ee87f45978f954a0aefa9758f6968a111c09c58b,2,1,Cyathidites,Cyathidites,Psilatriletes sp.,exact,YES,circle,,
USNMPAL_792715_D1298_L_2024_01_25_14_55_02_Wyoming::record_2,USNMPAL_792715_D1298_L_2024_01_25_14_55_02_Wyoming,/rhf/allocations/dsci435/smithsonian_full_sp26/raw/Images_with_annotations_for_CNN_training/USNMPAL_792715_D1298_L_2024_01_25_14_55_02_Wyoming.ndpi,USNMPAL_792715_D1298_L_2024_01_25_14_55_02_Wyoming.ndpi.ndpa,789c89c006e2a12f764d5029ee87f45978f954a0aefa9758f6968a111c09c58b,3,2,Cyathidites,Cyathidites,Psilatriletes sp.,exact,YES,circle,,
USNMPAL_792715_D1298_L_2024_01_25_14_55_02_Wyoming::record_3,USNMPAL_792715_D1298_L_2024_01_25_14_55_02_Wyoming,/rhf/allocations/dsci435/smithsonian_full_sp26/raw/Images_with_annotations_for_CNN_training/USNMPAL_792715_D1298_L_2024_01_25_14_55_02_Wyoming.ndpi,USNMPAL_792715_D1298_L_2024_01_25_14_55_02_Wyoming.ndpi.ndpa,789c89c006e2a12f764d5029ee87f45978f954a0aefa9758f6968a111c09c58b,4,3,Cyathidites,Cyathidites,Psilatriletes sp.,exact,YES,circle,,
USNMPAL_792715_D1298_L_2024_01_25_14_55_02_Wyoming::record_5,USNMPAL_792715_D1298_L_2024_01_25_14_55_02_Wyoming,/rhf/allocations/dsci435/smithsonian_full_sp26/raw/Images_with_annotations_for_CNN_training/USNMPAL_792715_D1298_L_2024_01_25_14_55_02_Wyoming.ndpi,USNMPAL_792715_D1298_L_2024_01_25_14_55_02_Wyoming.ndpi.ndpa,789c89c006e2a12f764d5029ee87f45978f954a0aefa9758f6968a111c09c58b,6,5,Bisaccate pollen,Bisaccate pollen,Bisaccate,exact,YES,circle,,
USNMPAL_792715_D1298_L_2024_01_25_14_55_02_Wyoming::record_51,USNMPAL_792715_D1298_L_2024_01_25_14_55_02_Wyoming,/rhf/allocations/dsci435/smithsonian_full_sp26/raw/Images_with_annotations_for_CNN_training/USNMPAL_792715_D1298_L_2024_01_25_14_55_02_Wyoming.ndpi,USNMPAL_792715_D1298_L_2024_01_25_14_55_02_Wyoming.ndpi.ndpa,789c89c006e2a12f764d5029ee87f45978f954a0aefa9758f6968a111c09c58b,52,51,Cyathidites,Cyathidites,Psilatriletes sp.,exact,YES,circle,,
USNMPAL_792723_D1366-D_2024_09_19_09_27_16_Maryland::record_20,USNMPAL_792723_D1366-D_2024_09_19_09_27_16_Maryland,/rhf/allocations/dsci435/smithsonian_full_sp26/raw/Images_with_annotations_for_CNN_training/USNMPAL_792723_D1366-D_2024_09_19_09_27_16_Maryland.ndpi,USNMPAL_792723_D1366-D_2024_09_19_09_27_16_Maryland.ndpi.ndpa,ad37f3ff593e2f48317239cb80f0cd7208164b57241acb2ff0746bf776644d84,21,20,Caryapollenites,Caryapollenites,Caryapollenites sp.,exact,YES,circle,,
USNMPAL_792723_D1366-D_2024_09_19_09_27_16_Maryland::record_21,USNMPAL_792723_D1366-D_2024_09_19_09_27_16_Maryland,/rhf/allocations/dsci435/smithsonian_full_sp26/raw/Images_with_annotations_for_CNN_training/USNMPAL_792723_D1366-D_2024_09_19_09_27_16_Maryland.ndpi,USNMPAL_792723_D1366-D_2024_09_19_09_27_16_Maryland.ndpi.ndpa,ad37f3ff593e2f48317239cb80f0cd7208164b57241acb2ff0746bf776644d84,22,21,Bipol,Bipol,Bisaccate,exact,YES,circle,,
USNMPAL_792723_D1366-D_2024_09_19_09_27_16_Maryland::record_29,USNMPAL_792723_D1366-D_2024_09_19_09_27_16_Maryland,/rhf/allocations/dsci435/smithsonian_full_sp26/raw/Images_with_annotations_for_CNN_training/USNMPAL_792723_D1366-D_2024_09_19_09_27_16_Maryland.ndpi,USNMPAL_792723_D1366-D_2024_09_19_09_27_16_Maryland.ndpi.ndpa,ad37f3ff593e2f48317239cb80f0cd7208164b57241acb2ff0746bf776644d84,30,29,Bipol,Bipol,Bisaccate,exact,YES,circle,,
USNMPAL_792723_D1366-D_2024_09_19_09_27_16_Maryland::record_32,USNMPAL_792723_D1366-D_2024_09_19_09_27_16_Maryland,/rhf/allocations/dsci435/smithsonian_full_sp26/raw/Images_with_annotations_for_CNN_training/USNMPAL_792723_D1366-D_2024_09_19_09_27_16_Maryland.ndpi,USNMPAL_792723_D1366-D_2024_09_19_09_27_16_Maryland.ndpi.ndpa,ad37f3ff593e2f48317239cb80f0cd7208164b57241acb2ff0746bf776644d84,33,32,Caryapollenites,Caryapollenites,Caryapollenites sp.,exact,YES,circle,,
USNMPAL_792723_D1366-D_2024_09_19_09_27_16_Maryland::record_34,USNMPAL_792723_D1366-D_2024_09_19_09_27_16_Maryland,/rhf/allocations/dsci435/smithsonian_full_sp26/raw/Images_with_annotations_for_CNN_training/USNMPAL_792723_D1366-D_2024_09_19_09_27_16_Maryland.ndpi,USNMPAL_792723_D1366-D_2024_09_19_09_27_16_Maryland.ndpi.ndpa,ad37f3ff593e2f48317239cb80f0cd7208164b57241acb2ff0746bf776644d84,35,34,Bipol,Bipol,Bisaccate,exact,YES,circle,,
USNMPAL_792723_D1366-D_2024_09_19_09_27_16_Maryland::record_35,USNMPAL_792723_D1366-D_2024_09_19_09_27_16_Maryland,/rhf/allocations/dsci435/smithsonian_full_sp26/raw/Images_with_annotations_for_CNN_training/USNMPAL_792723_D1366-D_2024_09_19_09_27_16_Maryland.ndpi,USNMPAL_792723_D1366-D_2024_09_19_09_27_16_Maryland.ndpi.ndpa,ad37f3ff593e2f48317239cb80f0cd7208164b57241acb2ff0746bf776644d84,36,35,Bipol,Bipol,Bisaccate,exact,YES,circle,,
USNMPAL_792723_D1366-D_2024_09_19_09_27_16_Maryland::record_47,USNMPAL_792723_D1366-D_2024_09_19_09_27_16_Maryland,/rhf/allocations/dsci435/smithsonian_full_sp26/raw/Images_with_annotations_for_CNN_training/USNMPAL_792723_D1366-D_2024_09_19_09_27_16_Maryland.ndpi,USNMPAL_792723_D1366-D_2024_09_19_09_27_16_Maryland.ndpi.ndpa,ad37f3ff593e2f48317239cb80f0cd7208164b57241acb2ff0746bf776644d84,48,47,Bipol,Bipol,Bisaccate,exact,YES,circle,,
USNMPAL_792723_D1366-D_2024_09_19_09_27_16_Maryland::record_77,USNMPAL_792723_D1366-D_2024_09_19_09_27_16_Maryland,/rhf/allocations/dsci435/smithsonian_full_sp26/raw/Images_with_annotations_for_CNN_training/USNMPAL_792723_D1366-D_2024_09_19_09_27_16_Maryland.ndpi,USNMPAL_792723_D1366-D_2024_09_19_09_27_16_Maryland.ndpi.ndpa,ad37f3ff593e2f48317239cb80f0cd7208164b57241acb2ff0746bf776644d84,78,77,Bipol,Bipol,Bisaccate,exact,YES,circle,,
USNMPAL_792723_D1366-D_2024_09_19_09_27_16_Maryland::record_114,USNMPAL_792723_D1366-D_2024_09_19_09_27_16_Maryland,/rhf/allocations/dsci435/smithsonian_full_sp26/raw/Images_with_annotations_for_CNN_training/USNMPAL_792723_D1366-D_2024_09_19_09_27_16_Maryland.ndpi,USNMPAL_792723_D1366-D_2024_09_19_09_27_16_Maryland.ndpi.ndpa,ad37f3ff593e2f48317239cb80f0cd7208164b57241acb2ff0746bf776644d84,115,114,Bipol,Bipol,Bisaccate,exact,YES,circle,,
USNMPAL_792724_D1367_A_2024_01_25_15_32_32_Maryland::record_1,USNMPAL_792724_D1367_A_2024_01_25_15_32_32_Maryland,/rhf/allocations/dsci435/smithsonian_full_sp26/raw/Images_with_annotations_for_CNN_training/USNMPAL_792724_D1367_A_2024_01_25_15_32_32_Maryland.ndpi,USNMPAL_792724_D1367_A_2024_01_25_15_32_32_Maryland.ndpi.ndpa,987d91c1d31ebd9e935ef7a85799b4aabd18909b7a190a7784679bde049ea494,2,1,Momipites,Momipites,Momipites sp,exact,YES,circle,,
USNMPAL_792725_D1367-B_2024_09_19_09_45_18_S_Dakota::record_3,USNMPAL_792725_D1367-B_2024_09_19_09_45_18_S_Dakota,/rhf/allocations/dsci435/smithsonian_full_sp26/raw/Images_with_annotations_for_CNN_training/USNMPAL_792725_D1367-B_2024_09_19_09_45_18_S_Dakota.ndpi,USNMPAL_792725_D1367-B_2024_09_19_09_45_18_S_Dakota.ndpi.ndpa,d6124e91cf36f43342e3489c606804d134faabb0d2671cd3ebbdfd05b41785d7,4,3,Monocolpites sp.,Monocolpites sp.,Monocolpites sp.,exact,YES,circle,,
USNMPAL_792725_D1367-B_2024_09_19_09_45_18_S_Dakota::record_5,USNMPAL_792725_D1367-B_2024_09_19_09_45_18_S_Dakota,/rhf/allocations/dsci435/smithsonian_full_sp26/raw/Images_with_annotations_for_CNN_training/USNMPAL_792725_D1367-B_2024_09_19_09_45_18_S_Dakota.ndpi,USNMPAL_792725_D1367-B_2024_09_19_09_45_18_S_Dakota.ndpi.ndpa,d6124e91cf36f43342e3489c606804d134faabb0d2671cd3ebbdfd05b41785d7,6,5,Rhoipites sp.,Rhoipites sp.,Rhoipites sp.,exact,YES,circle,,
USNMPAL_792725_D1367-B_2024_09_19_09_45_18_S_Dakota::record_8,USNMPAL_792725_D1367-B_2024_09_19_09_45_18_S_Dakota,/rhf/allocations/dsci435/smithsonian_full_sp26/raw/Images_with_annotations_for_CNN_training/USNMPAL_792725_D1367-B_2024_09_19_09_45_18_S_Dakota.ndpi,USNMPAL_792725_D1367-B_2024_09_19_09_45_18_S_Dakota.ndpi.ndpa,d6124e91cf36f43342e3489c606804d134faabb0d2671cd3ebbdfd05b41785d7,9,8,Monocolpites sp.,Monocolpites sp.,Monocolpites sp.,exact,YES,circle,,
USNMPAL_792725_D1367-B_2024_09_19_09_45_18_S_Dakota::record_15,USNMPAL_792725_D1367-B_2024_09_19_09_45_18_S_Dakota,/rhf/allocations/dsci435/smithsonian_full_sp26/raw/Images_with_annotations_for_CNN_training/USNMPAL_792725_D1367-B_2024_09_19_09_45_18_S_Dakota.ndpi,USNMPAL_792725_D1367-B_2024_09_19_09_45_18_S_Dakota.ndpi.ndpa,d6124e91cf36f43342e3489c606804d134faabb0d2671cd3ebbdfd05b41785d7,16,15,Monocolpites sp.,Monocolpites sp.,Monocolpites sp.,exact,YES,circle,,
USNMPAL_792725_D1367-B_2024_09_19_09_45_18_S_Dakota::record_20,USNMPAL_792725_D1367-B_2024_09_19_09_45_18_S_Dakota,/rhf/allocations/dsci435/smithsonian_full_sp26/raw/Images_with_annotations_for_CNN_training/USNMPAL_792725_D1367-B_2024_09_19_09_45_18_S_Dakota.ndpi,USNMPAL_792725_D1367-B_2024_09_19_09_45_18_S_Dakota.ndpi.ndpa,d6124e91cf36f43342e3489c606804d134faabb0d2671cd3ebbdfd05b41785d7,21,20,Monocolpites sp.,Monocolpites sp.,Monocolpites sp.,exact,YES,circle,,
USNMPAL_792725_D1367-B_2024_09_19_09_45_18_S_Dakota::record_27,USNMPAL_792725_D1367-B_2024_09_19_09_45_18_S_Dakota,/rhf/allocations/dsci435/smithsonian_full_sp26/raw/Images_with_annotations_for_CNN_training/USNMPAL_792725_D1367-B_2024_09_19_09_45_18_S_Dakota.ndpi,USNMPAL_792725_D1367-B_2024_09_19_09_45_18_S_Dakota.ndpi.ndpa,d6124e91cf36f43342e3489c606804d134faabb0d2671cd3ebbdfd05b41785d7,28,27,Bipol,Bipol,Bisaccate,exact,YES,circle,,
USNMPAL_792725_D1367-B_2024_09_19_09_45_18_S_Dakota::record_37,USNMPAL_792725_D1367-B_2024_09_19_09_45_18_S_Dakota,/rhf/allocations/dsci435/smithsonian_full_sp26/raw/Images_with_annotations_for_CNN_training/USNMPAL_792725_D1367-B_2024_09_19_09_45_18_S_Dakota.ndpi,USNMPAL_792725_D1367-B_2024_09_19_09_45_18_S_Dakota.ndpi.ndpa,d6124e91cf36f43342e3489c606804d134faabb0d2671cd3ebbdfd05b41785d7,39,37,Bipol,Bipol,Bisaccate,exact,YES,circle,,
USNMPAL_792725_D1367-B_2024_09_19_09_45_18_S_Dakota::record_41,USNMPAL_792725_D1367-B_2024_09_19_09_45_18_S_Dakota,/rhf/allocations/dsci435/smithsonian_full_sp26/raw/Images_with_annotations_for_CNN_training/USNMPAL_792725_D1367-B_2024_09_19_09_45_18_S_Dakota.ndpi,USNMPAL_792725_D1367-B_2024_09_19_09_45_18_S_Dakota.ndpi.ndpa,d6124e91cf36f43342e3489c606804d134faabb0d2671cd3ebbdfd05b41785d7,43,41,Bipol,Bipol,Bisaccate,exact,YES,circle,,
USNMPAL_792733_D1388_L_2024_01_22_11_09_00_S_Dakota::record_1,USNMPAL_792733_D1388_L_2024_01_22_11_09_00_S_Dakota,/rhf/allocations/dsci435/smithsonian_full_sp26/raw/Images_with_annotations_for_CNN_training/USNMPAL_792733_D1388_L_2024_01_22_11_09_00_S_Dakota.ndpi,USNMPAL_792733_D1388_L_2024_01_22_11_09_00_S_Dakota.ndpi.ndpa,6402507b7d1a03733ad2a7409e1891b71c3a9bf6d3fc76a58d92fcbd41a9ec84,2,1,Cyathidites,Cyathidites,Psilatriletes sp.,exact,YES,circle,,
USNMPAL_792733_D1388_L_2024_01_22_11_09_00_S_Dakota::record_65,USNMPAL_792733_D1388_L_2024_01_22_11_09_00_S_Dakota,/rhf/allocations/dsci435/smithsonian_full_sp26/raw/Images_with_annotations_for_CNN_training/USNMPAL_792733_D1388_L_2024_01_22_11_09_00_S_Dakota.ndpi,USNMPAL_792733_D1388_L_2024_01_22_11_09_00_S_Dakota.ndpi.ndpa,6402507b7d1a03733ad2a7409e1891b71c3a9bf6d3fc76a58d92fcbd41a9ec84,66,65,Trilete,Trilete,Psilatriletes sp.,exact,YES,circle,,
USNMPAL_792851_D1644_2024_01_26_11_12_23_California::record_1,USNMPAL_792851_D1644_2024_01_26_11_12_23_California,/rhf/allocations/dsci435/smithsonian_full_sp26/raw/Images_with_annotations_for_CNN_training/USNMPAL_792851_D1644_2024_01_26_11_12_23_California.ndpi,USNMPAL_792851_D1644_2024_01_26_11_12_23_California.ndpi.ndpa,fa905514a96d6a36e973c17bd3b34d290bd456acfad932c5485f38966623a018,2,1,Retitricolporites sp.,Retitricolporites sp.,Rousea sp.,exact,YES,circle,,
USNMPAL_792851_D1644_2024_01_26_11_12_23_California::record_6,USNMPAL_792851_D1644_2024_01_26_11_12_23_California,/rhf/allocations/dsci435/smithsonian_full_sp26/raw/Images_with_annotations_for_CNN_training/USNMPAL_792851_D1644_2024_01_26_11_12_23_California.ndpi,USNMPAL_792851_D1644_2024_01_26_11_12_23_California.ndpi.ndpa,fa905514a96d6a36e973c17bd3b34d290bd456acfad932c5485f38966623a018,7,6,Caryapollenites veripites,Caryapollenites veripites,Caryapollenites veripites,exact,YES,circle,,
USNMPAL_792851_D1644_2024_01_26_11_12_23_California::record_11,USNMPAL_792851_D1644_2024_01_26_11_12_23_California,/rhf/allocations/dsci435/smithsonian_full_sp26/raw/Images_with_annotations_for_CNN_training/USNMPAL_792851_D1644_2024_01_26_11_12_23_California.ndpi,USNMPAL_792851_D1644_2024_01_26_11_12_23_California.ndpi.ndpa,fa905514a96d6a36e973c17bd3b34d290bd456acfad932c5485f38966623a018,12,11,Tiliapollenites sp.,Tiliapollenites sp.,Bombacacidites sp.,exact,YES,circle,,
USNMPAL_792851_D1644_2024_01_26_11_12_23_California::record_14,USNMPAL_792851_D1644_2024_01_26_11_12_23_California,/rhf/allocations/dsci435/smithsonian_full_sp26/raw/Images_with_annotations_for_CNN_training/USNMPAL_792851_D1644_2024_01_26_11_12_23_California.ndpi,USNMPAL_792851_D1644_2024_01_26_11_12_23_California.ndpi.ndpa,fa905514a96d6a36e973c17bd3b34d290bd456acfad932c5485f38966623a018,15,14,Laevigatosporites sp.,Laevigatosporites sp.,Laevigatosporites sp.,exact,YES,circle,,
USNMPAL_792851_D1644_2024_01_26_11_12_23_California::record_15,USNMPAL_792851_D1644_2024_01_26_11_12_23_California,/rhf/allocations/dsci435/smithsonian_full_sp26/raw/Images_with_annotations_for_CNN_training/USNMPAL_792851_D1644_2024_01_26_11_12_23_California.ndpi,USNMPAL_792851_D1644_2024_01_26_11_12_23_California.ndpi.ndpa,fa905514a96d6a36e973c17bd3b34d290bd456acfad932c5485f38966623a018,16,15,Momipites ventifluminis,Momipites ventifluminis,Momipites ventifluminis,exact,YES,circle,,
USNMPAL_792851_D1644_2024_01_26_11_12_23_California::record_19,USNMPAL_792851_D1644_2024_01_26_11_12_23_California,/rhf/allocations/dsci435/smithsonian_full_sp26/raw/Images_with_annotations_for_CNN_training/USNMPAL_792851_D1644_2024_01_26_11_12_23_California.ndpi,USNMPAL_792851_D1644_2024_01_26_11_12_23_California.ndpi.ndpa,fa905514a96d6a36e973c17bd3b34d290bd456acfad932c5485f38966623a018,20,19,Rousea sp.,Rousea sp.,Rousea sp.,exact,YES,circle,,
USNMPAL_792851_D1644_2024_01_26_11_12_23_California::record_33,USNMPAL_792851_D1644_2024_01_26_11_12_23_California,/rhf/allocations/dsci435/smithsonian_full_sp26/raw/Images_with_annotations_for_CNN_training/USNMPAL_792851_D1644_2024_01_26_11_12_23_California.ndpi,USNMPAL_792851_D1644_2024_01_26_11_12_23_California.ndpi.ndpa,fa905514a96d6a36e973c17bd3b34d290bd456acfad932c5485f38966623a018,34,33,Momipites ventifluminis,Momipites ventifluminis,Momipites ventifluminis,exact,YES,circle,,
USNMPAL_792851_D1644_2024_01_26_11_12_23_California::record_36,USNMPAL_792851_D1644_2024_01_26_11_12_23_California,/rhf/allocations/dsci435/smithsonian_full_sp26/raw/Images_with_annotations_for_CNN_training/USNMPAL_792851_D1644_2024_01_26_11_12_23_California.ndpi,USNMPAL_792851_D1644_2024_01_26_11_12_23_California.ndpi.ndpa,fa905514a96d6a36e973c17bd3b34d290bd456acfad932c5485f38966623a018,37,36,Momipites,Momipites,Momipites sp,exact,YES,circle,,
USNMPAL_792851_D1644_2024_01_26_11_12_23_California::record_47,USNMPAL_792851_D1644_2024_01_26_11_12_23_California,/rhf/allocations/dsci435/smithsonian_full_sp26/raw/Images_with_annotations_for_CNN_training/USNMPAL_792851_D1644_2024_01_26_11_12_23_California.ndpi,USNMPAL_792851_D1644_2024_01_26_11_12_23_California.ndpi.ndpa,fa905514a96d6a36e973c17bd3b34d290bd456acfad932c5485f38966623a018,48,47,Caryapollenites veripites ,Caryapollenites veripites,Caryapollenites veripites,trimmed_whitespace,YES,circle,,
USNMPAL_792851_D1644_2024_01_26_11_12_23_California::record_48,USNMPAL_792851_D1644_2024_01_26_11_12_23_California,/rhf/allocations/dsci435/smithsonian_full_sp26/raw/Images_with_annotations_for_CNN_training/USNMPAL_792851_D1644_2024_01_26_11_12_23_California.ndpi,USNMPAL_792851_D1644_2024_01_26_11_12_23_California.ndpi.ndpa,fa905514a96d6a36e973c17bd3b34d290bd456acfad932c5485f38966623a018,49,48,Laevigatosporites sp.,Laevigatosporites sp.,Laevigatosporites sp.,exact,YES,circle,,
USNMPAL_792851_D1644_2024_01_26_11_12_23_California::record_49,USNMPAL_792851_D1644_2024_01_26_11_12_23_California,/rhf/allocations/dsci435/smithsonian_full_sp26/raw/Images_with_annotations_for_CNN_training/USNMPAL_792851_D1644_2024_01_26_11_12_23_California.ndpi,USNMPAL_792851_D1644_2024_01_26_11_12_23_California.ndpi.ndpa,fa905514a96d6a36e973c17bd3b34d290bd456acfad932c5485f38966623a018,50,49,Momipites flexus,Momipites flexus,Momipites flexus,exact,YES,circle,,
USNMPAL_792851_D1644_2024_01_26_11_12_23_California::record_50,USNMPAL_792851_D1644_2024_01_26_11_12_23_California,/rhf/allocations/dsci435/smithsonian_full_sp26/raw/Images_with_annotations_for_CNN_training/USNMPAL_792851_D1644_2024_01_26_11_12_23_California.ndpi,USNMPAL_792851_D1644_2024_01_26_11_12_23_California.ndpi.ndpa,fa905514a96d6a36e973c17bd3b34d290bd456acfad932c5485f38966623a018,51,50,Polyatriopollenites vermontensis,Polyatriopollenites vermontensis,Polyatriopollenites type,exact,YES,circle,,
USNMPAL_792851_D1644_2024_01_26_11_12_23_California::record_57,USNMPAL_792851_D1644_2024_01_26_11_12_23_California,/rhf/allocations/dsci435/smithsonian_full_sp26/raw/Images_with_annotations_for_CNN_training/USNMPAL_792851_D1644_2024_01_26_11_12_23_California.ndpi,USNMPAL_792851_D1644_2024_01_26_11_12_23_California.ndpi.ndpa,fa905514a96d6a36e973c17bd3b34d290bd456acfad932c5485f38966623a018,58,57,Platycarya platycarioides,Platycarya platycarioides,Platycarya platycarioides,exact,YES,circle,,
USNMPAL_792851_D1644_2024_01_26_11_12_23_California::record_58,USNMPAL_792851_D1644_2024_01_26_11_12_23_California,/rhf/allocations/dsci435/smithsonian_full_sp26/raw/Images_with_annotations_for_CNN_training/USNMPAL_792851_D1644_2024_01_26_11_12_23_California.ndpi,USNMPAL_792851_D1644_2024_01_26_11_12_23_California.ndpi.ndpa,fa905514a96d6a36e973c17bd3b34d290bd456acfad932c5485f38966623a018,59,58,Laevigatosporites sp.,Laevigatosporites sp.,Laevigatosporites sp.,exact,YES,circle,,
USNMPAL_792851_D1644_2024_01_26_11_12_23_California::record_66,USNMPAL_792851_D1644_2024_01_26_11_12_23_California,/rhf/allocations/dsci435/smithsonian_full_sp26/raw/Images_with_annotations_for_CNN_training/USNMPAL_792851_D1644_2024_01_26_11_12_23_California.ndpi,USNMPAL_792851_D1644_2024_01_26_11_12_23_California.ndpi.ndpa,fa905514a96d6a36e973c17bd3b34d290bd456acfad932c5485f38966623a018,67,66,Psilatricolpites sp.,Psilatricolpites sp.,Psilatricolpites sp.,exact,YES,circle,,
USNMPAL_792851_D1644_2024_01_26_11_12_23_California::record_67,USNMPAL_792851_D1644_2024_01_26_11_12_23_California,/rhf/allocations/dsci435/smithsonian_full_sp26/raw/Images_with_annotations_for_CNN_training/USNMPAL_792851_D1644_2024_01_26_11_12_23_California.ndpi,USNMPAL_792851_D1644_2024_01_26_11_12_23_California.ndpi.ndpa,fa905514a96d6a36e973c17bd3b34d290bd456acfad932c5485f38966623a018,68,67,Caryapollenites wodehousei,Caryapollenites wodehousei,Caryapollenites sp.,exact,YES,circle,,
USNMPAL_792854_D1668_L_2024_01_25_16_38_58_Kentucky::record_2,USNMPAL_792854_D1668_L_2024_01_25_16_38_58_Kentucky,/rhf/allocations/dsci435/smithsonian_full_sp26/raw/Images_with_annotations_for_CNN_training/USNMPAL_792854_D1668_L_2024_01_25_16_38_58_Kentucky.ndpi,USNMPAL_792854_D1668_L_2024_01_25_16_38_58_Kentucky.ndpi.ndpa,299ec718ba4bc32f0d162eb6e32a601ef13e29e6b1eb0e3444d48abfc9502abe,3,2,Momipites ventifluminis,Momipites ventifluminis,Momipites ventifluminis,exact,YES,circle,,
USNMPAL_792854_D1668_L_2024_01_25_16_38_58_Kentucky::record_3,USNMPAL_792854_D1668_L_2024_01_25_16_38_58_Kentucky,/rhf/allocations/dsci435/smithsonian_full_sp26/raw/Images_with_annotations_for_CNN_training/USNMPAL_792854_D1668_L_2024_01_25_16_38_58_Kentucky.ndpi,USNMPAL_792854_D1668_L_2024_01_25_16_38_58_Kentucky.ndpi.ndpa,299ec718ba4bc32f0d162eb6e32a601ef13e29e6b1eb0e3444d48abfc9502abe,4,3,Inaperturopollenites sp.,Inaperturopollenites sp.,Inaperturopollenites sp.,exact,YES,circle,,
USNMPAL_792854_D1668_L_2024_01_25_16_38_58_Kentucky::record_4,USNMPAL_792854_D1668_L_2024_01_25_16_38_58_Kentucky,/rhf/allocations/dsci435/smithsonian_full_sp26/raw/Images_with_annotations_for_CNN_training/USNMPAL_792854_D1668_L_2024_01_25_16_38_58_Kentucky.ndpi,USNMPAL_792854_D1668_L_2024_01_25_16_38_58_Kentucky.ndpi.ndpa,299ec718ba4bc32f0d162eb6e32a601ef13e29e6b1eb0e3444d48abfc9502abe,5,4,Caryapollenites veripites,Caryapollenites veripites,Caryapollenites veripites,exact,YES,circle,,
USNMPAL_792854_D1668_L_2024_01_25_16_38_58_Kentucky::record_6,USNMPAL_792854_D1668_L_2024_01_25_16_38_58_Kentucky,/rhf/allocations/dsci435/smithsonian_full_sp26/raw/Images_with_annotations_for_CNN_training/USNMPAL_792854_D1668_L_2024_01_25_16_38_58_Kentucky.ndpi,USNMPAL_792854_D1668_L_2024_01_25_16_38_58_Kentucky.ndpi.ndpa,299ec718ba4bc32f0d162eb6e32a601ef13e29e6b1eb0e3444d48abfc9502abe,7,6,Momipites wyomingensis,Momipites wyomingensis,Momipites wyomingensis,exact,YES,circle,,
USNMPAL_792854_D1668_L_2024_01_25_16_38_58_Kentucky::record_7,USNMPAL_792854_D1668_L_2024_01_25_16_38_58_Kentucky,/rhf/allocations/dsci435/smithsonian_full_sp26/raw/Images_with_annotations_for_CNN_training/USNMPAL_792854_D1668_L_2024_01_25_16_38_58_Kentucky.ndpi,USNMPAL_792854_D1668_L_2024_01_25_16_38_58_Kentucky.ndpi.ndpa,299ec718ba4bc32f0d162eb6e32a601ef13e29e6b1eb0e3444d48abfc9502abe,8,7,Caryapollenites veripites,Caryapollenites veripites,Caryapollenites veripites,exact,YES,circle,,
USNMPAL_792854_D1668_L_2024_01_25_16_38_58_Kentucky::record_8,USNMPAL_792854_D1668_L_2024_01_25_16_38_58_Kentucky,/rhf/allocations/dsci435/smithsonian_full_sp26/raw/Images_with_annotations_for_CNN_training/USNMPAL_792854_D1668_L_2024_01_25_16_38_58_Kentucky.ndpi,USNMPAL_792854_D1668_L_2024_01_25_16_38_58_Kentucky.ndpi.ndpa,299ec718ba4bc32f0d162eb6e32a601ef13e29e6b1eb0e3444d48abfc9502abe,9,8,Arecipites sp.,Arecipites sp.,Arecipites sp.,exact,YES,circle,,
USNMPAL_792854_D1668_L_2024_01_25_16_38_58_Kentucky::record_10,USNMPAL_792854_D1668_L_2024_01_25_16_38_58_Kentucky,/rhf/allocations/dsci435/smithsonian_full_sp26/raw/Images_with_annotations_for_CNN_training/USNMPAL_792854_D1668_L_2024_01_25_16_38_58_Kentucky.ndpi,USNMPAL_792854_D1668_L_2024_01_25_16_38_58_Kentucky.ndpi.ndpa,299ec718ba4bc32f0d162eb6e32a601ef13e29e6b1eb0e3444d48abfc9502abe,11,10,Taxodium sp.,Taxodium sp.,Taxodium sp.,exact,YES,circle,,
USNMPAL_792854_D1668_L_2024_01_25_16_38_58_Kentucky::record_12,USNMPAL_792854_D1668_L_2024_01_25_16_38_58_Kentucky,/rhf/allocations/dsci435/smithsonian_full_sp26/raw/Images_with_annotations_for_CNN_training/USNMPAL_792854_D1668_L_2024_01_25_16_38_58_Kentucky.ndpi,USNMPAL_792854_D1668_L_2024_01_25_16_38_58_Kentucky.ndpi.ndpa,299ec718ba4bc32f0d162eb6e32a601ef13e29e6b1eb0e3444d48abfc9502abe,13,12,Betulaceae,Betulaceae,Betulaceae,exact,YES,circle,,
USNMPAL_792854_D1668_L_2024_01_25_16_38_58_Kentucky::record_14,USNMPAL_792854_D1668_L_2024_01_25_16_38_58_Kentucky,/rhf/allocations/dsci435/smithsonian_full_sp26/raw/Images_with_annotations_for_CNN_training/USNMPAL_792854_D1668_L_2024_01_25_16_38_58_Kentucky.ndpi,USNMPAL_792854_D1668_L_2024_01_25_16_38_58_Kentucky.ndpi.ndpa,299ec718ba4bc32f0d162eb6e32a601ef13e29e6b1eb0e3444d48abfc9502abe,15,14,Caryapollenites veripites,Caryapollenites veripites,Caryapollenites veripites,exact,YES,circle,,
USNMPAL_792854_D1668_L_2024_01_25_16_38_58_Kentucky::record_15,USNMPAL_792854_D1668_L_2024_01_25_16_38_58_Kentucky,/rhf/allocations/dsci435/smithsonian_full_sp26/raw/Images_with_annotations_for_CNN_training/USNMPAL_792854_D1668_L_2024_01_25_16_38_58_Kentucky.ndpi,USNMPAL_792854_D1668_L_2024_01_25_16_38_58_Kentucky.ndpi.ndpa,299ec718ba4bc32f0d162eb6e32a601ef13e29e6b1eb0e3444d48abfc9502abe,16,15,Arecipites sp.,Arecipites sp.,Arecipites sp.,exact,YES,circle,,
USNMPAL_792854_D1668_L_2024_01_25_16_38_58_Kentucky::record_16,USNMPAL_792854_D1668_L_2024_01_25_16_38_58_Kentucky,/rhf/allocations/dsci435/smithsonian_full_sp26/raw/Images_with_annotations_for_CNN_training/USNMPAL_792854_D1668_L_2024_01_25_16_38_58_Kentucky.ndpi,USNMPAL_792854_D1668_L_2024_01_25_16_38_58_Kentucky.ndpi.ndpa,299ec718ba4bc32f0d162eb6e32a601ef13e29e6b1eb0e3444d48abfc9502abe,17,16,Momipites sp.,Momipites sp.,Momipites sp,exact,YES,circle,,
USNMPAL_792854_D1668_L_2024_01_25_16_38_58_Kentucky::record_18,USNMPAL_792854_D1668_L_2024_01_25_16_38_58_Kentucky,/rhf/allocations/dsci435/smithsonian_full_sp26/raw/Images_with_annotations_for_CNN_training/USNMPAL_792854_D1668_L_2024_01_25_16_38_58_Kentucky.ndpi,USNMPAL_792854_D1668_L_2024_01_25_16_38_58_Kentucky.ndpi.ndpa,299ec718ba4bc32f0d162eb6e32a601ef13e29e6b1eb0e3444d48abfc9502abe,19,18,Caryapollenites imparalis,Caryapollenites imparalis,Caryapollenites sp.,exact,YES,circle,,
USNMPAL_792854_D1668_L_2024_01_25_16_38_58_Kentucky::record_20,USNMPAL_792854_D1668_L_2024_01_25_16_38_58_Kentucky,/rhf/allocations/dsci435/smithsonian_full_sp26/raw/Images_with_annotations_for_CNN_training/USNMPAL_792854_D1668_L_2024_01_25_16_38_58_Kentucky.ndpi,USNMPAL_792854_D1668_L_2024_01_25_16_38_58_Kentucky.ndpi.ndpa,299ec718ba4bc32f0d162eb6e32a601ef13e29e6b1eb0e3444d48abfc9502abe,21,20,Momipites sp.,Momipites sp.,Momipites sp,exact,YES,circle,,
USNMPAL_792854_D1668_L_2024_01_25_16_38_58_Kentucky::record_21,USNMPAL_792854_D1668_L_2024_01_25_16_38_58_Kentucky,/rhf/allocations/dsci435/smithsonian_full_sp26/raw/Images_with_annotations_for_CNN_training/USNMPAL_792854_D1668_L_2024_01_25_16_38_58_Kentucky.ndpi,USNMPAL_792854_D1668_L_2024_01_25_16_38_58_Kentucky.ndpi.ndpa,299ec718ba4bc32f0d162eb6e32a601ef13e29e6b1eb0e3444d48abfc9502abe,22,21,Betulaceae,Betulaceae,Betulaceae,exact,YES,circle,,
USNMPAL_792854_D1668_L_2024_01_25_16_38_58_Kentucky::record_23,USNMPAL_792854_D1668_L_2024_01_25_16_38_58_Kentucky,/rhf/allocations/dsci435/smithsonian_full_sp26/raw/Images_with_annotations_for_CNN_training/USNMPAL_792854_D1668_L_2024_01_25_16_38_58_Kentucky.ndpi,USNMPAL_792854_D1668_L_2024_01_25_16_38_58_Kentucky.ndpi.ndpa,299ec718ba4bc32f0d162eb6e32a601ef13e29e6b1eb0e3444d48abfc9502abe,24,23,Caryapollenites wodehousei,Caryapollenites wodehousei,Caryapollenites sp.,exact,YES,circle,,
USNMPAL_792854_D1668_L_2024_01_25_16_38_58_Kentucky::record_24,USNMPAL_792854_D1668_L_2024_01_25_16_38_58_Kentucky,/rhf/allocations/dsci435/smithsonian_full_sp26/raw/Images_with_annotations_for_CNN_training/USNMPAL_792854_D1668_L_2024_01_25_16_38_58_Kentucky.ndpi,USNMPAL_792854_D1668_L_2024_01_25_16_38_58_Kentucky.ndpi.ndpa,299ec718ba4bc32f0d162eb6e32a601ef13e29e6b1eb0e3444d48abfc9502abe,25,24,Caryapollenites veripites,Caryapollenites veripites,Caryapollenites veripites,exact,YES,circle,,
USNMPAL_792854_D1668_L_2024_01_25_16_38_58_Kentucky::record_26,USNMPAL_792854_D1668_L_2024_01_25_16_38_58_Kentucky,/rhf/allocations/dsci435/smithsonian_full_sp26/raw/Images_with_annotations_for_CNN_training/USNMPAL_792854_D1668_L_2024_01_25_16_38_58_Kentucky.ndpi,USNMPAL_792854_D1668_L_2024_01_25_16_38_58_Kentucky.ndpi.ndpa,299ec718ba4bc32f0d162eb6e32a601ef13e29e6b1eb0e3444d48abfc9502abe,27,26,Caryapollenites sp.,Caryapollenites sp.,Caryapollenites sp.,exact,YES,circle,,
USNMPAL_792854_D1668_L_2024_01_25_16_38_58_Kentucky::record_27,USNMPAL_792854_D1668_L_2024_01_25_16_38_58_Kentucky,/rhf/allocations/dsci435/smithsonian_full_sp26/raw/Images_with_annotations_for_CNN_training/USNMPAL_792854_D1668_L_2024_01_25_16_38_58_Kentucky.ndpi,USNMPAL_792854_D1668_L_2024_01_25_16_38_58_Kentucky.ndpi.ndpa,299ec718ba4bc32f0d162eb6e32a601ef13e29e6b1eb0e3444d48abfc9502abe,28,27,Caryapollenites veripites,Caryapollenites veripites,Caryapollenites veripites,exact,YES,circle,,
USNMPAL_792854_D1668_L_2024_01_25_16_38_58_Kentucky::record_30,USNMPAL_792854_D1668_L_2024_01_25_16_38_58_Kentucky,/rhf/allocations/dsci435/smithsonian_full_sp26/raw/Images_with_annotations_for_CNN_training/USNMPAL_792854_D1668_L_2024_01_25_16_38_58_Kentucky.ndpi,USNMPAL_792854_D1668_L_2024_01_25_16_38_58_Kentucky.ndpi.ndpa,299ec718ba4bc32f0d162eb6e32a601ef13e29e6b1eb0e3444d48abfc9502abe,31,30,Caryapollenites imparalis,Caryapollenites imparalis,Caryapollenites sp.,exact,YES,circle,,
USNMPAL_792854_D1668_L_2024_01_25_16_38_58_Kentucky::record_32,USNMPAL_792854_D1668_L_2024_01_25_16_38_58_Kentucky,/rhf/allocations/dsci435/smithsonian_full_sp26/raw/Images_with_annotations_for_CNN_training/USNMPAL_792854_D1668_L_2024_01_25_16_38_58_Kentucky.ndpi,USNMPAL_792854_D1668_L_2024_01_25_16_38_58_Kentucky.ndpi.ndpa,299ec718ba4bc32f0d162eb6e32a601ef13e29e6b1eb0e3444d48abfc9502abe,33,32,Caryapollenites veripites,Caryapollenites veripites,Caryapollenites veripites,exact,YES,circle,,
USNMPAL_792854_D1668_L_2024_01_25_16_38_58_Kentucky::record_33,USNMPAL_792854_D1668_L_2024_01_25_16_38_58_Kentucky,/rhf/allocations/dsci435/smithsonian_full_sp26/raw/Images_with_annotations_for_CNN_training/USNMPAL_792854_D1668_L_2024_01_25_16_38_58_Kentucky.ndpi,USNMPAL_792854_D1668_L_2024_01_25_16_38_58_Kentucky.ndpi.ndpa,299ec718ba4bc32f0d162eb6e32a601ef13e29e6b1eb0e3444d48abfc9502abe,34,33,Caryapollenites veripites,Caryapollenites veripites,Caryapollenites veripites,exact,YES,circle,,
USNMPAL_792854_D1668_L_2024_01_25_16_38_58_Kentucky::record_37,USNMPAL_792854_D1668_L_2024_01_25_16_38_58_Kentucky,/rhf/allocations/dsci435/smithsonian_full_sp26/raw/Images_with_annotations_for_CNN_training/USNMPAL_792854_D1668_L_2024_01_25_16_38_58_Kentucky.ndpi,USNMPAL_792854_D1668_L_2024_01_25_16_38_58_Kentucky.ndpi.ndpa,299ec718ba4bc32f0d162eb6e32a601ef13e29e6b1eb0e3444d48abfc9502abe,38,37,Caryapollenites veripites,Caryapollenites veripites,Caryapollenites veripites,exact,YES,circle,,
USNMPAL_792854_D1668_L_2024_01_25_16_38_58_Kentucky::record_38,USNMPAL_792854_D1668_L_2024_01_25_16_38_58_Kentucky,/rhf/allocations/dsci435/smithsonian_full_sp26/raw/Images_with_annotations_for_CNN_training/USNMPAL_792854_D1668_L_2024_01_25_16_38_58_Kentucky.ndpi,USNMPAL_792854_D1668_L_2024_01_25_16_38_58_Kentucky.ndpi.ndpa,299ec718ba4bc32f0d162eb6e32a601ef13e29e6b1eb0e3444d48abfc9502abe,39,38,Betulaceae,Betulaceae,Betulaceae,exact,YES,circle,,
USNMPAL_792854_D1668_L_2024_01_25_16_38_58_Kentucky::record_40,USNMPAL_792854_D1668_L_2024_01_25_16_38_58_Kentucky,/rhf/allocations/dsci435/smithsonian_full_sp26/raw/Images_with_annotations_for_CNN_training/USNMPAL_792854_D1668_L_2024_01_25_16_38_58_Kentucky.ndpi,USNMPAL_792854_D1668_L_2024_01_25_16_38_58_Kentucky.ndpi.ndpa,299ec718ba4bc32f0d162eb6e32a601ef13e29e6b1eb0e3444d48abfc9502abe,41,40,Momipites wyomingensis,Momipites wyomingensis,Momipites wyomingensis,exact,YES,circle,,
USNMPAL_792854_D1668_L_2024_01_25_16_38_58_Kentucky::record_41,USNMPAL_792854_D1668_L_2024_01_25_16_38_58_Kentucky,/rhf/allocations/dsci435/smithsonian_full_sp26/raw/Images_with_annotations_for_CNN_training/USNMPAL_792854_D1668_L_2024_01_25_16_38_58_Kentucky.ndpi,USNMPAL_792854_D1668_L_2024_01_25_16_38_58_Kentucky.ndpi.ndpa,299ec718ba4bc32f0d162eb6e32a601ef13e29e6b1eb0e3444d48abfc9502abe,42,41,Momipites sp.,Momipites sp.,Momipites sp,exact,YES,circle,,
USNMPAL_792854_D1668_L_2024_01_25_16_38_58_Kentucky::record_43,USNMPAL_792854_D1668_L_2024_01_25_16_38_58_Kentucky,/rhf/allocations/dsci435/smithsonian_full_sp26/raw/Images_with_annotations_for_CNN_training/USNMPAL_792854_D1668_L_2024_01_25_16_38_58_Kentucky.ndpi,USNMPAL_792854_D1668_L_2024_01_25_16_38_58_Kentucky.ndpi.ndpa,299ec718ba4bc32f0d162eb6e32a601ef13e29e6b1eb0e3444d48abfc9502abe,44,43,Caryapollenites veripites,Caryapollenites veripites,Caryapollenites veripites,exact,YES,circle,,
USNMPAL_792854_D1668_L_2024_01_25_16_38_58_Kentucky::record_45,USNMPAL_792854_D1668_L_2024_01_25_16_38_58_Kentucky,/rhf/allocations/dsci435/smithsonian_full_sp26/raw/Images_with_annotations_for_CNN_training/USNMPAL_792854_D1668_L_2024_01_25_16_38_58_Kentucky.ndpi,USNMPAL_792854_D1668_L_2024_01_25_16_38_58_Kentucky.ndpi.ndpa,299ec718ba4bc32f0d162eb6e32a601ef13e29e6b1eb0e3444d48abfc9502abe,47,45,Betulaceae,Betulaceae,Betulaceae,exact,YES,circle,,
USNMPAL_792854_D1668_L_2024_01_25_16_38_58_Kentucky::record_46,USNMPAL_792854_D1668_L_2024_01_25_16_38_58_Kentucky,/rhf/allocations/dsci435/smithsonian_full_sp26/raw/Images_with_annotations_for_CNN_training/USNMPAL_792854_D1668_L_2024_01_25_16_38_58_Kentucky.ndpi,USNMPAL_792854_D1668_L_2024_01_25_16_38_58_Kentucky.ndpi.ndpa,299ec718ba4bc32f0d162eb6e32a601ef13e29e6b1eb0e3444d48abfc9502abe,48,46,Momipites sp.,Momipites sp.,Momipites sp,exact,YES,circle,,
USNMPAL_792854_D1668_L_2024_01_25_16_38_58_Kentucky::record_48,USNMPAL_792854_D1668_L_2024_01_25_16_38_58_Kentucky,/rhf/allocations/dsci435/smithsonian_full_sp26/raw/Images_with_annotations_for_CNN_training/USNMPAL_792854_D1668_L_2024_01_25_16_38_58_Kentucky.ndpi,USNMPAL_792854_D1668_L_2024_01_25_16_38_58_Kentucky.ndpi.ndpa,299ec718ba4bc32f0d162eb6e32a601ef13e29e6b1eb0e3444d48abfc9502abe,50,48,Cupuliferoipollenites sp.,Cupuliferoipollenites sp.,Cupuliferoipollenites sp.,exact,YES,circle,,
USNMPAL_792854_D1668_L_2024_01_25_16_38_58_Kentucky::record_51,USNMPAL_792854_D1668_L_2024_01_25_16_38_58_Kentucky,/rhf/allocations/dsci435/smithsonian_full_sp26/raw/Images_with_annotations_for_CNN_training/USNMPAL_792854_D1668_L_2024_01_25_16_38_58_Kentucky.ndpi,USNMPAL_792854_D1668_L_2024_01_25_16_38_58_Kentucky.ndpi.ndpa,299ec718ba4bc32f0d162eb6e32a601ef13e29e6b1eb0e3444d48abfc9502abe,53,51,Bipol,Bipol,Bisaccate,exact,YES,circle,,
USNMPAL_792854_D1668_L_2024_01_25_16_38_58_Kentucky::record_54,USNMPAL_792854_D1668_L_2024_01_25_16_38_58_Kentucky,/rhf/allocations/dsci435/smithsonian_full_sp26/raw/Images_with_annotations_for_CNN_training/USNMPAL_792854_D1668_L_2024_01_25_16_38_58_Kentucky.ndpi,USNMPAL_792854_D1668_L_2024_01_25_16_38_58_Kentucky.ndpi.ndpa,299ec718ba4bc32f0d162eb6e32a601ef13e29e6b1eb0e3444d48abfc9502abe,56,54,Caryapollenites veripites,Caryapollenites veripites,Caryapollenites veripites,exact,YES,circle,,
USNMPAL_792854_D1668_L_2024_01_25_16_38_58_Kentucky::record_55,USNMPAL_792854_D1668_L_2024_01_25_16_38_58_Kentucky,/rhf/allocations/dsci435/smithsonian_full_sp26/raw/Images_with_annotations_for_CNN_training/USNMPAL_792854_D1668_L_2024_01_25_16_38_58_Kentucky.ndpi,USNMPAL_792854_D1668_L_2024_01_25_16_38_58_Kentucky.ndpi.ndpa,299ec718ba4bc32f0d162eb6e32a601ef13e29e6b1eb0e3444d48abfc9502abe,57,55,Momipites ventifluminis,Momipites ventifluminis,Momipites ventifluminis,exact,YES,circle,,
USNMPAL_792854_D1668_L_2024_01_25_16_38_58_Kentucky::record_57,USNMPAL_792854_D1668_L_2024_01_25_16_38_58_Kentucky,/rhf/allocations/dsci435/smithsonian_full_sp26/raw/Images_with_annotations_for_CNN_training/USNMPAL_792854_D1668_L_2024_01_25_16_38_58_Kentucky.ndpi,USNMPAL_792854_D1668_L_2024_01_25_16_38_58_Kentucky.ndpi.ndpa,299ec718ba4bc32f0d162eb6e32a601ef13e29e6b1eb0e3444d48abfc9502abe,59,57,Arecipites sp.,Arecipites sp.,Arecipites sp.,exact,YES,circle,,
USNMPAL_792854_D1668_L_2024_01_25_16_38_58_Kentucky::record_59,USNMPAL_792854_D1668_L_2024_01_25_16_38_58_Kentucky,/rhf/allocations/dsci435/smithsonian_full_sp26/raw/Images_with_annotations_for_CNN_training/USNMPAL_792854_D1668_L_2024_01_25_16_38_58_Kentucky.ndpi,USNMPAL_792854_D1668_L_2024_01_25_16_38_58_Kentucky.ndpi.ndpa,299ec718ba4bc32f0d162eb6e32a601ef13e29e6b1eb0e3444d48abfc9502abe,61,59,Caryapollenites veripites,Caryapollenites veripites,Caryapollenites veripites,exact,YES,circle,,
USNMPAL_792854_D1668_L_2024_01_25_16_38_58_Kentucky::record_60,USNMPAL_792854_D1668_L_2024_01_25_16_38_58_Kentucky,/rhf/allocations/dsci435/smithsonian_full_sp26/raw/Images_with_annotations_for_CNN_training/USNMPAL_792854_D1668_L_2024_01_25_16_38_58_Kentucky.ndpi,USNMPAL_792854_D1668_L_2024_01_25_16_38_58_Kentucky.ndpi.ndpa,299ec718ba4bc32f0d162eb6e32a601ef13e29e6b1eb0e3444d48abfc9502abe,62,60,Ericipites sp.,Ericipites sp.,Ericipites sp.,exact,YES,circle,,
USNMPAL_792854_D1668_L_2024_01_25_16_38_58_Kentucky::record_65,USNMPAL_792854_D1668_L_2024_01_25_16_38_58_Kentucky,/rhf/allocations/dsci435/smithsonian_full_sp26/raw/Images_with_annotations_for_CNN_training/USNMPAL_792854_D1668_L_2024_01_25_16_38_58_Kentucky.ndpi,USNMPAL_792854_D1668_L_2024_01_25_16_38_58_Kentucky.ndpi.ndpa,299ec718ba4bc32f0d162eb6e32a601ef13e29e6b1eb0e3444d48abfc9502abe,67,65,Ericipites sp.,Ericipites sp.,Ericipites sp.,exact,YES,circle,,
USNMPAL_792854_D1668_L_2024_01_25_16_38_58_Kentucky::record_66,USNMPAL_792854_D1668_L_2024_01_25_16_38_58_Kentucky,/rhf/allocations/dsci435/smithsonian_full_sp26/raw/Images_with_annotations_for_CNN_training/USNMPAL_792854_D1668_L_2024_01_25_16_38_58_Kentucky.ndpi,USNMPAL_792854_D1668_L_2024_01_25_16_38_58_Kentucky.ndpi.ndpa,299ec718ba4bc32f0d162eb6e32a601ef13e29e6b1eb0e3444d48abfc9502abe,68,66,Caryapollenites veripites,Caryapollenites veripites,Caryapollenites veripites,exact,YES,circle,,
USNMPAL_792854_D1668_L_2024_01_25_16_38_58_Kentucky::record_67,USNMPAL_792854_D1668_L_2024_01_25_16_38_58_Kentucky,/rhf/allocations/dsci435/smithsonian_full_sp26/raw/Images_with_annotations_for_CNN_training/USNMPAL_792854_D1668_L_2024_01_25_16_38_58_Kentucky.ndpi,USNMPAL_792854_D1668_L_2024_01_25_16_38_58_Kentucky.ndpi.ndpa,299ec718ba4bc32f0d162eb6e32a601ef13e29e6b1eb0e3444d48abfc9502abe,69,67,Caryapollenites veripites,Caryapollenites veripites,Caryapollenites veripites,exact,YES,circle,,
USNMPAL_792854_D1668_L_2024_01_25_16_38_58_Kentucky::record_68,USNMPAL_792854_D1668_L_2024_01_25_16_38_58_Kentucky,/rhf/allocations/dsci435/smithsonian_full_sp26/raw/Images_with_annotations_for_CNN_training/USNMPAL_792854_D1668_L_2024_01_25_16_38_58_Kentucky.ndpi,USNMPAL_792854_D1668_L_2024_01_25_16_38_58_Kentucky.ndpi.ndpa,299ec718ba4bc32f0d162eb6e32a601ef13e29e6b1eb0e3444d48abfc9502abe,70,68,Caryapollenites veripites,Caryapollenites veripites,Caryapollenites veripites,exact,YES,circle,,
USNMPAL_792854_D1668_L_2024_01_25_16_38_58_Kentucky::record_69,USNMPAL_792854_D1668_L_2024_01_25_16_38_58_Kentucky,/rhf/allocations/dsci435/smithsonian_full_sp26/raw/Images_with_annotations_for_CNN_training/USNMPAL_792854_D1668_L_2024_01_25_16_38_58_Kentucky.ndpi,USNMPAL_792854_D1668_L_2024_01_25_16_38_58_Kentucky.ndpi.ndpa,299ec718ba4bc32f0d162eb6e32a601ef13e29e6b1eb0e3444d48abfc9502abe,71,69,Caryapollenites veripites,Caryapollenites veripites,Caryapollenites veripites,exact,YES,circle,,
USNMPAL_792854_D1668_L_2024_01_25_16_38_58_Kentucky::record_71,USNMPAL_792854_D1668_L_2024_01_25_16_38_58_Kentucky,/rhf/allocations/dsci435/smithsonian_full_sp26/raw/Images_with_annotations_for_CNN_training/USNMPAL_792854_D1668_L_2024_01_25_16_38_58_Kentucky.ndpi,USNMPAL_792854_D1668_L_2024_01_25_16_38_58_Kentucky.ndpi.ndpa,299ec718ba4bc32f0d162eb6e32a601ef13e29e6b1eb0e3444d48abfc9502abe,73,71,Caryapollenotes sp.,Caryapollenotes sp.,Caryapollenites sp.,exact,YES,circle,,
USNMPAL_792854_D1668_L_2024_01_25_16_38_58_Kentucky::record_72,USNMPAL_792854_D1668_L_2024_01_25_16_38_58_Kentucky,/rhf/allocations/dsci435/smithsonian_full_sp26/raw/Images_with_annotations_for_CNN_training/USNMPAL_792854_D1668_L_2024_01_25_16_38_58_Kentucky.ndpi,USNMPAL_792854_D1668_L_2024_01_25_16_38_58_Kentucky.ndpi.ndpa,299ec718ba4bc32f0d162eb6e32a601ef13e29e6b1eb0e3444d48abfc9502abe,74,72,Retitricolporites sp.,Retitricolporites sp.,Rousea sp.,exact,YES,circle,,
USNMPAL_792854_D1668_L_2024_01_25_16_38_58_Kentucky::record_73,USNMPAL_792854_D1668_L_2024_01_25_16_38_58_Kentucky,/rhf/allocations/dsci435/smithsonian_full_sp26/raw/Images_with_annotations_for_CNN_training/USNMPAL_792854_D1668_L_2024_01_25_16_38_58_Kentucky.ndpi,USNMPAL_792854_D1668_L_2024_01_25_16_38_58_Kentucky.ndpi.ndpa,299ec718ba4bc32f0d162eb6e32a601ef13e29e6b1eb0e3444d48abfc9502abe,75,73,Caryapollenites veripites,Caryapollenites veripites,Caryapollenites veripites,exact,YES,circle,,
USNMPAL_792854_D1668_L_2024_01_25_16_38_58_Kentucky::record_74,USNMPAL_792854_D1668_L_2024_01_25_16_38_58_Kentucky,/rhf/allocations/dsci435/smithsonian_full_sp26/raw/Images_with_annotations_for_CNN_training/USNMPAL_792854_D1668_L_2024_01_25_16_38_58_Kentucky.ndpi,USNMPAL_792854_D1668_L_2024_01_25_16_38_58_Kentucky.ndpi.ndpa,299ec718ba4bc32f0d162eb6e32a601ef13e29e6b1eb0e3444d48abfc9502abe,76,74,Caryapollenites veripites,Caryapollenites veripites,Caryapollenites veripites,exact,YES,circle,,
USNMPAL_792854_D1668_L_2024_01_25_16_38_58_Kentucky::record_75,USNMPAL_792854_D1668_L_2024_01_25_16_38_58_Kentucky,/rhf/allocations/dsci435/smithsonian_full_sp26/raw/Images_with_annotations_for_CNN_training/USNMPAL_792854_D1668_L_2024_01_25_16_38_58_Kentucky.ndpi,USNMPAL_792854_D1668_L_2024_01_25_16_38_58_Kentucky.ndpi.ndpa,299ec718ba4bc32f0d162eb6e32a601ef13e29e6b1eb0e3444d48abfc9502abe,77,75,Momipites ventifluminis,Momipites ventifluminis,Momipites ventifluminis,exact,YES,circle,,
USNMPAL_792854_D1668_L_2024_01_25_16_38_58_Kentucky::record_76,USNMPAL_792854_D1668_L_2024_01_25_16_38_58_Kentucky,/rhf/allocations/dsci435/smithsonian_full_sp26/raw/Images_with_annotations_for_CNN_training/USNMPAL_792854_D1668_L_2024_01_25_16_38_58_Kentucky.ndpi,USNMPAL_792854_D1668_L_2024_01_25_16_38_58_Kentucky.ndpi.ndpa,299ec718ba4bc32f0d162eb6e32a601ef13e29e6b1eb0e3444d48abfc9502abe,78,76,Momipites ventifluminis,Momipites ventifluminis,Momipites ventifluminis,exact,YES,circle,,
USNMPAL_792854_D1668_L_2024_01_25_16_38_58_Kentucky::record_77,USNMPAL_792854_D1668_L_2024_01_25_16_38_58_Kentucky,/rhf/allocations/dsci435/smithsonian_full_sp26/raw/Images_with_annotations_for_CNN_training/USNMPAL_792854_D1668_L_2024_01_25_16_38_58_Kentucky.ndpi,USNMPAL_792854_D1668_L_2024_01_25_16_38_58_Kentucky.ndpi.ndpa,299ec718ba4bc32f0d162eb6e32a601ef13e29e6b1eb0e3444d48abfc9502abe,79,77,Momipites ventifluminis,Momipites ventifluminis,Momipites ventifluminis,exact,YES,circle,,
USNMPAL_792854_D1668_L_2024_01_25_16_38_58_Kentucky::record_78,USNMPAL_792854_D1668_L_2024_01_25_16_38_58_Kentucky,/rhf/allocations/dsci435/smithsonian_full_sp26/raw/Images_with_annotations_for_CNN_training/USNMPAL_792854_D1668_L_2024_01_25_16_38_58_Kentucky.ndpi,USNMPAL_792854_D1668_L_2024_01_25_16_38_58_Kentucky.ndpi.ndpa,299ec718ba4bc32f0d162eb6e32a601ef13e29e6b1eb0e3444d48abfc9502abe,80,78,Momipites ventifluminis,Momipites ventifluminis,Momipites ventifluminis,exact,YES,circle,,
USNMPAL_792854_D1668_L_2024_01_25_16_38_58_Kentucky::record_79,USNMPAL_792854_D1668_L_2024_01_25_16_38_58_Kentucky,/rhf/allocations/dsci435/smithsonian_full_sp26/raw/Images_with_annotations_for_CNN_training/USNMPAL_792854_D1668_L_2024_01_25_16_38_58_Kentucky.ndpi,USNMPAL_792854_D1668_L_2024_01_25_16_38_58_Kentucky.ndpi.ndpa,299ec718ba4bc32f0d162eb6e32a601ef13e29e6b1eb0e3444d48abfc9502abe,81,79,Momipites ventifluminis,Momipites ventifluminis,Momipites ventifluminis,exact,YES,circle,,
USNMPAL_792854_D1668_L_2024_01_25_16_38_58_Kentucky::record_80,USNMPAL_792854_D1668_L_2024_01_25_16_38_58_Kentucky,/rhf/allocations/dsci435/smithsonian_full_sp26/raw/Images_with_annotations_for_CNN_training/USNMPAL_792854_D1668_L_2024_01_25_16_38_58_Kentucky.ndpi,USNMPAL_792854_D1668_L_2024_01_25_16_38_58_Kentucky.ndpi.ndpa,299ec718ba4bc32f0d162eb6e32a601ef13e29e6b1eb0e3444d48abfc9502abe,82,80,Momipites ventifluminis,Momipites ventifluminis,Momipites ventifluminis,exact,YES,circle,,
USNMPAL_792854_D1668_L_2024_01_25_16_38_58_Kentucky::record_81,USNMPAL_792854_D1668_L_2024_01_25_16_38_58_Kentucky,/rhf/allocations/dsci435/smithsonian_full_sp26/raw/Images_with_annotations_for_CNN_training/USNMPAL_792854_D1668_L_2024_01_25_16_38_58_Kentucky.ndpi,USNMPAL_792854_D1668_L_2024_01_25_16_38_58_Kentucky.ndpi.ndpa,299ec718ba4bc32f0d162eb6e32a601ef13e29e6b1eb0e3444d48abfc9502abe,83,81,Momipites ventifluminis,Momipites ventifluminis,Momipites ventifluminis,exact,YES,circle,,
USNMPAL_792854_D1668_L_2024_01_25_16_38_58_Kentucky::record_82,USNMPAL_792854_D1668_L_2024_01_25_16_38_58_Kentucky,/rhf/allocations/dsci435/smithsonian_full_sp26/raw/Images_with_annotations_for_CNN_training/USNMPAL_792854_D1668_L_2024_01_25_16_38_58_Kentucky.ndpi,USNMPAL_792854_D1668_L_2024_01_25_16_38_58_Kentucky.ndpi.ndpa,299ec718ba4bc32f0d162eb6e32a601ef13e29e6b1eb0e3444d48abfc9502abe,84,82,Momipites ventifluminis,Momipites ventifluminis,Momipites ventifluminis,exact,YES,circle,,
USNMPAL_792854_D1668_L_2024_01_25_16_38_58_Kentucky::record_83,USNMPAL_792854_D1668_L_2024_01_25_16_38_58_Kentucky,/rhf/allocations/dsci435/smithsonian_full_sp26/raw/Images_with_annotations_for_CNN_training/USNMPAL_792854_D1668_L_2024_01_25_16_38_58_Kentucky.ndpi,USNMPAL_792854_D1668_L_2024_01_25_16_38_58_Kentucky.ndpi.ndpa,299ec718ba4bc32f0d162eb6e32a601ef13e29e6b1eb0e3444d48abfc9502abe,85,83,Momipites ventifluminis,Momipites ventifluminis,Momipites ventifluminis,exact,YES,circle,,
USNMPAL_792854_D1668_L_2024_01_25_16_38_58_Kentucky::record_84,USNMPAL_792854_D1668_L_2024_01_25_16_38_58_Kentucky,/rhf/allocations/dsci435/smithsonian_full_sp26/raw/Images_with_annotations_for_CNN_training/USNMPAL_792854_D1668_L_2024_01_25_16_38_58_Kentucky.ndpi,USNMPAL_792854_D1668_L_2024_01_25_16_38_58_Kentucky.ndpi.ndpa,299ec718ba4bc32f0d162eb6e32a601ef13e29e6b1eb0e3444d48abfc9502abe,86,84,Momipites ventifluminis,Momipites ventifluminis,Momipites ventifluminis,exact,YES,circle,,
USNMPAL_792854_D1668_L_2024_01_25_16_38_58_Kentucky::record_85,USNMPAL_792854_D1668_L_2024_01_25_16_38_58_Kentucky,/rhf/allocations/dsci435/smithsonian_full_sp26/raw/Images_with_annotations_for_CNN_training/USNMPAL_792854_D1668_L_2024_01_25_16_38_58_Kentucky.ndpi,USNMPAL_792854_D1668_L_2024_01_25_16_38_58_Kentucky.ndpi.ndpa,299ec718ba4bc32f0d162eb6e32a601ef13e29e6b1eb0e3444d48abfc9502abe,87,85,Momipites ventifluminis,Momipites ventifluminis,Momipites ventifluminis,exact,YES,circle,,
USNMPAL_792854_D1668_L_2024_01_25_16_38_58_Kentucky::record_86,USNMPAL_792854_D1668_L_2024_01_25_16_38_58_Kentucky,/rhf/allocations/dsci435/smithsonian_full_sp26/raw/Images_with_annotations_for_CNN_training/USNMPAL_792854_D1668_L_2024_01_25_16_38_58_Kentucky.ndpi,USNMPAL_792854_D1668_L_2024_01_25_16_38_58_Kentucky.ndpi.ndpa,299ec718ba4bc32f0d162eb6e32a601ef13e29e6b1eb0e3444d48abfc9502abe,88,86,Momipites ventifluminis,Momipites ventifluminis,Momipites ventifluminis,exact,YES,circle,,
USNMPAL_792854_D1668_L_2024_01_25_16_38_58_Kentucky::record_87,USNMPAL_792854_D1668_L_2024_01_25_16_38_58_Kentucky,/rhf/allocations/dsci435/smithsonian_full_sp26/raw/Images_with_annotations_for_CNN_training/USNMPAL_792854_D1668_L_2024_01_25_16_38_58_Kentucky.ndpi,USNMPAL_792854_D1668_L_2024_01_25_16_38_58_Kentucky.ndpi.ndpa,299ec718ba4bc32f0d162eb6e32a601ef13e29e6b1eb0e3444d48abfc9502abe,89,87,Momipites ventifluminis,Momipites ventifluminis,Momipites ventifluminis,exact,YES,circle,,
USNMPAL_792854_D1668_L_2024_01_25_16_38_58_Kentucky::record_88,USNMPAL_792854_D1668_L_2024_01_25_16_38_58_Kentucky,/rhf/allocations/dsci435/smithsonian_full_sp26/raw/Images_with_annotations_for_CNN_training/USNMPAL_792854_D1668_L_2024_01_25_16_38_58_Kentucky.ndpi,USNMPAL_792854_D1668_L_2024_01_25_16_38_58_Kentucky.ndpi.ndpa,299ec718ba4bc32f0d162eb6e32a601ef13e29e6b1eb0e3444d48abfc9502abe,90,88,Momipites ventifluminis,Momipites ventifluminis,Momipites ventifluminis,exact,YES,circle,,
USNMPAL_792854_D1668_L_2024_01_25_16_38_58_Kentucky::record_89,USNMPAL_792854_D1668_L_2024_01_25_16_38_58_Kentucky,/rhf/allocations/dsci435/smithsonian_full_sp26/raw/Images_with_annotations_for_CNN_training/USNMPAL_792854_D1668_L_2024_01_25_16_38_58_Kentucky.ndpi,USNMPAL_792854_D1668_L_2024_01_25_16_38_58_Kentucky.ndpi.ndpa,299ec718ba4bc32f0d162eb6e32a601ef13e29e6b1eb0e3444d48abfc9502abe,91,89,Momipites ventifluminis,Momipites ventifluminis,Momipites ventifluminis,exact,YES,circle,,
USNMPAL_792854_D1668_L_2024_01_25_16_38_58_Kentucky::record_90,USNMPAL_792854_D1668_L_2024_01_25_16_38_58_Kentucky,/rhf/allocations/dsci435/smithsonian_full_sp26/raw/Images_with_annotations_for_CNN_training/USNMPAL_792854_D1668_L_2024_01_25_16_38_58_Kentucky.ndpi,USNMPAL_792854_D1668_L_2024_01_25_16_38_58_Kentucky.ndpi.ndpa,299ec718ba4bc32f0d162eb6e32a601ef13e29e6b1eb0e3444d48abfc9502abe,92,90,Caryapollenites veripites,Caryapollenites veripites,Caryapollenites veripites,exact,YES,circle,,
USNMPAL_792854_D1668_L_2024_01_25_16_38_58_Kentucky::record_91,USNMPAL_792854_D1668_L_2024_01_25_16_38_58_Kentucky,/rhf/allocations/dsci435/smithsonian_full_sp26/raw/Images_with_annotations_for_CNN_training/USNMPAL_792854_D1668_L_2024_01_25_16_38_58_Kentucky.ndpi,USNMPAL_792854_D1668_L_2024_01_25_16_38_58_Kentucky.ndpi.ndpa,299ec718ba4bc32f0d162eb6e32a601ef13e29e6b1eb0e3444d48abfc9502abe,93,91,Caryapollenites veripites,Caryapollenites veripites,Caryapollenites veripites,exact,YES,circle,,
USNMPAL_792854_D1668_L_2024_01_25_16_38_58_Kentucky::record_92,USNMPAL_792854_D1668_L_2024_01_25_16_38_58_Kentucky,/rhf/allocations/dsci435/smithsonian_full_sp26/raw/Images_with_annotations_for_CNN_training/USNMPAL_792854_D1668_L_2024_01_25_16_38_58_Kentucky.ndpi,USNMPAL_792854_D1668_L_2024_01_25_16_38_58_Kentucky.ndpi.ndpa,299ec718ba4bc32f0d162eb6e32a601ef13e29e6b1eb0e3444d48abfc9502abe,94,92,Caryapollenites veripites,Caryapollenites veripites,Caryapollenites veripites,exact,YES,circle,,
USNMPAL_792854_D1668_L_2024_01_25_16_38_58_Kentucky::record_93,USNMPAL_792854_D1668_L_2024_01_25_16_38_58_Kentucky,/rhf/allocations/dsci435/smithsonian_full_sp26/raw/Images_with_annotations_for_CNN_training/USNMPAL_792854_D1668_L_2024_01_25_16_38_58_Kentucky.ndpi,USNMPAL_792854_D1668_L_2024_01_25_16_38_58_Kentucky.ndpi.ndpa,299ec718ba4bc32f0d162eb6e32a601ef13e29e6b1eb0e3444d48abfc9502abe,95,93,Caryapollenites veripites,Caryapollenites veripites,Caryapollenites veripites,exact,YES,circle,,
USNMPAL_792854_D1668_L_2024_01_25_16_38_58_Kentucky::record_94,USNMPAL_792854_D1668_L_2024_01_25_16_38_58_Kentucky,/rhf/allocations/dsci435/smithsonian_full_sp26/raw/Images_with_annotations_for_CNN_training/USNMPAL_792854_D1668_L_2024_01_25_16_38_58_Kentucky.ndpi,USNMPAL_792854_D1668_L_2024_01_25_16_38_58_Kentucky.ndpi.ndpa,299ec718ba4bc32f0d162eb6e32a601ef13e29e6b1eb0e3444d48abfc9502abe,96,94,Caryapollenites veripites,Caryapollenites veripites,Caryapollenites veripites,exact,YES,circle,,
USNMPAL_792854_D1668_L_2024_01_25_16_38_58_Kentucky::record_95,USNMPAL_792854_D1668_L_2024_01_25_16_38_58_Kentucky,/rhf/allocations/dsci435/smithsonian_full_sp26/raw/Images_with_annotations_for_CNN_training/USNMPAL_792854_D1668_L_2024_01_25_16_38_58_Kentucky.ndpi,USNMPAL_792854_D1668_L_2024_01_25_16_38_58_Kentucky.ndpi.ndpa,299ec718ba4bc32f0d162eb6e32a601ef13e29e6b1eb0e3444d48abfc9502abe,97,95,Caryapollenites veripites,Caryapollenites veripites,Caryapollenites veripites,exact,YES,circle,,
USNMPAL_792854_D1668_L_2024_01_25_16_38_58_Kentucky::record_96,USNMPAL_792854_D1668_L_2024_01_25_16_38_58_Kentucky,/rhf/allocations/dsci435/smithsonian_full_sp26/raw/Images_with_annotations_for_CNN_training/USNMPAL_792854_D1668_L_2024_01_25_16_38_58_Kentucky.ndpi,USNMPAL_792854_D1668_L_2024_01_25_16_38_58_Kentucky.ndpi.ndpa,299ec718ba4bc32f0d162eb6e32a601ef13e29e6b1eb0e3444d48abfc9502abe,98,96,Caryapollenites veripites,Caryapollenites veripites,Caryapollenites veripites,exact,YES,circle,,
USNMPAL_792854_D1668_L_2024_01_25_16_38_58_Kentucky::record_97,USNMPAL_792854_D1668_L_2024_01_25_16_38_58_Kentucky,/rhf/allocations/dsci435/smithsonian_full_sp26/raw/Images_with_annotations_for_CNN_training/USNMPAL_792854_D1668_L_2024_01_25_16_38_58_Kentucky.ndpi,USNMPAL_792854_D1668_L_2024_01_25_16_38_58_Kentucky.ndpi.ndpa,299ec718ba4bc32f0d162eb6e32a601ef13e29e6b1eb0e3444d48abfc9502abe,99,97,Caryapollenites veripites,Caryapollenites veripites,Caryapollenites veripites,exact,YES,circle,,
USNMPAL_792854_D1668_L_2024_01_25_16_38_58_Kentucky::record_98,USNMPAL_792854_D1668_L_2024_01_25_16_38_58_Kentucky,/rhf/allocations/dsci435/smithsonian_full_sp26/raw/Images_with_annotations_for_CNN_training/USNMPAL_792854_D1668_L_2024_01_25_16_38_58_Kentucky.ndpi,USNMPAL_792854_D1668_L_2024_01_25_16_38_58_Kentucky.ndpi.ndpa,299ec718ba4bc32f0d162eb6e32a601ef13e29e6b1eb0e3444d48abfc9502abe,100,98,Momipites ventifluminis,Momipites ventifluminis,Momipites ventifluminis,exact,YES,circle,,
USNMPAL_792854_D1668_L_2024_01_25_16_38_58_Kentucky::record_99,USNMPAL_792854_D1668_L_2024_01_25_16_38_58_Kentucky,/rhf/allocations/dsci435/smithsonian_full_sp26/raw/Images_with_annotations_for_CNN_training/USNMPAL_792854_D1668_L_2024_01_25_16_38_58_Kentucky.ndpi,USNMPAL_792854_D1668_L_2024_01_25_16_38_58_Kentucky.ndpi.ndpa,299ec718ba4bc32f0d162eb6e32a601ef13e29e6b1eb0e3444d48abfc9502abe,101,99,Ericipites sp.,Ericipites sp.,Ericipites sp.,exact,YES,circle,,
USNMPAL_792854_D1668_L_2024_01_25_16_38_58_Kentucky::record_100,USNMPAL_792854_D1668_L_2024_01_25_16_38_58_Kentucky,/rhf/allocations/dsci435/smithsonian_full_sp26/raw/Images_with_annotations_for_CNN_training/USNMPAL_792854_D1668_L_2024_01_25_16_38_58_Kentucky.ndpi,USNMPAL_792854_D1668_L_2024_01_25_16_38_58_Kentucky.ndpi.ndpa,299ec718ba4bc32f0d162eb6e32a601ef13e29e6b1eb0e3444d48abfc9502abe,102,100,Caryapollenites veripites,Caryapollenites veripites,Caryapollenites veripites,exact,YES,circle,,
USNMPAL_792854_D1668_L_2024_01_25_16_38_58_Kentucky::record_101,USNMPAL_792854_D1668_L_2024_01_25_16_38_58_Kentucky,/rhf/allocations/dsci435/smithsonian_full_sp26/raw/Images_with_annotations_for_CNN_training/USNMPAL_792854_D1668_L_2024_01_25_16_38_58_Kentucky.ndpi,USNMPAL_792854_D1668_L_2024_01_25_16_38_58_Kentucky.ndpi.ndpa,299ec718ba4bc32f0d162eb6e32a601ef13e29e6b1eb0e3444d48abfc9502abe,103,101,Caryapollenites veripites,Caryapollenites veripites,Caryapollenites veripites,exact,YES,circle,,
USNMPAL_792854_D1668_L_2024_01_25_16_38_58_Kentucky::record_102,USNMPAL_792854_D1668_L_2024_01_25_16_38_58_Kentucky,/rhf/allocations/dsci435/smithsonian_full_sp26/raw/Images_with_annotations_for_CNN_training/USNMPAL_792854_D1668_L_2024_01_25_16_38_58_Kentucky.ndpi,USNMPAL_792854_D1668_L_2024_01_25_16_38_58_Kentucky.ndpi.ndpa,299ec718ba4bc32f0d162eb6e32a601ef13e29e6b1eb0e3444d48abfc9502abe,104,102,Caryapollenites veripites,Caryapollenites veripites,Caryapollenites veripites,exact,YES,circle,,
USNMPAL_792854_D1668_L_2024_01_25_16_38_58_Kentucky::record_103,USNMPAL_792854_D1668_L_2024_01_25_16_38_58_Kentucky,/rhf/allocations/dsci435/smithsonian_full_sp26/raw/Images_with_annotations_for_CNN_training/USNMPAL_792854_D1668_L_2024_01_25_16_38_58_Kentucky.ndpi,USNMPAL_792854_D1668_L_2024_01_25_16_38_58_Kentucky.ndpi.ndpa,299ec718ba4bc32f0d162eb6e32a601ef13e29e6b1eb0e3444d48abfc9502abe,105,103,Caryapollenites veripites,Caryapollenites veripites,Caryapollenites veripites,exact,YES,circle,,
USNMPAL_792854_D1668_L_2024_01_25_16_38_58_Kentucky::record_105,USNMPAL_792854_D1668_L_2024_01_25_16_38_58_Kentucky,/rhf/allocations/dsci435/smithsonian_full_sp26/raw/Images_with_annotations_for_CNN_training/USNMPAL_792854_D1668_L_2024_01_25_16_38_58_Kentucky.ndpi,USNMPAL_792854_D1668_L_2024_01_25_16_38_58_Kentucky.ndpi.ndpa,299ec718ba4bc32f0d162eb6e32a601ef13e29e6b1eb0e3444d48abfc9502abe,107,105,Momipites ventifluminis,Momipites ventifluminis,Momipites ventifluminis,exact,YES,circle,,
USNMPAL_792854_D1668_L_2024_01_25_16_38_58_Kentucky::record_106,USNMPAL_792854_D1668_L_2024_01_25_16_38_58_Kentucky,/rhf/allocations/dsci435/smithsonian_full_sp26/raw/Images_with_annotations_for_CNN_training/USNMPAL_792854_D1668_L_2024_01_25_16_38_58_Kentucky.ndpi,USNMPAL_792854_D1668_L_2024_01_25_16_38_58_Kentucky.ndpi.ndpa,299ec718ba4bc32f0d162eb6e32a601ef13e29e6b1eb0e3444d48abfc9502abe,108,106,Momipites ventifluminis,Momipites ventifluminis,Momipites ventifluminis,exact,YES,circle,,
USNMPAL_792854_D1668_L_2024_01_25_16_38_58_Kentucky::record_107,USNMPAL_792854_D1668_L_2024_01_25_16_38_58_Kentucky,/rhf/allocations/dsci435/smithsonian_full_sp26/raw/Images_with_annotations_for_CNN_training/USNMPAL_792854_D1668_L_2024_01_25_16_38_58_Kentucky.ndpi,USNMPAL_792854_D1668_L_2024_01_25_16_38_58_Kentucky.ndpi.ndpa,299ec718ba4bc32f0d162eb6e32a601ef13e29e6b1eb0e3444d48abfc9502abe,109,107,Laevigatosporites sp.,Laevigatosporites sp.,Laevigatosporites sp.,exact,YES,circle,,
USNMPAL_792854_D1668_L_2024_01_25_16_38_58_Kentucky::record_108,USNMPAL_792854_D1668_L_2024_01_25_16_38_58_Kentucky,/rhf/allocations/dsci435/smithsonian_full_sp26/raw/Images_with_annotations_for_CNN_training/USNMPAL_792854_D1668_L_2024_01_25_16_38_58_Kentucky.ndpi,USNMPAL_792854_D1668_L_2024_01_25_16_38_58_Kentucky.ndpi.ndpa,299ec718ba4bc32f0d162eb6e32a601ef13e29e6b1eb0e3444d48abfc9502abe,110,108,Momipites ventifluminis,Momipites ventifluminis,Momipites ventifluminis,exact,YES,circle,,
USNMPAL_792854_D1668_L_2024_01_25_16_38_58_Kentucky::record_109,USNMPAL_792854_D1668_L_2024_01_25_16_38_58_Kentucky,/rhf/allocations/dsci435/smithsonian_full_sp26/raw/Images_with_annotations_for_CNN_training/USNMPAL_792854_D1668_L_2024_01_25_16_38_58_Kentucky.ndpi,USNMPAL_792854_D1668_L_2024_01_25_16_38_58_Kentucky.ndpi.ndpa,299ec718ba4bc32f0d162eb6e32a601ef13e29e6b1eb0e3444d48abfc9502abe,111,109,Momipites ventifluminis,Momipites ventifluminis,Momipites ventifluminis,exact,YES,circle,,
USNMPAL_792854_D1668_L_2024_01_25_16_38_58_Kentucky::record_110,USNMPAL_792854_D1668_L_2024_01_25_16_38_58_Kentucky,/rhf/allocations/dsci435/smithsonian_full_sp26/raw/Images_with_annotations_for_CNN_training/USNMPAL_792854_D1668_L_2024_01_25_16_38_58_Kentucky.ndpi,USNMPAL_792854_D1668_L_2024_01_25_16_38_58_Kentucky.ndpi.ndpa,299ec718ba4bc32f0d162eb6e32a601ef13e29e6b1eb0e3444d48abfc9502abe,112,110,Inaperturopollenites sp.,Inaperturopollenites sp.,Inaperturopollenites sp.,exact,YES,circle,,
USNMPAL_792854_D1668_L_2024_01_25_16_38_58_Kentucky::record_111,USNMPAL_792854_D1668_L_2024_01_25_16_38_58_Kentucky,/rhf/allocations/dsci435/smithsonian_full_sp26/raw/Images_with_annotations_for_CNN_training/USNMPAL_792854_D1668_L_2024_01_25_16_38_58_Kentucky.ndpi,USNMPAL_792854_D1668_L_2024_01_25_16_38_58_Kentucky.ndpi.ndpa,299ec718ba4bc32f0d162eb6e32a601ef13e29e6b1eb0e3444d48abfc9502abe,113,111,Momipites ventifluminis,Momipites ventifluminis,Momipites ventifluminis,exact,YES,circle,,
USNMPAL_792854_D1668_L_2024_01_25_16_38_58_Kentucky::record_113,USNMPAL_792854_D1668_L_2024_01_25_16_38_58_Kentucky,/rhf/allocations/dsci435/smithsonian_full_sp26/raw/Images_with_annotations_for_CNN_training/USNMPAL_792854_D1668_L_2024_01_25_16_38_58_Kentucky.ndpi,USNMPAL_792854_D1668_L_2024_01_25_16_38_58_Kentucky.ndpi.ndpa,299ec718ba4bc32f0d162eb6e32a601ef13e29e6b1eb0e3444d48abfc9502abe,115,113,Caryapollenites veripites,Caryapollenites veripites,Caryapollenites veripites,exact,YES,circle,,
USNMPAL_792854_D1668_L_2024_01_25_16_38_58_Kentucky::record_114,USNMPAL_792854_D1668_L_2024_01_25_16_38_58_Kentucky,/rhf/allocations/dsci435/smithsonian_full_sp26/raw/Images_with_annotations_for_CNN_training/USNMPAL_792854_D1668_L_2024_01_25_16_38_58_Kentucky.ndpi,USNMPAL_792854_D1668_L_2024_01_25_16_38_58_Kentucky.ndpi.ndpa,299ec718ba4bc32f0d162eb6e32a601ef13e29e6b1eb0e3444d48abfc9502abe,116,114,Caryapollenites veripites,Caryapollenites veripites,Caryapollenites veripites,exact,YES,circle,,
USNMPAL_792854_D1668_L_2024_01_25_16_38_58_Kentucky::record_115,USNMPAL_792854_D1668_L_2024_01_25_16_38_58_Kentucky,/rhf/allocations/dsci435/smithsonian_full_sp26/raw/Images_with_annotations_for_CNN_training/USNMPAL_792854_D1668_L_2024_01_25_16_38_58_Kentucky.ndpi,USNMPAL_792854_D1668_L_2024_01_25_16_38_58_Kentucky.ndpi.ndpa,299ec718ba4bc32f0d162eb6e32a601ef13e29e6b1eb0e3444d48abfc9502abe,117,115,Momipites ventifluminis,Momipites ventifluminis,Momipites ventifluminis,exact,YES,circle,,
USNMPAL_792854_D1668_L_2024_01_25_16_38_58_Kentucky::record_116,USNMPAL_792854_D1668_L_2024_01_25_16_38_58_Kentucky,/rhf/allocations/dsci435/smithsonian_full_sp26/raw/Images_with_annotations_for_CNN_training/USNMPAL_792854_D1668_L_2024_01_25_16_38_58_Kentucky.ndpi,USNMPAL_792854_D1668_L_2024_01_25_16_38_58_Kentucky.ndpi.ndpa,299ec718ba4bc32f0d162eb6e32a601ef13e29e6b1eb0e3444d48abfc9502abe,118,116,Inaperturopollenites sp.,Inaperturopollenites sp.,Inaperturopollenites sp.,exact,YES,circle,,
USNMPAL_792854_D1668_L_2024_01_25_16_38_58_Kentucky::record_118,USNMPAL_792854_D1668_L_2024_01_25_16_38_58_Kentucky,/rhf/allocations/dsci435/smithsonian_full_sp26/raw/Images_with_annotations_for_CNN_training/USNMPAL_792854_D1668_L_2024_01_25_16_38_58_Kentucky.ndpi,USNMPAL_792854_D1668_L_2024_01_25_16_38_58_Kentucky.ndpi.ndpa,299ec718ba4bc32f0d162eb6e32a601ef13e29e6b1eb0e3444d48abfc9502abe,120,118,Momipites ventifluminis,Momipites ventifluminis,Momipites ventifluminis,exact,YES,circle,,
USNMPAL_792854_D1668_L_2024_01_25_16_38_58_Kentucky::record_119,USNMPAL_792854_D1668_L_2024_01_25_16_38_58_Kentucky,/rhf/allocations/dsci435/smithsonian_full_sp26/raw/Images_with_annotations_for_CNN_training/USNMPAL_792854_D1668_L_2024_01_25_16_38_58_Kentucky.ndpi,USNMPAL_792854_D1668_L_2024_01_25_16_38_58_Kentucky.ndpi.ndpa,299ec718ba4bc32f0d162eb6e32a601ef13e29e6b1eb0e3444d48abfc9502abe,121,119,Momipites ventifluminis,Momipites ventifluminis,Momipites ventifluminis,exact,YES,circle,,
USNMPAL_792854_D1668_L_2024_01_25_16_38_58_Kentucky::record_120,USNMPAL_792854_D1668_L_2024_01_25_16_38_58_Kentucky,/rhf/allocations/dsci435/smithsonian_full_sp26/raw/Images_with_annotations_for_CNN_training/USNMPAL_792854_D1668_L_2024_01_25_16_38_58_Kentucky.ndpi,USNMPAL_792854_D1668_L_2024_01_25_16_38_58_Kentucky.ndpi.ndpa,299ec718ba4bc32f0d162eb6e32a601ef13e29e6b1eb0e3444d48abfc9502abe,122,120,Momipites ventifluminis,Momipites ventifluminis,Momipites ventifluminis,exact,YES,circle,,
USNMPAL_792854_D1668_L_2024_01_25_16_38_58_Kentucky::record_121,USNMPAL_792854_D1668_L_2024_01_25_16_38_58_Kentucky,/rhf/allocations/dsci435/smithsonian_full_sp26/raw/Images_with_annotations_for_CNN_training/USNMPAL_792854_D1668_L_2024_01_25_16_38_58_Kentucky.ndpi,USNMPAL_792854_D1668_L_2024_01_25_16_38_58_Kentucky.ndpi.ndpa,299ec718ba4bc32f0d162eb6e32a601ef13e29e6b1eb0e3444d48abfc9502abe,123,121,Momipites ventifluminis,Momipites ventifluminis,Momipites ventifluminis,exact,YES,circle,,
USNMPAL_792854_D1668_L_2024_01_25_16_38_58_Kentucky::record_122,USNMPAL_792854_D1668_L_2024_01_25_16_38_58_Kentucky,/rhf/allocations/dsci435/smithsonian_full_sp26/raw/Images_with_annotations_for_CNN_training/USNMPAL_792854_D1668_L_2024_01_25_16_38_58_Kentucky.ndpi,USNMPAL_792854_D1668_L_2024_01_25_16_38_58_Kentucky.ndpi.ndpa,299ec718ba4bc32f0d162eb6e32a601ef13e29e6b1eb0e3444d48abfc9502abe,124,122,Momipites ventifluminis,Momipites ventifluminis,Momipites ventifluminis,exact,YES,circle,,
USNMPAL_792854_D1668_L_2024_01_25_16_38_58_Kentucky::record_124,USNMPAL_792854_D1668_L_2024_01_25_16_38_58_Kentucky,/rhf/allocations/dsci435/smithsonian_full_sp26/raw/Images_with_annotations_for_CNN_training/USNMPAL_792854_D1668_L_2024_01_25_16_38_58_Kentucky.ndpi,USNMPAL_792854_D1668_L_2024_01_25_16_38_58_Kentucky.ndpi.ndpa,299ec718ba4bc32f0d162eb6e32a601ef13e29e6b1eb0e3444d48abfc9502abe,126,124,Momipites ventifluminis,Momipites ventifluminis,Momipites ventifluminis,exact,YES,circle,,
USNMPAL_792854_D1668_L_2024_01_25_16_38_58_Kentucky::record_125,USNMPAL_792854_D1668_L_2024_01_25_16_38_58_Kentucky,/rhf/allocations/dsci435/smithsonian_full_sp26/raw/Images_with_annotations_for_CNN_training/USNMPAL_792854_D1668_L_2024_01_25_16_38_58_Kentucky.ndpi,USNMPAL_792854_D1668_L_2024_01_25_16_38_58_Kentucky.ndpi.ndpa,299ec718ba4bc32f0d162eb6e32a601ef13e29e6b1eb0e3444d48abfc9502abe,127,125,Momipites ventifluminis,Momipites ventifluminis,Momipites ventifluminis,exact,YES,circle,,
USNMPAL_792854_D1668_L_2024_01_25_16_38_58_Kentucky::record_126,USNMPAL_792854_D1668_L_2024_01_25_16_38_58_Kentucky,/rhf/allocations/dsci435/smithsonian_full_sp26/raw/Images_with_annotations_for_CNN_training/USNMPAL_792854_D1668_L_2024_01_25_16_38_58_Kentucky.ndpi,USNMPAL_792854_D1668_L_2024_01_25_16_38_58_Kentucky.ndpi.ndpa,299ec718ba4bc32f0d162eb6e32a601ef13e29e6b1eb0e3444d48abfc9502abe,128,126,Momipites ventifluminis,Momipites ventifluminis,Momipites ventifluminis,exact,YES,circle,,
USNMPAL_792854_D1668_L_2024_01_25_16_38_58_Kentucky::record_127,USNMPAL_792854_D1668_L_2024_01_25_16_38_58_Kentucky,/rhf/allocations/dsci435/smithsonian_full_sp26/raw/Images_with_annotations_for_CNN_training/USNMPAL_792854_D1668_L_2024_01_25_16_38_58_Kentucky.ndpi,USNMPAL_792854_D1668_L_2024_01_25_16_38_58_Kentucky.ndpi.ndpa,299ec718ba4bc32f0d162eb6e32a601ef13e29e6b1eb0e3444d48abfc9502abe,129,127,Momipites ventifluminis,Momipites ventifluminis,Momipites ventifluminis,exact,YES,circle,,
USNMPAL_792854_D1668_L_2024_01_25_16_38_58_Kentucky::record_128,USNMPAL_792854_D1668_L_2024_01_25_16_38_58_Kentucky,/rhf/allocations/dsci435/smithsonian_full_sp26/raw/Images_with_annotations_for_CNN_training/USNMPAL_792854_D1668_L_2024_01_25_16_38_58_Kentucky.ndpi,USNMPAL_792854_D1668_L_2024_01_25_16_38_58_Kentucky.ndpi.ndpa,299ec718ba4bc32f0d162eb6e32a601ef13e29e6b1eb0e3444d48abfc9502abe,130,128,Momipites ventifluminis,Momipites ventifluminis,Momipites ventifluminis,exact,YES,circle,,
USNMPAL_792854_D1668_L_2024_01_25_16_38_58_Kentucky::record_129,USNMPAL_792854_D1668_L_2024_01_25_16_38_58_Kentucky,/rhf/allocations/dsci435/smithsonian_full_sp26/raw/Images_with_annotations_for_CNN_training/USNMPAL_792854_D1668_L_2024_01_25_16_38_58_Kentucky.ndpi,USNMPAL_792854_D1668_L_2024_01_25_16_38_58_Kentucky.ndpi.ndpa,299ec718ba4bc32f0d162eb6e32a601ef13e29e6b1eb0e3444d48abfc9502abe,131,129,Momipites ventifluminis,Momipites ventifluminis,Momipites ventifluminis,exact,YES,circle,,
USNMPAL_792854_D1668_L_2024_01_25_16_38_58_Kentucky::record_130,USNMPAL_792854_D1668_L_2024_01_25_16_38_58_Kentucky,/rhf/allocations/dsci435/smithsonian_full_sp26/raw/Images_with_annotations_for_CNN_training/USNMPAL_792854_D1668_L_2024_01_25_16_38_58_Kentucky.ndpi,USNMPAL_792854_D1668_L_2024_01_25_16_38_58_Kentucky.ndpi.ndpa,299ec718ba4bc32f0d162eb6e32a601ef13e29e6b1eb0e3444d48abfc9502abe,132,130,Nudopollis sp.,Nudopollis sp.,Nudopollis sp.,exact,YES,circle,,
USNMPAL_792854_D1668_L_2024_01_25_16_38_58_Kentucky::record_131,USNMPAL_792854_D1668_L_2024_01_25_16_38_58_Kentucky,/rhf/allocations/dsci435/smithsonian_full_sp26/raw/Images_with_annotations_for_CNN_training/USNMPAL_792854_D1668_L_2024_01_25_16_38_58_Kentucky.ndpi,USNMPAL_792854_D1668_L_2024_01_25_16_38_58_Kentucky.ndpi.ndpa,299ec718ba4bc32f0d162eb6e32a601ef13e29e6b1eb0e3444d48abfc9502abe,133,131,Nudopollis sp.,Nudopollis sp.,Nudopollis sp.,exact,YES,circle,,
USNMPAL_792854_D1668_L_2024_01_25_16_38_58_Kentucky::record_132,USNMPAL_792854_D1668_L_2024_01_25_16_38_58_Kentucky,/rhf/allocations/dsci435/smithsonian_full_sp26/raw/Images_with_annotations_for_CNN_training/USNMPAL_792854_D1668_L_2024_01_25_16_38_58_Kentucky.ndpi,USNMPAL_792854_D1668_L_2024_01_25_16_38_58_Kentucky.ndpi.ndpa,299ec718ba4bc32f0d162eb6e32a601ef13e29e6b1eb0e3444d48abfc9502abe,134,132,Nudopollis sp.,Nudopollis sp.,Nudopollis sp.,exact,YES,circle,,
USNMPAL_792854_D1668_L_2024_01_25_16_38_58_Kentucky::record_133,USNMPAL_792854_D1668_L_2024_01_25_16_38_58_Kentucky,/rhf/allocations/dsci435/smithsonian_full_sp26/raw/Images_with_annotations_for_CNN_training/USNMPAL_792854_D1668_L_2024_01_25_16_38_58_Kentucky.ndpi,USNMPAL_792854_D1668_L_2024_01_25_16_38_58_Kentucky.ndpi.ndpa,299ec718ba4bc32f0d162eb6e32a601ef13e29e6b1eb0e3444d48abfc9502abe,135,133,Nudopollis sp.,Nudopollis sp.,Nudopollis sp.,exact,YES,circle,,
USNMPAL_793077_D3163-A_2024_07_29_10_45_13_Arkansas::record_141,USNMPAL_793077_D3163-A_2024_07_29_10_45_13_Arkansas,/rhf/allocations/dsci435/smithsonian_full_sp26/raw/Images_with_annotations_for_CNN_training/USNMPAL_793077_D3163-A_2024_07_29_10_45_13_Arkansas.ndpi,USNMPAL_793077_D3163-A_2024_07_29_10_45_13_Arkansas.ndpi.ndpa,f0159613c70f509ba505cfa36c553c98bb3f8aee7e1edb7628319c1fca06d9d7,142,141,Momipites,Momipites,Momipites sp,exact,YES,circle,,
USNMPAL_793077_D3163-A_2024_07_29_10_45_13_Arkansas::record_178,USNMPAL_793077_D3163-A_2024_07_29_10_45_13_Arkansas,/rhf/allocations/dsci435/smithsonian_full_sp26/raw/Images_with_annotations_for_CNN_training/USNMPAL_793077_D3163-A_2024_07_29_10_45_13_Arkansas.ndpi,USNMPAL_793077_D3163-A_2024_07_29_10_45_13_Arkansas.ndpi.ndpa,f0159613c70f509ba505cfa36c553c98bb3f8aee7e1edb7628319c1fca06d9d7,179,178,Momipites,Momipites,Momipites sp,exact,YES,circle,,
USNMPAL_793077_D3163-A_2024_07_29_10_45_13_Arkansas::record_282,USNMPAL_793077_D3163-A_2024_07_29_10_45_13_Arkansas,/rhf/allocations/dsci435/smithsonian_full_sp26/raw/Images_with_annotations_for_CNN_training/USNMPAL_793077_D3163-A_2024_07_29_10_45_13_Arkansas.ndpi,USNMPAL_793077_D3163-A_2024_07_29_10_45_13_Arkansas.ndpi.ndpa,f0159613c70f509ba505cfa36c553c98bb3f8aee7e1edb7628319c1fca06d9d7,283,282,Momipites,Momipites,Momipites sp,exact,YES,circle,,
USNMPAL_793077_D3163-A_2024_07_29_10_45_13_Arkansas::record_285,USNMPAL_793077_D3163-A_2024_07_29_10_45_13_Arkansas,/rhf/allocations/dsci435/smithsonian_full_sp26/raw/Images_with_annotations_for_CNN_training/USNMPAL_793077_D3163-A_2024_07_29_10_45_13_Arkansas.ndpi,USNMPAL_793077_D3163-A_2024_07_29_10_45_13_Arkansas.ndpi.ndpa,f0159613c70f509ba505cfa36c553c98bb3f8aee7e1edb7628319c1fca06d9d7,286,285,Momipites,Momipites,Momipites sp,exact,YES,circle,,
USNMPAL_793576_D4117_L_2024_02_02_12_34_41_Arkansas::record_19,USNMPAL_793576_D4117_L_2024_02_02_12_34_41_Arkansas,/rhf/allocations/dsci435/smithsonian_full_sp26/raw/Images_with_annotations_for_CNN_training/USNMPAL_793576_D4117_L_2024_02_02_12_34_41_Arkansas.ndpi,USNMPAL_793576_D4117_L_2024_02_02_12_34_41_Arkansas.ndpi.ndpa,72eafd6d40c5c3fdfe85ab1082fa6f899946390d423b9c4c9b120a598d5dcc55,21,19,Bipol,Bipol,Bisaccate,exact,YES,circle,,
USNMPAL_792673_D1166_A_L_2023_11_09_12_47_47_Wyoming::record_1,USNMPAL_792673_D1166_A_L_2023_11_09_12_47_47_Wyoming,/rhf/allocations/dsci435/smithsonian_full_sp26/raw/Images_with_annotations_for_CNN_training/USNMPAL_792673_D1166_A_L_2023_11_09_12_47_47_Wyoming.ndpi,USNMPAL_792673_D1166_A_L_2023_11_09_12_47_47_Wyoming.ndpi.ndpa,a32f3de55bc2a0b8a3ceafa237954cd04b1aee603a00b4073a42a250f68782b0,3,1,Monocolpites?,Monocolpites?,Monocolpites sp.,exact,YES,circle,,Arecaceae?
USNMPAL_792673_D1166_A_L_2023_11_09_12_47_47_Wyoming::record_3,USNMPAL_792673_D1166_A_L_2023_11_09_12_47_47_Wyoming,/rhf/allocations/dsci435/smithsonian_full_sp26/raw/Images_with_annotations_for_CNN_training/USNMPAL_792673_D1166_A_L_2023_11_09_12_47_47_Wyoming.ndpi,USNMPAL_792673_D1166_A_L_2023_11_09_12_47_47_Wyoming.ndpi.ndpa,a32f3de55bc2a0b8a3ceafa237954cd04b1aee603a00b4073a42a250f68782b0,5,3,Arecipites sp.,Arecipites sp.,Arecipites sp.,exact,YES,circle,,
USNMPAL_792673_D1166_A_L_2023_11_09_12_47_47_Wyoming::record_18,USNMPAL_792673_D1166_A_L_2023_11_09_12_47_47_Wyoming,/rhf/allocations/dsci435/smithsonian_full_sp26/raw/Images_with_annotations_for_CNN_training/USNMPAL_792673_D1166_A_L_2023_11_09_12_47_47_Wyoming.ndpi,USNMPAL_792673_D1166_A_L_2023_11_09_12_47_47_Wyoming.ndpi.ndpa,a32f3de55bc2a0b8a3ceafa237954cd04b1aee603a00b4073a42a250f68782b0,20,18,Carya sp.,Carya sp.,Caryapollenites sp.,exact,YES,circle,,
USNMPAL_792673_D1166_A_L_2023_11_09_12_47_47_Wyoming::record_37,USNMPAL_792673_D1166_A_L_2023_11_09_12_47_47_Wyoming,/rhf/allocations/dsci435/smithsonian_full_sp26/raw/Images_with_annotations_for_CNN_training/USNMPAL_792673_D1166_A_L_2023_11_09_12_47_47_Wyoming.ndpi,USNMPAL_792673_D1166_A_L_2023_11_09_12_47_47_Wyoming.ndpi.ndpa,a32f3de55bc2a0b8a3ceafa237954cd04b1aee603a00b4073a42a250f68782b0,39,37,Alnipollenites verus,Alnipollenites verus,Alnipollenites verus,exact,YES,circle,,
USNMPAL_792673_D1166_A_L_2023_11_09_12_47_47_Wyoming::record_87,USNMPAL_792673_D1166_A_L_2023_11_09_12_47_47_Wyoming,/rhf/allocations/dsci435/smithsonian_full_sp26/raw/Images_with_annotations_for_CNN_training/USNMPAL_792673_D1166_A_L_2023_11_09_12_47_47_Wyoming.ndpi,USNMPAL_792673_D1166_A_L_2023_11_09_12_47_47_Wyoming.ndpi.ndpa,a32f3de55bc2a0b8a3ceafa237954cd04b1aee603a00b4073a42a250f68782b0,89,87,Rhoipites sp.,Rhoipites sp.,Rhoipites sp.,exact,YES,circle,,
USNMPAL_792673_D1166_A_L_2023_11_09_12_47_47_Wyoming::record_103,USNMPAL_792673_D1166_A_L_2023_11_09_12_47_47_Wyoming,/rhf/allocations/dsci435/smithsonian_full_sp26/raw/Images_with_annotations_for_CNN_training/USNMPAL_792673_D1166_A_L_2023_11_09_12_47_47_Wyoming.ndpi,USNMPAL_792673_D1166_A_L_2023_11_09_12_47_47_Wyoming.ndpi.ndpa,a32f3de55bc2a0b8a3ceafa237954cd04b1aee603a00b4073a42a250f68782b0,105,103,Momipites sp.,Momipites sp.,Momipites sp,exact,YES,circle,,
USNMPAL_792673_D1166_A_L_2023_11_09_12_47_47_Wyoming::record_118,USNMPAL_792673_D1166_A_L_2023_11_09_12_47_47_Wyoming,/rhf/allocations/dsci435/smithsonian_full_sp26/raw/Images_with_annotations_for_CNN_training/USNMPAL_792673_D1166_A_L_2023_11_09_12_47_47_Wyoming.ndpi,USNMPAL_792673_D1166_A_L_2023_11_09_12_47_47_Wyoming.ndpi.ndpa,a32f3de55bc2a0b8a3ceafa237954cd04b1aee603a00b4073a42a250f68782b0,120,118,Ericipites sp.,Ericipites sp.,Ericipites sp.,exact,YES,circle,,
USNMPAL_792673_D1166_A_L_2023_11_09_12_47_47_Wyoming::record_127,USNMPAL_792673_D1166_A_L_2023_11_09_12_47_47_Wyoming,/rhf/allocations/dsci435/smithsonian_full_sp26/raw/Images_with_annotations_for_CNN_training/USNMPAL_792673_D1166_A_L_2023_11_09_12_47_47_Wyoming.ndpi,USNMPAL_792673_D1166_A_L_2023_11_09_12_47_47_Wyoming.ndpi.ndpa,a32f3de55bc2a0b8a3ceafa237954cd04b1aee603a00b4073a42a250f68782b0,129,127,Bisaccate,Bisaccate,Bisaccate,exact,YES,circle,,
USNMPAL_792673_D1166_A_L_2023_11_09_12_47_47_Wyoming::record_160,USNMPAL_792673_D1166_A_L_2023_11_09_12_47_47_Wyoming,/rhf/allocations/dsci435/smithsonian_full_sp26/raw/Images_with_annotations_for_CNN_training/USNMPAL_792673_D1166_A_L_2023_11_09_12_47_47_Wyoming.ndpi,USNMPAL_792673_D1166_A_L_2023_11_09_12_47_47_Wyoming.ndpi.ndpa,a32f3de55bc2a0b8a3ceafa237954cd04b1aee603a00b4073a42a250f68782b0,162,160,Polyatriopollenites sp.,Polyatriopollenites sp.,Polyatriopollenites type,exact,YES,circle,,
USNMPAL_792673_D1166_A_L_2023_11_09_12_47_47_Wyoming::record_179,USNMPAL_792673_D1166_A_L_2023_11_09_12_47_47_Wyoming,/rhf/allocations/dsci435/smithsonian_full_sp26/raw/Images_with_annotations_for_CNN_training/USNMPAL_792673_D1166_A_L_2023_11_09_12_47_47_Wyoming.ndpi,USNMPAL_792673_D1166_A_L_2023_11_09_12_47_47_Wyoming.ndpi.ndpa,a32f3de55bc2a0b8a3ceafa237954cd04b1aee603a00b4073a42a250f68782b0,181,179,Carya sp.,Carya sp.,Caryapollenites sp.,exact,YES,circle,,
USNMPAL_792673_D1166_A_L_2023_11_09_12_47_47_Wyoming::record_193,USNMPAL_792673_D1166_A_L_2023_11_09_12_47_47_Wyoming,/rhf/allocations/dsci435/smithsonian_full_sp26/raw/Images_with_annotations_for_CNN_training/USNMPAL_792673_D1166_A_L_2023_11_09_12_47_47_Wyoming.ndpi,USNMPAL_792673_D1166_A_L_2023_11_09_12_47_47_Wyoming.ndpi.ndpa,a32f3de55bc2a0b8a3ceafa237954cd04b1aee603a00b4073a42a250f68782b0,195,193,Polyatriopollenites sp.,Polyatriopollenites sp.,Polyatriopollenites type,exact,YES,circle,,
USNMPAL_792673_D1166_A_L_2023_11_09_12_47_47_Wyoming::record_224,USNMPAL_792673_D1166_A_L_2023_11_09_12_47_47_Wyoming,/rhf/allocations/dsci435/smithsonian_full_sp26/raw/Images_with_annotations_for_CNN_training/USNMPAL_792673_D1166_A_L_2023_11_09_12_47_47_Wyoming.ndpi,USNMPAL_792673_D1166_A_L_2023_11_09_12_47_47_Wyoming.ndpi.ndpa,a32f3de55bc2a0b8a3ceafa237954cd04b1aee603a00b4073a42a250f68782b0,226,224,Carya sp.,Carya sp.,Caryapollenites sp.,exact,YES,circle,,
USNMPAL_792673_D1166_A_L_2023_11_09_12_47_47_Wyoming::record_225,USNMPAL_792673_D1166_A_L_2023_11_09_12_47_47_Wyoming,/rhf/allocations/dsci435/smithsonian_full_sp26/raw/Images_with_annotations_for_CNN_training/USNMPAL_792673_D1166_A_L_2023_11_09_12_47_47_Wyoming.ndpi,USNMPAL_792673_D1166_A_L_2023_11_09_12_47_47_Wyoming.ndpi.ndpa,a32f3de55bc2a0b8a3ceafa237954cd04b1aee603a00b4073a42a250f68782b0,227,225,Psilamonocolpites sp.,Psilamonocolpites sp.,Monocolpites sp.,exact,YES,circle,,Arecaceae
USNMPAL_792673_D1166_A_R_2023_11_09_15_17_21_Wyoming::record_14,USNMPAL_792673_D1166_A_R_2023_11_09_15_17_21_Wyoming,/rhf/allocations/dsci435/smithsonian_full_sp26/raw/Images_with_annotations_for_CNN_training/USNMPAL_792673_D1166_A_R_2023_11_09_15_17_21_Wyoming.ndpi,USNMPAL_792673_D1166_A_R_2023_11_09_15_17_21_Wyoming.ndpi.ndpa,be6dedf34ab37334eda71487de979e235b01211f3307c12e841c31dc0be954d7,15,14,Momipites,Momipites,Momipites sp,exact,YES,circle,,
USNMPAL_792673_D1166_A_R_2023_11_09_15_17_21_Wyoming::record_62,USNMPAL_792673_D1166_A_R_2023_11_09_15_17_21_Wyoming,/rhf/allocations/dsci435/smithsonian_full_sp26/raw/Images_with_annotations_for_CNN_training/USNMPAL_792673_D1166_A_R_2023_11_09_15_17_21_Wyoming.ndpi,USNMPAL_792673_D1166_A_R_2023_11_09_15_17_21_Wyoming.ndpi.ndpa,be6dedf34ab37334eda71487de979e235b01211f3307c12e841c31dc0be954d7,64,62,Momipites,Momipites,Momipites sp,exact,YES,circle,,
USNMPAL_792673_D1166_A_R_2023_11_09_15_17_21_Wyoming::record_70,USNMPAL_792673_D1166_A_R_2023_11_09_15_17_21_Wyoming,/rhf/allocations/dsci435/smithsonian_full_sp26/raw/Images_with_annotations_for_CNN_training/USNMPAL_792673_D1166_A_R_2023_11_09_15_17_21_Wyoming.ndpi,USNMPAL_792673_D1166_A_R_2023_11_09_15_17_21_Wyoming.ndpi.ndpa,be6dedf34ab37334eda71487de979e235b01211f3307c12e841c31dc0be954d7,72,70,Psilamonocolpites,Psilamonocolpites,Monocolpites sp.,exact,YES,circle,,
USNMPAL_792673_D1166_A_R_2023_11_09_15_17_21_Wyoming::record_112,USNMPAL_792673_D1166_A_R_2023_11_09_15_17_21_Wyoming,/rhf/allocations/dsci435/smithsonian_full_sp26/raw/Images_with_annotations_for_CNN_training/USNMPAL_792673_D1166_A_R_2023_11_09_15_17_21_Wyoming.ndpi,USNMPAL_792673_D1166_A_R_2023_11_09_15_17_21_Wyoming.ndpi.ndpa,be6dedf34ab37334eda71487de979e235b01211f3307c12e841c31dc0be954d7,114,112,Momipites,Momipites,Momipites sp,exact,YES,circle,,
USNMPAL_792673_D1166_A_R_2023_11_09_15_17_21_Wyoming::record_114,USNMPAL_792673_D1166_A_R_2023_11_09_15_17_21_Wyoming,/rhf/allocations/dsci435/smithsonian_full_sp26/raw/Images_with_annotations_for_CNN_training/USNMPAL_792673_D1166_A_R_2023_11_09_15_17_21_Wyoming.ndpi,USNMPAL_792673_D1166_A_R_2023_11_09_15_17_21_Wyoming.ndpi.ndpa,be6dedf34ab37334eda71487de979e235b01211f3307c12e841c31dc0be954d7,116,114,Deltoidospora,Deltoidospora,Psilatriletes sp.,exact,YES,circle,,
USNMPAL_792852_D1667-A_R_2024_02_2019_29_55_Kentucky::record_4,USNMPAL_792852_D1667-A_R_2024_02_2019_29_55_Kentucky,/rhf/allocations/dsci435/smithsonian_full_sp26/raw/Images_with_annotations_for_CNN_training/USNMPAL_792852_D1667-A_R_2024_02_2019_29_55_Kentucky.ndpi,USNMPAL_792852_D1667-A_R_2024_02_2019_29_55_Kentucky.ndpi.ndpa,6f5370686d75543b0db6b14d43db34fae8be638037c155844f210085f4a5c232,5,4,Tetracolporopollenites sp.,Tetracolporopollenites sp.,Tetracolporopollenites sp.,exact,YES,circle,,
USNMPAL_792852_D1667-A_R_2024_02_2019_29_55_Kentucky::record_5,USNMPAL_792852_D1667-A_R_2024_02_2019_29_55_Kentucky,/rhf/allocations/dsci435/smithsonian_full_sp26/raw/Images_with_annotations_for_CNN_training/USNMPAL_792852_D1667-A_R_2024_02_2019_29_55_Kentucky.ndpi,USNMPAL_792852_D1667-A_R_2024_02_2019_29_55_Kentucky.ndpi.ndpa,6f5370686d75543b0db6b14d43db34fae8be638037c155844f210085f4a5c232,6,5,Betulaceae ,Betulaceae,Betulaceae,trimmed_whitespace,YES,circle,,
USNMPAL_792852_D1667-A_R_2024_02_2019_29_55_Kentucky::record_6,USNMPAL_792852_D1667-A_R_2024_02_2019_29_55_Kentucky,/rhf/allocations/dsci435/smithsonian_full_sp26/raw/Images_with_annotations_for_CNN_training/USNMPAL_792852_D1667-A_R_2024_02_2019_29_55_Kentucky.ndpi,USNMPAL_792852_D1667-A_R_2024_02_2019_29_55_Kentucky.ndpi.ndpa,6f5370686d75543b0db6b14d43db34fae8be638037c155844f210085f4a5c232,7,6,Rhoipites sp.,Rhoipites sp.,Rhoipites sp.,exact,YES,circle,,
USNMPAL_792852_D1667-A_R_2024_02_2019_29_55_Kentucky::record_8,USNMPAL_792852_D1667-A_R_2024_02_2019_29_55_Kentucky,/rhf/allocations/dsci435/smithsonian_full_sp26/raw/Images_with_annotations_for_CNN_training/USNMPAL_792852_D1667-A_R_2024_02_2019_29_55_Kentucky.ndpi,USNMPAL_792852_D1667-A_R_2024_02_2019_29_55_Kentucky.ndpi.ndpa,6f5370686d75543b0db6b14d43db34fae8be638037c155844f210085f4a5c232,9,8,Siltaria sp.,Siltaria sp.,Rhoipites sp.,exact,YES,circle,,
USNMPAL_792852_D1667-A_R_2024_02_2019_29_55_Kentucky::record_10,USNMPAL_792852_D1667-A_R_2024_02_2019_29_55_Kentucky,/rhf/allocations/dsci435/smithsonian_full_sp26/raw/Images_with_annotations_for_CNN_training/USNMPAL_792852_D1667-A_R_2024_02_2019_29_55_Kentucky.ndpi,USNMPAL_792852_D1667-A_R_2024_02_2019_29_55_Kentucky.ndpi.ndpa,6f5370686d75543b0db6b14d43db34fae8be638037c155844f210085f4a5c232,11,10,Momipites sp.,Momipites sp.,Momipites sp,exact,YES,circle,,
USNMPAL_792852_D1667-A_R_2024_02_2019_29_55_Kentucky::record_16,USNMPAL_792852_D1667-A_R_2024_02_2019_29_55_Kentucky,/rhf/allocations/dsci435/smithsonian_full_sp26/raw/Images_with_annotations_for_CNN_training/USNMPAL_792852_D1667-A_R_2024_02_2019_29_55_Kentucky.ndpi,USNMPAL_792852_D1667-A_R_2024_02_2019_29_55_Kentucky.ndpi.ndpa,6f5370686d75543b0db6b14d43db34fae8be638037c155844f210085f4a5c232,17,16,Tetracolporopollenites sp.,Tetracolporopollenites sp.,Tetracolporopollenites sp.,exact,YES,circle,,
USNMPAL_792852_D1667-A_R_2024_02_2019_29_55_Kentucky::record_19,USNMPAL_792852_D1667-A_R_2024_02_2019_29_55_Kentucky,/rhf/allocations/dsci435/smithsonian_full_sp26/raw/Images_with_annotations_for_CNN_training/USNMPAL_792852_D1667-A_R_2024_02_2019_29_55_Kentucky.ndpi,USNMPAL_792852_D1667-A_R_2024_02_2019_29_55_Kentucky.ndpi.ndpa,6f5370686d75543b0db6b14d43db34fae8be638037c155844f210085f4a5c232,20,19,Rhoipites sp.,Rhoipites sp.,Rhoipites sp.,exact,YES,circle,,
USNMPAL_792852_D1667-A_R_2024_02_2019_29_55_Kentucky::record_28,USNMPAL_792852_D1667-A_R_2024_02_2019_29_55_Kentucky,/rhf/allocations/dsci435/smithsonian_full_sp26/raw/Images_with_annotations_for_CNN_training/USNMPAL_792852_D1667-A_R_2024_02_2019_29_55_Kentucky.ndpi,USNMPAL_792852_D1667-A_R_2024_02_2019_29_55_Kentucky.ndpi.ndpa,6f5370686d75543b0db6b14d43db34fae8be638037c155844f210085f4a5c232,29,28,Rhoipites sp.,Rhoipites sp.,Rhoipites sp.,exact,YES,circle,,
USNMPAL_792852_D1667-A_R_2024_02_2019_29_55_Kentucky::record_30,USNMPAL_792852_D1667-A_R_2024_02_2019_29_55_Kentucky,/rhf/allocations/dsci435/smithsonian_full_sp26/raw/Images_with_annotations_for_CNN_training/USNMPAL_792852_D1667-A_R_2024_02_2019_29_55_Kentucky.ndpi,USNMPAL_792852_D1667-A_R_2024_02_2019_29_55_Kentucky.ndpi.ndpa,6f5370686d75543b0db6b14d43db34fae8be638037c155844f210085f4a5c232,31,30,Momipites wyomingensis,Momipites wyomingensis,Momipites wyomingensis,exact,YES,circle,,
USNMPAL_792852_D1667-A_R_2024_02_2019_29_55_Kentucky::record_35,USNMPAL_792852_D1667-A_R_2024_02_2019_29_55_Kentucky,/rhf/allocations/dsci435/smithsonian_full_sp26/raw/Images_with_annotations_for_CNN_training/USNMPAL_792852_D1667-A_R_2024_02_2019_29_55_Kentucky.ndpi,USNMPAL_792852_D1667-A_R_2024_02_2019_29_55_Kentucky.ndpi.ndpa,6f5370686d75543b0db6b14d43db34fae8be638037c155844f210085f4a5c232,36,35,Retipollenites sp.,Retipollenites sp.,Retipollenites sp.,exact,YES,circle,,
USNMPAL_792852_D1667-A_R_2024_02_2019_29_55_Kentucky::record_38,USNMPAL_792852_D1667-A_R_2024_02_2019_29_55_Kentucky,/rhf/allocations/dsci435/smithsonian_full_sp26/raw/Images_with_annotations_for_CNN_training/USNMPAL_792852_D1667-A_R_2024_02_2019_29_55_Kentucky.ndpi,USNMPAL_792852_D1667-A_R_2024_02_2019_29_55_Kentucky.ndpi.ndpa,6f5370686d75543b0db6b14d43db34fae8be638037c155844f210085f4a5c232,39,38,Betulaceae,Betulaceae,Betulaceae,exact,YES,circle,,
USNMPAL_792852_D1667-A_R_2024_02_2019_29_55_Kentucky::record_46,USNMPAL_792852_D1667-A_R_2024_02_2019_29_55_Kentucky,/rhf/allocations/dsci435/smithsonian_full_sp26/raw/Images_with_annotations_for_CNN_training/USNMPAL_792852_D1667-A_R_2024_02_2019_29_55_Kentucky.ndpi,USNMPAL_792852_D1667-A_R_2024_02_2019_29_55_Kentucky.ndpi.ndpa,6f5370686d75543b0db6b14d43db34fae8be638037c155844f210085f4a5c232,47,46,Rhoipites sp.,Rhoipites sp.,Rhoipites sp.,exact,YES,circle,,
USNMPAL_792852_D1667-A_R_2024_02_2019_29_55_Kentucky::record_47,USNMPAL_792852_D1667-A_R_2024_02_2019_29_55_Kentucky,/rhf/allocations/dsci435/smithsonian_full_sp26/raw/Images_with_annotations_for_CNN_training/USNMPAL_792852_D1667-A_R_2024_02_2019_29_55_Kentucky.ndpi,USNMPAL_792852_D1667-A_R_2024_02_2019_29_55_Kentucky.ndpi.ndpa,6f5370686d75543b0db6b14d43db34fae8be638037c155844f210085f4a5c232,48,47,Rhoipites sp.,Rhoipites sp.,Rhoipites sp.,exact,YES,circle,,
USNMPAL_792852_D1667-A_R_2024_02_2019_29_55_Kentucky::record_49,USNMPAL_792852_D1667-A_R_2024_02_2019_29_55_Kentucky,/rhf/allocations/dsci435/smithsonian_full_sp26/raw/Images_with_annotations_for_CNN_training/USNMPAL_792852_D1667-A_R_2024_02_2019_29_55_Kentucky.ndpi,USNMPAL_792852_D1667-A_R_2024_02_2019_29_55_Kentucky.ndpi.ndpa,6f5370686d75543b0db6b14d43db34fae8be638037c155844f210085f4a5c232,50,49,Rhoipites sp.,Rhoipites sp.,Rhoipites sp.,exact,YES,circle,,
USNMPAL_792852_D1667-A_R_2024_02_2019_29_55_Kentucky::record_58,USNMPAL_792852_D1667-A_R_2024_02_2019_29_55_Kentucky,/rhf/allocations/dsci435/smithsonian_full_sp26/raw/Images_with_annotations_for_CNN_training/USNMPAL_792852_D1667-A_R_2024_02_2019_29_55_Kentucky.ndpi,USNMPAL_792852_D1667-A_R_2024_02_2019_29_55_Kentucky.ndpi.ndpa,6f5370686d75543b0db6b14d43db34fae8be638037c155844f210085f4a5c232,59,58,Psilatricolpites sp.,Psilatricolpites sp.,Psilatricolpites sp.,exact,YES,circle,,
USNMPAL_792852_D1667-A_R_2024_02_2019_29_55_Kentucky::record_60,USNMPAL_792852_D1667-A_R_2024_02_2019_29_55_Kentucky,/rhf/allocations/dsci435/smithsonian_full_sp26/raw/Images_with_annotations_for_CNN_training/USNMPAL_792852_D1667-A_R_2024_02_2019_29_55_Kentucky.ndpi,USNMPAL_792852_D1667-A_R_2024_02_2019_29_55_Kentucky.ndpi.ndpa,6f5370686d75543b0db6b14d43db34fae8be638037c155844f210085f4a5c232,61,60,Tetracolporopollenites sp.,Tetracolporopollenites sp.,Tetracolporopollenites sp.,exact,YES,circle,,
USNMPAL_792852_D1667-A_R_2024_02_2019_29_55_Kentucky::record_62,USNMPAL_792852_D1667-A_R_2024_02_2019_29_55_Kentucky,/rhf/allocations/dsci435/smithsonian_full_sp26/raw/Images_with_annotations_for_CNN_training/USNMPAL_792852_D1667-A_R_2024_02_2019_29_55_Kentucky.ndpi,USNMPAL_792852_D1667-A_R_2024_02_2019_29_55_Kentucky.ndpi.ndpa,6f5370686d75543b0db6b14d43db34fae8be638037c155844f210085f4a5c232,63,62,Betulaceae,Betulaceae,Betulaceae,exact,YES,circle,,
USNMPAL_792852_D1667-A_R_2024_02_2019_29_55_Kentucky::record_94,USNMPAL_792852_D1667-A_R_2024_02_2019_29_55_Kentucky,/rhf/allocations/dsci435/smithsonian_full_sp26/raw/Images_with_annotations_for_CNN_training/USNMPAL_792852_D1667-A_R_2024_02_2019_29_55_Kentucky.ndpi,USNMPAL_792852_D1667-A_R_2024_02_2019_29_55_Kentucky.ndpi.ndpa,6f5370686d75543b0db6b14d43db34fae8be638037c155844f210085f4a5c232,95,94,Momipites wyomingensis,Momipites wyomingensis,Momipites wyomingensis,exact,YES,circle,,
USNMPAL_792852_D1667-A_R_2024_02_2019_29_55_Kentucky::record_171,USNMPAL_792852_D1667-A_R_2024_02_2019_29_55_Kentucky,/rhf/allocations/dsci435/smithsonian_full_sp26/raw/Images_with_annotations_for_CNN_training/USNMPAL_792852_D1667-A_R_2024_02_2019_29_55_Kentucky.ndpi,USNMPAL_792852_D1667-A_R_2024_02_2019_29_55_Kentucky.ndpi.ndpa,6f5370686d75543b0db6b14d43db34fae8be638037c155844f210085f4a5c232,172,171,Retipollenites sp.,Retipollenites sp.,Retipollenites sp.,exact,YES,circle,,
USNMPAL_793367_D3702_L_2024_02_02_15_49_54_Tennessee::record_23,USNMPAL_793367_D3702_L_2024_02_02_15_49_54_Tennessee,/rhf/allocations/dsci435/smithsonian_full_sp26/raw/Images_with_annotations_for_CNN_training/USNMPAL_793367_D3702_L_2024_02_02_15_49_54_Tennessee.ndpi,USNMPAL_793367_D3702_L_2024_02_02_15_49_54_Tennessee.ndpi.ndpa,df9f81058cd0d0bf94c320c18214fada357da9e94a1966f426e1bd430ba4dd47,24,23,Alnipollenites verus,Alnipollenites verus,Alnipollenites verus,exact,YES,circle,,
USNMPAL_793367_D3702_L_2024_02_02_15_49_54_Tennessee::record_38,USNMPAL_793367_D3702_L_2024_02_02_15_49_54_Tennessee,/rhf/allocations/dsci435/smithsonian_full_sp26/raw/Images_with_annotations_for_CNN_training/USNMPAL_793367_D3702_L_2024_02_02_15_49_54_Tennessee.ndpi,USNMPAL_793367_D3702_L_2024_02_02_15_49_54_Tennessee.ndpi.ndpa,df9f81058cd0d0bf94c320c18214fada357da9e94a1966f426e1bd430ba4dd47,39,38,Bipol,Bipol,Bisaccate,exact,YES,circle,,
USNMPAL_793367_D3702_L_2024_02_02_15_49_54_Tennessee::record_41,USNMPAL_793367_D3702_L_2024_02_02_15_49_54_Tennessee,/rhf/allocations/dsci435/smithsonian_full_sp26/raw/Images_with_annotations_for_CNN_training/USNMPAL_793367_D3702_L_2024_02_02_15_49_54_Tennessee.ndpi,USNMPAL_793367_D3702_L_2024_02_02_15_49_54_Tennessee.ndpi.ndpa,df9f81058cd0d0bf94c320c18214fada357da9e94a1966f426e1bd430ba4dd47,42,41,Bipol,Bipol,Bisaccate,exact,YES,circle,,
USNMPAL_793367_D3702_L_2024_02_02_15_49_54_Tennessee::record_56,USNMPAL_793367_D3702_L_2024_02_02_15_49_54_Tennessee,/rhf/allocations/dsci435/smithsonian_full_sp26/raw/Images_with_annotations_for_CNN_training/USNMPAL_793367_D3702_L_2024_02_02_15_49_54_Tennessee.ndpi,USNMPAL_793367_D3702_L_2024_02_02_15_49_54_Tennessee.ndpi.ndpa,df9f81058cd0d0bf94c320c18214fada357da9e94a1966f426e1bd430ba4dd47,57,56,Taxodium sp.,Taxodium sp.,Taxodium sp.,exact,YES,circle,,
USNMPAL_793367_D3702_L_2024_02_02_15_49_54_Tennessee::record_58,USNMPAL_793367_D3702_L_2024_02_02_15_49_54_Tennessee,/rhf/allocations/dsci435/smithsonian_full_sp26/raw/Images_with_annotations_for_CNN_training/USNMPAL_793367_D3702_L_2024_02_02_15_49_54_Tennessee.ndpi,USNMPAL_793367_D3702_L_2024_02_02_15_49_54_Tennessee.ndpi.ndpa,df9f81058cd0d0bf94c320c18214fada357da9e94a1966f426e1bd430ba4dd47,59,58,Bipol,Bipol,Bisaccate,exact,YES,circle,,
USNMPAL_793367_D3702_L_2024_02_02_15_49_54_Tennessee::record_62,USNMPAL_793367_D3702_L_2024_02_02_15_49_54_Tennessee,/rhf/allocations/dsci435/smithsonian_full_sp26/raw/Images_with_annotations_for_CNN_training/USNMPAL_793367_D3702_L_2024_02_02_15_49_54_Tennessee.ndpi,USNMPAL_793367_D3702_L_2024_02_02_15_49_54_Tennessee.ndpi.ndpa,df9f81058cd0d0bf94c320c18214fada357da9e94a1966f426e1bd430ba4dd47,63,62,Bipol,Bipol,Bisaccate,exact,YES,circle,,
USNMPAL_793367_D3702_L_2024_02_02_15_49_54_Tennessee::record_65,USNMPAL_793367_D3702_L_2024_02_02_15_49_54_Tennessee,/rhf/allocations/dsci435/smithsonian_full_sp26/raw/Images_with_annotations_for_CNN_training/USNMPAL_793367_D3702_L_2024_02_02_15_49_54_Tennessee.ndpi,USNMPAL_793367_D3702_L_2024_02_02_15_49_54_Tennessee.ndpi.ndpa,df9f81058cd0d0bf94c320c18214fada357da9e94a1966f426e1bd430ba4dd47,66,65,Bipol,Bipol,Bisaccate,exact,YES,circle,,
USNMPAL_793367_D3702_L_2024_02_02_15_49_54_Tennessee::record_75,USNMPAL_793367_D3702_L_2024_02_02_15_49_54_Tennessee,/rhf/allocations/dsci435/smithsonian_full_sp26/raw/Images_with_annotations_for_CNN_training/USNMPAL_793367_D3702_L_2024_02_02_15_49_54_Tennessee.ndpi,USNMPAL_793367_D3702_L_2024_02_02_15_49_54_Tennessee.ndpi.ndpa,df9f81058cd0d0bf94c320c18214fada357da9e94a1966f426e1bd430ba4dd47,76,75,Bipol,Bipol,Bisaccate,exact,YES,circle,,
USNMPAL_793367_D3702_R_2024_02_05_12_01_01_Tennessee::record_28,USNMPAL_793367_D3702_R_2024_02_05_12_01_01_Tennessee,/rhf/allocations/dsci435/smithsonian_full_sp26/raw/Images_with_annotations_for_CNN_training/USNMPAL_793367_D3702_R_2024_02_05_12_01_01_Tennessee.ndpi,USNMPAL_793367_D3702_R_2024_02_05_12_01_01_Tennessee.ndpi.ndpa,47adc5ef84fe6f4e741f4a6d6f0b5dc222ded9ba66ee74736b794b8a78b4b6de,30,28,Betulaceae,Betulaceae,Betulaceae,exact,YES,circle,,
USNMPAL_793367_D3702_R_2024_02_05_12_01_01_Tennessee::record_29,USNMPAL_793367_D3702_R_2024_02_05_12_01_01_Tennessee,/rhf/allocations/dsci435/smithsonian_full_sp26/raw/Images_with_annotations_for_CNN_training/USNMPAL_793367_D3702_R_2024_02_05_12_01_01_Tennessee.ndpi,USNMPAL_793367_D3702_R_2024_02_05_12_01_01_Tennessee.ndpi.ndpa,47adc5ef84fe6f4e741f4a6d6f0b5dc222ded9ba66ee74736b794b8a78b4b6de,31,29,Taxodium sp.,Taxodium sp.,Taxodium sp.,exact,YES,circle,,
USNMPAL_793367_D3702_R_2024_02_05_12_01_01_Tennessee::record_33,USNMPAL_793367_D3702_R_2024_02_05_12_01_01_Tennessee,/rhf/allocations/dsci435/smithsonian_full_sp26/raw/Images_with_annotations_for_CNN_training/USNMPAL_793367_D3702_R_2024_02_05_12_01_01_Tennessee.ndpi,USNMPAL_793367_D3702_R_2024_02_05_12_01_01_Tennessee.ndpi.ndpa,47adc5ef84fe6f4e741f4a6d6f0b5dc222ded9ba66ee74736b794b8a78b4b6de,35,33,Betulaceae,Betulaceae,Betulaceae,exact,YES,circle,,
USNMPAL_793367_D3702_R_2024_02_05_12_01_01_Tennessee::record_38,USNMPAL_793367_D3702_R_2024_02_05_12_01_01_Tennessee,/rhf/allocations/dsci435/smithsonian_full_sp26/raw/Images_with_annotations_for_CNN_training/USNMPAL_793367_D3702_R_2024_02_05_12_01_01_Tennessee.ndpi,USNMPAL_793367_D3702_R_2024_02_05_12_01_01_Tennessee.ndpi.ndpa,47adc5ef84fe6f4e741f4a6d6f0b5dc222ded9ba66ee74736b794b8a78b4b6de,40,38,Arecipites sp.,Arecipites sp.,Arecipites sp.,exact,YES,circle,,
USNMPAL_793367_D3702_R_2024_02_05_12_01_01_Tennessee::record_43,USNMPAL_793367_D3702_R_2024_02_05_12_01_01_Tennessee,/rhf/allocations/dsci435/smithsonian_full_sp26/raw/Images_with_annotations_for_CNN_training/USNMPAL_793367_D3702_R_2024_02_05_12_01_01_Tennessee.ndpi,USNMPAL_793367_D3702_R_2024_02_05_12_01_01_Tennessee.ndpi.ndpa,47adc5ef84fe6f4e741f4a6d6f0b5dc222ded9ba66ee74736b794b8a78b4b6de,45,43,Bisaccate pollen,Bisaccate pollen,Bisaccate,exact,YES,circle,,
USNMPAL_793367_D3702_R_2024_02_05_12_01_01_Tennessee::record_44,USNMPAL_793367_D3702_R_2024_02_05_12_01_01_Tennessee,/rhf/allocations/dsci435/smithsonian_full_sp26/raw/Images_with_annotations_for_CNN_training/USNMPAL_793367_D3702_R_2024_02_05_12_01_01_Tennessee.ndpi,USNMPAL_793367_D3702_R_2024_02_05_12_01_01_Tennessee.ndpi.ndpa,47adc5ef84fe6f4e741f4a6d6f0b5dc222ded9ba66ee74736b794b8a78b4b6de,46,44,Pistillipollenites mcgregorii,Pistillipollenites mcgregorii,Pistillipollenites sp.,exact,YES,circle,,
USNMPAL_793367_D3702_R_2024_02_05_12_01_01_Tennessee::record_64,USNMPAL_793367_D3702_R_2024_02_05_12_01_01_Tennessee,/rhf/allocations/dsci435/smithsonian_full_sp26/raw/Images_with_annotations_for_CNN_training/USNMPAL_793367_D3702_R_2024_02_05_12_01_01_Tennessee.ndpi,USNMPAL_793367_D3702_R_2024_02_05_12_01_01_Tennessee.ndpi.ndpa,47adc5ef84fe6f4e741f4a6d6f0b5dc222ded9ba66ee74736b794b8a78b4b6de,66,64,Momipites,Momipites,Momipites sp,exact,YES,circle,,
USNMPAL_793367_D3702_R_2024_02_05_12_01_01_Tennessee::record_90,USNMPAL_793367_D3702_R_2024_02_05_12_01_01_Tennessee,/rhf/allocations/dsci435/smithsonian_full_sp26/raw/Images_with_annotations_for_CNN_training/USNMPAL_793367_D3702_R_2024_02_05_12_01_01_Tennessee.ndpi,USNMPAL_793367_D3702_R_2024_02_05_12_01_01_Tennessee.ndpi.ndpa,47adc5ef84fe6f4e741f4a6d6f0b5dc222ded9ba66ee74736b794b8a78b4b6de,92,90,Liliacidites sp.,Liliacidites sp.,Arecipites sp.,exact,YES,circle,,
USNMPAL_793367_D3702_R_2024_02_05_12_01_01_Tennessee::record_101,USNMPAL_793367_D3702_R_2024_02_05_12_01_01_Tennessee,/rhf/allocations/dsci435/smithsonian_full_sp26/raw/Images_with_annotations_for_CNN_training/USNMPAL_793367_D3702_R_2024_02_05_12_01_01_Tennessee.ndpi,USNMPAL_793367_D3702_R_2024_02_05_12_01_01_Tennessee.ndpi.ndpa,47adc5ef84fe6f4e741f4a6d6f0b5dc222ded9ba66ee74736b794b8a78b4b6de,103,101,Momipites,Momipites,Momipites sp,exact,YES,circle,,
USNMPAL_793367_D3702_R_2024_02_05_12_01_01_Tennessee::record_110,USNMPAL_793367_D3702_R_2024_02_05_12_01_01_Tennessee,/rhf/allocations/dsci435/smithsonian_full_sp26/raw/Images_with_annotations_for_CNN_training/USNMPAL_793367_D3702_R_2024_02_05_12_01_01_Tennessee.ndpi,USNMPAL_793367_D3702_R_2024_02_05_12_01_01_Tennessee.ndpi.ndpa,47adc5ef84fe6f4e741f4a6d6f0b5dc222ded9ba66ee74736b794b8a78b4b6de,112,110,Momipites ventifluminis,Momipites ventifluminis,Momipites ventifluminis,exact,YES,circle,,
USNMPAL_792852_D1667-A_L_2024_02_20_14_05_57_Kentucky::record_4,USNMPAL_792852_D1667-A_L_2024_02_20_14_05_57_Kentucky,/rhf/allocations/dsci435/smithsonian_full_sp26/raw/Images_with_annotations_for_CNN_training/USNMPAL_792852_D1667-A_L_2024_02_20_14_05_57_Kentucky.ndpi,USNMPAL_792852_D1667-A_L_2024_02_20_14_05_57_Kentucky.ndpi.ndpa,ab3222226c22f3438157642da4214b05033750b9ba07ff934c4047efab94a486,5,4,Alnipollenites verus,Alnipollenites verus,Alnipollenites verus,exact,YES,circle,,
USNMPAL_792852_D1667-A_L_2024_02_20_14_05_57_Kentucky::record_5,USNMPAL_792852_D1667-A_L_2024_02_20_14_05_57_Kentucky,/rhf/allocations/dsci435/smithsonian_full_sp26/raw/Images_with_annotations_for_CNN_training/USNMPAL_792852_D1667-A_L_2024_02_20_14_05_57_Kentucky.ndpi,USNMPAL_792852_D1667-A_L_2024_02_20_14_05_57_Kentucky.ndpi.ndpa,ab3222226c22f3438157642da4214b05033750b9ba07ff934c4047efab94a486,6,5,Betulaceae,Betulaceae,Betulaceae,exact,YES,circle,,
USNMPAL_792852_D1667-A_L_2024_02_20_14_05_57_Kentucky::record_6,USNMPAL_792852_D1667-A_L_2024_02_20_14_05_57_Kentucky,/rhf/allocations/dsci435/smithsonian_full_sp26/raw/Images_with_annotations_for_CNN_training/USNMPAL_792852_D1667-A_L_2024_02_20_14_05_57_Kentucky.ndpi,USNMPAL_792852_D1667-A_L_2024_02_20_14_05_57_Kentucky.ndpi.ndpa,ab3222226c22f3438157642da4214b05033750b9ba07ff934c4047efab94a486,7,6,Myrtaceidites parvus,Myrtaceidites parvus,Nudopollis sp.,exact,YES,circle,,
USNMPAL_792852_D1667-A_L_2024_02_20_14_05_57_Kentucky::record_9,USNMPAL_792852_D1667-A_L_2024_02_20_14_05_57_Kentucky,/rhf/allocations/dsci435/smithsonian_full_sp26/raw/Images_with_annotations_for_CNN_training/USNMPAL_792852_D1667-A_L_2024_02_20_14_05_57_Kentucky.ndpi,USNMPAL_792852_D1667-A_L_2024_02_20_14_05_57_Kentucky.ndpi.ndpa,ab3222226c22f3438157642da4214b05033750b9ba07ff934c4047efab94a486,10,9,Rhoipites sp.,Rhoipites sp.,Rhoipites sp.,exact,YES,circle,,
USNMPAL_792852_D1667-A_L_2024_02_20_14_05_57_Kentucky::record_10,USNMPAL_792852_D1667-A_L_2024_02_20_14_05_57_Kentucky,/rhf/allocations/dsci435/smithsonian_full_sp26/raw/Images_with_annotations_for_CNN_training/USNMPAL_792852_D1667-A_L_2024_02_20_14_05_57_Kentucky.ndpi,USNMPAL_792852_D1667-A_L_2024_02_20_14_05_57_Kentucky.ndpi.ndpa,ab3222226c22f3438157642da4214b05033750b9ba07ff934c4047efab94a486,11,10,Cupuliferoipollenites sp.,Cupuliferoipollenites sp.,Cupuliferoipollenites sp.,exact,YES,circle,,
USNMPAL_792852_D1667-A_L_2024_02_20_14_05_57_Kentucky::record_11,USNMPAL_792852_D1667-A_L_2024_02_20_14_05_57_Kentucky,/rhf/allocations/dsci435/smithsonian_full_sp26/raw/Images_with_annotations_for_CNN_training/USNMPAL_792852_D1667-A_L_2024_02_20_14_05_57_Kentucky.ndpi,USNMPAL_792852_D1667-A_L_2024_02_20_14_05_57_Kentucky.ndpi.ndpa,ab3222226c22f3438157642da4214b05033750b9ba07ff934c4047efab94a486,13,11,Rhoipites sp.,Rhoipites sp.,Rhoipites sp.,exact,YES,circle,,
USNMPAL_792852_D1667-A_L_2024_02_20_14_05_57_Kentucky::record_12,USNMPAL_792852_D1667-A_L_2024_02_20_14_05_57_Kentucky,/rhf/allocations/dsci435/smithsonian_full_sp26/raw/Images_with_annotations_for_CNN_training/USNMPAL_792852_D1667-A_L_2024_02_20_14_05_57_Kentucky.ndpi,USNMPAL_792852_D1667-A_L_2024_02_20_14_05_57_Kentucky.ndpi.ndpa,ab3222226c22f3438157642da4214b05033750b9ba07ff934c4047efab94a486,14,12,Horniella sp.,Horniella sp.,Rhoipites sp.,exact,YES,circle,,
USNMPAL_792852_D1667-A_L_2024_02_20_14_05_57_Kentucky::record_16,USNMPAL_792852_D1667-A_L_2024_02_20_14_05_57_Kentucky,/rhf/allocations/dsci435/smithsonian_full_sp26/raw/Images_with_annotations_for_CNN_training/USNMPAL_792852_D1667-A_L_2024_02_20_14_05_57_Kentucky.ndpi,USNMPAL_792852_D1667-A_L_2024_02_20_14_05_57_Kentucky.ndpi.ndpa,ab3222226c22f3438157642da4214b05033750b9ba07ff934c4047efab94a486,18,16,Quercus sp.,Quercus sp.,Quercus sp.,exact,YES,circle,,
USNMPAL_792852_D1667-A_L_2024_02_20_14_05_57_Kentucky::record_19,USNMPAL_792852_D1667-A_L_2024_02_20_14_05_57_Kentucky,/rhf/allocations/dsci435/smithsonian_full_sp26/raw/Images_with_annotations_for_CNN_training/USNMPAL_792852_D1667-A_L_2024_02_20_14_05_57_Kentucky.ndpi,USNMPAL_792852_D1667-A_L_2024_02_20_14_05_57_Kentucky.ndpi.ndpa,ab3222226c22f3438157642da4214b05033750b9ba07ff934c4047efab94a486,21,19,Tetracolporopollenites sp.,Tetracolporopollenites sp.,Tetracolporopollenites sp.,exact,YES,circle,,
USNMPAL_792852_D1667-A_L_2024_02_20_14_05_57_Kentucky::record_23,USNMPAL_792852_D1667-A_L_2024_02_20_14_05_57_Kentucky,/rhf/allocations/dsci435/smithsonian_full_sp26/raw/Images_with_annotations_for_CNN_training/USNMPAL_792852_D1667-A_L_2024_02_20_14_05_57_Kentucky.ndpi,USNMPAL_792852_D1667-A_L_2024_02_20_14_05_57_Kentucky.ndpi.ndpa,ab3222226c22f3438157642da4214b05033750b9ba07ff934c4047efab94a486,25,23,Ericipites sp.,Ericipites sp.,Ericipites sp.,exact,YES,circle,,"Ericipites?
"
USNMPAL_792852_D1667-A_L_2024_02_20_14_05_57_Kentucky::record_26,USNMPAL_792852_D1667-A_L_2024_02_20_14_05_57_Kentucky,/rhf/allocations/dsci435/smithsonian_full_sp26/raw/Images_with_annotations_for_CNN_training/USNMPAL_792852_D1667-A_L_2024_02_20_14_05_57_Kentucky.ndpi,USNMPAL_792852_D1667-A_L_2024_02_20_14_05_57_Kentucky.ndpi.ndpa,ab3222226c22f3438157642da4214b05033750b9ba07ff934c4047efab94a486,28,26,Cupuliferoipollenites sp.,Cupuliferoipollenites sp.,Cupuliferoipollenites sp.,exact,YES,circle,,
USNMPAL_792852_D1667-A_L_2024_02_20_14_05_57_Kentucky::record_29,USNMPAL_792852_D1667-A_L_2024_02_20_14_05_57_Kentucky,/rhf/allocations/dsci435/smithsonian_full_sp26/raw/Images_with_annotations_for_CNN_training/USNMPAL_792852_D1667-A_L_2024_02_20_14_05_57_Kentucky.ndpi,USNMPAL_792852_D1667-A_L_2024_02_20_14_05_57_Kentucky.ndpi.ndpa,ab3222226c22f3438157642da4214b05033750b9ba07ff934c4047efab94a486,31,29,Tetracolporopollenites sp.,Tetracolporopollenites sp.,Tetracolporopollenites sp.,exact,YES,circle,,
USNMPAL_792852_D1667-A_L_2024_02_20_14_05_57_Kentucky::record_41,USNMPAL_792852_D1667-A_L_2024_02_20_14_05_57_Kentucky,/rhf/allocations/dsci435/smithsonian_full_sp26/raw/Images_with_annotations_for_CNN_training/USNMPAL_792852_D1667-A_L_2024_02_20_14_05_57_Kentucky.ndpi,USNMPAL_792852_D1667-A_L_2024_02_20_14_05_57_Kentucky.ndpi.ndpa,ab3222226c22f3438157642da4214b05033750b9ba07ff934c4047efab94a486,43,41,Momipites wyomingensis,Momipites wyomingensis,Momipites wyomingensis,exact,YES,circle,,
USNMPAL_792852_D1667-A_L_2024_02_20_14_05_57_Kentucky::record_53,USNMPAL_792852_D1667-A_L_2024_02_20_14_05_57_Kentucky,/rhf/allocations/dsci435/smithsonian_full_sp26/raw/Images_with_annotations_for_CNN_training/USNMPAL_792852_D1667-A_L_2024_02_20_14_05_57_Kentucky.ndpi,USNMPAL_792852_D1667-A_L_2024_02_20_14_05_57_Kentucky.ndpi.ndpa,ab3222226c22f3438157642da4214b05033750b9ba07ff934c4047efab94a486,55,53,Betulaceae,Betulaceae,Betulaceae,exact,YES,circle,,
USNMPAL_792852_D1667-A_L_2024_02_20_14_05_57_Kentucky::record_61,USNMPAL_792852_D1667-A_L_2024_02_20_14_05_57_Kentucky,/rhf/allocations/dsci435/smithsonian_full_sp26/raw/Images_with_annotations_for_CNN_training/USNMPAL_792852_D1667-A_L_2024_02_20_14_05_57_Kentucky.ndpi,USNMPAL_792852_D1667-A_L_2024_02_20_14_05_57_Kentucky.ndpi.ndpa,ab3222226c22f3438157642da4214b05033750b9ba07ff934c4047efab94a486,63,61,Ericipites sp.,Ericipites sp.,Ericipites sp.,exact,YES,circle,,
USNMPAL_792852_D1667-A_L_2024_02_20_14_05_57_Kentucky::record_72,USNMPAL_792852_D1667-A_L_2024_02_20_14_05_57_Kentucky,/rhf/allocations/dsci435/smithsonian_full_sp26/raw/Images_with_annotations_for_CNN_training/USNMPAL_792852_D1667-A_L_2024_02_20_14_05_57_Kentucky.ndpi,USNMPAL_792852_D1667-A_L_2024_02_20_14_05_57_Kentucky.ndpi.ndpa,ab3222226c22f3438157642da4214b05033750b9ba07ff934c4047efab94a486,74,72,Momipites wyomingensis,Momipites wyomingensis,Momipites wyomingensis,exact,YES,circle,,
USNMPAL_792852_D1667-A_L_2024_02_20_14_05_57_Kentucky::record_76,USNMPAL_792852_D1667-A_L_2024_02_20_14_05_57_Kentucky,/rhf/allocations/dsci435/smithsonian_full_sp26/raw/Images_with_annotations_for_CNN_training/USNMPAL_792852_D1667-A_L_2024_02_20_14_05_57_Kentucky.ndpi,USNMPAL_792852_D1667-A_L_2024_02_20_14_05_57_Kentucky.ndpi.ndpa,ab3222226c22f3438157642da4214b05033750b9ba07ff934c4047efab94a486,78,76,Monocolpites sp.,Monocolpites sp.,Monocolpites sp.,exact,YES,circle,,
USNMPAL_792852_D1667-A_L_2024_02_20_14_05_57_Kentucky::record_77,USNMPAL_792852_D1667-A_L_2024_02_20_14_05_57_Kentucky,/rhf/allocations/dsci435/smithsonian_full_sp26/raw/Images_with_annotations_for_CNN_training/USNMPAL_792852_D1667-A_L_2024_02_20_14_05_57_Kentucky.ndpi,USNMPAL_792852_D1667-A_L_2024_02_20_14_05_57_Kentucky.ndpi.ndpa,ab3222226c22f3438157642da4214b05033750b9ba07ff934c4047efab94a486,79,77,Tetracolporopollenites sp.,Tetracolporopollenites sp.,Tetracolporopollenites sp.,exact,YES,circle,,
USNMPAL_792852_D1667-A_L_2024_02_20_14_05_57_Kentucky::record_79,USNMPAL_792852_D1667-A_L_2024_02_20_14_05_57_Kentucky,/rhf/allocations/dsci435/smithsonian_full_sp26/raw/Images_with_annotations_for_CNN_training/USNMPAL_792852_D1667-A_L_2024_02_20_14_05_57_Kentucky.ndpi,USNMPAL_792852_D1667-A_L_2024_02_20_14_05_57_Kentucky.ndpi.ndpa,ab3222226c22f3438157642da4214b05033750b9ba07ff934c4047efab94a486,81,79,Arecipites sp.,Arecipites sp.,Arecipites sp.,exact,YES,circle,,
USNMPAL_792852_D1667-A_L_2024_02_20_14_05_57_Kentucky::record_82,USNMPAL_792852_D1667-A_L_2024_02_20_14_05_57_Kentucky,/rhf/allocations/dsci435/smithsonian_full_sp26/raw/Images_with_annotations_for_CNN_training/USNMPAL_792852_D1667-A_L_2024_02_20_14_05_57_Kentucky.ndpi,USNMPAL_792852_D1667-A_L_2024_02_20_14_05_57_Kentucky.ndpi.ndpa,ab3222226c22f3438157642da4214b05033750b9ba07ff934c4047efab94a486,84,82,Betulaceae,Betulaceae,Betulaceae,exact,YES,circle,,
USNMPAL_792852_D1667-A_L_2024_02_20_14_05_57_Kentucky::record_83,USNMPAL_792852_D1667-A_L_2024_02_20_14_05_57_Kentucky,/rhf/allocations/dsci435/smithsonian_full_sp26/raw/Images_with_annotations_for_CNN_training/USNMPAL_792852_D1667-A_L_2024_02_20_14_05_57_Kentucky.ndpi,USNMPAL_792852_D1667-A_L_2024_02_20_14_05_57_Kentucky.ndpi.ndpa,ab3222226c22f3438157642da4214b05033750b9ba07ff934c4047efab94a486,85,83,Momipites wyomingensis,Momipites wyomingensis,Momipites wyomingensis,exact,YES,circle,,
USNMPAL_792852_D1667-A_L_2024_02_20_14_05_57_Kentucky::record_86,USNMPAL_792852_D1667-A_L_2024_02_20_14_05_57_Kentucky,/rhf/allocations/dsci435/smithsonian_full_sp26/raw/Images_with_annotations_for_CNN_training/USNMPAL_792852_D1667-A_L_2024_02_20_14_05_57_Kentucky.ndpi,USNMPAL_792852_D1667-A_L_2024_02_20_14_05_57_Kentucky.ndpi.ndpa,ab3222226c22f3438157642da4214b05033750b9ba07ff934c4047efab94a486,88,86,Momipites wyomingensis,Momipites wyomingensis,Momipites wyomingensis,exact,YES,circle,,
USNMPAL_792852_D1667-A_L_2024_02_20_14_05_57_Kentucky::record_91,USNMPAL_792852_D1667-A_L_2024_02_20_14_05_57_Kentucky,/rhf/allocations/dsci435/smithsonian_full_sp26/raw/Images_with_annotations_for_CNN_training/USNMPAL_792852_D1667-A_L_2024_02_20_14_05_57_Kentucky.ndpi,USNMPAL_792852_D1667-A_L_2024_02_20_14_05_57_Kentucky.ndpi.ndpa,ab3222226c22f3438157642da4214b05033750b9ba07ff934c4047efab94a486,93,91,Cupuliferoipollenites sp.,Cupuliferoipollenites sp.,Cupuliferoipollenites sp.,exact,YES,circle,,
USNMPAL_792852_D1667-A_L_2024_02_20_14_05_57_Kentucky::record_96,USNMPAL_792852_D1667-A_L_2024_02_20_14_05_57_Kentucky,/rhf/allocations/dsci435/smithsonian_full_sp26/raw/Images_with_annotations_for_CNN_training/USNMPAL_792852_D1667-A_L_2024_02_20_14_05_57_Kentucky.ndpi,USNMPAL_792852_D1667-A_L_2024_02_20_14_05_57_Kentucky.ndpi.ndpa,ab3222226c22f3438157642da4214b05033750b9ba07ff934c4047efab94a486,98,96,Arecipites sp.,Arecipites sp.,Arecipites sp.,exact,YES,circle,,
USNMPAL_792852_D1667-A_L_2024_02_20_14_05_57_Kentucky::record_103,USNMPAL_792852_D1667-A_L_2024_02_20_14_05_57_Kentucky,/rhf/allocations/dsci435/smithsonian_full_sp26/raw/Images_with_annotations_for_CNN_training/USNMPAL_792852_D1667-A_L_2024_02_20_14_05_57_Kentucky.ndpi,USNMPAL_792852_D1667-A_L_2024_02_20_14_05_57_Kentucky.ndpi.ndpa,ab3222226c22f3438157642da4214b05033750b9ba07ff934c4047efab94a486,105,103,Tetracolporites sp.,Tetracolporites sp.,Tetracolporopollenites sp.,exact,YES,circle,,
USNMPAL_792852_D1667-A_L_2024_02_20_14_05_57_Kentucky::record_104,USNMPAL_792852_D1667-A_L_2024_02_20_14_05_57_Kentucky,/rhf/allocations/dsci435/smithsonian_full_sp26/raw/Images_with_annotations_for_CNN_training/USNMPAL_792852_D1667-A_L_2024_02_20_14_05_57_Kentucky.ndpi,USNMPAL_792852_D1667-A_L_2024_02_20_14_05_57_Kentucky.ndpi.ndpa,ab3222226c22f3438157642da4214b05033750b9ba07ff934c4047efab94a486,106,104,Tetracolporopollenites sp.,Tetracolporopollenites sp.,Tetracolporopollenites sp.,exact,YES,circle,,
USNMPAL_792852_D1667-A_L_2024_02_20_14_05_57_Kentucky::record_105,USNMPAL_792852_D1667-A_L_2024_02_20_14_05_57_Kentucky,/rhf/allocations/dsci435/smithsonian_full_sp26/raw/Images_with_annotations_for_CNN_training/USNMPAL_792852_D1667-A_L_2024_02_20_14_05_57_Kentucky.ndpi,USNMPAL_792852_D1667-A_L_2024_02_20_14_05_57_Kentucky.ndpi.ndpa,ab3222226c22f3438157642da4214b05033750b9ba07ff934c4047efab94a486,107,105,Tetracolporopollenites sp.,Tetracolporopollenites sp.,Tetracolporopollenites sp.,exact,YES,circle,,
USNMPAL_792852_D1667-A_L_2024_02_20_14_05_57_Kentucky::record_106,USNMPAL_792852_D1667-A_L_2024_02_20_14_05_57_Kentucky,/rhf/allocations/dsci435/smithsonian_full_sp26/raw/Images_with_annotations_for_CNN_training/USNMPAL_792852_D1667-A_L_2024_02_20_14_05_57_Kentucky.ndpi,USNMPAL_792852_D1667-A_L_2024_02_20_14_05_57_Kentucky.ndpi.ndpa,ab3222226c22f3438157642da4214b05033750b9ba07ff934c4047efab94a486,108,106,Tetracolporopollenites sp.,Tetracolporopollenites sp.,Tetracolporopollenites sp.,exact,YES,circle,,
USNMPAL_792852_D1667-A_L_2024_02_20_14_05_57_Kentucky::record_107,USNMPAL_792852_D1667-A_L_2024_02_20_14_05_57_Kentucky,/rhf/allocations/dsci435/smithsonian_full_sp26/raw/Images_with_annotations_for_CNN_training/USNMPAL_792852_D1667-A_L_2024_02_20_14_05_57_Kentucky.ndpi,USNMPAL_792852_D1667-A_L_2024_02_20_14_05_57_Kentucky.ndpi.ndpa,ab3222226c22f3438157642da4214b05033750b9ba07ff934c4047efab94a486,109,107,Tetracolporopollenites sp.,Tetracolporopollenites sp.,Tetracolporopollenites sp.,exact,YES,circle,,
USNMPAL_792852_D1667-A_L_2024_02_20_14_05_57_Kentucky::record_108,USNMPAL_792852_D1667-A_L_2024_02_20_14_05_57_Kentucky,/rhf/allocations/dsci435/smithsonian_full_sp26/raw/Images_with_annotations_for_CNN_training/USNMPAL_792852_D1667-A_L_2024_02_20_14_05_57_Kentucky.ndpi,USNMPAL_792852_D1667-A_L_2024_02_20_14_05_57_Kentucky.ndpi.ndpa,ab3222226c22f3438157642da4214b05033750b9ba07ff934c4047efab94a486,110,108,Tetracolporopollenites sp.,Tetracolporopollenites sp.,Tetracolporopollenites sp.,exact,YES,circle,,
USNMPAL_792852_D1667-A_L_2024_02_20_14_05_57_Kentucky::record_109,USNMPAL_792852_D1667-A_L_2024_02_20_14_05_57_Kentucky,/rhf/allocations/dsci435/smithsonian_full_sp26/raw/Images_with_annotations_for_CNN_training/USNMPAL_792852_D1667-A_L_2024_02_20_14_05_57_Kentucky.ndpi,USNMPAL_792852_D1667-A_L_2024_02_20_14_05_57_Kentucky.ndpi.ndpa,ab3222226c22f3438157642da4214b05033750b9ba07ff934c4047efab94a486,111,109,Tetracolporopollenites sp.,Tetracolporopollenites sp.,Tetracolporopollenites sp.,exact,YES,circle,,
USNMPAL_792852_D1667-A_L_2024_02_20_14_05_57_Kentucky::record_110,USNMPAL_792852_D1667-A_L_2024_02_20_14_05_57_Kentucky,/rhf/allocations/dsci435/smithsonian_full_sp26/raw/Images_with_annotations_for_CNN_training/USNMPAL_792852_D1667-A_L_2024_02_20_14_05_57_Kentucky.ndpi,USNMPAL_792852_D1667-A_L_2024_02_20_14_05_57_Kentucky.ndpi.ndpa,ab3222226c22f3438157642da4214b05033750b9ba07ff934c4047efab94a486,112,110,Tetracolporopollenites sp.,Tetracolporopollenites sp.,Tetracolporopollenites sp.,exact,YES,circle,,
USNMPAL_792852_D1667-A_L_2024_02_20_14_05_57_Kentucky::record_111,USNMPAL_792852_D1667-A_L_2024_02_20_14_05_57_Kentucky,/rhf/allocations/dsci435/smithsonian_full_sp26/raw/Images_with_annotations_for_CNN_training/USNMPAL_792852_D1667-A_L_2024_02_20_14_05_57_Kentucky.ndpi,USNMPAL_792852_D1667-A_L_2024_02_20_14_05_57_Kentucky.ndpi.ndpa,ab3222226c22f3438157642da4214b05033750b9ba07ff934c4047efab94a486,113,111,Illexpollenites sp.,Illexpollenites sp.,Illexpollenites sp.,exact,YES,circle,,
USNMPAL_792852_D1667-A_L_2024_02_20_14_05_57_Kentucky::record_112,USNMPAL_792852_D1667-A_L_2024_02_20_14_05_57_Kentucky,/rhf/allocations/dsci435/smithsonian_full_sp26/raw/Images_with_annotations_for_CNN_training/USNMPAL_792852_D1667-A_L_2024_02_20_14_05_57_Kentucky.ndpi,USNMPAL_792852_D1667-A_L_2024_02_20_14_05_57_Kentucky.ndpi.ndpa,ab3222226c22f3438157642da4214b05033750b9ba07ff934c4047efab94a486,114,112,Tetracolporopollenites sp.,Tetracolporopollenites sp.,Tetracolporopollenites sp.,exact,YES,circle,,
USNMPAL_792852_D1667-A_L_2024_02_20_14_05_57_Kentucky::record_113,USNMPAL_792852_D1667-A_L_2024_02_20_14_05_57_Kentucky,/rhf/allocations/dsci435/smithsonian_full_sp26/raw/Images_with_annotations_for_CNN_training/USNMPAL_792852_D1667-A_L_2024_02_20_14_05_57_Kentucky.ndpi,USNMPAL_792852_D1667-A_L_2024_02_20_14_05_57_Kentucky.ndpi.ndpa,ab3222226c22f3438157642da4214b05033750b9ba07ff934c4047efab94a486,115,113,Tetracolporopollenites sp.,Tetracolporopollenites sp.,Tetracolporopollenites sp.,exact,YES,circle,,
USNMPAL_792852_D1667-A_L_2024_02_20_14_05_57_Kentucky::record_114,USNMPAL_792852_D1667-A_L_2024_02_20_14_05_57_Kentucky,/rhf/allocations/dsci435/smithsonian_full_sp26/raw/Images_with_annotations_for_CNN_training/USNMPAL_792852_D1667-A_L_2024_02_20_14_05_57_Kentucky.ndpi,USNMPAL_792852_D1667-A_L_2024_02_20_14_05_57_Kentucky.ndpi.ndpa,ab3222226c22f3438157642da4214b05033750b9ba07ff934c4047efab94a486,116,114,Tetracolporites sp.,Tetracolporites sp.,Tetracolporopollenites sp.,exact,YES,circle,,
USNMPAL_792852_D1667-A_L_2024_02_20_14_05_57_Kentucky::record_115,USNMPAL_792852_D1667-A_L_2024_02_20_14_05_57_Kentucky,/rhf/allocations/dsci435/smithsonian_full_sp26/raw/Images_with_annotations_for_CNN_training/USNMPAL_792852_D1667-A_L_2024_02_20_14_05_57_Kentucky.ndpi,USNMPAL_792852_D1667-A_L_2024_02_20_14_05_57_Kentucky.ndpi.ndpa,ab3222226c22f3438157642da4214b05033750b9ba07ff934c4047efab94a486,117,115,Tetracolporopollenites sp.,Tetracolporopollenites sp.,Tetracolporopollenites sp.,exact,YES,circle,,
USNMPAL_792930_D1825_L_2023_11_07_13_36_14_image1_Kentucky::record_8,USNMPAL_792930_D1825_L_2023_11_07_13_36_14_image1_Kentucky,/rhf/allocations/dsci435/smithsonian_full_sp26/raw/Images_with_annotations_for_CNN_training/USNMPAL_792930_D1825_L_2023_11_07_13_36_14_image1_Kentucky.ndpi,USNMPAL_792930_D1825_L_2023_11_07_13_36_14_image1_Kentucky.ndpi.ndpa,37f2b6a0e22d0891e09d84e46d656d46d361d0f57a945cbbaa7c46b916fc6d23,9,8,Momipites,Momipites,Momipites sp,exact,YES,circle,,
USNMPAL_792930_D1825_L_2023_11_07_13_36_14_image1_Kentucky::record_78,USNMPAL_792930_D1825_L_2023_11_07_13_36_14_image1_Kentucky,/rhf/allocations/dsci435/smithsonian_full_sp26/raw/Images_with_annotations_for_CNN_training/USNMPAL_792930_D1825_L_2023_11_07_13_36_14_image1_Kentucky.ndpi,USNMPAL_792930_D1825_L_2023_11_07_13_36_14_image1_Kentucky.ndpi.ndpa,37f2b6a0e22d0891e09d84e46d656d46d361d0f57a945cbbaa7c46b916fc6d23,79,78,Momipites,Momipites,Momipites sp,exact,YES,circle,,
