slide,annotation_file,original_title,mapped_category,priority,shape,count
C_418058_W_Nassichuk_L_2025_01_14_20_55_37,/rhf/allocations/dsci435/smithsonian_full_sp26/raw/C_418058_W_Nassichuk_L_2025_01_14_20_55_37.ndpi.ndpa,,,UNTITLED,freehand,2
C_418058_W_Nassichuk_L_2025_01_14_20_55_37,/rhf/allocations/dsci435/smithsonian_full_sp26/raw/C_418058_W_Nassichuk_L_2025_01_14_20_55_37.ndpi.ndpa,Aesculiidites cf. circumstriatus,,UNMAPPED,circle,4
C_418058_W_Nassichuk_L_2025_01_14_20_55_37,/rhf/allocations/dsci435/smithsonian_full_sp26/raw/C_418058_W_Nassichuk_L_2025_01_14_20_55_37.ndpi.ndpa,Ailanthipites berryi,,UNMAPPED,circle,2
C_418058_W_Nassichuk_L_2025_01_14_20_55_37,/rhf/allocations/dsci435/smithsonian_full_sp26/raw/C_418058_W_Nassichuk_L_2025_01_14_20_55_37.ndpi.ndpa,Ailanthipites cf. berryi,,UNMAPPED,circle,3
C_418058_W_Nassichuk_L_2025_01_14_20_55_37,/rhf/allocations/dsci435/smithsonian_full_sp26/raw/C_418058_W_Nassichuk_L_2025_01_14_20_55_37.ndpi.ndpa,Ailanthipites marginatus,,UNMAPPED,circle,5
C_418058_W_Nassichuk_L_2025_01_14_20_55_37,/rhf/allocations/dsci435/smithsonian_full_sp26/raw/C_418058_W_Nassichuk_L_2025_01_14_20_55_37.ndpi.ndpa,Ailanthipites sp.,,UNMAPPED,circle,2
C_418058_W_Nassichuk_L_2025_01_14_20_55_37,/rhf/allocations/dsci435/smithsonian_full_sp26/raw/C_418058_W_Nassichuk_L_2025_01_14_20_55_37.ndpi.ndpa,Alnipollenites sp.,Alnipollenites verus,YES,circle,1
C_418058_W_Nassichuk_L_2025_01_14_20_55_37,/rhf/allocations/dsci435/smithsonian_full_sp26/raw/C_418058_W_Nassichuk_L_2025_01_14_20_55_37.ndpi.ndpa,Arecipites sp,,UNMAPPED,circle,1
C_418058_W_Nassichuk_L_2025_01_14_20_55_37,/rhf/allocations/dsci435/smithsonian_full_sp26/raw/C_418058_W_Nassichuk_L_2025_01_14_20_55_37.ndpi.ndpa,Bombacacidites,,UNMAPPED,circle,2
C_418058_W_Nassichuk_L_2025_01_14_20_55_37,/rhf/allocations/dsci435/smithsonian_full_sp26/raw/C_418058_W_Nassichuk_L_2025_01_14_20_55_37.ndpi.ndpa,Bombacoideae type,,UNMAPPED,circle,1
C_418058_W_Nassichuk_L_2025_01_14_20_55_37,/rhf/allocations/dsci435/smithsonian_full_sp26/raw/C_418058_W_Nassichuk_L_2025_01_14_20_55_37.ndpi.ndpa,Carya spp.,,UNMAPPED,circle,1
C_418058_W_Nassichuk_L_2025_01_14_20_55_37,/rhf/allocations/dsci435/smithsonian_full_sp26/raw/C_418058_W_Nassichuk_L_2025_01_14_20_55_37.ndpi.ndpa,Castanea,,UNMAPPED,circle,26
C_418058_W_Nassichuk_L_2025_01_14_20_55_37,/rhf/allocations/dsci435/smithsonian_full_sp26/raw/C_418058_W_Nassichuk_L_2025_01_14_20_55_37.ndpi.ndpa,Castanea small,,UNMAPPED,circle,24
C_418058_W_Nassichuk_L_2025_01_14_20_55_37,/rhf/allocations/dsci435/smithsonian_full_sp26/raw/C_418058_W_Nassichuk_L_2025_01_14_20_55_37.ndpi.ndpa,Cf. Engelhardtioidites tenupolus,,UNMAPPED,circle,1
C_418058_W_Nassichuk_L_2025_01_14_20_55_37,/rhf/allocations/dsci435/smithsonian_full_sp26/raw/C_418058_W_Nassichuk_L_2025_01_14_20_55_37.ndpi.ndpa,Cf. Milfordia minima or Cf. Thomsonipollis,,UNMAPPED,circle,1
C_418058_W_Nassichuk_L_2025_01_14_20_55_37,/rhf/allocations/dsci435/smithsonian_full_sp26/raw/C_418058_W_Nassichuk_L_2025_01_14_20_55_37.ndpi.ndpa,Cf. Platycarya,,UNMAPPED,circle,1
C_418058_W_Nassichuk_L_2025_01_14_20_55_37,/rhf/allocations/dsci435/smithsonian_full_sp26/raw/C_418058_W_Nassichuk_L_2025_01_14_20_55_37.ndpi.ndpa,Cicadopites sp.,,UNMAPPED,circle,1
C_418058_W_Nassichuk_L_2025_01_14_20_55_37,/rhf/allocations/dsci435/smithsonian_full_sp26/raw/C_418058_W_Nassichuk_L_2025_01_14_20_55_37.ndpi.ndpa,Cupressaceae,,UNMAPPED,circle,29
C_418058_W_Nassichuk_L_2025_01_14_20_55_37,/rhf/allocations/dsci435/smithsonian_full_sp26/raw/C_418058_W_Nassichuk_L_2025_01_14_20_55_37.ndpi.ndpa,Cupuliferoipollenite,,UNMAPPED,circle,2
C_418058_W_Nassichuk_L_2025_01_14_20_55_37,/rhf/allocations/dsci435/smithsonian_full_sp26/raw/C_418058_W_Nassichuk_L_2025_01_14_20_55_37.ndpi.ndpa,Cupuliferoipollenites,,UNMAPPED,circle,3
C_418058_W_Nassichuk_L_2025_01_14_20_55_37,/rhf/allocations/dsci435/smithsonian_full_sp26/raw/C_418058_W_Nassichuk_L_2025_01_14_20_55_37.ndpi.ndpa,Cupuliferoipollenites sp.,Cupuliferoipollenites sp.,YES,circle,7
C_418058_W_Nassichuk_L_2025_01_14_20_55_37,/rhf/allocations/dsci435/smithsonian_full_sp26/raw/C_418058_W_Nassichuk_L_2025_01_14_20_55_37.ndpi.ndpa,Cupuliferoipollenites spp.,,UNMAPPED,circle,17
C_418058_W_Nassichuk_L_2025_01_14_20_55_37,/rhf/allocations/dsci435/smithsonian_full_sp26/raw/C_418058_W_Nassichuk_L_2025_01_14_20_55_37.ndpi.ndpa,Deltoidospora sp.,Psilatriletes sp.,YES,circle,1
C_418058_W_Nassichuk_L_2025_01_14_20_55_37,/rhf/allocations/dsci435/smithsonian_full_sp26/raw/C_418058_W_Nassichuk_L_2025_01_14_20_55_37.ndpi.ndpa,Glyptostrobus,,UNMAPPED,circle,2
C_418058_W_Nassichuk_L_2025_01_14_20_55_37,/rhf/allocations/dsci435/smithsonian_full_sp26/raw/C_418058_W_Nassichuk_L_2025_01_14_20_55_37.ndpi.ndpa,Glyptostrobus sp.,,UNMAPPED,circle,1
C_418058_W_Nassichuk_L_2025_01_14_20_55_37,/rhf/allocations/dsci435/smithsonian_full_sp26/raw/C_418058_W_Nassichuk_L_2025_01_14_20_55_37.ndpi.ndpa,Inaperturate pollen - aff. Taxodium and Glyptostrobus,,UNMAPPED,circle,4
C_418058_W_Nassichuk_L_2025_01_14_20_55_37,/rhf/allocations/dsci435/smithsonian_full_sp26/raw/C_418058_W_Nassichuk_L_2025_01_14_20_55_37.ndpi.ndpa,Inaperturopollenites sp.,Inaperturopollenites sp.,YES,circle,9
C_418058_W_Nassichuk_L_2025_01_14_20_55_37,/rhf/allocations/dsci435/smithsonian_full_sp26/raw/C_418058_W_Nassichuk_L_2025_01_14_20_55_37.ndpi.ndpa,Indet,,UNMAPPED,circle,38
C_418058_W_Nassichuk_L_2025_01_14_20_55_37,/rhf/allocations/dsci435/smithsonian_full_sp26/raw/C_418058_W_Nassichuk_L_2025_01_14_20_55_37.ndpi.ndpa,Momipites microfaveolatus- Alfaroa,,UNMAPPED,circle,1
C_418058_W_Nassichuk_L_2025_01_14_20_55_37,/rhf/allocations/dsci435/smithsonian_full_sp26/raw/C_418058_W_Nassichuk_L_2025_01_14_20_55_37.ndpi.ndpa,Monosulcites,Monocolpites sp.,YES,circle,1
C_418058_W_Nassichuk_L_2025_01_14_20_55_37,/rhf/allocations/dsci435/smithsonian_full_sp26/raw/C_418058_W_Nassichuk_L_2025_01_14_20_55_37.ndpi.ndpa,Pinus,,UNMAPPED,circle,1
C_418058_W_Nassichuk_L_2025_01_14_20_55_37,/rhf/allocations/dsci435/smithsonian_full_sp26/raw/C_418058_W_Nassichuk_L_2025_01_14_20_55_37.ndpi.ndpa,Quercus,,UNMAPPED,circle,10
C_418058_W_Nassichuk_L_2025_01_14_20_55_37,/rhf/allocations/dsci435/smithsonian_full_sp26/raw/C_418058_W_Nassichuk_L_2025_01_14_20_55_37.ndpi.ndpa,Quercus sp.,Quercus sp.,YES,circle,8
C_418058_W_Nassichuk_L_2025_01_14_20_55_37,/rhf/allocations/dsci435/smithsonian_full_sp26/raw/C_418058_W_Nassichuk_L_2025_01_14_20_55_37.ndpi.ndpa,Ramonda,,UNMAPPED,circle,5
C_418058_W_Nassichuk_L_2025_01_14_20_55_37,/rhf/allocations/dsci435/smithsonian_full_sp26/raw/C_418058_W_Nassichuk_L_2025_01_14_20_55_37.ndpi.ndpa,Rhoipites sp,,UNMAPPED,circle,1
C_418058_W_Nassichuk_L_2025_01_14_20_55_37,/rhf/allocations/dsci435/smithsonian_full_sp26/raw/C_418058_W_Nassichuk_L_2025_01_14_20_55_37.ndpi.ndpa,Rhoipites sp.,Rhoipites sp.,YES,circle,21
C_418058_W_Nassichuk_L_2025_01_14_20_55_37,/rhf/allocations/dsci435/smithsonian_full_sp26/raw/C_418058_W_Nassichuk_L_2025_01_14_20_55_37.ndpi.ndpa,Rkoipites sp.,,UNMAPPED,circle,1
C_418058_W_Nassichuk_L_2025_01_14_20_55_37,/rhf/allocations/dsci435/smithsonian_full_sp26/raw/C_418058_W_Nassichuk_L_2025_01_14_20_55_37.ndpi.ndpa,Siltaria cf. hanleyi,,UNMAPPED,circle,7
C_418058_W_Nassichuk_L_2025_01_14_20_55_37,/rhf/allocations/dsci435/smithsonian_full_sp26/raw/C_418058_W_Nassichuk_L_2025_01_14_20_55_37.ndpi.ndpa,Siltaria hanleyi,,UNMAPPED,circle,1
C_418058_W_Nassichuk_L_2025_01_14_20_55_37,/rhf/allocations/dsci435/smithsonian_full_sp26/raw/C_418058_W_Nassichuk_L_2025_01_14_20_55_37.ndpi.ndpa,Siltaria sp.,Rhoipites sp.,YES,circle,8
C_418058_W_Nassichuk_L_2025_01_14_20_55_37,/rhf/allocations/dsci435/smithsonian_full_sp26/raw/C_418058_W_Nassichuk_L_2025_01_14_20_55_37.ndpi.ndpa,Taxodium sp.,Taxodium sp.,YES,circle,1
C_418058_W_Nassichuk_L_2025_01_14_20_55_37,/rhf/allocations/dsci435/smithsonian_full_sp26/raw/C_418058_W_Nassichuk_L_2025_01_14_20_55_37.ndpi.ndpa,Tricolpites sp.,Tricolpites sp.,MAYBE,circle,1
C_418058_W_Nassichuk_L_2025_01_14_20_55_37,/rhf/allocations/dsci435/smithsonian_full_sp26/raw/C_418058_W_Nassichuk_L_2025_01_14_20_55_37.ndpi.ndpa,Tricolpopollenites microhenrici,,UNMAPPED,circle,1
C_418058_W_Nassichuk_L_2025_01_14_20_55_37,/rhf/allocations/dsci435/smithsonian_full_sp26/raw/C_418058_W_Nassichuk_L_2025_01_14_20_55_37.ndpi.ndpa,Tricolporate E,,UNMAPPED,circle,1
C_418058_W_Nassichuk_L_2025_01_14_20_55_37,/rhf/allocations/dsci435/smithsonian_full_sp26/raw/C_418058_W_Nassichuk_L_2025_01_14_20_55_37.ndpi.ndpa,Tricolporate H,,UNMAPPED,circle,8
C_418058_W_Nassichuk_L_2025_01_14_20_55_37,/rhf/allocations/dsci435/smithsonian_full_sp26/raw/C_418058_W_Nassichuk_L_2025_01_14_20_55_37.ndpi.ndpa,Tricolporate I,,UNMAPPED,circle,1
C_418058_W_Nassichuk_L_2025_01_14_20_55_37,/rhf/allocations/dsci435/smithsonian_full_sp26/raw/C_418058_W_Nassichuk_L_2025_01_14_20_55_37.ndpi.ndpa,Tricolporate K,,UNMAPPED,circle,6
C_418058_W_Nassichuk_L_2025_01_14_20_55_37,/rhf/allocations/dsci435/smithsonian_full_sp26/raw/C_418058_W_Nassichuk_L_2025_01_14_20_55_37.ndpi.ndpa,Tricolporate N,,UNMAPPED,circle,4
C_418058_W_Nassichuk_L_2025_01_14_20_55_37,/rhf/allocations/dsci435/smithsonian_full_sp26/raw/C_418058_W_Nassichuk_L_2025_01_14_20_55_37.ndpi.ndpa,Tricolporate P,,UNMAPPED,circle,7
C_418058_W_Nassichuk_L_2025_01_14_20_55_37,/rhf/allocations/dsci435/smithsonian_full_sp26/raw/C_418058_W_Nassichuk_L_2025_01_14_20_55_37.ndpi.ndpa,Tricolporate U,,UNMAPPED,circle,10
C_418058_W_Nassichuk_L_2025_01_14_20_55_37,/rhf/allocations/dsci435/smithsonian_full_sp26/raw/C_418058_W_Nassichuk_L_2025_01_14_20_55_37.ndpi.ndpa,Tricolporate sp.,,UNMAPPED,circle,1
C_418058_W_Nassichuk_L_2025_01_14_20_55_37,/rhf/allocations/dsci435/smithsonian_full_sp26/raw/C_418058_W_Nassichuk_L_2025_01_14_20_55_37.ndpi.ndpa,Tricolporites sp.,Tricolporites sp.,MAYBE,circle,16
C_418058_W_Nassichuk_L_2025_01_14_20_55_37,/rhf/allocations/dsci435/smithsonian_full_sp26/raw/C_418058_W_Nassichuk_L_2025_01_14_20_55_37.ndpi.ndpa,Tricolporopollenites sp.,Tricolporites sp.,MAYBE,circle,5
C_418058_W_Nassichuk_L_2025_01_14_20_55_37,/rhf/allocations/dsci435/smithsonian_full_sp26/raw/C_418058_W_Nassichuk_L_2025_01_14_20_55_37.ndpi.ndpa,Verrutricolporites spp.,,UNMAPPED,circle,1
C_418058_W_Nassichuk_L_2025_01_14_20_55_37,/rhf/allocations/dsci435/smithsonian_full_sp26/raw/C_418058_W_Nassichuk_L_2025_01_14_20_55_37.ndpi.ndpa,cf. Castanea,,UNMAPPED,circle,1
C_418058_W_Nassichuk_L_2025_01_14_20_55_37,/rhf/allocations/dsci435/smithsonian_full_sp26/raw/C_418058_W_Nassichuk_L_2025_01_14_20_55_37.ndpi.ndpa,cf. Castanea sp.,,UNMAPPED,circle,1
C_418058_W_Nassichuk_L_2025_01_14_20_55_37,/rhf/allocations/dsci435/smithsonian_full_sp26/raw/C_418058_W_Nassichuk_L_2025_01_14_20_55_37.ndpi.ndpa,cf. Cycadospites sp.,,UNMAPPED,circle,1
C_418058_W_Nassichuk_L_2025_01_14_20_55_37,/rhf/allocations/dsci435/smithsonian_full_sp26/raw/C_418058_W_Nassichuk_L_2025_01_14_20_55_37.ndpi.ndpa,cf. Rosaceae,,UNMAPPED,circle,1
C_418058_W_Nassichuk_L_2025_01_14_20_55_37,/rhf/allocations/dsci435/smithsonian_full_sp26/raw/C_418058_W_Nassichuk_L_2025_01_14_20_55_37.ndpi.ndpa,cf. Sequoiapollenites sp.,,UNMAPPED,circle,1
C_418058_W_Nassichuk_R_2025_01_21_14_59_16_Alaska,/rhf/allocations/dsci435/smithsonian_full_sp26/raw/Images_with_annotations_for_CNN_training/C_418058_W_Nassichuk_R_2025_01_21_14_59_16_Alaska.ndpi.ndpa,,,UNTITLED,freehand,1
C_418058_W_Nassichuk_R_2025_01_21_14_59_16_Alaska,/rhf/allocations/dsci435/smithsonian_full_sp26/raw/Images_with_annotations_for_CNN_training/C_418058_W_Nassichuk_R_2025_01_21_14_59_16_Alaska.ndpi.ndpa,Alnipollenites,,UNMAPPED,circle,1
C_418058_W_Nassichuk_R_2025_01_21_14_59_16_Alaska,/rhf/allocations/dsci435/smithsonian_full_sp26/raw/Images_with_annotations_for_CNN_training/C_418058_W_Nassichuk_R_2025_01_21_14_59_16_Alaska.ndpi.ndpa,Betulaceae,Betulaceae,YES,circle,1
C_418058_W_Nassichuk_R_2025_01_21_14_59_16_Alaska,/rhf/allocations/dsci435/smithsonian_full_sp26/raw/Images_with_annotations_for_CNN_training/C_418058_W_Nassichuk_R_2025_01_21_14_59_16_Alaska.ndpi.ndpa,paly,Indet.,NO,circle,36
C_418058_W_Nassichuk_R_2025_01_21_14_59_16_Alaska,/rhf/allocations/dsci435/smithsonian_full_sp26/raw/Images_with_annotations_for_CNN_training/C_418058_W_Nassichuk_R_2025_01_21_14_59_16_Alaska.ndpi.ndpa,pol,pollen,NO,circle,102
C_418058_W_Nassichuk_R_2025_01_21_14_59_16_Alaska,/rhf/allocations/dsci435/smithsonian_full_sp26/raw/Images_with_annotations_for_CNN_training/C_418058_W_Nassichuk_R_2025_01_21_14_59_16_Alaska.ndpi.ndpa,spo,spore,NO,circle,4
C_418070_W_Nassichuk_R_2025_01_21_14_17_12_Alaska,/rhf/allocations/dsci435/smithsonian_full_sp26/raw/Images_with_annotations_for_CNN_training/C_418070_W_Nassichuk_R_2025_01_21_14_17_12_Alaska.ndpi.ndpa,,,UNTITLED,circle,3
C_418070_W_Nassichuk_R_2025_01_21_14_17_12_Alaska,/rhf/allocations/dsci435/smithsonian_full_sp26/raw/Images_with_annotations_for_CNN_training/C_418070_W_Nassichuk_R_2025_01_21_14_17_12_Alaska.ndpi.ndpa,,,UNTITLED,freehand,2
C_418070_W_Nassichuk_R_2025_01_21_14_17_12_Alaska,/rhf/allocations/dsci435/smithsonian_full_sp26/raw/Images_with_annotations_for_CNN_training/C_418070_W_Nassichuk_R_2025_01_21_14_17_12_Alaska.ndpi.ndpa,Betulaceae,Betulaceae,YES,circle,3
C_418070_W_Nassichuk_R_2025_01_21_14_17_12_Alaska,/rhf/allocations/dsci435/smithsonian_full_sp26/raw/Images_with_annotations_for_CNN_training/C_418070_W_Nassichuk_R_2025_01_21_14_17_12_Alaska.ndpi.ndpa,Bipol,Bisaccate,YES,circle,6
C_418070_W_Nassichuk_R_2025_01_21_14_17_12_Alaska,/rhf/allocations/dsci435/smithsonian_full_sp26/raw/Images_with_annotations_for_CNN_training/C_418070_W_Nassichuk_R_2025_01_21_14_17_12_Alaska.ndpi.ndpa,Botryococcus,Algae,NO,circle,2
C_418070_W_Nassichuk_R_2025_01_21_14_17_12_Alaska,/rhf/allocations/dsci435/smithsonian_full_sp26/raw/Images_with_annotations_for_CNN_training/C_418070_W_Nassichuk_R_2025_01_21_14_17_12_Alaska.ndpi.ndpa,continue here at 27.5X,,UNMAPPED,pointer,1
C_418070_W_Nassichuk_R_2025_01_21_14_17_12_Alaska,/rhf/allocations/dsci435/smithsonian_full_sp26/raw/Images_with_annotations_for_CNN_training/C_418070_W_Nassichuk_R_2025_01_21_14_17_12_Alaska.ndpi.ndpa,din,Dinocyst,NO,circle,1
C_418070_W_Nassichuk_R_2025_01_21_14_17_12_Alaska,/rhf/allocations/dsci435/smithsonian_full_sp26/raw/Images_with_annotations_for_CNN_training/C_418070_W_Nassichuk_R_2025_01_21_14_17_12_Alaska.ndpi.ndpa,paly,Indet.,NO,circle,17
C_418070_W_Nassichuk_R_2025_01_21_14_17_12_Alaska,/rhf/allocations/dsci435/smithsonian_full_sp26/raw/Images_with_annotations_for_CNN_training/C_418070_W_Nassichuk_R_2025_01_21_14_17_12_Alaska.ndpi.ndpa,pol,pollen,NO,circle,120
C_418070_W_Nassichuk_R_2025_01_21_14_17_12_Alaska,/rhf/allocations/dsci435/smithsonian_full_sp26/raw/Images_with_annotations_for_CNN_training/C_418070_W_Nassichuk_R_2025_01_21_14_17_12_Alaska.ndpi.ndpa,spo,spore,NO,circle,5
C_418080_W_Nassichuk_L_2025_01_14_19_14_58_Alaska,/rhf/allocations/dsci435/smithsonian_full_sp26/raw/Images_with_annotations_for_CNN_training/C_418080_W_Nassichuk_L_2025_01_14_19_14_58_Alaska.ndpi.ndpa,,,UNTITLED,freehand,1
C_418080_W_Nassichuk_L_2025_01_14_19_14_58_Alaska,/rhf/allocations/dsci435/smithsonian_full_sp26/raw/Images_with_annotations_for_CNN_training/C_418080_W_Nassichuk_L_2025_01_14_19_14_58_Alaska.ndpi.ndpa,Bipol,Bisaccate,YES,circle,8
C_418080_W_Nassichuk_L_2025_01_14_19_14_58_Alaska,/rhf/allocations/dsci435/smithsonian_full_sp26/raw/Images_with_annotations_for_CNN_training/C_418080_W_Nassichuk_L_2025_01_14_19_14_58_Alaska.ndpi.ndpa,Caryapollenites,Caryapollenites sp.,YES,circle,1
C_418080_W_Nassichuk_L_2025_01_14_19_14_58_Alaska,/rhf/allocations/dsci435/smithsonian_full_sp26/raw/Images_with_annotations_for_CNN_training/C_418080_W_Nassichuk_L_2025_01_14_19_14_58_Alaska.ndpi.ndpa,Momipites,Momipites sp,YES,circle,3
C_418080_W_Nassichuk_L_2025_01_14_19_14_58_Alaska,/rhf/allocations/dsci435/smithsonian_full_sp26/raw/Images_with_annotations_for_CNN_training/C_418080_W_Nassichuk_L_2025_01_14_19_14_58_Alaska.ndpi.ndpa,paly,Indet.,NO,circle,32
C_418080_W_Nassichuk_L_2025_01_14_19_14_58_Alaska,/rhf/allocations/dsci435/smithsonian_full_sp26/raw/Images_with_annotations_for_CNN_training/C_418080_W_Nassichuk_L_2025_01_14_19_14_58_Alaska.ndpi.ndpa,pol,pollen,NO,circle,120
C_418080_W_Nassichuk_L_2025_01_14_19_14_58_Alaska,/rhf/allocations/dsci435/smithsonian_full_sp26/raw/Images_with_annotations_for_CNN_training/C_418080_W_Nassichuk_L_2025_01_14_19_14_58_Alaska.ndpi.ndpa,spo,spore,NO,circle,1
C_418081_W_Nassichuk_R_2025_01_21_12_58_10_Alaska,/rhf/allocations/dsci435/smithsonian_full_sp26/raw/Images_with_annotations_for_CNN_training/C_418081_W_Nassichuk_R_2025_01_21_12_58_10_Alaska.ndpi.ndpa,,,UNTITLED,freehand,1
C_418081_W_Nassichuk_R_2025_01_21_12_58_10_Alaska,/rhf/allocations/dsci435/smithsonian_full_sp26/raw/Images_with_annotations_for_CNN_training/C_418081_W_Nassichuk_R_2025_01_21_12_58_10_Alaska.ndpi.ndpa,Alnipollenites,,UNMAPPED,circle,3
C_418081_W_Nassichuk_R_2025_01_21_12_58_10_Alaska,/rhf/allocations/dsci435/smithsonian_full_sp26/raw/Images_with_annotations_for_CNN_training/C_418081_W_Nassichuk_R_2025_01_21_12_58_10_Alaska.ndpi.ndpa,Momipites,Momipites sp,YES,circle,3
C_418081_W_Nassichuk_R_2025_01_21_12_58_10_Alaska,/rhf/allocations/dsci435/smithsonian_full_sp26/raw/Images_with_annotations_for_CNN_training/C_418081_W_Nassichuk_R_2025_01_21_12_58_10_Alaska.ndpi.ndpa,din,Dinocyst,NO,circle,2
C_418081_W_Nassichuk_R_2025_01_21_12_58_10_Alaska,/rhf/allocations/dsci435/smithsonian_full_sp26/raw/Images_with_annotations_for_CNN_training/C_418081_W_Nassichuk_R_2025_01_21_12_58_10_Alaska.ndpi.ndpa,paly,Indet.,NO,circle,11
C_418081_W_Nassichuk_R_2025_01_21_12_58_10_Alaska,/rhf/allocations/dsci435/smithsonian_full_sp26/raw/Images_with_annotations_for_CNN_training/C_418081_W_Nassichuk_R_2025_01_21_12_58_10_Alaska.ndpi.ndpa,pol,pollen,NO,circle,106
C_418081_W_Nassichuk_R_2025_01_21_12_58_10_Alaska,/rhf/allocations/dsci435/smithsonian_full_sp26/raw/Images_with_annotations_for_CNN_training/C_418081_W_Nassichuk_R_2025_01_21_12_58_10_Alaska.ndpi.ndpa,spo,spore,NO,circle,1
C_418107_W_Nassichuk_R_2025_01_21_11_16_25_Alaska,/rhf/allocations/dsci435/smithsonian_full_sp26/raw/Images_with_annotations_for_CNN_training/C_418107_W_Nassichuk_R_2025_01_21_11_16_25_Alaska.ndpi.ndpa,,,UNTITLED,freehand,1
C_418107_W_Nassichuk_R_2025_01_21_11_16_25_Alaska,/rhf/allocations/dsci435/smithsonian_full_sp26/raw/Images_with_annotations_for_CNN_training/C_418107_W_Nassichuk_R_2025_01_21_11_16_25_Alaska.ndpi.ndpa,Alnipollenites,,UNMAPPED,circle,4
C_418107_W_Nassichuk_R_2025_01_21_11_16_25_Alaska,/rhf/allocations/dsci435/smithsonian_full_sp26/raw/Images_with_annotations_for_CNN_training/C_418107_W_Nassichuk_R_2025_01_21_11_16_25_Alaska.ndpi.ndpa,Bipol,Bisaccate,YES,circle,1
C_418107_W_Nassichuk_R_2025_01_21_11_16_25_Alaska,/rhf/allocations/dsci435/smithsonian_full_sp26/raw/Images_with_annotations_for_CNN_training/C_418107_W_Nassichuk_R_2025_01_21_11_16_25_Alaska.ndpi.ndpa,fun,Fungi,NO,circle,5
C_418107_W_Nassichuk_R_2025_01_21_11_16_25_Alaska,/rhf/allocations/dsci435/smithsonian_full_sp26/raw/Images_with_annotations_for_CNN_training/C_418107_W_Nassichuk_R_2025_01_21_11_16_25_Alaska.ndpi.ndpa,paly,Indet.,NO,circle,19
C_418107_W_Nassichuk_R_2025_01_21_11_16_25_Alaska,/rhf/allocations/dsci435/smithsonian_full_sp26/raw/Images_with_annotations_for_CNN_training/C_418107_W_Nassichuk_R_2025_01_21_11_16_25_Alaska.ndpi.ndpa,pol,pollen,NO,circle,76
C_418107_W_Nassichuk_R_2025_01_21_11_16_25_Alaska,/rhf/allocations/dsci435/smithsonian_full_sp26/raw/Images_with_annotations_for_CNN_training/C_418107_W_Nassichuk_R_2025_01_21_11_16_25_Alaska.ndpi.ndpa,spo,spore,NO,circle,1
C_418107_W_Nassichuk_R_2025_01_21_11_16_25_Alaska,/rhf/allocations/dsci435/smithsonian_full_sp26/raw/Images_with_annotations_for_CNN_training/C_418107_W_Nassichuk_R_2025_01_21_11_16_25_Alaska.ndpi.ndpa,spo?,spore,NO,circle,1
C_418109_W_Nassichuk_R_2025_01_21_10_57_19_Alaska,/rhf/allocations/dsci435/smithsonian_full_sp26/raw/Images_with_annotations_for_CNN_training/C_418109_W_Nassichuk_R_2025_01_21_10_57_19_Alaska.ndpi.ndpa,,,UNTITLED,freehand,1
C_418109_W_Nassichuk_R_2025_01_21_10_57_19_Alaska,/rhf/allocations/dsci435/smithsonian_full_sp26/raw/Images_with_annotations_for_CNN_training/C_418109_W_Nassichuk_R_2025_01_21_10_57_19_Alaska.ndpi.ndpa,paly,Indet.,NO,circle,19
C_418109_W_Nassichuk_R_2025_01_21_10_57_19_Alaska,/rhf/allocations/dsci435/smithsonian_full_sp26/raw/Images_with_annotations_for_CNN_training/C_418109_W_Nassichuk_R_2025_01_21_10_57_19_Alaska.ndpi.ndpa,pol,pollen,NO,circle,37
C_418114_W_Nassichuk_L_2025_01_14_16_15_48_Alaska,/rhf/allocations/dsci435/smithsonian_full_sp26/raw/Images_with_annotations_for_CNN_training/C_418114_W_Nassichuk_L_2025_01_14_16_15_48_Alaska.ndpi.ndpa,,,UNTITLED,freehand,1
C_418114_W_Nassichuk_L_2025_01_14_16_15_48_Alaska,/rhf/allocations/dsci435/smithsonian_full_sp26/raw/Images_with_annotations_for_CNN_training/C_418114_W_Nassichuk_L_2025_01_14_16_15_48_Alaska.ndpi.ndpa,Alnipollenites,,UNMAPPED,circle,11
C_418114_W_Nassichuk_L_2025_01_14_16_15_48_Alaska,/rhf/allocations/dsci435/smithsonian_full_sp26/raw/Images_with_annotations_for_CNN_training/C_418114_W_Nassichuk_L_2025_01_14_16_15_48_Alaska.ndpi.ndpa,Bipol,Bisaccate,YES,circle,10
C_418114_W_Nassichuk_L_2025_01_14_16_15_48_Alaska,/rhf/allocations/dsci435/smithsonian_full_sp26/raw/Images_with_annotations_for_CNN_training/C_418114_W_Nassichuk_L_2025_01_14_16_15_48_Alaska.ndpi.ndpa,Ericipites,Ericipites sp.,YES,circle,1
C_418114_W_Nassichuk_L_2025_01_14_16_15_48_Alaska,/rhf/allocations/dsci435/smithsonian_full_sp26/raw/Images_with_annotations_for_CNN_training/C_418114_W_Nassichuk_L_2025_01_14_16_15_48_Alaska.ndpi.ndpa,din,Dinocyst,NO,circle,5
C_418114_W_Nassichuk_L_2025_01_14_16_15_48_Alaska,/rhf/allocations/dsci435/smithsonian_full_sp26/raw/Images_with_annotations_for_CNN_training/C_418114_W_Nassichuk_L_2025_01_14_16_15_48_Alaska.ndpi.ndpa,paly,Indet.,NO,circle,72
C_418114_W_Nassichuk_L_2025_01_14_16_15_48_Alaska,/rhf/allocations/dsci435/smithsonian_full_sp26/raw/Images_with_annotations_for_CNN_training/C_418114_W_Nassichuk_L_2025_01_14_16_15_48_Alaska.ndpi.ndpa,pol,pollen,NO,circle,158
C_418114_W_Nassichuk_L_2025_01_14_16_15_48_Alaska,/rhf/allocations/dsci435/smithsonian_full_sp26/raw/Images_with_annotations_for_CNN_training/C_418114_W_Nassichuk_L_2025_01_14_16_15_48_Alaska.ndpi.ndpa,spo,spore,NO,circle,3
D1552_3_L_2024_01_22_15_38_43,/rhf/allocations/dsci435/smithsonian_full_sp26/raw/D1552_3_L_2024_01_22_15_38_43.ndpi.ndpa,,,UNTITLED,freehand,1
D1552_3_L_2024_01_22_15_38_43,/rhf/allocations/dsci435/smithsonian_full_sp26/raw/D1552_3_L_2024_01_22_15_38_43.ndpi.ndpa,Bisaccate,Bisaccate,YES,circle,2
D1552_3_L_2024_01_22_15_38_43,/rhf/allocations/dsci435/smithsonian_full_sp26/raw/D1552_3_L_2024_01_22_15_38_43.ndpi.ndpa,Momipites,Momipites sp,YES,circle,1
D1552_3_L_2024_01_22_15_38_43,/rhf/allocations/dsci435/smithsonian_full_sp26/raw/D1552_3_L_2024_01_22_15_38_43.ndpi.ndpa,din,Dinocyst,NO,circle,3
D1552_3_L_2024_01_22_15_38_43,/rhf/allocations/dsci435/smithsonian_full_sp26/raw/D1552_3_L_2024_01_22_15_38_43.ndpi.ndpa,pol,pollen,NO,circle,20
D1552_3_L_2024_01_22_15_38_43,/rhf/allocations/dsci435/smithsonian_full_sp26/raw/D1552_3_L_2024_01_22_15_38_43.ndpi.ndpa,spo?,spore,NO,circle,1
D1555_RAS_60_2023_04_20_15_40_35,/rhf/allocations/dsci435/smithsonian_full_sp26/raw/D1555_RAS_60_2023_04_20_15_40_35.ndpi.ndpa,,,UNTITLED,circle,165
D1555_RAS_60_2023_04_20_15_40_35,/rhf/allocations/dsci435/smithsonian_full_sp26/raw/D1555_RAS_60_2023_04_20_15_40_35.ndpi.ndpa,,,UNTITLED,freehand,1
D1821_1_L_2024_01_22_16_22_31_New_Mex,/rhf/allocations/dsci435/smithsonian_full_sp26/raw/Images_with_annotations_for_CNN_training/D1821_1_L_2024_01_22_16_22_31_New_Mex.ndpi.ndpa,,,UNTITLED,freehand,2
D1821_1_L_2024_01_22_16_22_31_New_Mex,/rhf/allocations/dsci435/smithsonian_full_sp26/raw/Images_with_annotations_for_CNN_training/D1821_1_L_2024_01_22_16_22_31_New_Mex.ndpi.ndpa,Bipol,Bisaccate,YES,circle,7
D1821_1_L_2024_01_22_16_22_31_New_Mex,/rhf/allocations/dsci435/smithsonian_full_sp26/raw/Images_with_annotations_for_CNN_training/D1821_1_L_2024_01_22_16_22_31_New_Mex.ndpi.ndpa,Momipites,Momipites sp,YES,circle,1
D1821_1_L_2024_01_22_16_22_31_New_Mex,/rhf/allocations/dsci435/smithsonian_full_sp26/raw/Images_with_annotations_for_CNN_training/D1821_1_L_2024_01_22_16_22_31_New_Mex.ndpi.ndpa,fun,Fungi,NO,circle,1
D1821_1_L_2024_01_22_16_22_31_New_Mex,/rhf/allocations/dsci435/smithsonian_full_sp26/raw/Images_with_annotations_for_CNN_training/D1821_1_L_2024_01_22_16_22_31_New_Mex.ndpi.ndpa,paly,Indet.,NO,circle,8
D1821_1_L_2024_01_22_16_22_31_New_Mex,/rhf/allocations/dsci435/smithsonian_full_sp26/raw/Images_with_annotations_for_CNN_training/D1821_1_L_2024_01_22_16_22_31_New_Mex.ndpi.ndpa,pol,pollen,NO,circle,74
D1821_1_L_2024_01_22_16_22_31_New_Mex,/rhf/allocations/dsci435/smithsonian_full_sp26/raw/Images_with_annotations_for_CNN_training/D1821_1_L_2024_01_22_16_22_31_New_Mex.ndpi.ndpa,spo,spore,NO,circle,1
D1821_1_R_2024_01_23_15_01_49_New_Mex,/rhf/allocations/dsci435/smithsonian_full_sp26/raw/Images_with_annotations_for_CNN_training/D1821_1_R_2024_01_23_15_01_49_New_Mex.ndpi.ndpa,,,UNTITLED,freehand,2
D1821_1_R_2024_01_23_15_01_49_New_Mex,/rhf/allocations/dsci435/smithsonian_full_sp26/raw/Images_with_annotations_for_CNN_training/D1821_1_R_2024_01_23_15_01_49_New_Mex.ndpi.ndpa,paly,Indet.,NO,circle,21
D1821_1_R_2024_01_23_15_01_49_New_Mex,/rhf/allocations/dsci435/smithsonian_full_sp26/raw/Images_with_annotations_for_CNN_training/D1821_1_R_2024_01_23_15_01_49_New_Mex.ndpi.ndpa,pol,pollen,NO,circle,47
D1821_1_R_2024_01_23_15_01_49_New_Mex,/rhf/allocations/dsci435/smithsonian_full_sp26/raw/Images_with_annotations_for_CNN_training/D1821_1_R_2024_01_23_15_01_49_New_Mex.ndpi.ndpa,spo,spore,NO,circle,2
D1910_2024_02_29_12_46_52_Wyoming,/rhf/allocations/dsci435/smithsonian_full_sp26/raw/Images_with_annotations_for_CNN_training/D1910_2024_02_29_12_46_52_Wyoming.ndpi.ndpa,,,UNTITLED,freehand,2
D1910_2024_02_29_12_46_52_Wyoming,/rhf/allocations/dsci435/smithsonian_full_sp26/raw/Images_with_annotations_for_CNN_training/D1910_2024_02_29_12_46_52_Wyoming.ndpi.ndpa,Bipol,Bisaccate,YES,circle,1
D1910_2024_02_29_12_46_52_Wyoming,/rhf/allocations/dsci435/smithsonian_full_sp26/raw/Images_with_annotations_for_CNN_training/D1910_2024_02_29_12_46_52_Wyoming.ndpi.ndpa,Pediastrum,Indet.,NO,circle,1
D1910_2024_02_29_12_46_52_Wyoming,/rhf/allocations/dsci435/smithsonian_full_sp26/raw/Images_with_annotations_for_CNN_training/D1910_2024_02_29_12_46_52_Wyoming.ndpi.ndpa,Platycarya platycarioides,Platycarya platycarioides,YES,circle,1
D1910_2024_02_29_12_46_52_Wyoming,/rhf/allocations/dsci435/smithsonian_full_sp26/raw/Images_with_annotations_for_CNN_training/D1910_2024_02_29_12_46_52_Wyoming.ndpi.ndpa,din,Dinocyst,NO,circle,1
D1910_2024_02_29_12_46_52_Wyoming,/rhf/allocations/dsci435/smithsonian_full_sp26/raw/Images_with_annotations_for_CNN_training/D1910_2024_02_29_12_46_52_Wyoming.ndpi.ndpa,fun,Fungi,NO,circle,2
D1910_2024_02_29_12_46_52_Wyoming,/rhf/allocations/dsci435/smithsonian_full_sp26/raw/Images_with_annotations_for_CNN_training/D1910_2024_02_29_12_46_52_Wyoming.ndpi.ndpa,paly,Indet.,NO,circle,26
D1910_2024_02_29_12_46_52_Wyoming,/rhf/allocations/dsci435/smithsonian_full_sp26/raw/Images_with_annotations_for_CNN_training/D1910_2024_02_29_12_46_52_Wyoming.ndpi.ndpa,pol,pollen,NO,circle,15
D1910_2024_02_29_12_46_52_Wyoming,/rhf/allocations/dsci435/smithsonian_full_sp26/raw/Images_with_annotations_for_CNN_training/D1910_2024_02_29_12_46_52_Wyoming.ndpi.ndpa,spo,spore,NO,circle,3
D1910_2024_02_29_12_46_52_Wyoming,/rhf/allocations/dsci435/smithsonian_full_sp26/raw/Images_with_annotations_for_CNN_training/D1910_2024_02_29_12_46_52_Wyoming.ndpi.ndpa,spo?,spore,NO,circle,1
D1911_1_2024_02_29_18_10_06_Wyoming,/rhf/allocations/dsci435/smithsonian_full_sp26/raw/Images_with_annotations_for_CNN_training/D1911_1_2024_02_29_18_10_06_Wyoming.ndpi.ndpa,,,UNTITLED,freehand,1
D1911_1_2024_02_29_18_10_06_Wyoming,/rhf/allocations/dsci435/smithsonian_full_sp26/raw/Images_with_annotations_for_CNN_training/D1911_1_2024_02_29_18_10_06_Wyoming.ndpi.ndpa,Bombacacidites,,UNMAPPED,circle,1
D1911_1_2024_02_29_18_10_06_Wyoming,/rhf/allocations/dsci435/smithsonian_full_sp26/raw/Images_with_annotations_for_CNN_training/D1911_1_2024_02_29_18_10_06_Wyoming.ndpi.ndpa,din,Dinocyst,NO,circle,4
D1911_1_2024_02_29_18_10_06_Wyoming,/rhf/allocations/dsci435/smithsonian_full_sp26/raw/Images_with_annotations_for_CNN_training/D1911_1_2024_02_29_18_10_06_Wyoming.ndpi.ndpa,paly,Indet.,NO,circle,39
D1911_1_2024_02_29_18_10_06_Wyoming,/rhf/allocations/dsci435/smithsonian_full_sp26/raw/Images_with_annotations_for_CNN_training/D1911_1_2024_02_29_18_10_06_Wyoming.ndpi.ndpa,pol,pollen,NO,circle,38
D1911_1_2024_02_29_18_10_06_Wyoming,/rhf/allocations/dsci435/smithsonian_full_sp26/raw/Images_with_annotations_for_CNN_training/D1911_1_2024_02_29_18_10_06_Wyoming.ndpi.ndpa,spo,spore,NO,circle,3
D3094-1_R_2024_02_20_17_15_37_Colorado,/rhf/allocations/dsci435/smithsonian_full_sp26/raw/Images_with_annotations_for_CNN_training/D3094-1_R_2024_02_20_17_15_37_Colorado.ndpi.ndpa,,,UNTITLED,freehand,1
D3094-1_R_2024_02_20_17_15_37_Colorado,/rhf/allocations/dsci435/smithsonian_full_sp26/raw/Images_with_annotations_for_CNN_training/D3094-1_R_2024_02_20_17_15_37_Colorado.ndpi.ndpa,Betulaceae,Betulaceae,YES,circle,2
D3094-1_R_2024_02_20_17_15_37_Colorado,/rhf/allocations/dsci435/smithsonian_full_sp26/raw/Images_with_annotations_for_CNN_training/D3094-1_R_2024_02_20_17_15_37_Colorado.ndpi.ndpa,Bipol,Bisaccate,YES,circle,1
D3094-1_R_2024_02_20_17_15_37_Colorado,/rhf/allocations/dsci435/smithsonian_full_sp26/raw/Images_with_annotations_for_CNN_training/D3094-1_R_2024_02_20_17_15_37_Colorado.ndpi.ndpa,Caryapollenites,Caryapollenites sp.,YES,circle,1
D3094-1_R_2024_02_20_17_15_37_Colorado,/rhf/allocations/dsci435/smithsonian_full_sp26/raw/Images_with_annotations_for_CNN_training/D3094-1_R_2024_02_20_17_15_37_Colorado.ndpi.ndpa,Momipites,Momipites sp,YES,circle,1
D3094-1_R_2024_02_20_17_15_37_Colorado,/rhf/allocations/dsci435/smithsonian_full_sp26/raw/Images_with_annotations_for_CNN_training/D3094-1_R_2024_02_20_17_15_37_Colorado.ndpi.ndpa,Paly,Indet.,NO,circle,1
D3094-1_R_2024_02_20_17_15_37_Colorado,/rhf/allocations/dsci435/smithsonian_full_sp26/raw/Images_with_annotations_for_CNN_training/D3094-1_R_2024_02_20_17_15_37_Colorado.ndpi.ndpa,Pediastrum,Indet.,NO,circle,6
D3094-1_R_2024_02_20_17_15_37_Colorado,/rhf/allocations/dsci435/smithsonian_full_sp26/raw/Images_with_annotations_for_CNN_training/D3094-1_R_2024_02_20_17_15_37_Colorado.ndpi.ndpa,Tricolpites,Tricolpites sp.,MAYBE,circle,2
D3094-1_R_2024_02_20_17_15_37_Colorado,/rhf/allocations/dsci435/smithsonian_full_sp26/raw/Images_with_annotations_for_CNN_training/D3094-1_R_2024_02_20_17_15_37_Colorado.ndpi.ndpa,paly,Indet.,NO,circle,66
D3094-1_R_2024_02_20_17_15_37_Colorado,/rhf/allocations/dsci435/smithsonian_full_sp26/raw/Images_with_annotations_for_CNN_training/D3094-1_R_2024_02_20_17_15_37_Colorado.ndpi.ndpa,pol,pollen,NO,circle,86
D3094-1_R_2024_02_20_17_15_37_Colorado,/rhf/allocations/dsci435/smithsonian_full_sp26/raw/Images_with_annotations_for_CNN_training/D3094-1_R_2024_02_20_17_15_37_Colorado.ndpi.ndpa,spo,spore,NO,circle,5
D3094_1_L_2024_02_20_11_32_26_Colorado,/rhf/allocations/dsci435/smithsonian_full_sp26/raw/Images_with_annotations_for_CNN_training/D3094_1_L_2024_02_20_11_32_26_Colorado.ndpi.ndpa,,,UNTITLED,freehand,1
D3094_1_L_2024_02_20_11_32_26_Colorado,/rhf/allocations/dsci435/smithsonian_full_sp26/raw/Images_with_annotations_for_CNN_training/D3094_1_L_2024_02_20_11_32_26_Colorado.ndpi.ndpa,Arecipites,,UNMAPPED,circle,1
D3094_1_L_2024_02_20_11_32_26_Colorado,/rhf/allocations/dsci435/smithsonian_full_sp26/raw/Images_with_annotations_for_CNN_training/D3094_1_L_2024_02_20_11_32_26_Colorado.ndpi.ndpa,Caryapollenites,Caryapollenites sp.,YES,circle,4
D3094_1_L_2024_02_20_11_32_26_Colorado,/rhf/allocations/dsci435/smithsonian_full_sp26/raw/Images_with_annotations_for_CNN_training/D3094_1_L_2024_02_20_11_32_26_Colorado.ndpi.ndpa,Momipites,Momipites sp,YES,circle,2
D3094_1_L_2024_02_20_11_32_26_Colorado,/rhf/allocations/dsci435/smithsonian_full_sp26/raw/Images_with_annotations_for_CNN_training/D3094_1_L_2024_02_20_11_32_26_Colorado.ndpi.ndpa,Pediastrum,Indet.,NO,circle,3
D3094_1_L_2024_02_20_11_32_26_Colorado,/rhf/allocations/dsci435/smithsonian_full_sp26/raw/Images_with_annotations_for_CNN_training/D3094_1_L_2024_02_20_11_32_26_Colorado.ndpi.ndpa,Platycarya platycarioides,Platycarya platycarioides,YES,circle,5
D3094_1_L_2024_02_20_11_32_26_Colorado,/rhf/allocations/dsci435/smithsonian_full_sp26/raw/Images_with_annotations_for_CNN_training/D3094_1_L_2024_02_20_11_32_26_Colorado.ndpi.ndpa,Platycaryapollenites swasticoides,,UNMAPPED,circle,1
D3094_1_L_2024_02_20_11_32_26_Colorado,/rhf/allocations/dsci435/smithsonian_full_sp26/raw/Images_with_annotations_for_CNN_training/D3094_1_L_2024_02_20_11_32_26_Colorado.ndpi.ndpa,Pol,,UNMAPPED,circle,1
D3094_1_L_2024_02_20_11_32_26_Colorado,/rhf/allocations/dsci435/smithsonian_full_sp26/raw/Images_with_annotations_for_CNN_training/D3094_1_L_2024_02_20_11_32_26_Colorado.ndpi.ndpa,Tricolpites,Tricolpites sp.,MAYBE,circle,2
D3094_1_L_2024_02_20_11_32_26_Colorado,/rhf/allocations/dsci435/smithsonian_full_sp26/raw/Images_with_annotations_for_CNN_training/D3094_1_L_2024_02_20_11_32_26_Colorado.ndpi.ndpa,Triporopollenites,,UNMAPPED,circle,1
D3094_1_L_2024_02_20_11_32_26_Colorado,/rhf/allocations/dsci435/smithsonian_full_sp26/raw/Images_with_annotations_for_CNN_training/D3094_1_L_2024_02_20_11_32_26_Colorado.ndpi.ndpa,alg,Algae,NO,circle,1
D3094_1_L_2024_02_20_11_32_26_Colorado,/rhf/allocations/dsci435/smithsonian_full_sp26/raw/Images_with_annotations_for_CNN_training/D3094_1_L_2024_02_20_11_32_26_Colorado.ndpi.ndpa,paly,Indet.,NO,circle,56
D3094_1_L_2024_02_20_11_32_26_Colorado,/rhf/allocations/dsci435/smithsonian_full_sp26/raw/Images_with_annotations_for_CNN_training/D3094_1_L_2024_02_20_11_32_26_Colorado.ndpi.ndpa,paly?,Indet.,NO,circle,1
D3094_1_L_2024_02_20_11_32_26_Colorado,/rhf/allocations/dsci435/smithsonian_full_sp26/raw/Images_with_annotations_for_CNN_training/D3094_1_L_2024_02_20_11_32_26_Colorado.ndpi.ndpa,pol,pollen,NO,circle,68
D3094_1_L_2024_02_20_11_32_26_Colorado,/rhf/allocations/dsci435/smithsonian_full_sp26/raw/Images_with_annotations_for_CNN_training/D3094_1_L_2024_02_20_11_32_26_Colorado.ndpi.ndpa,tricolpites,,UNMAPPED,circle,1
D3202-D-1_R_2024_02_21_13_01_51_Louisiana,/rhf/allocations/dsci435/smithsonian_full_sp26/raw/Images_with_annotations_for_CNN_training/D3202-D-1_R_2024_02_21_13_01_51_Louisiana.ndpi.ndpa,,,UNTITLED,freehand,1
D3202-D-1_R_2024_02_21_13_01_51_Louisiana,/rhf/allocations/dsci435/smithsonian_full_sp26/raw/Images_with_annotations_for_CNN_training/D3202-D-1_R_2024_02_21_13_01_51_Louisiana.ndpi.ndpa,Momipites,Momipites sp,YES,circle,1
D3202-D-1_R_2024_02_21_13_01_51_Louisiana,/rhf/allocations/dsci435/smithsonian_full_sp26/raw/Images_with_annotations_for_CNN_training/D3202-D-1_R_2024_02_21_13_01_51_Louisiana.ndpi.ndpa,Pediastrum,Indet.,NO,circle,1
D3202-D-1_R_2024_02_21_13_01_51_Louisiana,/rhf/allocations/dsci435/smithsonian_full_sp26/raw/Images_with_annotations_for_CNN_training/D3202-D-1_R_2024_02_21_13_01_51_Louisiana.ndpi.ndpa,din,Dinocyst,NO,circle,8
D3202-D-1_R_2024_02_21_13_01_51_Louisiana,/rhf/allocations/dsci435/smithsonian_full_sp26/raw/Images_with_annotations_for_CNN_training/D3202-D-1_R_2024_02_21_13_01_51_Louisiana.ndpi.ndpa,fun,Fungi,NO,circle,5
D3202-D-1_R_2024_02_21_13_01_51_Louisiana,/rhf/allocations/dsci435/smithsonian_full_sp26/raw/Images_with_annotations_for_CNN_training/D3202-D-1_R_2024_02_21_13_01_51_Louisiana.ndpi.ndpa,paly,Indet.,NO,circle,15
D3202-D-1_R_2024_02_21_13_01_51_Louisiana,/rhf/allocations/dsci435/smithsonian_full_sp26/raw/Images_with_annotations_for_CNN_training/D3202-D-1_R_2024_02_21_13_01_51_Louisiana.ndpi.ndpa,pol,pollen,NO,circle,51
D3202-D-1_R_2024_02_21_13_01_51_Louisiana,/rhf/allocations/dsci435/smithsonian_full_sp26/raw/Images_with_annotations_for_CNN_training/D3202-D-1_R_2024_02_21_13_01_51_Louisiana.ndpi.ndpa,spo,spore,NO,circle,3
D3202_C_L_2024_02_20_12_31_51_Louisiana,/rhf/allocations/dsci435/smithsonian_full_sp26/raw/Images_with_annotations_for_CNN_training/D3202_C_L_2024_02_20_12_31_51_Louisiana.ndpi.ndpa,,,UNTITLED,freehand,1
D3202_C_L_2024_02_20_12_31_51_Louisiana,/rhf/allocations/dsci435/smithsonian_full_sp26/raw/Images_with_annotations_for_CNN_training/D3202_C_L_2024_02_20_12_31_51_Louisiana.ndpi.ndpa,Cicatricosisporites,Cicatricosisporites sp.,YES,circle,2
D3202_C_L_2024_02_20_12_31_51_Louisiana,/rhf/allocations/dsci435/smithsonian_full_sp26/raw/Images_with_annotations_for_CNN_training/D3202_C_L_2024_02_20_12_31_51_Louisiana.ndpi.ndpa,Momipites,Momipites sp,YES,circle,1
D3202_C_L_2024_02_20_12_31_51_Louisiana,/rhf/allocations/dsci435/smithsonian_full_sp26/raw/Images_with_annotations_for_CNN_training/D3202_C_L_2024_02_20_12_31_51_Louisiana.ndpi.ndpa,din,Dinocyst,NO,circle,14
D3202_C_L_2024_02_20_12_31_51_Louisiana,/rhf/allocations/dsci435/smithsonian_full_sp26/raw/Images_with_annotations_for_CNN_training/D3202_C_L_2024_02_20_12_31_51_Louisiana.ndpi.ndpa,fun,Fungi,NO,circle,7
D3202_C_L_2024_02_20_12_31_51_Louisiana,/rhf/allocations/dsci435/smithsonian_full_sp26/raw/Images_with_annotations_for_CNN_training/D3202_C_L_2024_02_20_12_31_51_Louisiana.ndpi.ndpa,paly,Indet.,NO,circle,34
D3202_C_L_2024_02_20_12_31_51_Louisiana,/rhf/allocations/dsci435/smithsonian_full_sp26/raw/Images_with_annotations_for_CNN_training/D3202_C_L_2024_02_20_12_31_51_Louisiana.ndpi.ndpa,pol,pollen,NO,circle,135
D3202_C_L_2024_02_20_12_31_51_Louisiana,/rhf/allocations/dsci435/smithsonian_full_sp26/raw/Images_with_annotations_for_CNN_training/D3202_C_L_2024_02_20_12_31_51_Louisiana.ndpi.ndpa,spo,spore,NO,circle,3
D3202_C_R_2024_02_20_18_12_34_Kentucky,/rhf/allocations/dsci435/smithsonian_full_sp26/raw/Images_with_annotations_for_CNN_training/D3202_C_R_2024_02_20_18_12_34_Kentucky.ndpi.ndpa,,,UNTITLED,freehand,1
D3202_C_R_2024_02_20_18_12_34_Kentucky,/rhf/allocations/dsci435/smithsonian_full_sp26/raw/Images_with_annotations_for_CNN_training/D3202_C_R_2024_02_20_18_12_34_Kentucky.ndpi.ndpa,Bisaccate pollen,Bisaccate,YES,circle,1
D3202_C_R_2024_02_20_18_12_34_Kentucky,/rhf/allocations/dsci435/smithsonian_full_sp26/raw/Images_with_annotations_for_CNN_training/D3202_C_R_2024_02_20_18_12_34_Kentucky.ndpi.ndpa,Caryapollenites,Caryapollenites sp.,YES,circle,1
D3202_C_R_2024_02_20_18_12_34_Kentucky,/rhf/allocations/dsci435/smithsonian_full_sp26/raw/Images_with_annotations_for_CNN_training/D3202_C_R_2024_02_20_18_12_34_Kentucky.ndpi.ndpa,Cicatricosisporites dorogensis,Cicatricosisporites sp.,YES,circle,2
D3202_C_R_2024_02_20_18_12_34_Kentucky,/rhf/allocations/dsci435/smithsonian_full_sp26/raw/Images_with_annotations_for_CNN_training/D3202_C_R_2024_02_20_18_12_34_Kentucky.ndpi.ndpa,Momipites,Momipites sp,YES,circle,5
D3202_C_R_2024_02_20_18_12_34_Kentucky,/rhf/allocations/dsci435/smithsonian_full_sp26/raw/Images_with_annotations_for_CNN_training/D3202_C_R_2024_02_20_18_12_34_Kentucky.ndpi.ndpa,Momipites wyomingensis,Momipites wyomingensis,YES,circle,1
D3202_C_R_2024_02_20_18_12_34_Kentucky,/rhf/allocations/dsci435/smithsonian_full_sp26/raw/Images_with_annotations_for_CNN_training/D3202_C_R_2024_02_20_18_12_34_Kentucky.ndpi.ndpa,alg,Algae,NO,circle,3
D3202_C_R_2024_02_20_18_12_34_Kentucky,/rhf/allocations/dsci435/smithsonian_full_sp26/raw/Images_with_annotations_for_CNN_training/D3202_C_R_2024_02_20_18_12_34_Kentucky.ndpi.ndpa,din,Dinocyst,NO,circle,27
D3202_C_R_2024_02_20_18_12_34_Kentucky,/rhf/allocations/dsci435/smithsonian_full_sp26/raw/Images_with_annotations_for_CNN_training/D3202_C_R_2024_02_20_18_12_34_Kentucky.ndpi.ndpa,fun,Fungi,NO,circle,6
D3202_C_R_2024_02_20_18_12_34_Kentucky,/rhf/allocations/dsci435/smithsonian_full_sp26/raw/Images_with_annotations_for_CNN_training/D3202_C_R_2024_02_20_18_12_34_Kentucky.ndpi.ndpa,paly,Indet.,NO,circle,32
D3202_C_R_2024_02_20_18_12_34_Kentucky,/rhf/allocations/dsci435/smithsonian_full_sp26/raw/Images_with_annotations_for_CNN_training/D3202_C_R_2024_02_20_18_12_34_Kentucky.ndpi.ndpa,pol,pollen,NO,circle,135
D3202_C_R_2024_02_20_18_12_34_Kentucky,/rhf/allocations/dsci435/smithsonian_full_sp26/raw/Images_with_annotations_for_CNN_training/D3202_C_R_2024_02_20_18_12_34_Kentucky.ndpi.ndpa,spo,spore,NO,circle,3
D3266-1_L_2024_02_01_13_49_20_Mississippi,/rhf/allocations/dsci435/smithsonian_full_sp26/raw/Images_with_annotations_for_CNN_training/D3266-1_L_2024_02_01_13_49_20_Mississippi.ndpi.ndpa,,,UNTITLED,freehand,1
D3266-1_L_2024_02_01_13_49_20_Mississippi,/rhf/allocations/dsci435/smithsonian_full_sp26/raw/Images_with_annotations_for_CNN_training/D3266-1_L_2024_02_01_13_49_20_Mississippi.ndpi.ndpa,Momipites,Momipites sp,YES,circle,3
D3266-1_L_2024_02_01_13_49_20_Mississippi,/rhf/allocations/dsci435/smithsonian_full_sp26/raw/Images_with_annotations_for_CNN_training/D3266-1_L_2024_02_01_13_49_20_Mississippi.ndpi.ndpa,paly,Indet.,NO,circle,13
D3266-1_L_2024_02_01_13_49_20_Mississippi,/rhf/allocations/dsci435/smithsonian_full_sp26/raw/Images_with_annotations_for_CNN_training/D3266-1_L_2024_02_01_13_49_20_Mississippi.ndpi.ndpa,pol,pollen,NO,circle,44
D3266-1_L_2024_02_01_13_49_20_Mississippi,/rhf/allocations/dsci435/smithsonian_full_sp26/raw/Images_with_annotations_for_CNN_training/D3266-1_L_2024_02_01_13_49_20_Mississippi.ndpi.ndpa,spo,spore,NO,circle,2
D3268_A-2_L_2024_02_01_12_52_49_Alabama,/rhf/allocations/dsci435/smithsonian_full_sp26/raw/Images_with_annotations_for_CNN_training/D3268_A-2_L_2024_02_01_12_52_49_Alabama.ndpi.ndpa,,,UNTITLED,freehand,2
D3268_A-2_L_2024_02_01_12_52_49_Alabama,/rhf/allocations/dsci435/smithsonian_full_sp26/raw/Images_with_annotations_for_CNN_training/D3268_A-2_L_2024_02_01_12_52_49_Alabama.ndpi.ndpa,Betulaceae,Betulaceae,YES,circle,1
D3268_A-2_L_2024_02_01_12_52_49_Alabama,/rhf/allocations/dsci435/smithsonian_full_sp26/raw/Images_with_annotations_for_CNN_training/D3268_A-2_L_2024_02_01_12_52_49_Alabama.ndpi.ndpa,fun,Fungi,NO,circle,6
D3268_A-2_L_2024_02_01_12_52_49_Alabama,/rhf/allocations/dsci435/smithsonian_full_sp26/raw/Images_with_annotations_for_CNN_training/D3268_A-2_L_2024_02_01_12_52_49_Alabama.ndpi.ndpa,paly,Indet.,NO,circle,10
D3268_A-2_L_2024_02_01_12_52_49_Alabama,/rhf/allocations/dsci435/smithsonian_full_sp26/raw/Images_with_annotations_for_CNN_training/D3268_A-2_L_2024_02_01_12_52_49_Alabama.ndpi.ndpa,pol,pollen,NO,circle,32
D3268_A-2_L_2024_02_01_12_52_49_Alabama,/rhf/allocations/dsci435/smithsonian_full_sp26/raw/Images_with_annotations_for_CNN_training/D3268_A-2_L_2024_02_01_12_52_49_Alabama.ndpi.ndpa,spo,spore,NO,circle,6
D3283-2_2024_02_06_15_37_28_Kentucky,/rhf/allocations/dsci435/smithsonian_full_sp26/raw/Images_with_annotations_for_CNN_training/D3283-2_2024_02_06_15_37_28_Kentucky.ndpi.ndpa,,,UNTITLED,freehand,1
D3283-2_2024_02_06_15_37_28_Kentucky,/rhf/allocations/dsci435/smithsonian_full_sp26/raw/Images_with_annotations_for_CNN_training/D3283-2_2024_02_06_15_37_28_Kentucky.ndpi.ndpa,Arecipites,,UNMAPPED,circle,1
D3283-2_2024_02_06_15_37_28_Kentucky,/rhf/allocations/dsci435/smithsonian_full_sp26/raw/Images_with_annotations_for_CNN_training/D3283-2_2024_02_06_15_37_28_Kentucky.ndpi.ndpa,Bisaccate pollen,Bisaccate,YES,circle,1
D3283-2_2024_02_06_15_37_28_Kentucky,/rhf/allocations/dsci435/smithsonian_full_sp26/raw/Images_with_annotations_for_CNN_training/D3283-2_2024_02_06_15_37_28_Kentucky.ndpi.ndpa,Monosulcites,Monocolpites sp.,YES,circle,3
D3283-2_2024_02_06_15_37_28_Kentucky,/rhf/allocations/dsci435/smithsonian_full_sp26/raw/Images_with_annotations_for_CNN_training/D3283-2_2024_02_06_15_37_28_Kentucky.ndpi.ndpa,Trichotomosulcites,,UNMAPPED,circle,1
D3283-2_2024_02_06_15_37_28_Kentucky,/rhf/allocations/dsci435/smithsonian_full_sp26/raw/Images_with_annotations_for_CNN_training/D3283-2_2024_02_06_15_37_28_Kentucky.ndpi.ndpa,Tricolpites,Tricolpites sp.,MAYBE,circle,1
D3283-2_2024_02_06_15_37_28_Kentucky,/rhf/allocations/dsci435/smithsonian_full_sp26/raw/Images_with_annotations_for_CNN_training/D3283-2_2024_02_06_15_37_28_Kentucky.ndpi.ndpa,Tricolporites,Tricolporites sp.,MAYBE,circle,2
D3283-2_2024_02_06_15_37_28_Kentucky,/rhf/allocations/dsci435/smithsonian_full_sp26/raw/Images_with_annotations_for_CNN_training/D3283-2_2024_02_06_15_37_28_Kentucky.ndpi.ndpa,Trilete,Psilatriletes sp.,YES,circle,1
D3283-2_2024_02_06_15_37_28_Kentucky,/rhf/allocations/dsci435/smithsonian_full_sp26/raw/Images_with_annotations_for_CNN_training/D3283-2_2024_02_06_15_37_28_Kentucky.ndpi.ndpa,alg,Algae,NO,circle,13
D3283-2_2024_02_06_15_37_28_Kentucky,/rhf/allocations/dsci435/smithsonian_full_sp26/raw/Images_with_annotations_for_CNN_training/D3283-2_2024_02_06_15_37_28_Kentucky.ndpi.ndpa,alg?,Algae,NO,circle,5
D3283-2_2024_02_06_15_37_28_Kentucky,/rhf/allocations/dsci435/smithsonian_full_sp26/raw/Images_with_annotations_for_CNN_training/D3283-2_2024_02_06_15_37_28_Kentucky.ndpi.ndpa,din,Dinocyst,NO,circle,1
D3283-2_2024_02_06_15_37_28_Kentucky,/rhf/allocations/dsci435/smithsonian_full_sp26/raw/Images_with_annotations_for_CNN_training/D3283-2_2024_02_06_15_37_28_Kentucky.ndpi.ndpa,din?,Dinocyst,NO,circle,1
D3283-2_2024_02_06_15_37_28_Kentucky,/rhf/allocations/dsci435/smithsonian_full_sp26/raw/Images_with_annotations_for_CNN_training/D3283-2_2024_02_06_15_37_28_Kentucky.ndpi.ndpa,paly,Indet.,NO,circle,12
D3283-2_2024_02_06_15_37_28_Kentucky,/rhf/allocations/dsci435/smithsonian_full_sp26/raw/Images_with_annotations_for_CNN_training/D3283-2_2024_02_06_15_37_28_Kentucky.ndpi.ndpa,pol,pollen,NO,circle,24
D3407-2_L_2024_02_20_13_28_48_Texas,/rhf/allocations/dsci435/smithsonian_full_sp26/raw/Images_with_annotations_for_CNN_training/D3407-2_L_2024_02_20_13_28_48_Texas.ndpi.ndpa,,,UNTITLED,freehand,1
D3407-2_L_2024_02_20_13_28_48_Texas,/rhf/allocations/dsci435/smithsonian_full_sp26/raw/Images_with_annotations_for_CNN_training/D3407-2_L_2024_02_20_13_28_48_Texas.ndpi.ndpa,Momipites,Momipites sp,YES,circle,24
D3407-2_L_2024_02_20_13_28_48_Texas,/rhf/allocations/dsci435/smithsonian_full_sp26/raw/Images_with_annotations_for_CNN_training/D3407-2_L_2024_02_20_13_28_48_Texas.ndpi.ndpa,fun,Fungi,NO,circle,6
D3407-2_L_2024_02_20_13_28_48_Texas,/rhf/allocations/dsci435/smithsonian_full_sp26/raw/Images_with_annotations_for_CNN_training/D3407-2_L_2024_02_20_13_28_48_Texas.ndpi.ndpa,paly,Indet.,NO,circle,8
D3407-2_L_2024_02_20_13_28_48_Texas,/rhf/allocations/dsci435/smithsonian_full_sp26/raw/Images_with_annotations_for_CNN_training/D3407-2_L_2024_02_20_13_28_48_Texas.ndpi.ndpa,pol,pollen,NO,circle,76
D3408-1_L_2024_02_20_13_47_16_Texas,/rhf/allocations/dsci435/smithsonian_full_sp26/raw/Images_with_annotations_for_CNN_training/D3408-1_L_2024_02_20_13_47_16_Texas.ndpi.ndpa,,,UNTITLED,freehand,1
D3408-1_L_2024_02_20_13_47_16_Texas,/rhf/allocations/dsci435/smithsonian_full_sp26/raw/Images_with_annotations_for_CNN_training/D3408-1_L_2024_02_20_13_47_16_Texas.ndpi.ndpa,Arecaceae,,UNMAPPED,circle,1
D3408-1_L_2024_02_20_13_47_16_Texas,/rhf/allocations/dsci435/smithsonian_full_sp26/raw/Images_with_annotations_for_CNN_training/D3408-1_L_2024_02_20_13_47_16_Texas.ndpi.ndpa,Cicatricosisporites,Cicatricosisporites sp.,YES,circle,6
D3408-1_L_2024_02_20_13_47_16_Texas,/rhf/allocations/dsci435/smithsonian_full_sp26/raw/Images_with_annotations_for_CNN_training/D3408-1_L_2024_02_20_13_47_16_Texas.ndpi.ndpa,Cicatricosisporites dorogensis,Cicatricosisporites sp.,YES,circle,2
D3408-1_L_2024_02_20_13_47_16_Texas,/rhf/allocations/dsci435/smithsonian_full_sp26/raw/Images_with_annotations_for_CNN_training/D3408-1_L_2024_02_20_13_47_16_Texas.ndpi.ndpa,Momipites,Momipites sp,YES,circle,71
D3408-1_L_2024_02_20_13_47_16_Texas,/rhf/allocations/dsci435/smithsonian_full_sp26/raw/Images_with_annotations_for_CNN_training/D3408-1_L_2024_02_20_13_47_16_Texas.ndpi.ndpa,Monocolpites,Monocolpites sp.,YES,circle,1
D3408-1_L_2024_02_20_13_47_16_Texas,/rhf/allocations/dsci435/smithsonian_full_sp26/raw/Images_with_annotations_for_CNN_training/D3408-1_L_2024_02_20_13_47_16_Texas.ndpi.ndpa,fun,Fungi,NO,circle,63
D3408-1_L_2024_02_20_13_47_16_Texas,/rhf/allocations/dsci435/smithsonian_full_sp26/raw/Images_with_annotations_for_CNN_training/D3408-1_L_2024_02_20_13_47_16_Texas.ndpi.ndpa,paly,Indet.,NO,circle,69
D3408-1_L_2024_02_20_13_47_16_Texas,/rhf/allocations/dsci435/smithsonian_full_sp26/raw/Images_with_annotations_for_CNN_training/D3408-1_L_2024_02_20_13_47_16_Texas.ndpi.ndpa,pol,pollen,NO,circle,243
D3408-1_L_2024_02_20_13_47_16_Texas,/rhf/allocations/dsci435/smithsonian_full_sp26/raw/Images_with_annotations_for_CNN_training/D3408-1_L_2024_02_20_13_47_16_Texas.ndpi.ndpa,spo,spore,NO,circle,18
D3408_1_R_2024_02_20_19_10_35_Texas,/rhf/allocations/dsci435/smithsonian_full_sp26/raw/Images_with_annotations_for_CNN_training/D3408_1_R_2024_02_20_19_10_35_Texas.ndpi.ndpa,,,UNTITLED,freehand,1
D3408_1_R_2024_02_20_19_10_35_Texas,/rhf/allocations/dsci435/smithsonian_full_sp26/raw/Images_with_annotations_for_CNN_training/D3408_1_R_2024_02_20_19_10_35_Texas.ndpi.ndpa,Arecipites,,UNMAPPED,circle,2
D3408_1_R_2024_02_20_19_10_35_Texas,/rhf/allocations/dsci435/smithsonian_full_sp26/raw/Images_with_annotations_for_CNN_training/D3408_1_R_2024_02_20_19_10_35_Texas.ndpi.ndpa,Caryapollenites,Caryapollenites sp.,YES,circle,7
D3408_1_R_2024_02_20_19_10_35_Texas,/rhf/allocations/dsci435/smithsonian_full_sp26/raw/Images_with_annotations_for_CNN_training/D3408_1_R_2024_02_20_19_10_35_Texas.ndpi.ndpa,Cicatricosisporites,Cicatricosisporites sp.,YES,circle,5
D3408_1_R_2024_02_20_19_10_35_Texas,/rhf/allocations/dsci435/smithsonian_full_sp26/raw/Images_with_annotations_for_CNN_training/D3408_1_R_2024_02_20_19_10_35_Texas.ndpi.ndpa,Clavatricolporites,,UNMAPPED,circle,1
D3408_1_R_2024_02_20_19_10_35_Texas,/rhf/allocations/dsci435/smithsonian_full_sp26/raw/Images_with_annotations_for_CNN_training/D3408_1_R_2024_02_20_19_10_35_Texas.ndpi.ndpa,Deltoidospora,Psilatriletes sp.,YES,circle,1
D3408_1_R_2024_02_20_19_10_35_Texas,/rhf/allocations/dsci435/smithsonian_full_sp26/raw/Images_with_annotations_for_CNN_training/D3408_1_R_2024_02_20_19_10_35_Texas.ndpi.ndpa,Didymospore,Fungi,NO,circle,1
D3408_1_R_2024_02_20_19_10_35_Texas,/rhf/allocations/dsci435/smithsonian_full_sp26/raw/Images_with_annotations_for_CNN_training/D3408_1_R_2024_02_20_19_10_35_Texas.ndpi.ndpa,Germling,Fungi,NO,circle,1
D3408_1_R_2024_02_20_19_10_35_Texas,/rhf/allocations/dsci435/smithsonian_full_sp26/raw/Images_with_annotations_for_CNN_training/D3408_1_R_2024_02_20_19_10_35_Texas.ndpi.ndpa,Illexpollenites,Illexpollenites sp.,YES,circle,2
D3408_1_R_2024_02_20_19_10_35_Texas,/rhf/allocations/dsci435/smithsonian_full_sp26/raw/Images_with_annotations_for_CNN_training/D3408_1_R_2024_02_20_19_10_35_Texas.ndpi.ndpa,Liliacidites,,UNMAPPED,circle,2
D3408_1_R_2024_02_20_19_10_35_Texas,/rhf/allocations/dsci435/smithsonian_full_sp26/raw/Images_with_annotations_for_CNN_training/D3408_1_R_2024_02_20_19_10_35_Texas.ndpi.ndpa,Momipites,Momipites sp,YES,circle,47
D3408_1_R_2024_02_20_19_10_35_Texas,/rhf/allocations/dsci435/smithsonian_full_sp26/raw/Images_with_annotations_for_CNN_training/D3408_1_R_2024_02_20_19_10_35_Texas.ndpi.ndpa,Monocolpites,Monocolpites sp.,YES,circle,7
D3408_1_R_2024_02_20_19_10_35_Texas,/rhf/allocations/dsci435/smithsonian_full_sp26/raw/Images_with_annotations_for_CNN_training/D3408_1_R_2024_02_20_19_10_35_Texas.ndpi.ndpa,Monocolpopollenites,,UNMAPPED,circle,2
D3408_1_R_2024_02_20_19_10_35_Texas,/rhf/allocations/dsci435/smithsonian_full_sp26/raw/Images_with_annotations_for_CNN_training/D3408_1_R_2024_02_20_19_10_35_Texas.ndpi.ndpa,Monolete,Laevigatosporites sp.,YES,circle,1
D3408_1_R_2024_02_20_19_10_35_Texas,/rhf/allocations/dsci435/smithsonian_full_sp26/raw/Images_with_annotations_for_CNN_training/D3408_1_R_2024_02_20_19_10_35_Texas.ndpi.ndpa,Monosulcites,Monocolpites sp.,YES,circle,9
D3408_1_R_2024_02_20_19_10_35_Texas,/rhf/allocations/dsci435/smithsonian_full_sp26/raw/Images_with_annotations_for_CNN_training/D3408_1_R_2024_02_20_19_10_35_Texas.ndpi.ndpa,Retipollenites,Retipollenites sp.,YES,circle,1
D3408_1_R_2024_02_20_19_10_35_Texas,/rhf/allocations/dsci435/smithsonian_full_sp26/raw/Images_with_annotations_for_CNN_training/D3408_1_R_2024_02_20_19_10_35_Texas.ndpi.ndpa,Sabal,,UNMAPPED,circle,1
D3408_1_R_2024_02_20_19_10_35_Texas,/rhf/allocations/dsci435/smithsonian_full_sp26/raw/Images_with_annotations_for_CNN_training/D3408_1_R_2024_02_20_19_10_35_Texas.ndpi.ndpa,Tetracolporopollenites,,UNMAPPED,circle,3
D3408_1_R_2024_02_20_19_10_35_Texas,/rhf/allocations/dsci435/smithsonian_full_sp26/raw/Images_with_annotations_for_CNN_training/D3408_1_R_2024_02_20_19_10_35_Texas.ndpi.ndpa,Trichotomosulcites,,UNMAPPED,circle,4
D3408_1_R_2024_02_20_19_10_35_Texas,/rhf/allocations/dsci435/smithsonian_full_sp26/raw/Images_with_annotations_for_CNN_training/D3408_1_R_2024_02_20_19_10_35_Texas.ndpi.ndpa,Tricolpites,Tricolpites sp.,MAYBE,circle,3
D3408_1_R_2024_02_20_19_10_35_Texas,/rhf/allocations/dsci435/smithsonian_full_sp26/raw/Images_with_annotations_for_CNN_training/D3408_1_R_2024_02_20_19_10_35_Texas.ndpi.ndpa,di-triporites,,UNMAPPED,circle,1
D3408_1_R_2024_02_20_19_10_35_Texas,/rhf/allocations/dsci435/smithsonian_full_sp26/raw/Images_with_annotations_for_CNN_training/D3408_1_R_2024_02_20_19_10_35_Texas.ndpi.ndpa,fun,Fungi,NO,circle,52
D3408_1_R_2024_02_20_19_10_35_Texas,/rhf/allocations/dsci435/smithsonian_full_sp26/raw/Images_with_annotations_for_CNN_training/D3408_1_R_2024_02_20_19_10_35_Texas.ndpi.ndpa,paly,Indet.,NO,circle,55
D3408_1_R_2024_02_20_19_10_35_Texas,/rhf/allocations/dsci435/smithsonian_full_sp26/raw/Images_with_annotations_for_CNN_training/D3408_1_R_2024_02_20_19_10_35_Texas.ndpi.ndpa,pol,pollen,NO,circle,133
D3408_1_R_2024_02_20_19_10_35_Texas,/rhf/allocations/dsci435/smithsonian_full_sp26/raw/Images_with_annotations_for_CNN_training/D3408_1_R_2024_02_20_19_10_35_Texas.ndpi.ndpa,spo,spore,NO,circle,10
D3516-A_1_L_2024_02_20_12_51_02_Montana,/rhf/allocations/dsci435/smithsonian_full_sp26/raw/Images_with_annotations_for_CNN_training/D3516-A_1_L_2024_02_20_12_51_02_Montana.ndpi.ndpa,,,UNTITLED,freehand,2
D3516-A_1_L_2024_02_20_12_51_02_Montana,/rhf/allocations/dsci435/smithsonian_full_sp26/raw/Images_with_annotations_for_CNN_training/D3516-A_1_L_2024_02_20_12_51_02_Montana.ndpi.ndpa,Amerospore,Fungi,NO,circle,1
D3516-A_1_L_2024_02_20_12_51_02_Montana,/rhf/allocations/dsci435/smithsonian_full_sp26/raw/Images_with_annotations_for_CNN_training/D3516-A_1_L_2024_02_20_12_51_02_Montana.ndpi.ndpa,Azolla,Algae,NO,circle,2
D3516-A_1_L_2024_02_20_12_51_02_Montana,/rhf/allocations/dsci435/smithsonian_full_sp26/raw/Images_with_annotations_for_CNN_training/D3516-A_1_L_2024_02_20_12_51_02_Montana.ndpi.ndpa,Bipol,Bisaccate,YES,circle,8
D3516-A_1_L_2024_02_20_12_51_02_Montana,/rhf/allocations/dsci435/smithsonian_full_sp26/raw/Images_with_annotations_for_CNN_training/D3516-A_1_L_2024_02_20_12_51_02_Montana.ndpi.ndpa,Bombacacidites,,UNMAPPED,circle,1
D3516-A_1_L_2024_02_20_12_51_02_Montana,/rhf/allocations/dsci435/smithsonian_full_sp26/raw/Images_with_annotations_for_CNN_training/D3516-A_1_L_2024_02_20_12_51_02_Montana.ndpi.ndpa,din,Dinocyst,NO,circle,1
D3516-A_1_L_2024_02_20_12_51_02_Montana,/rhf/allocations/dsci435/smithsonian_full_sp26/raw/Images_with_annotations_for_CNN_training/D3516-A_1_L_2024_02_20_12_51_02_Montana.ndpi.ndpa,paly,Indet.,NO,circle,24
D3516-A_1_L_2024_02_20_12_51_02_Montana,/rhf/allocations/dsci435/smithsonian_full_sp26/raw/Images_with_annotations_for_CNN_training/D3516-A_1_L_2024_02_20_12_51_02_Montana.ndpi.ndpa,pol,pollen,NO,circle,15
D3516-A_1_L_2024_02_20_12_51_02_Montana,/rhf/allocations/dsci435/smithsonian_full_sp26/raw/Images_with_annotations_for_CNN_training/D3516-A_1_L_2024_02_20_12_51_02_Montana.ndpi.ndpa,spo,spore,NO,circle,8
D3516-A_1_R_2024_02_20_18_31_40_Montana,/rhf/allocations/dsci435/smithsonian_full_sp26/raw/Images_with_annotations_for_CNN_training/D3516-A_1_R_2024_02_20_18_31_40_Montana.ndpi.ndpa,,,UNTITLED,freehand,2
D3516-A_1_R_2024_02_20_18_31_40_Montana,/rhf/allocations/dsci435/smithsonian_full_sp26/raw/Images_with_annotations_for_CNN_training/D3516-A_1_R_2024_02_20_18_31_40_Montana.ndpi.ndpa,Bipol,Bisaccate,YES,circle,11
D3516-A_1_R_2024_02_20_18_31_40_Montana,/rhf/allocations/dsci435/smithsonian_full_sp26/raw/Images_with_annotations_for_CNN_training/D3516-A_1_R_2024_02_20_18_31_40_Montana.ndpi.ndpa,din,Dinocyst,NO,circle,2
D3516-A_1_R_2024_02_20_18_31_40_Montana,/rhf/allocations/dsci435/smithsonian_full_sp26/raw/Images_with_annotations_for_CNN_training/D3516-A_1_R_2024_02_20_18_31_40_Montana.ndpi.ndpa,fun,Fungi,NO,circle,1
D3516-A_1_R_2024_02_20_18_31_40_Montana,/rhf/allocations/dsci435/smithsonian_full_sp26/raw/Images_with_annotations_for_CNN_training/D3516-A_1_R_2024_02_20_18_31_40_Montana.ndpi.ndpa,paly,Indet.,NO,circle,19
D3516-A_1_R_2024_02_20_18_31_40_Montana,/rhf/allocations/dsci435/smithsonian_full_sp26/raw/Images_with_annotations_for_CNN_training/D3516-A_1_R_2024_02_20_18_31_40_Montana.ndpi.ndpa,pol,pollen,NO,circle,11
D3516-A_1_R_2024_02_20_18_31_40_Montana,/rhf/allocations/dsci435/smithsonian_full_sp26/raw/Images_with_annotations_for_CNN_training/D3516-A_1_R_2024_02_20_18_31_40_Montana.ndpi.ndpa,spo,spore,NO,circle,17
D3516-B_2_L_2024_02_20_14_24_29_Montana,/rhf/allocations/dsci435/smithsonian_full_sp26/raw/Images_with_annotations_for_CNN_training/D3516-B_2_L_2024_02_20_14_24_29_Montana.ndpi.ndpa,,,UNTITLED,freehand,2
D3516-B_2_L_2024_02_20_14_24_29_Montana,/rhf/allocations/dsci435/smithsonian_full_sp26/raw/Images_with_annotations_for_CNN_training/D3516-B_2_L_2024_02_20_14_24_29_Montana.ndpi.ndpa,Bipol,Bisaccate,YES,circle,6
D3516-B_2_L_2024_02_20_14_24_29_Montana,/rhf/allocations/dsci435/smithsonian_full_sp26/raw/Images_with_annotations_for_CNN_training/D3516-B_2_L_2024_02_20_14_24_29_Montana.ndpi.ndpa,Bombacacidites,,UNMAPPED,circle,1
D3516-B_2_L_2024_02_20_14_24_29_Montana,/rhf/allocations/dsci435/smithsonian_full_sp26/raw/Images_with_annotations_for_CNN_training/D3516-B_2_L_2024_02_20_14_24_29_Montana.ndpi.ndpa,Ericipites,Ericipites sp.,YES,circle,1
D3516-B_2_L_2024_02_20_14_24_29_Montana,/rhf/allocations/dsci435/smithsonian_full_sp26/raw/Images_with_annotations_for_CNN_training/D3516-B_2_L_2024_02_20_14_24_29_Montana.ndpi.ndpa,din,Dinocyst,NO,circle,6
D3516-B_2_L_2024_02_20_14_24_29_Montana,/rhf/allocations/dsci435/smithsonian_full_sp26/raw/Images_with_annotations_for_CNN_training/D3516-B_2_L_2024_02_20_14_24_29_Montana.ndpi.ndpa,paly,Indet.,NO,circle,40
D3516-B_2_L_2024_02_20_14_24_29_Montana,/rhf/allocations/dsci435/smithsonian_full_sp26/raw/Images_with_annotations_for_CNN_training/D3516-B_2_L_2024_02_20_14_24_29_Montana.ndpi.ndpa,pol,pollen,NO,circle,24
D3516-B_2_L_2024_02_20_14_24_29_Montana,/rhf/allocations/dsci435/smithsonian_full_sp26/raw/Images_with_annotations_for_CNN_training/D3516-B_2_L_2024_02_20_14_24_29_Montana.ndpi.ndpa,spo,spore,NO,circle,10
D3846_L_2024_02_20_11_51_22_N_Dakota,/rhf/allocations/dsci435/smithsonian_full_sp26/raw/Images_with_annotations_for_CNN_training/D3846_L_2024_02_20_11_51_22_N_Dakota.ndpi.ndpa,,,UNTITLED,freehand,5
D3846_L_2024_02_20_11_51_22_N_Dakota,/rhf/allocations/dsci435/smithsonian_full_sp26/raw/Images_with_annotations_for_CNN_training/D3846_L_2024_02_20_11_51_22_N_Dakota.ndpi.ndpa,Bipol,Bisaccate,YES,circle,3
D3846_L_2024_02_20_11_51_22_N_Dakota,/rhf/allocations/dsci435/smithsonian_full_sp26/raw/Images_with_annotations_for_CNN_training/D3846_L_2024_02_20_11_51_22_N_Dakota.ndpi.ndpa,Trilete,Psilatriletes sp.,YES,circle,2
D3846_L_2024_02_20_11_51_22_N_Dakota,/rhf/allocations/dsci435/smithsonian_full_sp26/raw/Images_with_annotations_for_CNN_training/D3846_L_2024_02_20_11_51_22_N_Dakota.ndpi.ndpa,fun,Fungi,NO,circle,3
D3846_L_2024_02_20_11_51_22_N_Dakota,/rhf/allocations/dsci435/smithsonian_full_sp26/raw/Images_with_annotations_for_CNN_training/D3846_L_2024_02_20_11_51_22_N_Dakota.ndpi.ndpa,paly,Indet.,NO,circle,13
D3846_L_2024_02_20_11_51_22_N_Dakota,/rhf/allocations/dsci435/smithsonian_full_sp26/raw/Images_with_annotations_for_CNN_training/D3846_L_2024_02_20_11_51_22_N_Dakota.ndpi.ndpa,pol,pollen,NO,circle,11
D3846_L_2024_02_20_11_51_22_N_Dakota,/rhf/allocations/dsci435/smithsonian_full_sp26/raw/Images_with_annotations_for_CNN_training/D3846_L_2024_02_20_11_51_22_N_Dakota.ndpi.ndpa,spo,spore,NO,circle,3
D3869-1_L_2024_02_20_12_12_54_Wyoming,/rhf/allocations/dsci435/smithsonian_full_sp26/raw/Images_with_annotations_for_CNN_training/D3869-1_L_2024_02_20_12_12_54_Wyoming.ndpi.ndpa,,,UNTITLED,freehand,3
D3869-1_L_2024_02_20_12_12_54_Wyoming,/rhf/allocations/dsci435/smithsonian_full_sp26/raw/Images_with_annotations_for_CNN_training/D3869-1_L_2024_02_20_12_12_54_Wyoming.ndpi.ndpa,Bipol,Bisaccate,YES,circle,22
D3869-1_L_2024_02_20_12_12_54_Wyoming,/rhf/allocations/dsci435/smithsonian_full_sp26/raw/Images_with_annotations_for_CNN_training/D3869-1_L_2024_02_20_12_12_54_Wyoming.ndpi.ndpa,Monoporopollenites annulatus,Monoporopollenites,NO,circle,1
D3869-1_L_2024_02_20_12_12_54_Wyoming,/rhf/allocations/dsci435/smithsonian_full_sp26/raw/Images_with_annotations_for_CNN_training/D3869-1_L_2024_02_20_12_12_54_Wyoming.ndpi.ndpa,Paly,Indet.,NO,circle,1
D3869-1_L_2024_02_20_12_12_54_Wyoming,/rhf/allocations/dsci435/smithsonian_full_sp26/raw/Images_with_annotations_for_CNN_training/D3869-1_L_2024_02_20_12_12_54_Wyoming.ndpi.ndpa,din,Dinocyst,NO,circle,1
D3869-1_L_2024_02_20_12_12_54_Wyoming,/rhf/allocations/dsci435/smithsonian_full_sp26/raw/Images_with_annotations_for_CNN_training/D3869-1_L_2024_02_20_12_12_54_Wyoming.ndpi.ndpa,fun,Fungi,NO,circle,2
D3869-1_L_2024_02_20_12_12_54_Wyoming,/rhf/allocations/dsci435/smithsonian_full_sp26/raw/Images_with_annotations_for_CNN_training/D3869-1_L_2024_02_20_12_12_54_Wyoming.ndpi.ndpa,paly,Indet.,NO,circle,23
D3869-1_L_2024_02_20_12_12_54_Wyoming,/rhf/allocations/dsci435/smithsonian_full_sp26/raw/Images_with_annotations_for_CNN_training/D3869-1_L_2024_02_20_12_12_54_Wyoming.ndpi.ndpa,pol,pollen,NO,circle,16
D3869-1_L_2024_02_20_12_12_54_Wyoming,/rhf/allocations/dsci435/smithsonian_full_sp26/raw/Images_with_annotations_for_CNN_training/D3869-1_L_2024_02_20_12_12_54_Wyoming.ndpi.ndpa,spo,spore,NO,circle,1
D3869-1_R_2024_02_20_17_53_41_Wyoming,/rhf/allocations/dsci435/smithsonian_full_sp26/raw/Images_with_annotations_for_CNN_training/D3869-1_R_2024_02_20_17_53_41_Wyoming.ndpi.ndpa,,,UNTITLED,freehand,2
D3869-1_R_2024_02_20_17_53_41_Wyoming,/rhf/allocations/dsci435/smithsonian_full_sp26/raw/Images_with_annotations_for_CNN_training/D3869-1_R_2024_02_20_17_53_41_Wyoming.ndpi.ndpa,Bipol,Bisaccate,YES,circle,33
D3869-1_R_2024_02_20_17_53_41_Wyoming,/rhf/allocations/dsci435/smithsonian_full_sp26/raw/Images_with_annotations_for_CNN_training/D3869-1_R_2024_02_20_17_53_41_Wyoming.ndpi.ndpa,alg,Algae,NO,circle,1
D3869-1_R_2024_02_20_17_53_41_Wyoming,/rhf/allocations/dsci435/smithsonian_full_sp26/raw/Images_with_annotations_for_CNN_training/D3869-1_R_2024_02_20_17_53_41_Wyoming.ndpi.ndpa,fun,Fungi,NO,circle,1
D3869-1_R_2024_02_20_17_53_41_Wyoming,/rhf/allocations/dsci435/smithsonian_full_sp26/raw/Images_with_annotations_for_CNN_training/D3869-1_R_2024_02_20_17_53_41_Wyoming.ndpi.ndpa,paly,Indet.,NO,circle,23
D3869-1_R_2024_02_20_17_53_41_Wyoming,/rhf/allocations/dsci435/smithsonian_full_sp26/raw/Images_with_annotations_for_CNN_training/D3869-1_R_2024_02_20_17_53_41_Wyoming.ndpi.ndpa,pol,pollen,NO,circle,24
D3869-1_R_2024_02_20_17_53_41_Wyoming,/rhf/allocations/dsci435/smithsonian_full_sp26/raw/Images_with_annotations_for_CNN_training/D3869-1_R_2024_02_20_17_53_41_Wyoming.ndpi.ndpa,spo,spore,NO,circle,1
D4126B_L_2024_02_06_09_40_23_Wyoming,/rhf/allocations/dsci435/smithsonian_full_sp26/raw/D4126B_L_2024_02_06_09_40_23_Wyoming.ndpi.ndpa,,,UNTITLED,freehand,1
D4191_I_L_2024_02_06_12_10_36_Kentucky,/rhf/allocations/dsci435/smithsonian_full_sp26/raw/Images_with_annotations_for_CNN_training/D4191_I_L_2024_02_06_12_10_36_Kentucky.ndpi.ndpa,,,UNTITLED,freehand,3
D4191_I_L_2024_02_06_12_10_36_Kentucky,/rhf/allocations/dsci435/smithsonian_full_sp26/raw/Images_with_annotations_for_CNN_training/D4191_I_L_2024_02_06_12_10_36_Kentucky.ndpi.ndpa,Amerospore,Fungi,NO,circle,1
D4191_I_L_2024_02_06_12_10_36_Kentucky,/rhf/allocations/dsci435/smithsonian_full_sp26/raw/Images_with_annotations_for_CNN_training/D4191_I_L_2024_02_06_12_10_36_Kentucky.ndpi.ndpa,Bisaccate,Bisaccate,YES,circle,1
D4191_I_L_2024_02_06_12_10_36_Kentucky,/rhf/allocations/dsci435/smithsonian_full_sp26/raw/Images_with_annotations_for_CNN_training/D4191_I_L_2024_02_06_12_10_36_Kentucky.ndpi.ndpa,Bulbilspore,Fungi,NO,circle,1
D4191_I_L_2024_02_06_12_10_36_Kentucky,/rhf/allocations/dsci435/smithsonian_full_sp26/raw/Images_with_annotations_for_CNN_training/D4191_I_L_2024_02_06_12_10_36_Kentucky.ndpi.ndpa,alg,Algae,NO,circle,1
D4191_I_L_2024_02_06_12_10_36_Kentucky,/rhf/allocations/dsci435/smithsonian_full_sp26/raw/Images_with_annotations_for_CNN_training/D4191_I_L_2024_02_06_12_10_36_Kentucky.ndpi.ndpa,din,Dinocyst,NO,circle,5
D4191_I_L_2024_02_06_12_10_36_Kentucky,/rhf/allocations/dsci435/smithsonian_full_sp26/raw/Images_with_annotations_for_CNN_training/D4191_I_L_2024_02_06_12_10_36_Kentucky.ndpi.ndpa,din?,Dinocyst,NO,circle,1
D4191_I_L_2024_02_06_12_10_36_Kentucky,/rhf/allocations/dsci435/smithsonian_full_sp26/raw/Images_with_annotations_for_CNN_training/D4191_I_L_2024_02_06_12_10_36_Kentucky.ndpi.ndpa,fun,Fungi,NO,circle,2
D4191_I_L_2024_02_06_12_10_36_Kentucky,/rhf/allocations/dsci435/smithsonian_full_sp26/raw/Images_with_annotations_for_CNN_training/D4191_I_L_2024_02_06_12_10_36_Kentucky.ndpi.ndpa,paly,Indet.,NO,circle,16
D4191_I_L_2024_02_06_12_10_36_Kentucky,/rhf/allocations/dsci435/smithsonian_full_sp26/raw/Images_with_annotations_for_CNN_training/D4191_I_L_2024_02_06_12_10_36_Kentucky.ndpi.ndpa,pol,pollen,NO,circle,19
D4191_I_L_2024_02_06_12_10_36_Kentucky,/rhf/allocations/dsci435/smithsonian_full_sp26/raw/Images_with_annotations_for_CNN_training/D4191_I_L_2024_02_06_12_10_36_Kentucky.ndpi.ndpa,spo,spore,NO,circle,2
D4200_2_2024_02_06_12_29_47_Wyoming,/rhf/allocations/dsci435/smithsonian_full_sp26/raw/Images_with_annotations_for_CNN_training/D4200_2_2024_02_06_12_29_47_Wyoming.ndpi.ndpa,,,UNTITLED,freehand,2
D4200_2_2024_02_06_12_29_47_Wyoming,/rhf/allocations/dsci435/smithsonian_full_sp26/raw/Images_with_annotations_for_CNN_training/D4200_2_2024_02_06_12_29_47_Wyoming.ndpi.ndpa,Momipites,Momipites sp,YES,circle,1
D4200_2_2024_02_06_12_29_47_Wyoming,/rhf/allocations/dsci435/smithsonian_full_sp26/raw/Images_with_annotations_for_CNN_training/D4200_2_2024_02_06_12_29_47_Wyoming.ndpi.ndpa,fun,Fungi,NO,circle,1
D4200_2_2024_02_06_12_29_47_Wyoming,/rhf/allocations/dsci435/smithsonian_full_sp26/raw/Images_with_annotations_for_CNN_training/D4200_2_2024_02_06_12_29_47_Wyoming.ndpi.ndpa,paly,Indet.,NO,circle,23
D4200_2_2024_02_06_12_29_47_Wyoming,/rhf/allocations/dsci435/smithsonian_full_sp26/raw/Images_with_annotations_for_CNN_training/D4200_2_2024_02_06_12_29_47_Wyoming.ndpi.ndpa,pol,pollen,NO,circle,28
D4200_2_2024_02_06_12_29_47_Wyoming,/rhf/allocations/dsci435/smithsonian_full_sp26/raw/Images_with_annotations_for_CNN_training/D4200_2_2024_02_06_12_29_47_Wyoming.ndpi.ndpa,spo,spore,NO,circle,3
D4220-A_L_2024-02-06_11_51_42_Maryland,/rhf/allocations/dsci435/smithsonian_full_sp26/raw/Images_with_annotations_for_CNN_training/D4220-A_L_2024-02-06_11_51_42_Maryland.ndpi.ndpa,,,UNTITLED,freehand,1
D4220-A_L_2024-02-06_11_51_42_Maryland,/rhf/allocations/dsci435/smithsonian_full_sp26/raw/Images_with_annotations_for_CNN_training/D4220-A_L_2024-02-06_11_51_42_Maryland.ndpi.ndpa,Amerospore,Fungi,NO,circle,1
D4220-A_L_2024-02-06_11_51_42_Maryland,/rhf/allocations/dsci435/smithsonian_full_sp26/raw/Images_with_annotations_for_CNN_training/D4220-A_L_2024-02-06_11_51_42_Maryland.ndpi.ndpa,Bisaccate,Bisaccate,YES,circle,2
D4220-A_L_2024-02-06_11_51_42_Maryland,/rhf/allocations/dsci435/smithsonian_full_sp26/raw/Images_with_annotations_for_CNN_training/D4220-A_L_2024-02-06_11_51_42_Maryland.ndpi.ndpa,Monoporopollenites annulatus,Monoporopollenites,NO,circle,1
D4220-A_L_2024-02-06_11_51_42_Maryland,/rhf/allocations/dsci435/smithsonian_full_sp26/raw/Images_with_annotations_for_CNN_training/D4220-A_L_2024-02-06_11_51_42_Maryland.ndpi.ndpa,Retitricolpites,,UNMAPPED,circle,1
D4220-A_L_2024-02-06_11_51_42_Maryland,/rhf/allocations/dsci435/smithsonian_full_sp26/raw/Images_with_annotations_for_CNN_training/D4220-A_L_2024-02-06_11_51_42_Maryland.ndpi.ndpa,Tricolpites,Tricolpites sp.,MAYBE,circle,2
D4220-A_L_2024-02-06_11_51_42_Maryland,/rhf/allocations/dsci435/smithsonian_full_sp26/raw/Images_with_annotations_for_CNN_training/D4220-A_L_2024-02-06_11_51_42_Maryland.ndpi.ndpa,Tricolporites,Tricolporites sp.,MAYBE,circle,1
D4220-A_L_2024-02-06_11_51_42_Maryland,/rhf/allocations/dsci435/smithsonian_full_sp26/raw/Images_with_annotations_for_CNN_training/D4220-A_L_2024-02-06_11_51_42_Maryland.ndpi.ndpa,alg,Algae,NO,circle,1
D4220-A_L_2024-02-06_11_51_42_Maryland,/rhf/allocations/dsci435/smithsonian_full_sp26/raw/Images_with_annotations_for_CNN_training/D4220-A_L_2024-02-06_11_51_42_Maryland.ndpi.ndpa,din,Dinocyst,NO,circle,8
D4220-A_L_2024-02-06_11_51_42_Maryland,/rhf/allocations/dsci435/smithsonian_full_sp26/raw/Images_with_annotations_for_CNN_training/D4220-A_L_2024-02-06_11_51_42_Maryland.ndpi.ndpa,paly,Indet.,NO,circle,14
D4220-A_L_2024-02-06_11_51_42_Maryland,/rhf/allocations/dsci435/smithsonian_full_sp26/raw/Images_with_annotations_for_CNN_training/D4220-A_L_2024-02-06_11_51_42_Maryland.ndpi.ndpa,paly?,Indet.,NO,circle,1
D4220-A_L_2024-02-06_11_51_42_Maryland,/rhf/allocations/dsci435/smithsonian_full_sp26/raw/Images_with_annotations_for_CNN_training/D4220-A_L_2024-02-06_11_51_42_Maryland.ndpi.ndpa,pol,pollen,NO,circle,35
D4220-A_R_2024-02-06_15_18_34_Maryland,/rhf/allocations/dsci435/smithsonian_full_sp26/raw/D4220-A_R_2024-02-06_15_18_34_Maryland.ndpi.ndpa,,,UNTITLED,freehand,1
D4220_A_L_2024_02_06_11_51_42_Maryland,/rhf/allocations/dsci435/smithsonian_full_sp26/raw/Images_with_annotations_for_CNN_training/D4220_A_L_2024_02_06_11_51_42_Maryland.ndpi.ndpa,,,UNTITLED,freehand,1
D4220_A_L_2024_02_06_11_51_42_Maryland,/rhf/allocations/dsci435/smithsonian_full_sp26/raw/Images_with_annotations_for_CNN_training/D4220_A_L_2024_02_06_11_51_42_Maryland.ndpi.ndpa,Amerospore,Fungi,NO,circle,1
D4220_A_L_2024_02_06_11_51_42_Maryland,/rhf/allocations/dsci435/smithsonian_full_sp26/raw/Images_with_annotations_for_CNN_training/D4220_A_L_2024_02_06_11_51_42_Maryland.ndpi.ndpa,Bisaccate pollen,Bisaccate,YES,circle,2
D4220_A_L_2024_02_06_11_51_42_Maryland,/rhf/allocations/dsci435/smithsonian_full_sp26/raw/Images_with_annotations_for_CNN_training/D4220_A_L_2024_02_06_11_51_42_Maryland.ndpi.ndpa,Dinocyst 4220,Dinocyst,NO,circle,1
D4220_A_L_2024_02_06_11_51_42_Maryland,/rhf/allocations/dsci435/smithsonian_full_sp26/raw/Images_with_annotations_for_CNN_training/D4220_A_L_2024_02_06_11_51_42_Maryland.ndpi.ndpa,Dinocyst D4220,Dinocyst,NO,circle,1
D4220_A_L_2024_02_06_11_51_42_Maryland,/rhf/allocations/dsci435/smithsonian_full_sp26/raw/Images_with_annotations_for_CNN_training/D4220_A_L_2024_02_06_11_51_42_Maryland.ndpi.ndpa,Illexpollenites,Illexpollenites sp.,YES,circle,1
D4220_A_L_2024_02_06_11_51_42_Maryland,/rhf/allocations/dsci435/smithsonian_full_sp26/raw/Images_with_annotations_for_CNN_training/D4220_A_L_2024_02_06_11_51_42_Maryland.ndpi.ndpa,Monoporopollenites annulatus,Monoporopollenites,NO,circle,1
D4220_A_L_2024_02_06_11_51_42_Maryland,/rhf/allocations/dsci435/smithsonian_full_sp26/raw/Images_with_annotations_for_CNN_training/D4220_A_L_2024_02_06_11_51_42_Maryland.ndpi.ndpa,Retitrescolpites cf. catenatus,,UNMAPPED,circle,1
D4220_A_L_2024_02_06_11_51_42_Maryland,/rhf/allocations/dsci435/smithsonian_full_sp26/raw/Images_with_annotations_for_CNN_training/D4220_A_L_2024_02_06_11_51_42_Maryland.ndpi.ndpa,TCT,,UNMAPPED,circle,1
D4220_A_L_2024_02_06_11_51_42_Maryland,/rhf/allocations/dsci435/smithsonian_full_sp26/raw/Images_with_annotations_for_CNN_training/D4220_A_L_2024_02_06_11_51_42_Maryland.ndpi.ndpa,Tricolpites,Tricolpites sp.,MAYBE,circle,4
D4220_A_L_2024_02_06_11_51_42_Maryland,/rhf/allocations/dsci435/smithsonian_full_sp26/raw/Images_with_annotations_for_CNN_training/D4220_A_L_2024_02_06_11_51_42_Maryland.ndpi.ndpa,Tricolporites,Tricolporites sp.,MAYBE,circle,2
D4220_A_L_2024_02_06_11_51_42_Maryland,/rhf/allocations/dsci435/smithsonian_full_sp26/raw/Images_with_annotations_for_CNN_training/D4220_A_L_2024_02_06_11_51_42_Maryland.ndpi.ndpa,din,Dinocyst,NO,circle,9
D4220_A_L_2024_02_06_11_51_42_Maryland,/rhf/allocations/dsci435/smithsonian_full_sp26/raw/Images_with_annotations_for_CNN_training/D4220_A_L_2024_02_06_11_51_42_Maryland.ndpi.ndpa,paly,Indet.,NO,circle,16
D4220_A_L_2024_02_06_11_51_42_Maryland,/rhf/allocations/dsci435/smithsonian_full_sp26/raw/Images_with_annotations_for_CNN_training/D4220_A_L_2024_02_06_11_51_42_Maryland.ndpi.ndpa,pol,pollen,NO,circle,20
D4220_A_L_2024_02_06_11_51_42_Maryland,/rhf/allocations/dsci435/smithsonian_full_sp26/raw/Images_with_annotations_for_CNN_training/D4220_A_L_2024_02_06_11_51_42_Maryland.ndpi.ndpa,spo,spore,NO,circle,1
D4354-3_L_2024_02_02_15_12_37_Arkansas,/rhf/allocations/dsci435/smithsonian_full_sp26/raw/D4354-3_L_2024_02_02_15_12_37_Arkansas.ndpi.ndpa,,,UNTITLED,freehand,1
D4354_3_R_2024_02_05_12_39_12_Arkansas,/rhf/allocations/dsci435/smithsonian_full_sp26/raw/Images_with_annotations_for_CNN_training/D4354_3_R_2024_02_05_12_39_12_Arkansas.ndpi.ndpa,,,UNTITLED,freehand,1
D4354_3_R_2024_02_05_12_39_12_Arkansas,/rhf/allocations/dsci435/smithsonian_full_sp26/raw/Images_with_annotations_for_CNN_training/D4354_3_R_2024_02_05_12_39_12_Arkansas.ndpi.ndpa,Arecipites reticulatus,Arecipites sp.,YES,circle,1
D4354_3_R_2024_02_05_12_39_12_Arkansas,/rhf/allocations/dsci435/smithsonian_full_sp26/raw/Images_with_annotations_for_CNN_training/D4354_3_R_2024_02_05_12_39_12_Arkansas.ndpi.ndpa,Caryapollenites,Caryapollenites sp.,YES,circle,3
D4354_3_R_2024_02_05_12_39_12_Arkansas,/rhf/allocations/dsci435/smithsonian_full_sp26/raw/Images_with_annotations_for_CNN_training/D4354_3_R_2024_02_05_12_39_12_Arkansas.ndpi.ndpa,Monolete,Laevigatosporites sp.,YES,circle,1
D4354_3_R_2024_02_05_12_39_12_Arkansas,/rhf/allocations/dsci435/smithsonian_full_sp26/raw/Images_with_annotations_for_CNN_training/D4354_3_R_2024_02_05_12_39_12_Arkansas.ndpi.ndpa,Tricolpites,Tricolpites sp.,MAYBE,circle,6
D4354_3_R_2024_02_05_12_39_12_Arkansas,/rhf/allocations/dsci435/smithsonian_full_sp26/raw/Images_with_annotations_for_CNN_training/D4354_3_R_2024_02_05_12_39_12_Arkansas.ndpi.ndpa,Tricolporites,Tricolporites sp.,MAYBE,circle,1
D4354_3_R_2024_02_05_12_39_12_Arkansas,/rhf/allocations/dsci435/smithsonian_full_sp26/raw/Images_with_annotations_for_CNN_training/D4354_3_R_2024_02_05_12_39_12_Arkansas.ndpi.ndpa,Triletes,Psilatriletes sp.,YES,circle,1
D4354_3_R_2024_02_05_12_39_12_Arkansas,/rhf/allocations/dsci435/smithsonian_full_sp26/raw/Images_with_annotations_for_CNN_training/D4354_3_R_2024_02_05_12_39_12_Arkansas.ndpi.ndpa,Triporopollenites,,UNMAPPED,circle,1
D4354_3_R_2024_02_05_12_39_12_Arkansas,/rhf/allocations/dsci435/smithsonian_full_sp26/raw/Images_with_annotations_for_CNN_training/D4354_3_R_2024_02_05_12_39_12_Arkansas.ndpi.ndpa,alg,Algae,NO,circle,4
D4354_3_R_2024_02_05_12_39_12_Arkansas,/rhf/allocations/dsci435/smithsonian_full_sp26/raw/Images_with_annotations_for_CNN_training/D4354_3_R_2024_02_05_12_39_12_Arkansas.ndpi.ndpa,din,Dinocyst,NO,circle,1
D4354_3_R_2024_02_05_12_39_12_Arkansas,/rhf/allocations/dsci435/smithsonian_full_sp26/raw/Images_with_annotations_for_CNN_training/D4354_3_R_2024_02_05_12_39_12_Arkansas.ndpi.ndpa,paly,Indet.,NO,circle,6
D4354_3_R_2024_02_05_12_39_12_Arkansas,/rhf/allocations/dsci435/smithsonian_full_sp26/raw/Images_with_annotations_for_CNN_training/D4354_3_R_2024_02_05_12_39_12_Arkansas.ndpi.ndpa,pol,pollen,NO,circle,26
D4702-2_L_2024_02_06_09_21_01_Wyoming,/rhf/allocations/dsci435/smithsonian_full_sp26/raw/D4702-2_L_2024_02_06_09_21_01_Wyoming.ndpi.ndpa,,,UNTITLED,freehand,1
D4702-2_L_2024_02_06_09_21_01_Wyoming,/rhf/allocations/dsci435/smithsonian_full_sp26/raw/D4702-2_L_2024_02_06_09_21_01_Wyoming.ndpi.ndpa,Caryapollenites,Caryapollenites sp.,YES,circle,1
D4702-2_L_2024_02_06_09_21_01_Wyoming,/rhf/allocations/dsci435/smithsonian_full_sp26/raw/D4702-2_L_2024_02_06_09_21_01_Wyoming.ndpi.ndpa,Erdtmanipollis cretaceous,,UNMAPPED,circle,1
D4702-2_L_2024_02_06_09_21_01_Wyoming,/rhf/allocations/dsci435/smithsonian_full_sp26/raw/D4702-2_L_2024_02_06_09_21_01_Wyoming.ndpi.ndpa,spo,spore,NO,circle,3
D4919-A_1_L_2024_02_01_14_07_43_Georgia,/rhf/allocations/dsci435/smithsonian_full_sp26/raw/Images_with_annotations_for_CNN_training/D4919-A_1_L_2024_02_01_14_07_43_Georgia.ndpi.ndpa,,,UNTITLED,freehand,3
D4919-A_1_L_2024_02_01_14_07_43_Georgia,/rhf/allocations/dsci435/smithsonian_full_sp26/raw/Images_with_annotations_for_CNN_training/D4919-A_1_L_2024_02_01_14_07_43_Georgia.ndpi.ndpa,Betulaceae,Betulaceae,YES,circle,1
D4919-A_1_L_2024_02_01_14_07_43_Georgia,/rhf/allocations/dsci435/smithsonian_full_sp26/raw/Images_with_annotations_for_CNN_training/D4919-A_1_L_2024_02_01_14_07_43_Georgia.ndpi.ndpa,Cicatricosisporites,Cicatricosisporites sp.,YES,circle,1
D4919-A_1_L_2024_02_01_14_07_43_Georgia,/rhf/allocations/dsci435/smithsonian_full_sp26/raw/Images_with_annotations_for_CNN_training/D4919-A_1_L_2024_02_01_14_07_43_Georgia.ndpi.ndpa,Monocolpites,Monocolpites sp.,YES,circle,5
D4919-A_1_L_2024_02_01_14_07_43_Georgia,/rhf/allocations/dsci435/smithsonian_full_sp26/raw/Images_with_annotations_for_CNN_training/D4919-A_1_L_2024_02_01_14_07_43_Georgia.ndpi.ndpa,Tricolpites,Tricolpites sp.,MAYBE,circle,1
D4919-A_1_L_2024_02_01_14_07_43_Georgia,/rhf/allocations/dsci435/smithsonian_full_sp26/raw/Images_with_annotations_for_CNN_training/D4919-A_1_L_2024_02_01_14_07_43_Georgia.ndpi.ndpa,fun,Fungi,NO,circle,6
D4919-A_1_L_2024_02_01_14_07_43_Georgia,/rhf/allocations/dsci435/smithsonian_full_sp26/raw/Images_with_annotations_for_CNN_training/D4919-A_1_L_2024_02_01_14_07_43_Georgia.ndpi.ndpa,paly,Indet.,NO,circle,8
D4919-A_1_L_2024_02_01_14_07_43_Georgia,/rhf/allocations/dsci435/smithsonian_full_sp26/raw/Images_with_annotations_for_CNN_training/D4919-A_1_L_2024_02_01_14_07_43_Georgia.ndpi.ndpa,pol,pollen,NO,circle,34
D4919-A_1_L_2024_02_01_14_07_43_Georgia,/rhf/allocations/dsci435/smithsonian_full_sp26/raw/Images_with_annotations_for_CNN_training/D4919-A_1_L_2024_02_01_14_07_43_Georgia.ndpi.ndpa,spo,spore,NO,circle,3
D5151-B-1_L_2024_02_02_15_31_05_Tennessee,/rhf/allocations/dsci435/smithsonian_full_sp26/raw/Images_with_annotations_for_CNN_training/D5151-B-1_L_2024_02_02_15_31_05_Tennessee.ndpi.ndpa,,,UNTITLED,freehand,1
D5151-B-1_L_2024_02_02_15_31_05_Tennessee,/rhf/allocations/dsci435/smithsonian_full_sp26/raw/Images_with_annotations_for_CNN_training/D5151-B-1_L_2024_02_02_15_31_05_Tennessee.ndpi.ndpa,Momipites,Momipites sp,YES,circle,16
D5151-B-1_L_2024_02_02_15_31_05_Tennessee,/rhf/allocations/dsci435/smithsonian_full_sp26/raw/Images_with_annotations_for_CNN_training/D5151-B-1_L_2024_02_02_15_31_05_Tennessee.ndpi.ndpa,Monocolpites,Monocolpites sp.,YES,circle,1
D5151-B-1_L_2024_02_02_15_31_05_Tennessee,/rhf/allocations/dsci435/smithsonian_full_sp26/raw/Images_with_annotations_for_CNN_training/D5151-B-1_L_2024_02_02_15_31_05_Tennessee.ndpi.ndpa,Tricolpites,Tricolpites sp.,MAYBE,circle,1
D5151-B-1_L_2024_02_02_15_31_05_Tennessee,/rhf/allocations/dsci435/smithsonian_full_sp26/raw/Images_with_annotations_for_CNN_training/D5151-B-1_L_2024_02_02_15_31_05_Tennessee.ndpi.ndpa,fun,Fungi,NO,circle,4
D5151-B-1_L_2024_02_02_15_31_05_Tennessee,/rhf/allocations/dsci435/smithsonian_full_sp26/raw/Images_with_annotations_for_CNN_training/D5151-B-1_L_2024_02_02_15_31_05_Tennessee.ndpi.ndpa,paly,Indet.,NO,circle,6
D5151-B-1_L_2024_02_02_15_31_05_Tennessee,/rhf/allocations/dsci435/smithsonian_full_sp26/raw/Images_with_annotations_for_CNN_training/D5151-B-1_L_2024_02_02_15_31_05_Tennessee.ndpi.ndpa,pol,pollen,NO,circle,304
D5151-B-1_L_2024_02_02_15_31_05_Tennessee,/rhf/allocations/dsci435/smithsonian_full_sp26/raw/Images_with_annotations_for_CNN_training/D5151-B-1_L_2024_02_02_15_31_05_Tennessee.ndpi.ndpa,spo,spore,NO,circle,3
D5151-B-1_L_2024_02_02_15_31_05_Tennessee,/rhf/allocations/dsci435/smithsonian_full_sp26/raw/Images_with_annotations_for_CNN_training/D5151-B-1_L_2024_02_02_15_31_05_Tennessee.ndpi.ndpa,spo?,spore,NO,circle,2
D5151-B-1_R_2024_02_05_12_20_00_Tennessee,/rhf/allocations/dsci435/smithsonian_full_sp26/raw/D5151-B-1_R_2024_02_05_12_20_00_Tennessee.ndpi.ndpa,,,UNTITLED,freehand,1
D5406_1_L_2024_02_09_10_25_26_Colorado,/rhf/allocations/dsci435/smithsonian_full_sp26/raw/Images_with_annotations_for_CNN_training/D5406_1_L_2024_02_09_10_25_26_Colorado.ndpi.ndpa,,,UNTITLED,freehand,2
D5406_1_L_2024_02_09_10_25_26_Colorado,/rhf/allocations/dsci435/smithsonian_full_sp26/raw/Images_with_annotations_for_CNN_training/D5406_1_L_2024_02_09_10_25_26_Colorado.ndpi.ndpa,din,Dinocyst,NO,circle,7
D5406_1_L_2024_02_09_10_25_26_Colorado,/rhf/allocations/dsci435/smithsonian_full_sp26/raw/Images_with_annotations_for_CNN_training/D5406_1_L_2024_02_09_10_25_26_Colorado.ndpi.ndpa,fun,Fungi,NO,circle,6
D5406_1_L_2024_02_09_10_25_26_Colorado,/rhf/allocations/dsci435/smithsonian_full_sp26/raw/Images_with_annotations_for_CNN_training/D5406_1_L_2024_02_09_10_25_26_Colorado.ndpi.ndpa,paly,Indet.,NO,circle,91
D5406_1_L_2024_02_09_10_25_26_Colorado,/rhf/allocations/dsci435/smithsonian_full_sp26/raw/Images_with_annotations_for_CNN_training/D5406_1_L_2024_02_09_10_25_26_Colorado.ndpi.ndpa,pol,pollen,NO,circle,15
D5406_1_L_2024_02_09_10_25_26_Colorado,/rhf/allocations/dsci435/smithsonian_full_sp26/raw/Images_with_annotations_for_CNN_training/D5406_1_L_2024_02_09_10_25_26_Colorado.ndpi.ndpa,spo,spore,NO,circle,3
D5410_1_L_2024_02_09_10_06_56_Utah,/rhf/allocations/dsci435/smithsonian_full_sp26/raw/Images_with_annotations_for_CNN_training/D5410_1_L_2024_02_09_10_06_56_Utah.ndpi.ndpa,,,UNTITLED,freehand,2
D5410_1_L_2024_02_09_10_06_56_Utah,/rhf/allocations/dsci435/smithsonian_full_sp26/raw/Images_with_annotations_for_CNN_training/D5410_1_L_2024_02_09_10_06_56_Utah.ndpi.ndpa,Botryococcus,Algae,NO,circle,1
D5410_1_L_2024_02_09_10_06_56_Utah,/rhf/allocations/dsci435/smithsonian_full_sp26/raw/Images_with_annotations_for_CNN_training/D5410_1_L_2024_02_09_10_06_56_Utah.ndpi.ndpa,alg,Algae,NO,circle,1
D5410_1_L_2024_02_09_10_06_56_Utah,/rhf/allocations/dsci435/smithsonian_full_sp26/raw/Images_with_annotations_for_CNN_training/D5410_1_L_2024_02_09_10_06_56_Utah.ndpi.ndpa,fun,Fungi,NO,circle,9
D5410_1_L_2024_02_09_10_06_56_Utah,/rhf/allocations/dsci435/smithsonian_full_sp26/raw/Images_with_annotations_for_CNN_training/D5410_1_L_2024_02_09_10_06_56_Utah.ndpi.ndpa,paly,Indet.,NO,circle,47
D5410_1_L_2024_02_09_10_06_56_Utah,/rhf/allocations/dsci435/smithsonian_full_sp26/raw/Images_with_annotations_for_CNN_training/D5410_1_L_2024_02_09_10_06_56_Utah.ndpi.ndpa,pol,pollen,NO,circle,18
D5410_1_L_2024_02_09_10_06_56_Utah,/rhf/allocations/dsci435/smithsonian_full_sp26/raw/Images_with_annotations_for_CNN_training/D5410_1_L_2024_02_09_10_06_56_Utah.ndpi.ndpa,spo,spore,NO,circle,2
D5410_1_R_2024_02_0911_03_13_Utah,/rhf/allocations/dsci435/smithsonian_full_sp26/raw/Images_with_annotations_for_CNN_training/D5410_1_R_2024_02_0911_03_13_Utah.ndpi.ndpa,,,UNTITLED,freehand,2
D5410_1_R_2024_02_0911_03_13_Utah,/rhf/allocations/dsci435/smithsonian_full_sp26/raw/Images_with_annotations_for_CNN_training/D5410_1_R_2024_02_0911_03_13_Utah.ndpi.ndpa,fun,Fungi,NO,circle,4
D5410_1_R_2024_02_0911_03_13_Utah,/rhf/allocations/dsci435/smithsonian_full_sp26/raw/Images_with_annotations_for_CNN_training/D5410_1_R_2024_02_0911_03_13_Utah.ndpi.ndpa,paly,Indet.,NO,circle,24
D5410_1_R_2024_02_0911_03_13_Utah,/rhf/allocations/dsci435/smithsonian_full_sp26/raw/Images_with_annotations_for_CNN_training/D5410_1_R_2024_02_0911_03_13_Utah.ndpi.ndpa,pol,pollen,NO,circle,17
D5410_1_R_2024_02_0911_03_13_Utah,/rhf/allocations/dsci435/smithsonian_full_sp26/raw/Images_with_annotations_for_CNN_training/D5410_1_R_2024_02_0911_03_13_Utah.ndpi.ndpa,pol?,pollen,NO,circle,2
D5410_1_R_2024_02_0911_03_13_Utah,/rhf/allocations/dsci435/smithsonian_full_sp26/raw/Images_with_annotations_for_CNN_training/D5410_1_R_2024_02_0911_03_13_Utah.ndpi.ndpa,spo,spore,NO,circle,5
D5542_1_L_2024_02_06_10_55_26_Colorado,/rhf/allocations/dsci435/smithsonian_full_sp26/raw/Images_with_annotations_for_CNN_training/D5542_1_L_2024_02_06_10_55_26_Colorado.ndpi.ndpa,,,UNTITLED,freehand,1
D5542_1_L_2024_02_06_10_55_26_Colorado,/rhf/allocations/dsci435/smithsonian_full_sp26/raw/Images_with_annotations_for_CNN_training/D5542_1_L_2024_02_06_10_55_26_Colorado.ndpi.ndpa,Bombacacidites,,UNMAPPED,circle,1
D5542_1_L_2024_02_06_10_55_26_Colorado,/rhf/allocations/dsci435/smithsonian_full_sp26/raw/Images_with_annotations_for_CNN_training/D5542_1_L_2024_02_06_10_55_26_Colorado.ndpi.ndpa,Caryapollenites,Caryapollenites sp.,YES,circle,3
D5542_1_L_2024_02_06_10_55_26_Colorado,/rhf/allocations/dsci435/smithsonian_full_sp26/raw/Images_with_annotations_for_CNN_training/D5542_1_L_2024_02_06_10_55_26_Colorado.ndpi.ndpa,Fraxinoipollenites,,UNMAPPED,circle,1
D5542_1_L_2024_02_06_10_55_26_Colorado,/rhf/allocations/dsci435/smithsonian_full_sp26/raw/Images_with_annotations_for_CNN_training/D5542_1_L_2024_02_06_10_55_26_Colorado.ndpi.ndpa,Monocolpopollenites,,UNMAPPED,circle,1
D5542_1_L_2024_02_06_10_55_26_Colorado,/rhf/allocations/dsci435/smithsonian_full_sp26/raw/Images_with_annotations_for_CNN_training/D5542_1_L_2024_02_06_10_55_26_Colorado.ndpi.ndpa,Sapindaceae?,,UNMAPPED,circle,1
D5542_1_L_2024_02_06_10_55_26_Colorado,/rhf/allocations/dsci435/smithsonian_full_sp26/raw/Images_with_annotations_for_CNN_training/D5542_1_L_2024_02_06_10_55_26_Colorado.ndpi.ndpa,Triporopollenites,,UNMAPPED,circle,2
D5542_1_L_2024_02_06_10_55_26_Colorado,/rhf/allocations/dsci435/smithsonian_full_sp26/raw/Images_with_annotations_for_CNN_training/D5542_1_L_2024_02_06_10_55_26_Colorado.ndpi.ndpa,Ulmipollenites,,UNMAPPED,circle,1
D5542_1_L_2024_02_06_10_55_26_Colorado,/rhf/allocations/dsci435/smithsonian_full_sp26/raw/Images_with_annotations_for_CNN_training/D5542_1_L_2024_02_06_10_55_26_Colorado.ndpi.ndpa,Ulmipollenites undulosus,,UNMAPPED,circle,1
D5542_1_L_2024_02_06_10_55_26_Colorado,/rhf/allocations/dsci435/smithsonian_full_sp26/raw/Images_with_annotations_for_CNN_training/D5542_1_L_2024_02_06_10_55_26_Colorado.ndpi.ndpa,alg,Algae,NO,circle,1
D5542_1_L_2024_02_06_10_55_26_Colorado,/rhf/allocations/dsci435/smithsonian_full_sp26/raw/Images_with_annotations_for_CNN_training/D5542_1_L_2024_02_06_10_55_26_Colorado.ndpi.ndpa,paly,Indet.,NO,circle,13
D5542_1_L_2024_02_06_10_55_26_Colorado,/rhf/allocations/dsci435/smithsonian_full_sp26/raw/Images_with_annotations_for_CNN_training/D5542_1_L_2024_02_06_10_55_26_Colorado.ndpi.ndpa,pol,pollen,NO,circle,47
D5542_1_L_2024_02_06_10_55_26_Colorado,/rhf/allocations/dsci435/smithsonian_full_sp26/raw/Images_with_annotations_for_CNN_training/D5542_1_L_2024_02_06_10_55_26_Colorado.ndpi.ndpa,spo,spore,NO,circle,3
D5542_1_R_2024_02_06_14_21_49_Colorado,/rhf/allocations/dsci435/smithsonian_full_sp26/raw/Images_with_annotations_for_CNN_training/D5542_1_R_2024_02_06_14_21_49_Colorado.ndpi.ndpa,,,UNTITLED,freehand,1
D5542_1_R_2024_02_06_14_21_49_Colorado,/rhf/allocations/dsci435/smithsonian_full_sp26/raw/Images_with_annotations_for_CNN_training/D5542_1_R_2024_02_06_14_21_49_Colorado.ndpi.ndpa,Bipol,Bisaccate,YES,circle,1
D5542_1_R_2024_02_06_14_21_49_Colorado,/rhf/allocations/dsci435/smithsonian_full_sp26/raw/Images_with_annotations_for_CNN_training/D5542_1_R_2024_02_06_14_21_49_Colorado.ndpi.ndpa,Caryapollenites,Caryapollenites sp.,YES,circle,1
D5542_1_R_2024_02_06_14_21_49_Colorado,/rhf/allocations/dsci435/smithsonian_full_sp26/raw/Images_with_annotations_for_CNN_training/D5542_1_R_2024_02_06_14_21_49_Colorado.ndpi.ndpa,Momipites,Momipites sp,YES,circle,6
D5542_1_R_2024_02_06_14_21_49_Colorado,/rhf/allocations/dsci435/smithsonian_full_sp26/raw/Images_with_annotations_for_CNN_training/D5542_1_R_2024_02_06_14_21_49_Colorado.ndpi.ndpa,Tricolpites,Tricolpites sp.,MAYBE,circle,1
D5542_1_R_2024_02_06_14_21_49_Colorado,/rhf/allocations/dsci435/smithsonian_full_sp26/raw/Images_with_annotations_for_CNN_training/D5542_1_R_2024_02_06_14_21_49_Colorado.ndpi.ndpa,Trilete,Psilatriletes sp.,YES,circle,2
D5542_1_R_2024_02_06_14_21_49_Colorado,/rhf/allocations/dsci435/smithsonian_full_sp26/raw/Images_with_annotations_for_CNN_training/D5542_1_R_2024_02_06_14_21_49_Colorado.ndpi.ndpa,din,Dinocyst,NO,circle,5
D5542_1_R_2024_02_06_14_21_49_Colorado,/rhf/allocations/dsci435/smithsonian_full_sp26/raw/Images_with_annotations_for_CNN_training/D5542_1_R_2024_02_06_14_21_49_Colorado.ndpi.ndpa,paly,Indet.,NO,circle,32
D5542_1_R_2024_02_06_14_21_49_Colorado,/rhf/allocations/dsci435/smithsonian_full_sp26/raw/Images_with_annotations_for_CNN_training/D5542_1_R_2024_02_06_14_21_49_Colorado.ndpi.ndpa,pol,pollen,NO,circle,74
D5542_1_R_2024_02_06_14_21_49_Colorado,/rhf/allocations/dsci435/smithsonian_full_sp26/raw/Images_with_annotations_for_CNN_training/D5542_1_R_2024_02_06_14_21_49_Colorado.ndpi.ndpa,spo,spore,NO,circle,8
D5609_L_2024_03_01_11_15_57_Alaska,/rhf/allocations/dsci435/smithsonian_full_sp26/raw/Images_with_annotations_for_CNN_training/D5609_L_2024_03_01_11_15_57_Alaska.ndpi.ndpa,,,UNTITLED,freehand,1
D5609_L_2024_03_01_11_15_57_Alaska,/rhf/allocations/dsci435/smithsonian_full_sp26/raw/Images_with_annotations_for_CNN_training/D5609_L_2024_03_01_11_15_57_Alaska.ndpi.ndpa,Alnipollenites,,UNMAPPED,circle,2
D5609_L_2024_03_01_11_15_57_Alaska,/rhf/allocations/dsci435/smithsonian_full_sp26/raw/Images_with_annotations_for_CNN_training/D5609_L_2024_03_01_11_15_57_Alaska.ndpi.ndpa,Betulaceae,Betulaceae,YES,circle,1
D5609_L_2024_03_01_11_15_57_Alaska,/rhf/allocations/dsci435/smithsonian_full_sp26/raw/Images_with_annotations_for_CNN_training/D5609_L_2024_03_01_11_15_57_Alaska.ndpi.ndpa,Bipol,Bisaccate,YES,circle,14
D5609_L_2024_03_01_11_15_57_Alaska,/rhf/allocations/dsci435/smithsonian_full_sp26/raw/Images_with_annotations_for_CNN_training/D5609_L_2024_03_01_11_15_57_Alaska.ndpi.ndpa,din,Dinocyst,NO,circle,1
D5609_L_2024_03_01_11_15_57_Alaska,/rhf/allocations/dsci435/smithsonian_full_sp26/raw/Images_with_annotations_for_CNN_training/D5609_L_2024_03_01_11_15_57_Alaska.ndpi.ndpa,paly,Indet.,NO,circle,24
D5609_L_2024_03_01_11_15_57_Alaska,/rhf/allocations/dsci435/smithsonian_full_sp26/raw/Images_with_annotations_for_CNN_training/D5609_L_2024_03_01_11_15_57_Alaska.ndpi.ndpa,pol,pollen,NO,circle,37
D5609_L_2024_03_01_11_15_57_Alaska,/rhf/allocations/dsci435/smithsonian_full_sp26/raw/Images_with_annotations_for_CNN_training/D5609_L_2024_03_01_11_15_57_Alaska.ndpi.ndpa,spo,spore,NO,circle,10
D5609_R_2024_03_01_15_10_09_Alaska,/rhf/allocations/dsci435/smithsonian_full_sp26/raw/Images_with_annotations_for_CNN_training/D5609_R_2024_03_01_15_10_09_Alaska.ndpi.ndpa,,,UNTITLED,freehand,2
D5609_R_2024_03_01_15_10_09_Alaska,/rhf/allocations/dsci435/smithsonian_full_sp26/raw/Images_with_annotations_for_CNN_training/D5609_R_2024_03_01_15_10_09_Alaska.ndpi.ndpa,Alnipollenites,,UNMAPPED,circle,2
D5609_R_2024_03_01_15_10_09_Alaska,/rhf/allocations/dsci435/smithsonian_full_sp26/raw/Images_with_annotations_for_CNN_training/D5609_R_2024_03_01_15_10_09_Alaska.ndpi.ndpa,Bipol,Bisaccate,YES,circle,9
D5609_R_2024_03_01_15_10_09_Alaska,/rhf/allocations/dsci435/smithsonian_full_sp26/raw/Images_with_annotations_for_CNN_training/D5609_R_2024_03_01_15_10_09_Alaska.ndpi.ndpa,Bisaccate,Bisaccate,YES,circle,1
D5609_R_2024_03_01_15_10_09_Alaska,/rhf/allocations/dsci435/smithsonian_full_sp26/raw/Images_with_annotations_for_CNN_training/D5609_R_2024_03_01_15_10_09_Alaska.ndpi.ndpa,Momipites,Momipites sp,YES,circle,1
D5609_R_2024_03_01_15_10_09_Alaska,/rhf/allocations/dsci435/smithsonian_full_sp26/raw/Images_with_annotations_for_CNN_training/D5609_R_2024_03_01_15_10_09_Alaska.ndpi.ndpa,Monocolpites,Monocolpites sp.,YES,circle,1
D5609_R_2024_03_01_15_10_09_Alaska,/rhf/allocations/dsci435/smithsonian_full_sp26/raw/Images_with_annotations_for_CNN_training/D5609_R_2024_03_01_15_10_09_Alaska.ndpi.ndpa,fun,Fungi,NO,circle,4
D5609_R_2024_03_01_15_10_09_Alaska,/rhf/allocations/dsci435/smithsonian_full_sp26/raw/Images_with_annotations_for_CNN_training/D5609_R_2024_03_01_15_10_09_Alaska.ndpi.ndpa,paly,Indet.,NO,circle,70
D5609_R_2024_03_01_15_10_09_Alaska,/rhf/allocations/dsci435/smithsonian_full_sp26/raw/Images_with_annotations_for_CNN_training/D5609_R_2024_03_01_15_10_09_Alaska.ndpi.ndpa,pol,pollen,NO,circle,41
D5609_R_2024_03_01_15_10_09_Alaska,/rhf/allocations/dsci435/smithsonian_full_sp26/raw/Images_with_annotations_for_CNN_training/D5609_R_2024_03_01_15_10_09_Alaska.ndpi.ndpa,spo,spore,NO,circle,12
D5609_R_2024_03_01_15_10_09_Alaska,/rhf/allocations/dsci435/smithsonian_full_sp26/raw/Images_with_annotations_for_CNN_training/D5609_R_2024_03_01_15_10_09_Alaska.ndpi.ndpa,spo?,spore,NO,circle,1
D5825_L_2024_02_06_10_36_15_Utah,/rhf/allocations/dsci435/smithsonian_full_sp26/raw/Images_with_annotations_for_CNN_training/D5825_L_2024_02_06_10_36_15_Utah.ndpi.ndpa,,,UNTITLED,freehand,2
D5825_L_2024_02_06_10_36_15_Utah,/rhf/allocations/dsci435/smithsonian_full_sp26/raw/Images_with_annotations_for_CNN_training/D5825_L_2024_02_06_10_36_15_Utah.ndpi.ndpa,Bipol,Bisaccate,YES,circle,43
D5825_L_2024_02_06_10_36_15_Utah,/rhf/allocations/dsci435/smithsonian_full_sp26/raw/Images_with_annotations_for_CNN_training/D5825_L_2024_02_06_10_36_15_Utah.ndpi.ndpa,Paly,Indet.,NO,circle,1
D5825_L_2024_02_06_10_36_15_Utah,/rhf/allocations/dsci435/smithsonian_full_sp26/raw/Images_with_annotations_for_CNN_training/D5825_L_2024_02_06_10_36_15_Utah.ndpi.ndpa,din,Dinocyst,NO,circle,1
D5825_L_2024_02_06_10_36_15_Utah,/rhf/allocations/dsci435/smithsonian_full_sp26/raw/Images_with_annotations_for_CNN_training/D5825_L_2024_02_06_10_36_15_Utah.ndpi.ndpa,fun,Fungi,NO,circle,1
D5825_L_2024_02_06_10_36_15_Utah,/rhf/allocations/dsci435/smithsonian_full_sp26/raw/Images_with_annotations_for_CNN_training/D5825_L_2024_02_06_10_36_15_Utah.ndpi.ndpa,paly,Indet.,NO,circle,12
D5825_L_2024_02_06_10_36_15_Utah,/rhf/allocations/dsci435/smithsonian_full_sp26/raw/Images_with_annotations_for_CNN_training/D5825_L_2024_02_06_10_36_15_Utah.ndpi.ndpa,pol,pollen,NO,circle,2
D5825_R_2024_02_06_14_02_54_Utah,/rhf/allocations/dsci435/smithsonian_full_sp26/raw/Images_with_annotations_for_CNN_training/D5825_R_2024_02_06_14_02_54_Utah.ndpi.ndpa,,,UNTITLED,freehand,3
D5825_R_2024_02_06_14_02_54_Utah,/rhf/allocations/dsci435/smithsonian_full_sp26/raw/Images_with_annotations_for_CNN_training/D5825_R_2024_02_06_14_02_54_Utah.ndpi.ndpa,Bipol,Bisaccate,YES,circle,44
D5825_R_2024_02_06_14_02_54_Utah,/rhf/allocations/dsci435/smithsonian_full_sp26/raw/Images_with_annotations_for_CNN_training/D5825_R_2024_02_06_14_02_54_Utah.ndpi.ndpa,alg,Algae,NO,circle,5
D5825_R_2024_02_06_14_02_54_Utah,/rhf/allocations/dsci435/smithsonian_full_sp26/raw/Images_with_annotations_for_CNN_training/D5825_R_2024_02_06_14_02_54_Utah.ndpi.ndpa,paly,Indet.,NO,circle,19
D5825_R_2024_02_06_14_02_54_Utah,/rhf/allocations/dsci435/smithsonian_full_sp26/raw/Images_with_annotations_for_CNN_training/D5825_R_2024_02_06_14_02_54_Utah.ndpi.ndpa,pol,pollen,NO,circle,2
D5964-1_L_2024_02_06_10_17_07_Wyoming,/rhf/allocations/dsci435/smithsonian_full_sp26/raw/Images_with_annotations_for_CNN_training/D5964-1_L_2024_02_06_10_17_07_Wyoming.ndpi.ndpa,,,UNTITLED,freehand,2
D5964-1_L_2024_02_06_10_17_07_Wyoming,/rhf/allocations/dsci435/smithsonian_full_sp26/raw/Images_with_annotations_for_CNN_training/D5964-1_L_2024_02_06_10_17_07_Wyoming.ndpi.ndpa,Momipites,Momipites sp,YES,circle,2
D5964-1_L_2024_02_06_10_17_07_Wyoming,/rhf/allocations/dsci435/smithsonian_full_sp26/raw/Images_with_annotations_for_CNN_training/D5964-1_L_2024_02_06_10_17_07_Wyoming.ndpi.ndpa,fun,Fungi,NO,circle,1
D5964-1_L_2024_02_06_10_17_07_Wyoming,/rhf/allocations/dsci435/smithsonian_full_sp26/raw/Images_with_annotations_for_CNN_training/D5964-1_L_2024_02_06_10_17_07_Wyoming.ndpi.ndpa,paly,Indet.,NO,circle,6
D5964-1_L_2024_02_06_10_17_07_Wyoming,/rhf/allocations/dsci435/smithsonian_full_sp26/raw/Images_with_annotations_for_CNN_training/D5964-1_L_2024_02_06_10_17_07_Wyoming.ndpi.ndpa,pol,pollen,NO,circle,44
D5964-1_L_2024_02_06_10_17_07_Wyoming,/rhf/allocations/dsci435/smithsonian_full_sp26/raw/Images_with_annotations_for_CNN_training/D5964-1_L_2024_02_06_10_17_07_Wyoming.ndpi.ndpa,spo,spore,NO,circle,4
D6627-A-2_L_2024_02_02_12_53_43_Arkansas,/rhf/allocations/dsci435/smithsonian_full_sp26/raw/Images_with_annotations_for_CNN_training/D6627-A-2_L_2024_02_02_12_53_43_Arkansas.ndpi.ndpa,,,UNTITLED,freehand,1
D6627-A-2_L_2024_02_02_12_53_43_Arkansas,/rhf/allocations/dsci435/smithsonian_full_sp26/raw/Images_with_annotations_for_CNN_training/D6627-A-2_L_2024_02_02_12_53_43_Arkansas.ndpi.ndpa,Bipol,Bisaccate,YES,circle,1
D6627-A-2_L_2024_02_02_12_53_43_Arkansas,/rhf/allocations/dsci435/smithsonian_full_sp26/raw/Images_with_annotations_for_CNN_training/D6627-A-2_L_2024_02_02_12_53_43_Arkansas.ndpi.ndpa,fun,Fungi,NO,circle,4
D6627-A-2_L_2024_02_02_12_53_43_Arkansas,/rhf/allocations/dsci435/smithsonian_full_sp26/raw/Images_with_annotations_for_CNN_training/D6627-A-2_L_2024_02_02_12_53_43_Arkansas.ndpi.ndpa,paly,Indet.,NO,circle,8
D6627-A-2_L_2024_02_02_12_53_43_Arkansas,/rhf/allocations/dsci435/smithsonian_full_sp26/raw/Images_with_annotations_for_CNN_training/D6627-A-2_L_2024_02_02_12_53_43_Arkansas.ndpi.ndpa,pol,pollen,NO,circle,66
D6627-A-2_R_2024_02_02_17_42_28_Arkansas,/rhf/allocations/dsci435/smithsonian_full_sp26/raw/Images_with_annotations_for_CNN_training/D6627-A-2_R_2024_02_02_17_42_28_Arkansas.ndpi.ndpa,,,UNTITLED,freehand,1
D6627-A-2_R_2024_02_02_17_42_28_Arkansas,/rhf/allocations/dsci435/smithsonian_full_sp26/raw/Images_with_annotations_for_CNN_training/D6627-A-2_R_2024_02_02_17_42_28_Arkansas.ndpi.ndpa,Bipol,Bisaccate,YES,circle,2
D6627-A-2_R_2024_02_02_17_42_28_Arkansas,/rhf/allocations/dsci435/smithsonian_full_sp26/raw/Images_with_annotations_for_CNN_training/D6627-A-2_R_2024_02_02_17_42_28_Arkansas.ndpi.ndpa,Ericipites,Ericipites sp.,YES,circle,1
D6627-A-2_R_2024_02_02_17_42_28_Arkansas,/rhf/allocations/dsci435/smithsonian_full_sp26/raw/Images_with_annotations_for_CNN_training/D6627-A-2_R_2024_02_02_17_42_28_Arkansas.ndpi.ndpa,din?,Dinocyst,NO,circle,1
D6627-A-2_R_2024_02_02_17_42_28_Arkansas,/rhf/allocations/dsci435/smithsonian_full_sp26/raw/Images_with_annotations_for_CNN_training/D6627-A-2_R_2024_02_02_17_42_28_Arkansas.ndpi.ndpa,fun,Fungi,NO,circle,9
D6627-A-2_R_2024_02_02_17_42_28_Arkansas,/rhf/allocations/dsci435/smithsonian_full_sp26/raw/Images_with_annotations_for_CNN_training/D6627-A-2_R_2024_02_02_17_42_28_Arkansas.ndpi.ndpa,paly,Indet.,NO,circle,40
D6627-A-2_R_2024_02_02_17_42_28_Arkansas,/rhf/allocations/dsci435/smithsonian_full_sp26/raw/Images_with_annotations_for_CNN_training/D6627-A-2_R_2024_02_02_17_42_28_Arkansas.ndpi.ndpa,pol,pollen,NO,circle,82
D6627-A-2_R_2024_02_02_17_42_28_Arkansas,/rhf/allocations/dsci435/smithsonian_full_sp26/raw/Images_with_annotations_for_CNN_training/D6627-A-2_R_2024_02_02_17_42_28_Arkansas.ndpi.ndpa,spo,spore,NO,circle,2
D8401-A_L_2024_01_18_13_05_54_Alaska,/rhf/allocations/dsci435/smithsonian_full_sp26/raw/Images_with_annotations_for_CNN_training/D8401-A_L_2024_01_18_13_05_54_Alaska.ndpi.ndpa,,,UNTITLED,freehand,1
D8401-A_L_2024_01_18_13_05_54_Alaska,/rhf/allocations/dsci435/smithsonian_full_sp26/raw/Images_with_annotations_for_CNN_training/D8401-A_L_2024_01_18_13_05_54_Alaska.ndpi.ndpa,Alnipollenites,,UNMAPPED,circle,4
D8401-A_L_2024_01_18_13_05_54_Alaska,/rhf/allocations/dsci435/smithsonian_full_sp26/raw/Images_with_annotations_for_CNN_training/D8401-A_L_2024_01_18_13_05_54_Alaska.ndpi.ndpa,Alnus,,UNMAPPED,circle,8
D8401-A_L_2024_01_18_13_05_54_Alaska,/rhf/allocations/dsci435/smithsonian_full_sp26/raw/Images_with_annotations_for_CNN_training/D8401-A_L_2024_01_18_13_05_54_Alaska.ndpi.ndpa,Alnus quaternaria,,UNMAPPED,circle,1
D8401-A_L_2024_01_18_13_05_54_Alaska,/rhf/allocations/dsci435/smithsonian_full_sp26/raw/Images_with_annotations_for_CNN_training/D8401-A_L_2024_01_18_13_05_54_Alaska.ndpi.ndpa,Amerospore,Fungi,NO,circle,1
D8401-A_L_2024_01_18_13_05_54_Alaska,/rhf/allocations/dsci435/smithsonian_full_sp26/raw/Images_with_annotations_for_CNN_training/D8401-A_L_2024_01_18_13_05_54_Alaska.ndpi.ndpa,Betula 8401,,UNMAPPED,circle,2
D8401-A_L_2024_01_18_13_05_54_Alaska,/rhf/allocations/dsci435/smithsonian_full_sp26/raw/Images_with_annotations_for_CNN_training/D8401-A_L_2024_01_18_13_05_54_Alaska.ndpi.ndpa,Betula claripites,,UNMAPPED,circle,7
D8401-A_L_2024_01_18_13_05_54_Alaska,/rhf/allocations/dsci435/smithsonian_full_sp26/raw/Images_with_annotations_for_CNN_training/D8401-A_L_2024_01_18_13_05_54_Alaska.ndpi.ndpa,Betula sp.,,UNMAPPED,circle,3
D8401-A_L_2024_01_18_13_05_54_Alaska,/rhf/allocations/dsci435/smithsonian_full_sp26/raw/Images_with_annotations_for_CNN_training/D8401-A_L_2024_01_18_13_05_54_Alaska.ndpi.ndpa,Betulaceae?,,UNMAPPED,circle,1
D8401-A_L_2024_01_18_13_05_54_Alaska,/rhf/allocations/dsci435/smithsonian_full_sp26/raw/Images_with_annotations_for_CNN_training/D8401-A_L_2024_01_18_13_05_54_Alaska.ndpi.ndpa,Bipol,Bisaccate,YES,circle,39
D8401-A_L_2024_01_18_13_05_54_Alaska,/rhf/allocations/dsci435/smithsonian_full_sp26/raw/Images_with_annotations_for_CNN_training/D8401-A_L_2024_01_18_13_05_54_Alaska.ndpi.ndpa,Bombacacidites crassipites,,UNMAPPED,circle,1
D8401-A_L_2024_01_18_13_05_54_Alaska,/rhf/allocations/dsci435/smithsonian_full_sp26/raw/Images_with_annotations_for_CNN_training/D8401-A_L_2024_01_18_13_05_54_Alaska.ndpi.ndpa,Bombacacidites sp.,Bombacacidites sp.,YES,circle,1
D8401-A_L_2024_01_18_13_05_54_Alaska,/rhf/allocations/dsci435/smithsonian_full_sp26/raw/Images_with_annotations_for_CNN_training/D8401-A_L_2024_01_18_13_05_54_Alaska.ndpi.ndpa,Ericipites longisulcatus,,UNMAPPED,circle,9
D8401-A_L_2024_01_18_13_05_54_Alaska,/rhf/allocations/dsci435/smithsonian_full_sp26/raw/Images_with_annotations_for_CNN_training/D8401-A_L_2024_01_18_13_05_54_Alaska.ndpi.ndpa,Ericipites?,,UNMAPPED,circle,1
D8401-A_L_2024_01_18_13_05_54_Alaska,/rhf/allocations/dsci435/smithsonian_full_sp26/raw/Images_with_annotations_for_CNN_training/D8401-A_L_2024_01_18_13_05_54_Alaska.ndpi.ndpa,Germling,Fungi,NO,circle,1
D8401-A_L_2024_01_18_13_05_54_Alaska,/rhf/allocations/dsci435/smithsonian_full_sp26/raw/Images_with_annotations_for_CNN_training/D8401-A_L_2024_01_18_13_05_54_Alaska.ndpi.ndpa,Illexpollenites,Illexpollenites sp.,YES,circle,1
D8401-A_L_2024_01_18_13_05_54_Alaska,/rhf/allocations/dsci435/smithsonian_full_sp26/raw/Images_with_annotations_for_CNN_training/D8401-A_L_2024_01_18_13_05_54_Alaska.ndpi.ndpa,Juglans nigripites,Polyatriopollenites type,YES,circle,1
D8401-A_L_2024_01_18_13_05_54_Alaska,/rhf/allocations/dsci435/smithsonian_full_sp26/raw/Images_with_annotations_for_CNN_training/D8401-A_L_2024_01_18_13_05_54_Alaska.ndpi.ndpa,Momipites,Momipites sp,YES,circle,1
D8401-A_L_2024_01_18_13_05_54_Alaska,/rhf/allocations/dsci435/smithsonian_full_sp26/raw/Images_with_annotations_for_CNN_training/D8401-A_L_2024_01_18_13_05_54_Alaska.ndpi.ndpa,Phragmospore,Fungi,NO,circle,1
D8401-A_L_2024_01_18_13_05_54_Alaska,/rhf/allocations/dsci435/smithsonian_full_sp26/raw/Images_with_annotations_for_CNN_training/D8401-A_L_2024_01_18_13_05_54_Alaska.ndpi.ndpa,Tricolpites,Tricolpites sp.,MAYBE,circle,2
D8401-A_L_2024_01_18_13_05_54_Alaska,/rhf/allocations/dsci435/smithsonian_full_sp26/raw/Images_with_annotations_for_CNN_training/D8401-A_L_2024_01_18_13_05_54_Alaska.ndpi.ndpa,Zopfiella type,Fungi,NO,circle,4
D8401-A_L_2024_01_18_13_05_54_Alaska,/rhf/allocations/dsci435/smithsonian_full_sp26/raw/Images_with_annotations_for_CNN_training/D8401-A_L_2024_01_18_13_05_54_Alaska.ndpi.ndpa,bipol,Bisaccate,YES,circle,1
D8401-A_L_2024_01_18_13_05_54_Alaska,/rhf/allocations/dsci435/smithsonian_full_sp26/raw/Images_with_annotations_for_CNN_training/D8401-A_L_2024_01_18_13_05_54_Alaska.ndpi.ndpa,fun,Fungi,NO,circle,7
D8401-A_L_2024_01_18_13_05_54_Alaska,/rhf/allocations/dsci435/smithsonian_full_sp26/raw/Images_with_annotations_for_CNN_training/D8401-A_L_2024_01_18_13_05_54_Alaska.ndpi.ndpa,paly,Indet.,NO,circle,16
D8401-A_L_2024_01_18_13_05_54_Alaska,/rhf/allocations/dsci435/smithsonian_full_sp26/raw/Images_with_annotations_for_CNN_training/D8401-A_L_2024_01_18_13_05_54_Alaska.ndpi.ndpa,pol,pollen,NO,circle,183
D8401-A_L_2024_01_18_13_05_54_Alaska,/rhf/allocations/dsci435/smithsonian_full_sp26/raw/Images_with_annotations_for_CNN_training/D8401-A_L_2024_01_18_13_05_54_Alaska.ndpi.ndpa,spo,spore,NO,circle,4
D8401_A_R_2024_01_18_15_32_42_Alaska,/rhf/allocations/dsci435/smithsonian_full_sp26/raw/D8401_A_R_2024_01_18_15_32_42_Alaska.ndpi.ndpa,,,UNTITLED,freehand,1
D8401_A_R_2024_01_18_15_32_42_Alaska,/rhf/allocations/dsci435/smithsonian_full_sp26/raw/D8401_A_R_2024_01_18_15_32_42_Alaska.ndpi.ndpa,,,UNTITLED,pointer,1
D8401_A_R_2024_01_18_15_32_42_Alaska,/rhf/allocations/dsci435/smithsonian_full_sp26/raw/D8401_A_R_2024_01_18_15_32_42_Alaska.ndpi.ndpa,Bisaccate,Bisaccate,YES,circle,23
D8401_A_R_2024_01_18_15_32_42_Alaska,/rhf/allocations/dsci435/smithsonian_full_sp26/raw/D8401_A_R_2024_01_18_15_32_42_Alaska.ndpi.ndpa,Ericipites,Ericipites sp.,YES,circle,3
D8401_A_R_2024_01_18_15_32_42_Alaska,/rhf/allocations/dsci435/smithsonian_full_sp26/raw/D8401_A_R_2024_01_18_15_32_42_Alaska.ndpi.ndpa,Illexpollenites,Illexpollenites sp.,YES,circle,1
D8401_A_R_2024_01_18_15_32_42_Alaska,/rhf/allocations/dsci435/smithsonian_full_sp26/raw/D8401_A_R_2024_01_18_15_32_42_Alaska.ndpi.ndpa,Myriophyllum ambiguipites,,UNMAPPED,circle,1
D8401_A_R_2024_01_18_15_32_42_Alaska,/rhf/allocations/dsci435/smithsonian_full_sp26/raw/D8401_A_R_2024_01_18_15_32_42_Alaska.ndpi.ndpa,fun,Fungi,NO,circle,1
D9151-A-2_L_2024_02_02_16_08_52_Texas,/rhf/allocations/dsci435/smithsonian_full_sp26/raw/Images_with_annotations_for_CNN_training/D9151-A-2_L_2024_02_02_16_08_52_Texas.ndpi.ndpa,,,UNTITLED,freehand,1
D9151-A-2_L_2024_02_02_16_08_52_Texas,/rhf/allocations/dsci435/smithsonian_full_sp26/raw/Images_with_annotations_for_CNN_training/D9151-A-2_L_2024_02_02_16_08_52_Texas.ndpi.ndpa,Momipites,Momipites sp,YES,circle,18
D9151-A-2_L_2024_02_02_16_08_52_Texas,/rhf/allocations/dsci435/smithsonian_full_sp26/raw/Images_with_annotations_for_CNN_training/D9151-A-2_L_2024_02_02_16_08_52_Texas.ndpi.ndpa,fun,Fungi,NO,circle,7
D9151-A-2_L_2024_02_02_16_08_52_Texas,/rhf/allocations/dsci435/smithsonian_full_sp26/raw/Images_with_annotations_for_CNN_training/D9151-A-2_L_2024_02_02_16_08_52_Texas.ndpi.ndpa,paly,Indet.,NO,circle,14
D9151-A-2_L_2024_02_02_16_08_52_Texas,/rhf/allocations/dsci435/smithsonian_full_sp26/raw/Images_with_annotations_for_CNN_training/D9151-A-2_L_2024_02_02_16_08_52_Texas.ndpi.ndpa,pol,pollen,NO,circle,1252
D9151-A-2_L_2024_02_02_16_08_52_Texas,/rhf/allocations/dsci435/smithsonian_full_sp26/raw/Images_with_annotations_for_CNN_training/D9151-A-2_L_2024_02_02_16_08_52_Texas.ndpi.ndpa,spo,spore,NO,circle,7
D9151-A-2_L_2024_02_02_16_08_52_Texas,/rhf/allocations/dsci435/smithsonian_full_sp26/raw/Images_with_annotations_for_CNN_training/D9151-A-2_L_2024_02_02_16_08_52_Texas.ndpi.ndpa,spo?,spore,NO,circle,5
D9152-I_L_2024-02-01_13_11_57_Texas,/rhf/allocations/dsci435/smithsonian_full_sp26/raw/D9152-I_L_2024-02-01_13_11_57_Texas.ndpi.ndpa,PALY,,UNMAPPED,circle,1
D9152-I_L_2024-02-01_13_11_57_Texas,/rhf/allocations/dsci435/smithsonian_full_sp26/raw/D9152-I_L_2024-02-01_13_11_57_Texas.ndpi.ndpa,SPO,,UNMAPPED,circle,1
Giraffe_20_1_95_R_Giraffe_2025_01_13_19_48_21,/rhf/allocations/dsci435/smithsonian_full_sp26/raw/Images_with_annotations_for_CNN_training/Giraffe_20_1_95_R_Giraffe_2025_01_13_19_48_21.ndpi.ndpa,,,UNTITLED,freehand,3
Giraffe_20_1_95_R_Giraffe_2025_01_13_19_48_21,/rhf/allocations/dsci435/smithsonian_full_sp26/raw/Images_with_annotations_for_CNN_training/Giraffe_20_1_95_R_Giraffe_2025_01_13_19_48_21.ndpi.ndpa,paly,Indet.,NO,circle,19
Giraffe_20_1_95_R_Giraffe_2025_01_13_19_48_21,/rhf/allocations/dsci435/smithsonian_full_sp26/raw/Images_with_annotations_for_CNN_training/Giraffe_20_1_95_R_Giraffe_2025_01_13_19_48_21.ndpi.ndpa,pol,pollen,NO,circle,32
Giraffe_20_3_47_BLEACHED_R_Giraffe_2025_01_14_09_06_36,/rhf/allocations/dsci435/smithsonian_full_sp26/raw/Images_with_annotations_for_CNN_training/Giraffe_20_3_47_BLEACHED_R_Giraffe_2025_01_14_09_06_36.ndpi.ndpa,,,UNTITLED,freehand,3
Giraffe_20_3_47_BLEACHED_R_Giraffe_2025_01_14_09_06_36,/rhf/allocations/dsci435/smithsonian_full_sp26/raw/Images_with_annotations_for_CNN_training/Giraffe_20_3_47_BLEACHED_R_Giraffe_2025_01_14_09_06_36.ndpi.ndpa,fun,Fungi,NO,circle,1
Giraffe_20_3_47_BLEACHED_R_Giraffe_2025_01_14_09_06_36,/rhf/allocations/dsci435/smithsonian_full_sp26/raw/Images_with_annotations_for_CNN_training/Giraffe_20_3_47_BLEACHED_R_Giraffe_2025_01_14_09_06_36.ndpi.ndpa,paly,Indet.,NO,circle,13
Giraffe_20_3_47_BLEACHED_R_Giraffe_2025_01_14_09_06_36,/rhf/allocations/dsci435/smithsonian_full_sp26/raw/Images_with_annotations_for_CNN_training/Giraffe_20_3_47_BLEACHED_R_Giraffe_2025_01_14_09_06_36.ndpi.ndpa,pol,pollen,NO,circle,36
Giraffe_20_3_47_BLEACHED_R_Giraffe_2025_01_14_09_06_36,/rhf/allocations/dsci435/smithsonian_full_sp26/raw/Images_with_annotations_for_CNN_training/Giraffe_20_3_47_BLEACHED_R_Giraffe_2025_01_14_09_06_36.ndpi.ndpa,spo,spore,NO,circle,2
Giraffe_24_2_43_R_Giraffe_2025_01_14_10_06_00,/rhf/allocations/dsci435/smithsonian_full_sp26/raw/Images_with_annotations_for_CNN_training/Giraffe_24_2_43_R_Giraffe_2025_01_14_10_06_00.ndpi.ndpa,,,UNTITLED,freehand,3
Giraffe_24_2_43_R_Giraffe_2025_01_14_10_06_00,/rhf/allocations/dsci435/smithsonian_full_sp26/raw/Images_with_annotations_for_CNN_training/Giraffe_24_2_43_R_Giraffe_2025_01_14_10_06_00.ndpi.ndpa,Alnipollenites,,UNMAPPED,circle,1
Giraffe_24_2_43_R_Giraffe_2025_01_14_10_06_00,/rhf/allocations/dsci435/smithsonian_full_sp26/raw/Images_with_annotations_for_CNN_training/Giraffe_24_2_43_R_Giraffe_2025_01_14_10_06_00.ndpi.ndpa,fun,Fungi,NO,circle,2
Giraffe_24_2_43_R_Giraffe_2025_01_14_10_06_00,/rhf/allocations/dsci435/smithsonian_full_sp26/raw/Images_with_annotations_for_CNN_training/Giraffe_24_2_43_R_Giraffe_2025_01_14_10_06_00.ndpi.ndpa,paly,Indet.,NO,circle,12
Giraffe_24_2_43_R_Giraffe_2025_01_14_10_06_00,/rhf/allocations/dsci435/smithsonian_full_sp26/raw/Images_with_annotations_for_CNN_training/Giraffe_24_2_43_R_Giraffe_2025_01_14_10_06_00.ndpi.ndpa,pol,pollen,NO,circle,35
Giraffe_26_3_146_L_Giraffe_2025_01_13_16_06_02,/rhf/allocations/dsci435/smithsonian_full_sp26/raw/Images_with_annotations_for_CNN_training/Giraffe_26_3_146_L_Giraffe_2025_01_13_16_06_02.ndpi.ndpa,,,UNTITLED,freehand,2
Giraffe_26_3_146_L_Giraffe_2025_01_13_16_06_02,/rhf/allocations/dsci435/smithsonian_full_sp26/raw/Images_with_annotations_for_CNN_training/Giraffe_26_3_146_L_Giraffe_2025_01_13_16_06_02.ndpi.ndpa,paly,Indet.,NO,circle,12
Giraffe_26_3_146_L_Giraffe_2025_01_13_16_06_02,/rhf/allocations/dsci435/smithsonian_full_sp26/raw/Images_with_annotations_for_CNN_training/Giraffe_26_3_146_L_Giraffe_2025_01_13_16_06_02.ndpi.ndpa,pol,pollen,NO,circle,42
Giraffe_26_3_146_L_Giraffe_2025_01_13_16_06_02,/rhf/allocations/dsci435/smithsonian_full_sp26/raw/Images_with_annotations_for_CNN_training/Giraffe_26_3_146_L_Giraffe_2025_01_13_16_06_02.ndpi.ndpa,spo,spore,NO,circle,2
Giraffe_26_3_146_R_Giraffe_2025_01_14_09_46_09,/rhf/allocations/dsci435/smithsonian_full_sp26/raw/Giraffe_26_3_146_R_Giraffe_2025_01_14_09_46_09.ndpi.ndpa,,,UNTITLED,freehand,1
Oak_Grove_core_324_Frederiksen_L__2025_04_11_12_17_01,/rhf/allocations/dsci435/smithsonian_full_sp26/raw/Oak_Grove_core_324_Frederiksen_L__2025_04_11_12_17_01.ndpi.ndpa,,,UNTITLED,freehand,1
Oak_Grove_core_324_Frederiksen_L__2025_04_11_12_17_01,/rhf/allocations/dsci435/smithsonian_full_sp26/raw/Oak_Grove_core_324_Frederiksen_L__2025_04_11_12_17_01.ndpi.ndpa,Platycarya platycarioides,Platycarya platycarioides,YES,circle,1
Oak_Grove_core_341.0_Frederiksen_L_2025_04_11_10_30_12,/rhf/allocations/dsci435/smithsonian_full_sp26/raw/Oak_Grove_core_341.0_Frederiksen_L_2025_04_11_10_30_12.ndpi.ndpa,,,UNTITLED,freehand,1
R3587AB_1_WKADLEROSHILIK_W_1890-1950-NF_TPS_R_2025_05_05_09_34_55,/rhf/allocations/dsci435/smithsonian_full_sp26/raw/R3587AB_1_WKADLEROSHILIK_W_1890-1950-NF_TPS_R_2025_05_05_09_34_55.ndpi.ndpa,Bottomleft,,UNMAPPED,circle,1
R3587AB_1_WKADLEROSHILIK_W_1890-1950-NF_TPS_R_2025_05_05_09_34_55,/rhf/allocations/dsci435/smithsonian_full_sp26/raw/R3587AB_1_WKADLEROSHILIK_W_1890-1950-NF_TPS_R_2025_05_05_09_34_55.ndpi.ndpa,Bottomright,,UNMAPPED,circle,1
R3587AB_1_WKADLEROSHILIK_W_1890-1950-NF_TPS_R_2025_05_05_09_34_55,/rhf/allocations/dsci435/smithsonian_full_sp26/raw/R3587AB_1_WKADLEROSHILIK_W_1890-1950-NF_TPS_R_2025_05_05_09_34_55.ndpi.ndpa,Center,,UNMAPPED,circle,1
R3587AB_1_WKADLEROSHILIK_W_1890-1950-NF_TPS_R_2025_05_05_09_34_55,/rhf/allocations/dsci435/smithsonian_full_sp26/raw/R3587AB_1_WKADLEROSHILIK_W_1890-1950-NF_TPS_R_2025_05_05_09_34_55.ndpi.ndpa,Topleft,,UNMAPPED,circle,1
R3587AB_1_WKADLEROSHILIK_W_1890-1950-NF_TPS_R_2025_05_05_09_34_55,/rhf/allocations/dsci435/smithsonian_full_sp26/raw/R3587AB_1_WKADLEROSHILIK_W_1890-1950-NF_TPS_R_2025_05_05_09_34_55.ndpi.ndpa,Topright,,UNMAPPED,circle,1
USNMPAL_792666_D1074_2024_01_26_10_32_56_N_Dakota,/rhf/allocations/dsci435/smithsonian_full_sp26/raw/Images_with_annotations_for_CNN_training/USNMPAL_792666_D1074_2024_01_26_10_32_56_N_Dakota.ndpi.ndpa,,,UNTITLED,freehand,3
USNMPAL_792666_D1074_2024_01_26_10_32_56_N_Dakota,/rhf/allocations/dsci435/smithsonian_full_sp26/raw/Images_with_annotations_for_CNN_training/USNMPAL_792666_D1074_2024_01_26_10_32_56_N_Dakota.ndpi.ndpa,Bisaccate pollen,Bisaccate,YES,circle,3
USNMPAL_792666_D1074_2024_01_26_10_32_56_N_Dakota,/rhf/allocations/dsci435/smithsonian_full_sp26/raw/Images_with_annotations_for_CNN_training/USNMPAL_792666_D1074_2024_01_26_10_32_56_N_Dakota.ndpi.ndpa,Cyathidites,Psilatriletes sp.,YES,circle,1
USNMPAL_792666_D1074_2024_01_26_10_32_56_N_Dakota,/rhf/allocations/dsci435/smithsonian_full_sp26/raw/Images_with_annotations_for_CNN_training/USNMPAL_792666_D1074_2024_01_26_10_32_56_N_Dakota.ndpi.ndpa,Laevigatosporites ovatus,,UNMAPPED,circle,1
USNMPAL_792666_D1074_2024_01_26_10_32_56_N_Dakota,/rhf/allocations/dsci435/smithsonian_full_sp26/raw/Images_with_annotations_for_CNN_training/USNMPAL_792666_D1074_2024_01_26_10_32_56_N_Dakota.ndpi.ndpa,Laevigatosporites sp.,Laevigatosporites sp.,YES,circle,1
USNMPAL_792666_D1074_2024_01_26_10_32_56_N_Dakota,/rhf/allocations/dsci435/smithsonian_full_sp26/raw/Images_with_annotations_for_CNN_training/USNMPAL_792666_D1074_2024_01_26_10_32_56_N_Dakota.ndpi.ndpa,Momipites,Momipites sp,YES,circle,1
USNMPAL_792666_D1074_2024_01_26_10_32_56_N_Dakota,/rhf/allocations/dsci435/smithsonian_full_sp26/raw/Images_with_annotations_for_CNN_training/USNMPAL_792666_D1074_2024_01_26_10_32_56_N_Dakota.ndpi.ndpa,TCT,,UNMAPPED,circle,1
USNMPAL_792666_D1074_2024_01_26_10_32_56_N_Dakota,/rhf/allocations/dsci435/smithsonian_full_sp26/raw/Images_with_annotations_for_CNN_training/USNMPAL_792666_D1074_2024_01_26_10_32_56_N_Dakota.ndpi.ndpa,fun,Fungi,NO,circle,1
USNMPAL_792666_D1074_2024_01_26_10_32_56_N_Dakota,/rhf/allocations/dsci435/smithsonian_full_sp26/raw/Images_with_annotations_for_CNN_training/USNMPAL_792666_D1074_2024_01_26_10_32_56_N_Dakota.ndpi.ndpa,paly,Indet.,NO,circle,24
USNMPAL_792666_D1074_2024_01_26_10_32_56_N_Dakota,/rhf/allocations/dsci435/smithsonian_full_sp26/raw/Images_with_annotations_for_CNN_training/USNMPAL_792666_D1074_2024_01_26_10_32_56_N_Dakota.ndpi.ndpa,pol,pollen,NO,circle,16
USNMPAL_792666_D1074_2024_01_26_10_32_56_N_Dakota,/rhf/allocations/dsci435/smithsonian_full_sp26/raw/Images_with_annotations_for_CNN_training/USNMPAL_792666_D1074_2024_01_26_10_32_56_N_Dakota.ndpi.ndpa,spo,spore,NO,circle,2
USNMPAL_792668_D1091_2024_01_25_16_57_52_Tennessee,/rhf/allocations/dsci435/smithsonian_full_sp26/raw/Images_with_annotations_for_CNN_training/USNMPAL_792668_D1091_2024_01_25_16_57_52_Tennessee.ndpi.ndpa,,,UNTITLED,freehand,3
USNMPAL_792668_D1091_2024_01_25_16_57_52_Tennessee,/rhf/allocations/dsci435/smithsonian_full_sp26/raw/Images_with_annotations_for_CNN_training/USNMPAL_792668_D1091_2024_01_25_16_57_52_Tennessee.ndpi.ndpa,Bisaccate pollen,Bisaccate,YES,circle,1
USNMPAL_792668_D1091_2024_01_25_16_57_52_Tennessee,/rhf/allocations/dsci435/smithsonian_full_sp26/raw/Images_with_annotations_for_CNN_training/USNMPAL_792668_D1091_2024_01_25_16_57_52_Tennessee.ndpi.ndpa,Momipites,Momipites sp,YES,circle,2
USNMPAL_792668_D1091_2024_01_25_16_57_52_Tennessee,/rhf/allocations/dsci435/smithsonian_full_sp26/raw/Images_with_annotations_for_CNN_training/USNMPAL_792668_D1091_2024_01_25_16_57_52_Tennessee.ndpi.ndpa,Monocolpites,Monocolpites sp.,YES,circle,1
USNMPAL_792668_D1091_2024_01_25_16_57_52_Tennessee,/rhf/allocations/dsci435/smithsonian_full_sp26/raw/Images_with_annotations_for_CNN_training/USNMPAL_792668_D1091_2024_01_25_16_57_52_Tennessee.ndpi.ndpa,pol,pollen,NO,circle,84
USNMPAL_792668_D1091_2024_01_25_16_57_52_Tennessee,/rhf/allocations/dsci435/smithsonian_full_sp26/raw/Images_with_annotations_for_CNN_training/USNMPAL_792668_D1091_2024_01_25_16_57_52_Tennessee.ndpi.ndpa,spo,spore,NO,circle,1
USNMPAL_792668_D1091_2024_01_25_16_57_52_Tennessee,/rhf/allocations/dsci435/smithsonian_full_sp26/raw/Images_with_annotations_for_CNN_training/USNMPAL_792668_D1091_2024_01_25_16_57_52_Tennessee.ndpi.ndpa,spo?,spore,NO,circle,1
USNMPAL_792673_D1166_A_L_2023_11_09_12_47_47_Wyoming,/rhf/allocations/dsci435/smithsonian_full_sp26/raw/Images_with_annotations_for_CNN_training/USNMPAL_792673_D1166_A_L_2023_11_09_12_47_47_Wyoming.ndpi.ndpa,,,UNTITLED,freehand,1
USNMPAL_792673_D1166_A_L_2023_11_09_12_47_47_Wyoming,/rhf/allocations/dsci435/smithsonian_full_sp26/raw/Images_with_annotations_for_CNN_training/USNMPAL_792673_D1166_A_L_2023_11_09_12_47_47_Wyoming.ndpi.ndpa,Caryapollenites veripites,Caryapollenites veripites,YES,circle,1
USNMPAL_792673_D1166_A_L_2023_11_09_12_47_47_Wyoming,/rhf/allocations/dsci435/smithsonian_full_sp26/raw/Images_with_annotations_for_CNN_training/USNMPAL_792673_D1166_A_L_2023_11_09_12_47_47_Wyoming.ndpi.ndpa,Ericipites,Ericipites sp.,YES,circle,1
USNMPAL_792673_D1166_A_L_2023_11_09_12_47_47_Wyoming,/rhf/allocations/dsci435/smithsonian_full_sp26/raw/Images_with_annotations_for_CNN_training/USNMPAL_792673_D1166_A_L_2023_11_09_12_47_47_Wyoming.ndpi.ndpa,Juglandaceae/Betulaceae?,,UNMAPPED,circle,1
USNMPAL_792673_D1166_A_L_2023_11_09_12_47_47_Wyoming,/rhf/allocations/dsci435/smithsonian_full_sp26/raw/Images_with_annotations_for_CNN_training/USNMPAL_792673_D1166_A_L_2023_11_09_12_47_47_Wyoming.ndpi.ndpa,Juglans,Juglans sp.,NO,circle,1
USNMPAL_792673_D1166_A_L_2023_11_09_12_47_47_Wyoming,/rhf/allocations/dsci435/smithsonian_full_sp26/raw/Images_with_annotations_for_CNN_training/USNMPAL_792673_D1166_A_L_2023_11_09_12_47_47_Wyoming.ndpi.ndpa,Liliacidites?,,UNMAPPED,circle,1
USNMPAL_792673_D1166_A_L_2023_11_09_12_47_47_Wyoming,/rhf/allocations/dsci435/smithsonian_full_sp26/raw/Images_with_annotations_for_CNN_training/USNMPAL_792673_D1166_A_L_2023_11_09_12_47_47_Wyoming.ndpi.ndpa,Momipites,Momipites sp,YES,circle,4
USNMPAL_792673_D1166_A_L_2023_11_09_12_47_47_Wyoming,/rhf/allocations/dsci435/smithsonian_full_sp26/raw/Images_with_annotations_for_CNN_training/USNMPAL_792673_D1166_A_L_2023_11_09_12_47_47_Wyoming.ndpi.ndpa,Momipites?,Momipites sp,YES,circle,2
USNMPAL_792673_D1166_A_L_2023_11_09_12_47_47_Wyoming,/rhf/allocations/dsci435/smithsonian_full_sp26/raw/Images_with_annotations_for_CNN_training/USNMPAL_792673_D1166_A_L_2023_11_09_12_47_47_Wyoming.ndpi.ndpa,Monocolpites?,Monocolpites sp.,YES,circle,1
USNMPAL_792673_D1166_A_L_2023_11_09_12_47_47_Wyoming,/rhf/allocations/dsci435/smithsonian_full_sp26/raw/Images_with_annotations_for_CNN_training/USNMPAL_792673_D1166_A_L_2023_11_09_12_47_47_Wyoming.ndpi.ndpa,Sabal?,,UNMAPPED,circle,1
USNMPAL_792673_D1166_A_L_2023_11_09_12_47_47_Wyoming,/rhf/allocations/dsci435/smithsonian_full_sp26/raw/Images_with_annotations_for_CNN_training/USNMPAL_792673_D1166_A_L_2023_11_09_12_47_47_Wyoming.ndpi.ndpa,fun,Fungi,NO,circle,1
USNMPAL_792673_D1166_A_L_2023_11_09_12_47_47_Wyoming,/rhf/allocations/dsci435/smithsonian_full_sp26/raw/Images_with_annotations_for_CNN_training/USNMPAL_792673_D1166_A_L_2023_11_09_12_47_47_Wyoming.ndpi.ndpa,paly,Indet.,NO,circle,23
USNMPAL_792673_D1166_A_L_2023_11_09_12_47_47_Wyoming,/rhf/allocations/dsci435/smithsonian_full_sp26/raw/Images_with_annotations_for_CNN_training/USNMPAL_792673_D1166_A_L_2023_11_09_12_47_47_Wyoming.ndpi.ndpa,pol,pollen,NO,circle,174
USNMPAL_792673_D1166_A_L_2023_11_09_12_47_47_Wyoming,/rhf/allocations/dsci435/smithsonian_full_sp26/raw/Images_with_annotations_for_CNN_training/USNMPAL_792673_D1166_A_L_2023_11_09_12_47_47_Wyoming.ndpi.ndpa,spo,spore,NO,circle,8
USNMPAL_792673_D1166_A_L_2023_11_09_12_47_47_Wyoming,/rhf/allocations/dsci435/smithsonian_full_sp26/raw/Images_with_annotations_for_CNN_training/USNMPAL_792673_D1166_A_L_2023_11_09_12_47_47_Wyoming.ndpi.ndpa,spo?,spore,NO,circle,3
USNMPAL_792673_D1166_A_R_2023_11_09_15_17_21_Wyoming,/rhf/allocations/dsci435/smithsonian_full_sp26/raw/Images_with_annotations_for_CNN_training/USNMPAL_792673_D1166_A_R_2023_11_09_15_17_21_Wyoming.ndpi.ndpa,,,UNTITLED,freehand,1
USNMPAL_792673_D1166_A_R_2023_11_09_15_17_21_Wyoming,/rhf/allocations/dsci435/smithsonian_full_sp26/raw/Images_with_annotations_for_CNN_training/USNMPAL_792673_D1166_A_R_2023_11_09_15_17_21_Wyoming.ndpi.ndpa,Deltoidospora,Psilatriletes sp.,YES,circle,1
USNMPAL_792673_D1166_A_R_2023_11_09_15_17_21_Wyoming,/rhf/allocations/dsci435/smithsonian_full_sp26/raw/Images_with_annotations_for_CNN_training/USNMPAL_792673_D1166_A_R_2023_11_09_15_17_21_Wyoming.ndpi.ndpa,Juglans,Juglans sp.,NO,circle,1
USNMPAL_792673_D1166_A_R_2023_11_09_15_17_21_Wyoming,/rhf/allocations/dsci435/smithsonian_full_sp26/raw/Images_with_annotations_for_CNN_training/USNMPAL_792673_D1166_A_R_2023_11_09_15_17_21_Wyoming.ndpi.ndpa,Momipites,Momipites sp,YES,circle,3
USNMPAL_792673_D1166_A_R_2023_11_09_15_17_21_Wyoming,/rhf/allocations/dsci435/smithsonian_full_sp26/raw/Images_with_annotations_for_CNN_training/USNMPAL_792673_D1166_A_R_2023_11_09_15_17_21_Wyoming.ndpi.ndpa,Psilamonocolpites,Monocolpites sp.,YES,circle,1
USNMPAL_792673_D1166_A_R_2023_11_09_15_17_21_Wyoming,/rhf/allocations/dsci435/smithsonian_full_sp26/raw/Images_with_annotations_for_CNN_training/USNMPAL_792673_D1166_A_R_2023_11_09_15_17_21_Wyoming.ndpi.ndpa,din,Dinocyst,NO,circle,2
USNMPAL_792673_D1166_A_R_2023_11_09_15_17_21_Wyoming,/rhf/allocations/dsci435/smithsonian_full_sp26/raw/Images_with_annotations_for_CNN_training/USNMPAL_792673_D1166_A_R_2023_11_09_15_17_21_Wyoming.ndpi.ndpa,fun,Fungi,NO,circle,1
USNMPAL_792673_D1166_A_R_2023_11_09_15_17_21_Wyoming,/rhf/allocations/dsci435/smithsonian_full_sp26/raw/Images_with_annotations_for_CNN_training/USNMPAL_792673_D1166_A_R_2023_11_09_15_17_21_Wyoming.ndpi.ndpa,paly,Indet.,NO,circle,30
USNMPAL_792673_D1166_A_R_2023_11_09_15_17_21_Wyoming,/rhf/allocations/dsci435/smithsonian_full_sp26/raw/Images_with_annotations_for_CNN_training/USNMPAL_792673_D1166_A_R_2023_11_09_15_17_21_Wyoming.ndpi.ndpa,pol,pollen,NO,circle,76
USNMPAL_792673_D1166_A_R_2023_11_09_15_17_21_Wyoming,/rhf/allocations/dsci435/smithsonian_full_sp26/raw/Images_with_annotations_for_CNN_training/USNMPAL_792673_D1166_A_R_2023_11_09_15_17_21_Wyoming.ndpi.ndpa,spo,spore,NO,circle,2
USNMPAL_792715_D1298_L_2024_01_25_14_55_02_Wyoming,/rhf/allocations/dsci435/smithsonian_full_sp26/raw/Images_with_annotations_for_CNN_training/USNMPAL_792715_D1298_L_2024_01_25_14_55_02_Wyoming.ndpi.ndpa,,,UNTITLED,freehand,2
USNMPAL_792715_D1298_L_2024_01_25_14_55_02_Wyoming,/rhf/allocations/dsci435/smithsonian_full_sp26/raw/Images_with_annotations_for_CNN_training/USNMPAL_792715_D1298_L_2024_01_25_14_55_02_Wyoming.ndpi.ndpa,Amerospore,Fungi,NO,circle,1
USNMPAL_792715_D1298_L_2024_01_25_14_55_02_Wyoming,/rhf/allocations/dsci435/smithsonian_full_sp26/raw/Images_with_annotations_for_CNN_training/USNMPAL_792715_D1298_L_2024_01_25_14_55_02_Wyoming.ndpi.ndpa,Bisaccate pollen,Bisaccate,YES,circle,1
USNMPAL_792715_D1298_L_2024_01_25_14_55_02_Wyoming,/rhf/allocations/dsci435/smithsonian_full_sp26/raw/Images_with_annotations_for_CNN_training/USNMPAL_792715_D1298_L_2024_01_25_14_55_02_Wyoming.ndpi.ndpa,Bulbilspore,Fungi,NO,circle,2
USNMPAL_792715_D1298_L_2024_01_25_14_55_02_Wyoming,/rhf/allocations/dsci435/smithsonian_full_sp26/raw/Images_with_annotations_for_CNN_training/USNMPAL_792715_D1298_L_2024_01_25_14_55_02_Wyoming.ndpi.ndpa,Cyathidites,Psilatriletes sp.,YES,circle,4
USNMPAL_792715_D1298_L_2024_01_25_14_55_02_Wyoming,/rhf/allocations/dsci435/smithsonian_full_sp26/raw/Images_with_annotations_for_CNN_training/USNMPAL_792715_D1298_L_2024_01_25_14_55_02_Wyoming.ndpi.ndpa,Phragmospore,Fungi,NO,circle,1
USNMPAL_792715_D1298_L_2024_01_25_14_55_02_Wyoming,/rhf/allocations/dsci435/smithsonian_full_sp26/raw/Images_with_annotations_for_CNN_training/USNMPAL_792715_D1298_L_2024_01_25_14_55_02_Wyoming.ndpi.ndpa,alg,Algae,NO,circle,4
USNMPAL_792715_D1298_L_2024_01_25_14_55_02_Wyoming,/rhf/allocations/dsci435/smithsonian_full_sp26/raw/Images_with_annotations_for_CNN_training/USNMPAL_792715_D1298_L_2024_01_25_14_55_02_Wyoming.ndpi.ndpa,fun,Fungi,NO,circle,10
USNMPAL_792715_D1298_L_2024_01_25_14_55_02_Wyoming,/rhf/allocations/dsci435/smithsonian_full_sp26/raw/Images_with_annotations_for_CNN_training/USNMPAL_792715_D1298_L_2024_01_25_14_55_02_Wyoming.ndpi.ndpa,paly,Indet.,NO,circle,12
USNMPAL_792715_D1298_L_2024_01_25_14_55_02_Wyoming,/rhf/allocations/dsci435/smithsonian_full_sp26/raw/Images_with_annotations_for_CNN_training/USNMPAL_792715_D1298_L_2024_01_25_14_55_02_Wyoming.ndpi.ndpa,pol,pollen,NO,circle,41
USNMPAL_792715_D1298_L_2024_01_25_14_55_02_Wyoming,/rhf/allocations/dsci435/smithsonian_full_sp26/raw/Images_with_annotations_for_CNN_training/USNMPAL_792715_D1298_L_2024_01_25_14_55_02_Wyoming.ndpi.ndpa,spo,spore,NO,circle,6
USNMPAL_792717_D1350_L_2024_02_20_15_21_31_Oregon,/rhf/allocations/dsci435/smithsonian_full_sp26/raw/Images_with_annotations_for_CNN_training/USNMPAL_792717_D1350_L_2024_02_20_15_21_31_Oregon.ndpi.ndpa,,,UNTITLED,freehand,1
USNMPAL_792717_D1350_L_2024_02_20_15_21_31_Oregon,/rhf/allocations/dsci435/smithsonian_full_sp26/raw/Images_with_annotations_for_CNN_training/USNMPAL_792717_D1350_L_2024_02_20_15_21_31_Oregon.ndpi.ndpa,Cyathidites,Psilatriletes sp.,YES,circle,1
USNMPAL_792717_D1350_L_2024_02_20_15_21_31_Oregon,/rhf/allocations/dsci435/smithsonian_full_sp26/raw/Images_with_annotations_for_CNN_training/USNMPAL_792717_D1350_L_2024_02_20_15_21_31_Oregon.ndpi.ndpa,Didymospore,Fungi,NO,circle,1
USNMPAL_792717_D1350_L_2024_02_20_15_21_31_Oregon,/rhf/allocations/dsci435/smithsonian_full_sp26/raw/Images_with_annotations_for_CNN_training/USNMPAL_792717_D1350_L_2024_02_20_15_21_31_Oregon.ndpi.ndpa,Liliacidites,,UNMAPPED,circle,1
USNMPAL_792717_D1350_L_2024_02_20_15_21_31_Oregon,/rhf/allocations/dsci435/smithsonian_full_sp26/raw/Images_with_annotations_for_CNN_training/USNMPAL_792717_D1350_L_2024_02_20_15_21_31_Oregon.ndpi.ndpa,Platycarya platycarioides,Platycarya platycarioides,YES,circle,3
USNMPAL_792717_D1350_L_2024_02_20_15_21_31_Oregon,/rhf/allocations/dsci435/smithsonian_full_sp26/raw/Images_with_annotations_for_CNN_training/USNMPAL_792717_D1350_L_2024_02_20_15_21_31_Oregon.ndpi.ndpa,fun,Fungi,NO,circle,9
USNMPAL_792717_D1350_L_2024_02_20_15_21_31_Oregon,/rhf/allocations/dsci435/smithsonian_full_sp26/raw/Images_with_annotations_for_CNN_training/USNMPAL_792717_D1350_L_2024_02_20_15_21_31_Oregon.ndpi.ndpa,paly,Indet.,NO,circle,18
USNMPAL_792717_D1350_L_2024_02_20_15_21_31_Oregon,/rhf/allocations/dsci435/smithsonian_full_sp26/raw/Images_with_annotations_for_CNN_training/USNMPAL_792717_D1350_L_2024_02_20_15_21_31_Oregon.ndpi.ndpa,pol,pollen,NO,circle,77
USNMPAL_792717_D1350_L_2024_02_20_15_21_31_Oregon,/rhf/allocations/dsci435/smithsonian_full_sp26/raw/Images_with_annotations_for_CNN_training/USNMPAL_792717_D1350_L_2024_02_20_15_21_31_Oregon.ndpi.ndpa,spo,spore,NO,circle,21
USNMPAL_792719_D1357_2023_11_09_10_41_27_Colorado,/rhf/allocations/dsci435/smithsonian_full_sp26/raw/Images_with_annotations_for_CNN_training/USNMPAL_792719_D1357_2023_11_09_10_41_27_Colorado.ndpi.ndpa,,,UNTITLED,freehand,1
USNMPAL_792719_D1357_2023_11_09_10_41_27_Colorado,/rhf/allocations/dsci435/smithsonian_full_sp26/raw/Images_with_annotations_for_CNN_training/USNMPAL_792719_D1357_2023_11_09_10_41_27_Colorado.ndpi.ndpa,Caryapollenites,Caryapollenites sp.,YES,circle,3
USNMPAL_792719_D1357_2023_11_09_10_41_27_Colorado,/rhf/allocations/dsci435/smithsonian_full_sp26/raw/Images_with_annotations_for_CNN_training/USNMPAL_792719_D1357_2023_11_09_10_41_27_Colorado.ndpi.ndpa,Momipites,Momipites sp,YES,circle,3
USNMPAL_792719_D1357_2023_11_09_10_41_27_Colorado,/rhf/allocations/dsci435/smithsonian_full_sp26/raw/Images_with_annotations_for_CNN_training/USNMPAL_792719_D1357_2023_11_09_10_41_27_Colorado.ndpi.ndpa,alg,Algae,NO,circle,4
USNMPAL_792719_D1357_2023_11_09_10_41_27_Colorado,/rhf/allocations/dsci435/smithsonian_full_sp26/raw/Images_with_annotations_for_CNN_training/USNMPAL_792719_D1357_2023_11_09_10_41_27_Colorado.ndpi.ndpa,fun,Fungi,NO,circle,1
USNMPAL_792719_D1357_2023_11_09_10_41_27_Colorado,/rhf/allocations/dsci435/smithsonian_full_sp26/raw/Images_with_annotations_for_CNN_training/USNMPAL_792719_D1357_2023_11_09_10_41_27_Colorado.ndpi.ndpa,paly,Indet.,NO,circle,133
USNMPAL_792719_D1357_2023_11_09_10_41_27_Colorado,/rhf/allocations/dsci435/smithsonian_full_sp26/raw/Images_with_annotations_for_CNN_training/USNMPAL_792719_D1357_2023_11_09_10_41_27_Colorado.ndpi.ndpa,pol,pollen,NO,circle,48
USNMPAL_792719_D1357_2023_11_09_10_41_27_Colorado,/rhf/allocations/dsci435/smithsonian_full_sp26/raw/Images_with_annotations_for_CNN_training/USNMPAL_792719_D1357_2023_11_09_10_41_27_Colorado.ndpi.ndpa,spo,spore,NO,circle,3
USNMPAL_792719_D1357_R_2023-11-09_13_10_42_Colorado,/rhf/allocations/dsci435/smithsonian_full_sp26/raw/USNMPAL_792719_D1357_R_2023-11-09_13_10_42_Colorado.ndpa,,,UNTITLED,freehand,1
USNMPAL_792720_D1358_R_2023-11-09_14_06_04_Colorado,/rhf/allocations/dsci435/smithsonian_full_sp26/raw/USNMPAL_792720_D1358_R_2023-11-09_14_06_04_Colorado.ndpi.ndpa,,,UNTITLED,freehand,1
USNMPAL_792723_D1366-D_2024_09_19_09_27_16_Maryland,/rhf/allocations/dsci435/smithsonian_full_sp26/raw/Images_with_annotations_for_CNN_training/USNMPAL_792723_D1366-D_2024_09_19_09_27_16_Maryland.ndpi.ndpa,,,UNTITLED,freehand,1
USNMPAL_792723_D1366-D_2024_09_19_09_27_16_Maryland,/rhf/allocations/dsci435/smithsonian_full_sp26/raw/Images_with_annotations_for_CNN_training/USNMPAL_792723_D1366-D_2024_09_19_09_27_16_Maryland.ndpi.ndpa,Bipol,Bisaccate,YES,circle,7
USNMPAL_792723_D1366-D_2024_09_19_09_27_16_Maryland,/rhf/allocations/dsci435/smithsonian_full_sp26/raw/Images_with_annotations_for_CNN_training/USNMPAL_792723_D1366-D_2024_09_19_09_27_16_Maryland.ndpi.ndpa,Caryapollenites,Caryapollenites sp.,YES,circle,2
USNMPAL_792723_D1366-D_2024_09_19_09_27_16_Maryland,/rhf/allocations/dsci435/smithsonian_full_sp26/raw/Images_with_annotations_for_CNN_training/USNMPAL_792723_D1366-D_2024_09_19_09_27_16_Maryland.ndpi.ndpa,din,Dinocyst,NO,circle,10
USNMPAL_792723_D1366-D_2024_09_19_09_27_16_Maryland,/rhf/allocations/dsci435/smithsonian_full_sp26/raw/Images_with_annotations_for_CNN_training/USNMPAL_792723_D1366-D_2024_09_19_09_27_16_Maryland.ndpi.ndpa,fun,Fungi,NO,circle,2
USNMPAL_792723_D1366-D_2024_09_19_09_27_16_Maryland,/rhf/allocations/dsci435/smithsonian_full_sp26/raw/Images_with_annotations_for_CNN_training/USNMPAL_792723_D1366-D_2024_09_19_09_27_16_Maryland.ndpi.ndpa,paly,Indet.,NO,circle,22
USNMPAL_792723_D1366-D_2024_09_19_09_27_16_Maryland,/rhf/allocations/dsci435/smithsonian_full_sp26/raw/Images_with_annotations_for_CNN_training/USNMPAL_792723_D1366-D_2024_09_19_09_27_16_Maryland.ndpi.ndpa,pol,pollen,NO,circle,103
USNMPAL_792723_D1366-D_2024_09_19_09_27_16_Maryland,/rhf/allocations/dsci435/smithsonian_full_sp26/raw/Images_with_annotations_for_CNN_training/USNMPAL_792723_D1366-D_2024_09_19_09_27_16_Maryland.ndpi.ndpa,spo,spore,NO,circle,4
USNMPAL_792724_D1367_A_2024_01_25_15_32_32_Maryland,/rhf/allocations/dsci435/smithsonian_full_sp26/raw/Images_with_annotations_for_CNN_training/USNMPAL_792724_D1367_A_2024_01_25_15_32_32_Maryland.ndpi.ndpa,,,UNTITLED,freehand,2
USNMPAL_792724_D1367_A_2024_01_25_15_32_32_Maryland,/rhf/allocations/dsci435/smithsonian_full_sp26/raw/Images_with_annotations_for_CNN_training/USNMPAL_792724_D1367_A_2024_01_25_15_32_32_Maryland.ndpi.ndpa,Momipites,Momipites sp,YES,circle,1
USNMPAL_792724_D1367_A_2024_01_25_15_32_32_Maryland,/rhf/allocations/dsci435/smithsonian_full_sp26/raw/Images_with_annotations_for_CNN_training/USNMPAL_792724_D1367_A_2024_01_25_15_32_32_Maryland.ndpi.ndpa,fun,Fungi,NO,circle,3
USNMPAL_792724_D1367_A_2024_01_25_15_32_32_Maryland,/rhf/allocations/dsci435/smithsonian_full_sp26/raw/Images_with_annotations_for_CNN_training/USNMPAL_792724_D1367_A_2024_01_25_15_32_32_Maryland.ndpi.ndpa,paly,Indet.,NO,circle,10
USNMPAL_792724_D1367_A_2024_01_25_15_32_32_Maryland,/rhf/allocations/dsci435/smithsonian_full_sp26/raw/Images_with_annotations_for_CNN_training/USNMPAL_792724_D1367_A_2024_01_25_15_32_32_Maryland.ndpi.ndpa,pol,pollen,NO,circle,50
USNMPAL_792724_D1367_A_2024_01_25_15_32_32_Maryland,/rhf/allocations/dsci435/smithsonian_full_sp26/raw/Images_with_annotations_for_CNN_training/USNMPAL_792724_D1367_A_2024_01_25_15_32_32_Maryland.ndpi.ndpa,spo,spore,NO,circle,2
USNMPAL_792725_D1367-B_2024_09_19_09_45_18_S_Dakota,/rhf/allocations/dsci435/smithsonian_full_sp26/raw/Images_with_annotations_for_CNN_training/USNMPAL_792725_D1367-B_2024_09_19_09_45_18_S_Dakota.ndpi.ndpa,,,UNTITLED,freehand,1
USNMPAL_792725_D1367-B_2024_09_19_09_45_18_S_Dakota,/rhf/allocations/dsci435/smithsonian_full_sp26/raw/Images_with_annotations_for_CNN_training/USNMPAL_792725_D1367-B_2024_09_19_09_45_18_S_Dakota.ndpi.ndpa,Bipol,Bisaccate,YES,circle,3
USNMPAL_792725_D1367-B_2024_09_19_09_45_18_S_Dakota,/rhf/allocations/dsci435/smithsonian_full_sp26/raw/Images_with_annotations_for_CNN_training/USNMPAL_792725_D1367-B_2024_09_19_09_45_18_S_Dakota.ndpi.ndpa,Tricolpites,Tricolpites sp.,MAYBE,circle,1
USNMPAL_792725_D1367-B_2024_09_19_09_45_18_S_Dakota,/rhf/allocations/dsci435/smithsonian_full_sp26/raw/Images_with_annotations_for_CNN_training/USNMPAL_792725_D1367-B_2024_09_19_09_45_18_S_Dakota.ndpi.ndpa,din,Dinocyst,NO,circle,1
USNMPAL_792725_D1367-B_2024_09_19_09_45_18_S_Dakota,/rhf/allocations/dsci435/smithsonian_full_sp26/raw/Images_with_annotations_for_CNN_training/USNMPAL_792725_D1367-B_2024_09_19_09_45_18_S_Dakota.ndpi.ndpa,fun,Fungi,NO,circle,2
USNMPAL_792725_D1367-B_2024_09_19_09_45_18_S_Dakota,/rhf/allocations/dsci435/smithsonian_full_sp26/raw/Images_with_annotations_for_CNN_training/USNMPAL_792725_D1367-B_2024_09_19_09_45_18_S_Dakota.ndpi.ndpa,paly,Indet.,NO,circle,8
USNMPAL_792725_D1367-B_2024_09_19_09_45_18_S_Dakota,/rhf/allocations/dsci435/smithsonian_full_sp26/raw/Images_with_annotations_for_CNN_training/USNMPAL_792725_D1367-B_2024_09_19_09_45_18_S_Dakota.ndpi.ndpa,pol,pollen,NO,circle,46
USNMPAL_792725_D1367-B_2024_09_19_09_45_18_S_Dakota,/rhf/allocations/dsci435/smithsonian_full_sp26/raw/Images_with_annotations_for_CNN_training/USNMPAL_792725_D1367-B_2024_09_19_09_45_18_S_Dakota.ndpi.ndpa,spo,spore,NO,circle,1
USNMPAL_792727_D1376_2024_01_22_16_00_33_Wyoming,/rhf/allocations/dsci435/smithsonian_full_sp26/raw/Images_with_annotations_for_CNN_training/USNMPAL_792727_D1376_2024_01_22_16_00_33_Wyoming.ndpi.ndpa,,,UNTITLED,freehand,3
USNMPAL_792727_D1376_2024_01_22_16_00_33_Wyoming,/rhf/allocations/dsci435/smithsonian_full_sp26/raw/Images_with_annotations_for_CNN_training/USNMPAL_792727_D1376_2024_01_22_16_00_33_Wyoming.ndpi.ndpa,Alnipollenites verus,Alnipollenites verus,YES,circle,1
USNMPAL_792727_D1376_2024_01_22_16_00_33_Wyoming,/rhf/allocations/dsci435/smithsonian_full_sp26/raw/Images_with_annotations_for_CNN_training/USNMPAL_792727_D1376_2024_01_22_16_00_33_Wyoming.ndpi.ndpa,Arecipites tenuiexinous,Arecipites sp.,YES,circle,1
USNMPAL_792727_D1376_2024_01_22_16_00_33_Wyoming,/rhf/allocations/dsci435/smithsonian_full_sp26/raw/Images_with_annotations_for_CNN_training/USNMPAL_792727_D1376_2024_01_22_16_00_33_Wyoming.ndpi.ndpa,Bisaccate pollen,Bisaccate,YES,circle,1
USNMPAL_792727_D1376_2024_01_22_16_00_33_Wyoming,/rhf/allocations/dsci435/smithsonian_full_sp26/raw/Images_with_annotations_for_CNN_training/USNMPAL_792727_D1376_2024_01_22_16_00_33_Wyoming.ndpi.ndpa,Caryapollenites prodromus,Caryapollenites sp.,YES,circle,1
USNMPAL_792727_D1376_2024_01_22_16_00_33_Wyoming,/rhf/allocations/dsci435/smithsonian_full_sp26/raw/Images_with_annotations_for_CNN_training/USNMPAL_792727_D1376_2024_01_22_16_00_33_Wyoming.ndpi.ndpa,Caryapollenites veripites,Caryapollenites veripites,YES,circle,1
USNMPAL_792727_D1376_2024_01_22_16_00_33_Wyoming,/rhf/allocations/dsci435/smithsonian_full_sp26/raw/Images_with_annotations_for_CNN_training/USNMPAL_792727_D1376_2024_01_22_16_00_33_Wyoming.ndpi.ndpa,Cyathidites,Psilatriletes sp.,YES,circle,2
USNMPAL_792727_D1376_2024_01_22_16_00_33_Wyoming,/rhf/allocations/dsci435/smithsonian_full_sp26/raw/Images_with_annotations_for_CNN_training/USNMPAL_792727_D1376_2024_01_22_16_00_33_Wyoming.ndpi.ndpa,Maceopolipollenites,,UNMAPPED,circle,1
USNMPAL_792727_D1376_2024_01_22_16_00_33_Wyoming,/rhf/allocations/dsci435/smithsonian_full_sp26/raw/Images_with_annotations_for_CNN_training/USNMPAL_792727_D1376_2024_01_22_16_00_33_Wyoming.ndpi.ndpa,Momipites,Momipites sp,YES,circle,2
USNMPAL_792727_D1376_2024_01_22_16_00_33_Wyoming,/rhf/allocations/dsci435/smithsonian_full_sp26/raw/Images_with_annotations_for_CNN_training/USNMPAL_792727_D1376_2024_01_22_16_00_33_Wyoming.ndpi.ndpa,Platycaryapollenites platycaryoides,Platycarya platycarioides,YES,circle,1
USNMPAL_792727_D1376_2024_01_22_16_00_33_Wyoming,/rhf/allocations/dsci435/smithsonian_full_sp26/raw/Images_with_annotations_for_CNN_training/USNMPAL_792727_D1376_2024_01_22_16_00_33_Wyoming.ndpi.ndpa,Stereisporites?,,UNMAPPED,circle,1
USNMPAL_792727_D1376_2024_01_22_16_00_33_Wyoming,/rhf/allocations/dsci435/smithsonian_full_sp26/raw/Images_with_annotations_for_CNN_training/USNMPAL_792727_D1376_2024_01_22_16_00_33_Wyoming.ndpi.ndpa,paly,Indet.,NO,circle,9
USNMPAL_792727_D1376_2024_01_22_16_00_33_Wyoming,/rhf/allocations/dsci435/smithsonian_full_sp26/raw/Images_with_annotations_for_CNN_training/USNMPAL_792727_D1376_2024_01_22_16_00_33_Wyoming.ndpi.ndpa,pol,pollen,NO,circle,29
USNMPAL_792733_D1388_L_2024_01_22_11_09_00_S_Dakota,/rhf/allocations/dsci435/smithsonian_full_sp26/raw/Images_with_annotations_for_CNN_training/USNMPAL_792733_D1388_L_2024_01_22_11_09_00_S_Dakota.ndpi.ndpa,,,UNTITLED,freehand,1
USNMPAL_792733_D1388_L_2024_01_22_11_09_00_S_Dakota,/rhf/allocations/dsci435/smithsonian_full_sp26/raw/Images_with_annotations_for_CNN_training/USNMPAL_792733_D1388_L_2024_01_22_11_09_00_S_Dakota.ndpi.ndpa,Cyathidites,Psilatriletes sp.,YES,circle,1
USNMPAL_792733_D1388_L_2024_01_22_11_09_00_S_Dakota,/rhf/allocations/dsci435/smithsonian_full_sp26/raw/Images_with_annotations_for_CNN_training/USNMPAL_792733_D1388_L_2024_01_22_11_09_00_S_Dakota.ndpi.ndpa,Trilete,Psilatriletes sp.,YES,circle,1
USNMPAL_792733_D1388_L_2024_01_22_11_09_00_S_Dakota,/rhf/allocations/dsci435/smithsonian_full_sp26/raw/Images_with_annotations_for_CNN_training/USNMPAL_792733_D1388_L_2024_01_22_11_09_00_S_Dakota.ndpi.ndpa,alg,Algae,NO,circle,1
USNMPAL_792733_D1388_L_2024_01_22_11_09_00_S_Dakota,/rhf/allocations/dsci435/smithsonian_full_sp26/raw/Images_with_annotations_for_CNN_training/USNMPAL_792733_D1388_L_2024_01_22_11_09_00_S_Dakota.ndpi.ndpa,din,Dinocyst,NO,circle,1
USNMPAL_792733_D1388_L_2024_01_22_11_09_00_S_Dakota,/rhf/allocations/dsci435/smithsonian_full_sp26/raw/Images_with_annotations_for_CNN_training/USNMPAL_792733_D1388_L_2024_01_22_11_09_00_S_Dakota.ndpi.ndpa,fun,Fungi,NO,circle,3
USNMPAL_792733_D1388_L_2024_01_22_11_09_00_S_Dakota,/rhf/allocations/dsci435/smithsonian_full_sp26/raw/Images_with_annotations_for_CNN_training/USNMPAL_792733_D1388_L_2024_01_22_11_09_00_S_Dakota.ndpi.ndpa,paly,Indet.,NO,circle,37
USNMPAL_792733_D1388_L_2024_01_22_11_09_00_S_Dakota,/rhf/allocations/dsci435/smithsonian_full_sp26/raw/Images_with_annotations_for_CNN_training/USNMPAL_792733_D1388_L_2024_01_22_11_09_00_S_Dakota.ndpi.ndpa,pol,pollen,NO,circle,32
USNMPAL_792733_D1388_L_2024_01_22_11_09_00_S_Dakota,/rhf/allocations/dsci435/smithsonian_full_sp26/raw/Images_with_annotations_for_CNN_training/USNMPAL_792733_D1388_L_2024_01_22_11_09_00_S_Dakota.ndpi.ndpa,spo,spore,NO,circle,6
USNMPAL_792738_D1392_A_R_2024_01_25_13_58_00_Wyoming,/rhf/allocations/dsci435/smithsonian_full_sp26/raw/Images_with_annotations_for_CNN_training/USNMPAL_792738_D1392_A_R_2024_01_25_13_58_00_Wyoming.ndpi.ndpa,,,UNTITLED,freehand,1
USNMPAL_792738_D1392_A_R_2024_01_25_13_58_00_Wyoming,/rhf/allocations/dsci435/smithsonian_full_sp26/raw/Images_with_annotations_for_CNN_training/USNMPAL_792738_D1392_A_R_2024_01_25_13_58_00_Wyoming.ndpi.ndpa,paly,Indet.,NO,circle,5
USNMPAL_792738_D1392_A_R_2024_01_25_13_58_00_Wyoming,/rhf/allocations/dsci435/smithsonian_full_sp26/raw/Images_with_annotations_for_CNN_training/USNMPAL_792738_D1392_A_R_2024_01_25_13_58_00_Wyoming.ndpi.ndpa,pol,pollen,NO,circle,59
USNMPAL_792738_D1392_A_R_2024_01_25_13_58_00_Wyoming,/rhf/allocations/dsci435/smithsonian_full_sp26/raw/Images_with_annotations_for_CNN_training/USNMPAL_792738_D1392_A_R_2024_01_25_13_58_00_Wyoming.ndpi.ndpa,spo,spore,NO,circle,2
USNMPAL_792738_D1392_A_R_2024_01_25_13_58_00_Wyoming,/rhf/allocations/dsci435/smithsonian_full_sp26/raw/Images_with_annotations_for_CNN_training/USNMPAL_792738_D1392_A_R_2024_01_25_13_58_00_Wyoming.ndpi.ndpa,spo?,spore,NO,circle,1
USNMPAL_792741_D1408-1_L_2024-02-29_16_15_07_Colorado,/rhf/allocations/dsci435/smithsonian_full_sp26/raw/USNMPAL_792741_D1408-1_L_2024-02-29_16_15_07_Colorado.ndpi.ndpa,,,UNTITLED,freehand,1
USNMPAL_792745_D1409-6_L_2024-02-29_16_34_04_Colorado,/rhf/allocations/dsci435/smithsonian_full_sp26/raw/USNMPAL_792745_D1409-6_L_2024-02-29_16_34_04_Colorado.ndpi.ndpa,,,UNTITLED,freehand,1
USNMPAL_792751_D1410_L_2024-03-01_13_39_37_Colorado,/rhf/allocations/dsci435/smithsonian_full_sp26/raw/USNMPAL_792751_D1410_L_2024-03-01_13_39_37_Colorado.ndpi.ndpa,,,UNTITLED,freehand,1
USNMPAL_792815_D1524_L_2024_01_26_10_53_45_Oregon,/rhf/allocations/dsci435/smithsonian_full_sp26/raw/Images_with_annotations_for_CNN_training/USNMPAL_792815_D1524_L_2024_01_26_10_53_45_Oregon.ndpi.ndpa,,,UNTITLED,freehand,3
USNMPAL_792815_D1524_L_2024_01_26_10_53_45_Oregon,/rhf/allocations/dsci435/smithsonian_full_sp26/raw/Images_with_annotations_for_CNN_training/USNMPAL_792815_D1524_L_2024_01_26_10_53_45_Oregon.ndpi.ndpa,Cicatricosisporites,Cicatricosisporites sp.,YES,circle,1
USNMPAL_792815_D1524_L_2024_01_26_10_53_45_Oregon,/rhf/allocations/dsci435/smithsonian_full_sp26/raw/Images_with_annotations_for_CNN_training/USNMPAL_792815_D1524_L_2024_01_26_10_53_45_Oregon.ndpi.ndpa,Momipites,Momipites sp,YES,circle,1
USNMPAL_792815_D1524_L_2024_01_26_10_53_45_Oregon,/rhf/allocations/dsci435/smithsonian_full_sp26/raw/Images_with_annotations_for_CNN_training/USNMPAL_792815_D1524_L_2024_01_26_10_53_45_Oregon.ndpi.ndpa,fun,Fungi,NO,circle,5
USNMPAL_792815_D1524_L_2024_01_26_10_53_45_Oregon,/rhf/allocations/dsci435/smithsonian_full_sp26/raw/Images_with_annotations_for_CNN_training/USNMPAL_792815_D1524_L_2024_01_26_10_53_45_Oregon.ndpi.ndpa,paly,Indet.,NO,circle,18
USNMPAL_792815_D1524_L_2024_01_26_10_53_45_Oregon,/rhf/allocations/dsci435/smithsonian_full_sp26/raw/Images_with_annotations_for_CNN_training/USNMPAL_792815_D1524_L_2024_01_26_10_53_45_Oregon.ndpi.ndpa,pol,pollen,NO,circle,20
USNMPAL_792815_D1524_L_2024_01_26_10_53_45_Oregon,/rhf/allocations/dsci435/smithsonian_full_sp26/raw/Images_with_annotations_for_CNN_training/USNMPAL_792815_D1524_L_2024_01_26_10_53_45_Oregon.ndpi.ndpa,spo,spore,NO,circle,6
USNMPAL_792851_D1644_2024_01_26_11_12_23_California,/rhf/allocations/dsci435/smithsonian_full_sp26/raw/Images_with_annotations_for_CNN_training/USNMPAL_792851_D1644_2024_01_26_11_12_23_California.ndpi.ndpa,,,UNTITLED,freehand,2
USNMPAL_792851_D1644_2024_01_26_11_12_23_California,/rhf/allocations/dsci435/smithsonian_full_sp26/raw/Images_with_annotations_for_CNN_training/USNMPAL_792851_D1644_2024_01_26_11_12_23_California.ndpi.ndpa,Amerospore,Fungi,NO,circle,1
USNMPAL_792851_D1644_2024_01_26_11_12_23_California,/rhf/allocations/dsci435/smithsonian_full_sp26/raw/Images_with_annotations_for_CNN_training/USNMPAL_792851_D1644_2024_01_26_11_12_23_California.ndpi.ndpa,Momipites,Momipites sp,YES,circle,7
USNMPAL_792851_D1644_2024_01_26_11_12_23_California,/rhf/allocations/dsci435/smithsonian_full_sp26/raw/Images_with_annotations_for_CNN_training/USNMPAL_792851_D1644_2024_01_26_11_12_23_California.ndpi.ndpa,fun,Fungi,NO,circle,2
USNMPAL_792851_D1644_2024_01_26_11_12_23_California,/rhf/allocations/dsci435/smithsonian_full_sp26/raw/Images_with_annotations_for_CNN_training/USNMPAL_792851_D1644_2024_01_26_11_12_23_California.ndpi.ndpa,paly,Indet.,NO,circle,4
USNMPAL_792851_D1644_2024_01_26_11_12_23_California,/rhf/allocations/dsci435/smithsonian_full_sp26/raw/Images_with_annotations_for_CNN_training/USNMPAL_792851_D1644_2024_01_26_11_12_23_California.ndpi.ndpa,pol,pollen,NO,circle,37
USNMPAL_792851_D1644_2024_01_26_11_12_23_California,/rhf/allocations/dsci435/smithsonian_full_sp26/raw/Images_with_annotations_for_CNN_training/USNMPAL_792851_D1644_2024_01_26_11_12_23_California.ndpi.ndpa,pol?,pollen,NO,circle,1
USNMPAL_792851_D1644_2024_01_26_11_12_23_California,/rhf/allocations/dsci435/smithsonian_full_sp26/raw/Images_with_annotations_for_CNN_training/USNMPAL_792851_D1644_2024_01_26_11_12_23_California.ndpi.ndpa,spo,spore,NO,circle,10
USNMPAL_792851_D1644_2024_01_26_11_12_23_California,/rhf/allocations/dsci435/smithsonian_full_sp26/raw/Images_with_annotations_for_CNN_training/USNMPAL_792851_D1644_2024_01_26_11_12_23_California.ndpi.ndpa,spo?,spore,NO,circle,1
USNMPAL_792852_D1667-A_L_2024_02_20_14_05_57_Kentucky,/rhf/allocations/dsci435/smithsonian_full_sp26/raw/Images_with_annotations_for_CNN_training/USNMPAL_792852_D1667-A_L_2024_02_20_14_05_57_Kentucky.ndpi.ndpa,,,UNTITLED,freehand,1
USNMPAL_792852_D1667-A_L_2024_02_20_14_05_57_Kentucky,/rhf/allocations/dsci435/smithsonian_full_sp26/raw/Images_with_annotations_for_CNN_training/USNMPAL_792852_D1667-A_L_2024_02_20_14_05_57_Kentucky.ndpi.ndpa,Alnus,,UNMAPPED,circle,1
USNMPAL_792852_D1667-A_L_2024_02_20_14_05_57_Kentucky,/rhf/allocations/dsci435/smithsonian_full_sp26/raw/Images_with_annotations_for_CNN_training/USNMPAL_792852_D1667-A_L_2024_02_20_14_05_57_Kentucky.ndpi.ndpa,Betulaceae,Betulaceae,YES,circle,1
USNMPAL_792852_D1667-A_L_2024_02_20_14_05_57_Kentucky,/rhf/allocations/dsci435/smithsonian_full_sp26/raw/Images_with_annotations_for_CNN_training/USNMPAL_792852_D1667-A_L_2024_02_20_14_05_57_Kentucky.ndpi.ndpa,Momipites,Momipites sp,YES,circle,5
USNMPAL_792852_D1667-A_L_2024_02_20_14_05_57_Kentucky,/rhf/allocations/dsci435/smithsonian_full_sp26/raw/Images_with_annotations_for_CNN_training/USNMPAL_792852_D1667-A_L_2024_02_20_14_05_57_Kentucky.ndpi.ndpa,fun,Fungi,NO,circle,5
USNMPAL_792852_D1667-A_L_2024_02_20_14_05_57_Kentucky,/rhf/allocations/dsci435/smithsonian_full_sp26/raw/Images_with_annotations_for_CNN_training/USNMPAL_792852_D1667-A_L_2024_02_20_14_05_57_Kentucky.ndpi.ndpa,paly,Indet.,NO,circle,2
USNMPAL_792852_D1667-A_L_2024_02_20_14_05_57_Kentucky,/rhf/allocations/dsci435/smithsonian_full_sp26/raw/Images_with_annotations_for_CNN_training/USNMPAL_792852_D1667-A_L_2024_02_20_14_05_57_Kentucky.ndpi.ndpa,pol,pollen,NO,circle,89
USNMPAL_792852_D1667-A_R_2024_02_2019_29_55_Kentucky,/rhf/allocations/dsci435/smithsonian_full_sp26/raw/Images_with_annotations_for_CNN_training/USNMPAL_792852_D1667-A_R_2024_02_2019_29_55_Kentucky.ndpi.ndpa,,,UNTITLED,freehand,1
USNMPAL_792852_D1667-A_R_2024_02_2019_29_55_Kentucky,/rhf/allocations/dsci435/smithsonian_full_sp26/raw/Images_with_annotations_for_CNN_training/USNMPAL_792852_D1667-A_R_2024_02_2019_29_55_Kentucky.ndpi.ndpa,Momipites,Momipites sp,YES,circle,2
USNMPAL_792852_D1667-A_R_2024_02_2019_29_55_Kentucky,/rhf/allocations/dsci435/smithsonian_full_sp26/raw/Images_with_annotations_for_CNN_training/USNMPAL_792852_D1667-A_R_2024_02_2019_29_55_Kentucky.ndpi.ndpa,fun,Fungi,NO,circle,3
USNMPAL_792852_D1667-A_R_2024_02_2019_29_55_Kentucky,/rhf/allocations/dsci435/smithsonian_full_sp26/raw/Images_with_annotations_for_CNN_training/USNMPAL_792852_D1667-A_R_2024_02_2019_29_55_Kentucky.ndpi.ndpa,paly,Indet.,NO,circle,1
USNMPAL_792852_D1667-A_R_2024_02_2019_29_55_Kentucky,/rhf/allocations/dsci435/smithsonian_full_sp26/raw/Images_with_annotations_for_CNN_training/USNMPAL_792852_D1667-A_R_2024_02_2019_29_55_Kentucky.ndpi.ndpa,pol,pollen,NO,circle,163
USNMPAL_792854_D1668_L_2024_01_25_16_38_58_Kentucky,/rhf/allocations/dsci435/smithsonian_full_sp26/raw/Images_with_annotations_for_CNN_training/USNMPAL_792854_D1668_L_2024_01_25_16_38_58_Kentucky.ndpi.ndpa,,,UNTITLED,freehand,1
USNMPAL_792854_D1668_L_2024_01_25_16_38_58_Kentucky,/rhf/allocations/dsci435/smithsonian_full_sp26/raw/Images_with_annotations_for_CNN_training/USNMPAL_792854_D1668_L_2024_01_25_16_38_58_Kentucky.ndpi.ndpa,Betula,,UNMAPPED,circle,1
USNMPAL_792854_D1668_L_2024_01_25_16_38_58_Kentucky,/rhf/allocations/dsci435/smithsonian_full_sp26/raw/Images_with_annotations_for_CNN_training/USNMPAL_792854_D1668_L_2024_01_25_16_38_58_Kentucky.ndpi.ndpa,Betula claripites,,UNMAPPED,circle,1
USNMPAL_792854_D1668_L_2024_01_25_16_38_58_Kentucky,/rhf/allocations/dsci435/smithsonian_full_sp26/raw/Images_with_annotations_for_CNN_training/USNMPAL_792854_D1668_L_2024_01_25_16_38_58_Kentucky.ndpi.ndpa,Betulaceae,Betulaceae,YES,circle,1
USNMPAL_792854_D1668_L_2024_01_25_16_38_58_Kentucky,/rhf/allocations/dsci435/smithsonian_full_sp26/raw/Images_with_annotations_for_CNN_training/USNMPAL_792854_D1668_L_2024_01_25_16_38_58_Kentucky.ndpi.ndpa,Bipol,Bisaccate,YES,circle,1
USNMPAL_792854_D1668_L_2024_01_25_16_38_58_Kentucky,/rhf/allocations/dsci435/smithsonian_full_sp26/raw/Images_with_annotations_for_CNN_training/USNMPAL_792854_D1668_L_2024_01_25_16_38_58_Kentucky.ndpi.ndpa,Botryoccocus,Algae,NO,circle,1
USNMPAL_792854_D1668_L_2024_01_25_16_38_58_Kentucky,/rhf/allocations/dsci435/smithsonian_full_sp26/raw/Images_with_annotations_for_CNN_training/USNMPAL_792854_D1668_L_2024_01_25_16_38_58_Kentucky.ndpi.ndpa,Carya simplex,,UNMAPPED,circle,1
USNMPAL_792854_D1668_L_2024_01_25_16_38_58_Kentucky,/rhf/allocations/dsci435/smithsonian_full_sp26/raw/Images_with_annotations_for_CNN_training/USNMPAL_792854_D1668_L_2024_01_25_16_38_58_Kentucky.ndpi.ndpa,Caryapollenites,Caryapollenites sp.,YES,circle,7
USNMPAL_792854_D1668_L_2024_01_25_16_38_58_Kentucky,/rhf/allocations/dsci435/smithsonian_full_sp26/raw/Images_with_annotations_for_CNN_training/USNMPAL_792854_D1668_L_2024_01_25_16_38_58_Kentucky.ndpi.ndpa,Caryapollenites veripites,Caryapollenites veripites,YES,circle,5
USNMPAL_792854_D1668_L_2024_01_25_16_38_58_Kentucky,/rhf/allocations/dsci435/smithsonian_full_sp26/raw/Images_with_annotations_for_CNN_training/USNMPAL_792854_D1668_L_2024_01_25_16_38_58_Kentucky.ndpi.ndpa,Caryapollenites wodehousei,Caryapollenites sp.,YES,circle,1
USNMPAL_792854_D1668_L_2024_01_25_16_38_58_Kentucky,/rhf/allocations/dsci435/smithsonian_full_sp26/raw/Images_with_annotations_for_CNN_training/USNMPAL_792854_D1668_L_2024_01_25_16_38_58_Kentucky.ndpi.ndpa,Ericipites,Ericipites sp.,YES,circle,1
USNMPAL_792854_D1668_L_2024_01_25_16_38_58_Kentucky,/rhf/allocations/dsci435/smithsonian_full_sp26/raw/Images_with_annotations_for_CNN_training/USNMPAL_792854_D1668_L_2024_01_25_16_38_58_Kentucky.ndpi.ndpa,Momipites,Momipites sp,YES,circle,5
USNMPAL_792854_D1668_L_2024_01_25_16_38_58_Kentucky,/rhf/allocations/dsci435/smithsonian_full_sp26/raw/Images_with_annotations_for_CNN_training/USNMPAL_792854_D1668_L_2024_01_25_16_38_58_Kentucky.ndpi.ndpa,Plicatopollis lunata,,UNMAPPED,circle,1
USNMPAL_792854_D1668_L_2024_01_25_16_38_58_Kentucky,/rhf/allocations/dsci435/smithsonian_full_sp26/raw/Images_with_annotations_for_CNN_training/USNMPAL_792854_D1668_L_2024_01_25_16_38_58_Kentucky.ndpi.ndpa,din,Dinocyst,NO,circle,1
USNMPAL_792854_D1668_L_2024_01_25_16_38_58_Kentucky,/rhf/allocations/dsci435/smithsonian_full_sp26/raw/Images_with_annotations_for_CNN_training/USNMPAL_792854_D1668_L_2024_01_25_16_38_58_Kentucky.ndpi.ndpa,paly,Indet.,NO,circle,8
USNMPAL_792854_D1668_L_2024_01_25_16_38_58_Kentucky,/rhf/allocations/dsci435/smithsonian_full_sp26/raw/Images_with_annotations_for_CNN_training/USNMPAL_792854_D1668_L_2024_01_25_16_38_58_Kentucky.ndpi.ndpa,pol,pollen,NO,circle,28
USNMPAL_792854_D1668_L_2024_01_25_16_38_58_Kentucky,/rhf/allocations/dsci435/smithsonian_full_sp26/raw/Images_with_annotations_for_CNN_training/USNMPAL_792854_D1668_L_2024_01_25_16_38_58_Kentucky.ndpi.ndpa,spo,spore,NO,circle,1
USNMPAL_792854_D1668_R_2024-01-26_09_31_50_Kentucky,/rhf/allocations/dsci435/smithsonian_full_sp26/raw/USNMPAL_792854_D1668_R_2024-01-26_09_31_50_Kentucky.ndpi.ndpa,,,UNTITLED,freehand,1
USNMPAL_792855_D1669_L_2024-01-25_16_19_58_Kentucky,/rhf/allocations/dsci435/smithsonian_full_sp26/raw/USNMPAL_792855_D1669_L_2024-01-25_16_19_58_Kentucky.ndpi.ndpa,,,UNTITLED,freehand,1
USNMPAL_792860_D1683-1_R_2024-01-23_13_03_17_Wyoming,/rhf/allocations/dsci435/smithsonian_full_sp26/raw/USNMPAL_792860_D1683-1_R_2024-01-23_13_03_17_Wyoming.ndpi.ndpa,,,UNTITLED,freehand,1
USNMPAL_792868_D1704_L_2024-01-22_11_53_57_Wyoming,/rhf/allocations/dsci435/smithsonian_full_sp26/raw/USNMPAL_792868_D1704_L_2024-01-22_11_53_57_Wyoming.ndpi.ndpa,,,UNTITLED,freehand,1
USNMPAL_792871_D1721_2024-01-25_10_43_21_Washington,/rhf/allocations/dsci435/smithsonian_full_sp26/raw/USNMPAL_792871_D1721_2024-01-25_10_43_21_Washington.ndpi.ndpa,,,UNTITLED,freehand,1
USNMPAL_792873_D1723_L_2024_01_08_13_28_48_Washington,/rhf/allocations/dsci435/smithsonian_full_sp26/raw/USNMPAL_792873_D1723_L_2024_01_08_13_28_48_Washington.ndpi.ndpa,,,UNTITLED,freehand,1
USNMPAL_792874_D1724_L_2023-11-20_18_10_52_Washington,/rhf/allocations/dsci435/smithsonian_full_sp26/raw/USNMPAL_792874_D1724_L_2023-11-20_18_10_52_Washington.ndpi.ndpa,,,UNTITLED,freehand,1
USNMPAL_792878_D1728_L_2024-01-22_14_53_43_Washington,/rhf/allocations/dsci435/smithsonian_full_sp26/raw/USNMPAL_792878_D1728_L_2024-01-22_14_53_43_Washington.ndpi.ndpa,,,UNTITLED,freehand,1
USNMPAL_792904_D1787_R_2024-01-25 17.16.20_Montana,/rhf/allocations/dsci435/smithsonian_full_sp26/raw/USNMPAL_792904_D1787_R_2024-01-25 17.16.20_Montana.ndpi.ndpa,,,UNTITLED,freehand,1
USNMPAL_792924_D1820_2024-01-23_13_40_57_N_Mexico,/rhf/allocations/dsci435/smithsonian_full_sp26/raw/Images_with_annotations_for_CNN_training/USNMPAL_792924_D1820_2024-01-23_13_40_57_N_Mexico.ndpi.ndpa,,,UNTITLED,freehand,1
USNMPAL_792924_D1820_2024-01-23_13_40_57_N_Mexico,/rhf/allocations/dsci435/smithsonian_full_sp26/raw/Images_with_annotations_for_CNN_training/USNMPAL_792924_D1820_2024-01-23_13_40_57_N_Mexico.ndpi.ndpa,Betulaceae,Betulaceae,YES,circle,2
USNMPAL_792924_D1820_2024-01-23_13_40_57_N_Mexico,/rhf/allocations/dsci435/smithsonian_full_sp26/raw/Images_with_annotations_for_CNN_training/USNMPAL_792924_D1820_2024-01-23_13_40_57_N_Mexico.ndpi.ndpa,Bipol,Bisaccate,YES,circle,1
USNMPAL_792924_D1820_2024-01-23_13_40_57_N_Mexico,/rhf/allocations/dsci435/smithsonian_full_sp26/raw/Images_with_annotations_for_CNN_training/USNMPAL_792924_D1820_2024-01-23_13_40_57_N_Mexico.ndpi.ndpa,Caryapollenites,Caryapollenites sp.,YES,circle,1
USNMPAL_792924_D1820_2024-01-23_13_40_57_N_Mexico,/rhf/allocations/dsci435/smithsonian_full_sp26/raw/Images_with_annotations_for_CNN_training/USNMPAL_792924_D1820_2024-01-23_13_40_57_N_Mexico.ndpi.ndpa,Momipites,Momipites sp,YES,circle,1
USNMPAL_792924_D1820_2024-01-23_13_40_57_N_Mexico,/rhf/allocations/dsci435/smithsonian_full_sp26/raw/Images_with_annotations_for_CNN_training/USNMPAL_792924_D1820_2024-01-23_13_40_57_N_Mexico.ndpi.ndpa,paly,Indet.,NO,circle,7
USNMPAL_792924_D1820_2024-01-23_13_40_57_N_Mexico,/rhf/allocations/dsci435/smithsonian_full_sp26/raw/Images_with_annotations_for_CNN_training/USNMPAL_792924_D1820_2024-01-23_13_40_57_N_Mexico.ndpi.ndpa,pol,pollen,NO,circle,37
USNMPAL_792924_D1820_L_2024-01-22_14_31_10_N_Mexico,/rhf/allocations/dsci435/smithsonian_full_sp26/raw/USNMPAL_792924_D1820_L_2024-01-22_14_31_10_N_Mexico.ndpi.ndpa,,,UNTITLED,freehand,1
USNMPAL_792925_D1822_L_2024-01-02_12_28_29_Colorado,/rhf/allocations/dsci435/smithsonian_full_sp26/raw/USNMPAL_792925_D1822_L_2024-01-02_12_28_29_Colorado.ndpi.ndpa,,,UNTITLED,freehand,1
USNMPAL_792926_D1823 - 2023-11-07 11.32.18,/rhf/allocations/dsci435/smithsonian_full_sp26/raw/USNMPAL_792926_D1823 - 2023-11-07 11.32.18.ndpi.ndpa,,,UNTITLED,freehand,1
USNMPAL_792929_D1824 - 2023-11-09 09.53.34,/rhf/allocations/dsci435/smithsonian_full_sp26/raw/USNMPAL_792929_D1824 - 2023-11-09 09.53.34.ndpi.ndpa,Monosulcate,,UNMAPPED,circle,1
USNMPAL_792930_D1825_L_2023_11_07_13_36_14_image1_Kentucky,/rhf/allocations/dsci435/smithsonian_full_sp26/raw/Images_with_annotations_for_CNN_training/USNMPAL_792930_D1825_L_2023_11_07_13_36_14_image1_Kentucky.ndpi.ndpa,,,UNTITLED,freehand,1
USNMPAL_792930_D1825_L_2023_11_07_13_36_14_image1_Kentucky,/rhf/allocations/dsci435/smithsonian_full_sp26/raw/Images_with_annotations_for_CNN_training/USNMPAL_792930_D1825_L_2023_11_07_13_36_14_image1_Kentucky.ndpi.ndpa,Momipites,Momipites sp,YES,circle,2
USNMPAL_792930_D1825_L_2023_11_07_13_36_14_image1_Kentucky,/rhf/allocations/dsci435/smithsonian_full_sp26/raw/Images_with_annotations_for_CNN_training/USNMPAL_792930_D1825_L_2023_11_07_13_36_14_image1_Kentucky.ndpi.ndpa,paly,Indet.,NO,circle,2
USNMPAL_792930_D1825_L_2023_11_07_13_36_14_image1_Kentucky,/rhf/allocations/dsci435/smithsonian_full_sp26/raw/Images_with_annotations_for_CNN_training/USNMPAL_792930_D1825_L_2023_11_07_13_36_14_image1_Kentucky.ndpi.ndpa,pol,pollen,NO,circle,92
USNMPAL_792930_D1825_L_2023_11_07_13_36_14_image1_Kentucky,/rhf/allocations/dsci435/smithsonian_full_sp26/raw/Images_with_annotations_for_CNN_training/USNMPAL_792930_D1825_L_2023_11_07_13_36_14_image1_Kentucky.ndpi.ndpa,spo,spore,NO,circle,1
USNMPAL_792930_D1825_L_2023_11_07_13_36_14_image1_Kentucky,/rhf/allocations/dsci435/smithsonian_full_sp26/raw/Images_with_annotations_for_CNN_training/USNMPAL_792930_D1825_L_2023_11_07_13_36_14_image1_Kentucky.ndpi.ndpa,spo?,spore,NO,circle,1
USNMPAL_792934_D1846 - 2024-01-22 10.45.47,/rhf/allocations/dsci435/smithsonian_full_sp26/raw/USNMPAL_792934_D1846 - 2024-01-22 10.45.47.ndpi.ndpa,,,UNTITLED,freehand,1
USNMPAL_792936_D1851_2024-01-18 17.12.01,/rhf/allocations/dsci435/smithsonian_full_sp26/raw/USNMPAL_792936_D1851_2024-01-18 17.12.01.ndpi.ndpa,,,UNTITLED,freehand,1
USNMPAL_792938_D1855 - 2024-01-22 12.59.19,/rhf/allocations/dsci435/smithsonian_full_sp26/raw/USNMPAL_792938_D1855 - 2024-01-22 12.59.19.ndpi.ndpa,,,UNTITLED,freehand,1
USNMPAL_792943_D1862 - 2023-11-20 11.52.32,/rhf/allocations/dsci435/smithsonian_full_sp26/raw/USNMPAL_792943_D1862 - 2023-11-20 11.52.32.ndpi.ndpa,,,UNTITLED,freehand,1
USNMPAL_792944_D1867 - 2024-01-23 10.34.13,/rhf/allocations/dsci435/smithsonian_full_sp26/raw/USNMPAL_792944_D1867 - 2024-01-23 10.34.13.ndpi.ndpa,,,UNTITLED,freehand,1
USNMPAL_792944_D1867 - 2024-01-23 10.34.13,/rhf/allocations/dsci435/smithsonian_full_sp26/raw/USNMPAL_792944_D1867 - 2024-01-23 10.34.13.ndpi.ndpa,Bisaccate,Bisaccate,YES,circle,1
USNMPAL_792954_D1890-4_L_2024_09_19_11_55_30_Kentucky,/rhf/allocations/dsci435/smithsonian_full_sp26/raw/Images_with_annotations_for_CNN_training/USNMPAL_792954_D1890-4_L_2024_09_19_11_55_30_Kentucky.ndpi.ndpa,,,UNTITLED,freehand,2
USNMPAL_792954_D1890-4_L_2024_09_19_11_55_30_Kentucky,/rhf/allocations/dsci435/smithsonian_full_sp26/raw/Images_with_annotations_for_CNN_training/USNMPAL_792954_D1890-4_L_2024_09_19_11_55_30_Kentucky.ndpi.ndpa,din,Dinocyst,NO,circle,3
USNMPAL_792954_D1890-4_L_2024_09_19_11_55_30_Kentucky,/rhf/allocations/dsci435/smithsonian_full_sp26/raw/Images_with_annotations_for_CNN_training/USNMPAL_792954_D1890-4_L_2024_09_19_11_55_30_Kentucky.ndpi.ndpa,din?,Dinocyst,NO,circle,2
USNMPAL_792954_D1890-4_L_2024_09_19_11_55_30_Kentucky,/rhf/allocations/dsci435/smithsonian_full_sp26/raw/Images_with_annotations_for_CNN_training/USNMPAL_792954_D1890-4_L_2024_09_19_11_55_30_Kentucky.ndpi.ndpa,fun,Fungi,NO,circle,1
USNMPAL_792954_D1890-4_L_2024_09_19_11_55_30_Kentucky,/rhf/allocations/dsci435/smithsonian_full_sp26/raw/Images_with_annotations_for_CNN_training/USNMPAL_792954_D1890-4_L_2024_09_19_11_55_30_Kentucky.ndpi.ndpa,paly,Indet.,NO,circle,43
USNMPAL_792954_D1890-4_L_2024_09_19_11_55_30_Kentucky,/rhf/allocations/dsci435/smithsonian_full_sp26/raw/Images_with_annotations_for_CNN_training/USNMPAL_792954_D1890-4_L_2024_09_19_11_55_30_Kentucky.ndpi.ndpa,pol,pollen,NO,circle,25
USNMPAL_792954_D1890-4_L_2024_09_19_11_55_30_Kentucky,/rhf/allocations/dsci435/smithsonian_full_sp26/raw/Images_with_annotations_for_CNN_training/USNMPAL_792954_D1890-4_L_2024_09_19_11_55_30_Kentucky.ndpi.ndpa,pol?,pollen,NO,circle,1
USNMPAL_792954_D1890-4_L_2024_09_19_11_55_30_Kentucky,/rhf/allocations/dsci435/smithsonian_full_sp26/raw/Images_with_annotations_for_CNN_training/USNMPAL_792954_D1890-4_L_2024_09_19_11_55_30_Kentucky.ndpi.ndpa,spo,spore,NO,circle,4
USNMPAL_792954_D1890-4_L_2024_09_19_11_55_30_Kentucky,/rhf/allocations/dsci435/smithsonian_full_sp26/raw/Images_with_annotations_for_CNN_training/USNMPAL_792954_D1890-4_L_2024_09_19_11_55_30_Kentucky.ndpi.ndpa,spo?,spore,NO,circle,3
USNMPAL_792966_D1909_2024_02_20_11_11_43,/rhf/allocations/dsci435/smithsonian_full_sp26/raw/USNMPAL_792966_D1909_2024_02_20_11_11_43.ndpi.ndpa,Bisaccate,Bisaccate,YES,circle,1
USNMPAL_792971_D1916 - 2024-01-25 10.04.46,/rhf/allocations/dsci435/smithsonian_full_sp26/raw/USNMPAL_792971_D1916 - 2024-01-25 10.04.46.ndpi.ndpa,,,UNTITLED,circle,1
USNMPAL_792971_D1916 - 2024-01-25 10.04.46,/rhf/allocations/dsci435/smithsonian_full_sp26/raw/USNMPAL_792971_D1916 - 2024-01-25 10.04.46.ndpi.ndpa,,,UNTITLED,freehand,1
USNMPAL_792971_D1916 - 2024-01-25 10.04.46,/rhf/allocations/dsci435/smithsonian_full_sp26/raw/USNMPAL_792971_D1916 - 2024-01-25 10.04.46.ndpi.ndpa,Din,,UNMAPPED,circle,1
USNMPAL_792971_D1916 - 2024-01-25 10.04.46,/rhf/allocations/dsci435/smithsonian_full_sp26/raw/USNMPAL_792971_D1916 - 2024-01-25 10.04.46.ndpi.ndpa,Momipites,Momipites sp,YES,circle,4
USNMPAL_792971_D1916 - 2024-01-25 10.04.46,/rhf/allocations/dsci435/smithsonian_full_sp26/raw/USNMPAL_792971_D1916 - 2024-01-25 10.04.46.ndpi.ndpa,pol,pollen,NO,circle,15
USNMPAL_792971_D1916 - 2024-01-25 10.04.46,/rhf/allocations/dsci435/smithsonian_full_sp26/raw/USNMPAL_792971_D1916 - 2024-01-25 10.04.46.ndpi.ndpa,pollen sp1,,UNMAPPED,circle,1
USNMPAL_792979_D1966-B-1_2024-02-02_16_46_39_Mississippi,/rhf/allocations/dsci435/smithsonian_full_sp26/raw/USNMPAL_792979_D1966-B-1_2024-02-02_16_46_39_Mississippi.ndpi.ndpa,Bisaccate,Bisaccate,YES,circle,1
USNMPAL_793077_D3163-A_2024_07_29_10_45_13_Arkansas,/rhf/allocations/dsci435/smithsonian_full_sp26/raw/Images_with_annotations_for_CNN_training/USNMPAL_793077_D3163-A_2024_07_29_10_45_13_Arkansas.ndpi.ndpa,,,UNTITLED,freehand,1
USNMPAL_793077_D3163-A_2024_07_29_10_45_13_Arkansas,/rhf/allocations/dsci435/smithsonian_full_sp26/raw/Images_with_annotations_for_CNN_training/USNMPAL_793077_D3163-A_2024_07_29_10_45_13_Arkansas.ndpi.ndpa,Momipites,Momipites sp,YES,circle,4
USNMPAL_793077_D3163-A_2024_07_29_10_45_13_Arkansas,/rhf/allocations/dsci435/smithsonian_full_sp26/raw/Images_with_annotations_for_CNN_training/USNMPAL_793077_D3163-A_2024_07_29_10_45_13_Arkansas.ndpi.ndpa,fun,Fungi,NO,circle,1
USNMPAL_793077_D3163-A_2024_07_29_10_45_13_Arkansas,/rhf/allocations/dsci435/smithsonian_full_sp26/raw/Images_with_annotations_for_CNN_training/USNMPAL_793077_D3163-A_2024_07_29_10_45_13_Arkansas.ndpi.ndpa,paly,Indet.,NO,circle,37
USNMPAL_793077_D3163-A_2024_07_29_10_45_13_Arkansas,/rhf/allocations/dsci435/smithsonian_full_sp26/raw/Images_with_annotations_for_CNN_training/USNMPAL_793077_D3163-A_2024_07_29_10_45_13_Arkansas.ndpi.ndpa,pol,pollen,NO,circle,343
USNMPAL_793077_D3163-A_2024_07_29_10_45_13_Arkansas,/rhf/allocations/dsci435/smithsonian_full_sp26/raw/Images_with_annotations_for_CNN_training/USNMPAL_793077_D3163-A_2024_07_29_10_45_13_Arkansas.ndpi.ndpa,spo,spore,NO,circle,4
USNMPAL_793189_D3353_1_R_2024_02_02_19_16_54_Mississippi,/rhf/allocations/dsci435/smithsonian_full_sp26/raw/USNMPAL_793189_D3353_1_R_2024_02_02_19_16_54_Mississippi.ndpi.ndpa,,,UNTITLED,freehand,1
USNMPAL_793203_D3382_L_2024-01-22_14_07_02_Alaska,/rhf/allocations/dsci435/smithsonian_full_sp26/raw/USNMPAL_793203_D3382_L_2024-01-22_14_07_02_Alaska.ndpi.ndpa,,,UNTITLED,freehand,1
USNMPAL_793204_D3383_L_2024-01-22_10_03_30_Alaska,/rhf/allocations/dsci435/smithsonian_full_sp26/raw/USNMPAL_793204_D3383_L_2024-01-22_10_03_30_Alaska.ndpi.ndpa,,,UNTITLED,freehand,1
USNMPAL_793224_D3422-A_R_2024-02-05_12_58_31_Arkansas,/rhf/allocations/dsci435/smithsonian_full_sp26/raw/USNMPAL_793224_D3422-A_R_2024-02-05_12_58_31_Arkansas.ndpi.ndpa,,,UNTITLED,freehand,1
USNMPAL_793367_D3702_L_2024_02_02_15_49_54_Tennessee,/rhf/allocations/dsci435/smithsonian_full_sp26/raw/Images_with_annotations_for_CNN_training/USNMPAL_793367_D3702_L_2024_02_02_15_49_54_Tennessee.ndpi.ndpa,,,UNTITLED,freehand,2
USNMPAL_793367_D3702_L_2024_02_02_15_49_54_Tennessee,/rhf/allocations/dsci435/smithsonian_full_sp26/raw/Images_with_annotations_for_CNN_training/USNMPAL_793367_D3702_L_2024_02_02_15_49_54_Tennessee.ndpi.ndpa,Alnus,,UNMAPPED,circle,1
USNMPAL_793367_D3702_L_2024_02_02_15_49_54_Tennessee,/rhf/allocations/dsci435/smithsonian_full_sp26/raw/Images_with_annotations_for_CNN_training/USNMPAL_793367_D3702_L_2024_02_02_15_49_54_Tennessee.ndpi.ndpa,Bipol,Bisaccate,YES,circle,6
USNMPAL_793367_D3702_L_2024_02_02_15_49_54_Tennessee,/rhf/allocations/dsci435/smithsonian_full_sp26/raw/Images_with_annotations_for_CNN_training/USNMPAL_793367_D3702_L_2024_02_02_15_49_54_Tennessee.ndpi.ndpa,din,Dinocyst,NO,circle,1
USNMPAL_793367_D3702_L_2024_02_02_15_49_54_Tennessee,/rhf/allocations/dsci435/smithsonian_full_sp26/raw/Images_with_annotations_for_CNN_training/USNMPAL_793367_D3702_L_2024_02_02_15_49_54_Tennessee.ndpi.ndpa,fun,Fungi,NO,circle,2
USNMPAL_793367_D3702_L_2024_02_02_15_49_54_Tennessee,/rhf/allocations/dsci435/smithsonian_full_sp26/raw/Images_with_annotations_for_CNN_training/USNMPAL_793367_D3702_L_2024_02_02_15_49_54_Tennessee.ndpi.ndpa,paly,Indet.,NO,circle,22
USNMPAL_793367_D3702_L_2024_02_02_15_49_54_Tennessee,/rhf/allocations/dsci435/smithsonian_full_sp26/raw/Images_with_annotations_for_CNN_training/USNMPAL_793367_D3702_L_2024_02_02_15_49_54_Tennessee.ndpi.ndpa,pol,pollen,NO,circle,54
USNMPAL_793367_D3702_L_2024_02_02_15_49_54_Tennessee,/rhf/allocations/dsci435/smithsonian_full_sp26/raw/Images_with_annotations_for_CNN_training/USNMPAL_793367_D3702_L_2024_02_02_15_49_54_Tennessee.ndpi.ndpa,spo,spore,NO,circle,4
USNMPAL_793367_D3702_R_2024_02_05_12_01_01_Tennessee,/rhf/allocations/dsci435/smithsonian_full_sp26/raw/Images_with_annotations_for_CNN_training/USNMPAL_793367_D3702_R_2024_02_05_12_01_01_Tennessee.ndpi.ndpa,,,UNTITLED,freehand,1
USNMPAL_793367_D3702_R_2024_02_05_12_01_01_Tennessee,/rhf/allocations/dsci435/smithsonian_full_sp26/raw/Images_with_annotations_for_CNN_training/USNMPAL_793367_D3702_R_2024_02_05_12_01_01_Tennessee.ndpi.ndpa,Arecipites,,UNMAPPED,circle,1
USNMPAL_793367_D3702_R_2024_02_05_12_01_01_Tennessee,/rhf/allocations/dsci435/smithsonian_full_sp26/raw/Images_with_annotations_for_CNN_training/USNMPAL_793367_D3702_R_2024_02_05_12_01_01_Tennessee.ndpi.ndpa,Arecipites?,,UNMAPPED,circle,1
USNMPAL_793367_D3702_R_2024_02_05_12_01_01_Tennessee,/rhf/allocations/dsci435/smithsonian_full_sp26/raw/Images_with_annotations_for_CNN_training/USNMPAL_793367_D3702_R_2024_02_05_12_01_01_Tennessee.ndpi.ndpa,Betulaceae,Betulaceae,YES,circle,1
USNMPAL_793367_D3702_R_2024_02_05_12_01_01_Tennessee,/rhf/allocations/dsci435/smithsonian_full_sp26/raw/Images_with_annotations_for_CNN_training/USNMPAL_793367_D3702_R_2024_02_05_12_01_01_Tennessee.ndpi.ndpa,Betulaceae type,,UNMAPPED,circle,1
USNMPAL_793367_D3702_R_2024_02_05_12_01_01_Tennessee,/rhf/allocations/dsci435/smithsonian_full_sp26/raw/Images_with_annotations_for_CNN_training/USNMPAL_793367_D3702_R_2024_02_05_12_01_01_Tennessee.ndpi.ndpa,Bisaccate pollen,Bisaccate,YES,circle,1
USNMPAL_793367_D3702_R_2024_02_05_12_01_01_Tennessee,/rhf/allocations/dsci435/smithsonian_full_sp26/raw/Images_with_annotations_for_CNN_training/USNMPAL_793367_D3702_R_2024_02_05_12_01_01_Tennessee.ndpi.ndpa,Momipites,Momipites sp,YES,circle,2
USNMPAL_793367_D3702_R_2024_02_05_12_01_01_Tennessee,/rhf/allocations/dsci435/smithsonian_full_sp26/raw/Images_with_annotations_for_CNN_training/USNMPAL_793367_D3702_R_2024_02_05_12_01_01_Tennessee.ndpi.ndpa,Pistillipollenites,,UNMAPPED,circle,1
USNMPAL_793367_D3702_R_2024_02_05_12_01_01_Tennessee,/rhf/allocations/dsci435/smithsonian_full_sp26/raw/Images_with_annotations_for_CNN_training/USNMPAL_793367_D3702_R_2024_02_05_12_01_01_Tennessee.ndpi.ndpa,Retitrescolpites,Retitricolpites sp.,MAYBE,circle,1
USNMPAL_793367_D3702_R_2024_02_05_12_01_01_Tennessee,/rhf/allocations/dsci435/smithsonian_full_sp26/raw/Images_with_annotations_for_CNN_training/USNMPAL_793367_D3702_R_2024_02_05_12_01_01_Tennessee.ndpi.ndpa,alg?,Algae,NO,circle,2
USNMPAL_793367_D3702_R_2024_02_05_12_01_01_Tennessee,/rhf/allocations/dsci435/smithsonian_full_sp26/raw/Images_with_annotations_for_CNN_training/USNMPAL_793367_D3702_R_2024_02_05_12_01_01_Tennessee.ndpi.ndpa,fun,Fungi,NO,circle,2
USNMPAL_793367_D3702_R_2024_02_05_12_01_01_Tennessee,/rhf/allocations/dsci435/smithsonian_full_sp26/raw/Images_with_annotations_for_CNN_training/USNMPAL_793367_D3702_R_2024_02_05_12_01_01_Tennessee.ndpi.ndpa,paly,Indet.,NO,circle,1
USNMPAL_793367_D3702_R_2024_02_05_12_01_01_Tennessee,/rhf/allocations/dsci435/smithsonian_full_sp26/raw/Images_with_annotations_for_CNN_training/USNMPAL_793367_D3702_R_2024_02_05_12_01_01_Tennessee.ndpi.ndpa,pol,pollen,NO,circle,92
USNMPAL_793367_D3702_R_2024_02_05_12_01_01_Tennessee,/rhf/allocations/dsci435/smithsonian_full_sp26/raw/Images_with_annotations_for_CNN_training/USNMPAL_793367_D3702_R_2024_02_05_12_01_01_Tennessee.ndpi.ndpa,spo,spore,NO,circle,3
USNMPAL_793471_D3915_L_2024-01-22_10_22_34_Alaska,/rhf/allocations/dsci435/smithsonian_full_sp26/raw/Images_with_annotations_for_CNN_training/USNMPAL_793471_D3915_L_2024-01-22_10_22_34_Alaska.ndpi.ndpa,,,UNTITLED,freehand,1
USNMPAL_793471_D3915_L_2024-01-22_10_22_34_Alaska,/rhf/allocations/dsci435/smithsonian_full_sp26/raw/Images_with_annotations_for_CNN_training/USNMPAL_793471_D3915_L_2024-01-22_10_22_34_Alaska.ndpi.ndpa,Bisaccate,Bisaccate,YES,circle,1
USNMPAL_793471_D3915_L_2024-01-22_10_22_34_Alaska,/rhf/allocations/dsci435/smithsonian_full_sp26/raw/Images_with_annotations_for_CNN_training/USNMPAL_793471_D3915_L_2024-01-22_10_22_34_Alaska.ndpi.ndpa,Momipites?,Momipites sp,YES,circle,1
USNMPAL_793471_D3915_L_2024-01-22_10_22_34_Alaska,/rhf/allocations/dsci435/smithsonian_full_sp26/raw/Images_with_annotations_for_CNN_training/USNMPAL_793471_D3915_L_2024-01-22_10_22_34_Alaska.ndpi.ndpa,Monocolpate,Monocolpites sp.,YES,circle,1
USNMPAL_793471_D3915_L_2024-01-22_10_22_34_Alaska,/rhf/allocations/dsci435/smithsonian_full_sp26/raw/Images_with_annotations_for_CNN_training/USNMPAL_793471_D3915_L_2024-01-22_10_22_34_Alaska.ndpi.ndpa,alg,Algae,NO,circle,2
USNMPAL_793471_D3915_L_2024-01-22_10_22_34_Alaska,/rhf/allocations/dsci435/smithsonian_full_sp26/raw/Images_with_annotations_for_CNN_training/USNMPAL_793471_D3915_L_2024-01-22_10_22_34_Alaska.ndpi.ndpa,alg?,Algae,NO,circle,1
USNMPAL_793471_D3915_L_2024-01-22_10_22_34_Alaska,/rhf/allocations/dsci435/smithsonian_full_sp26/raw/Images_with_annotations_for_CNN_training/USNMPAL_793471_D3915_L_2024-01-22_10_22_34_Alaska.ndpi.ndpa,din?,Dinocyst,NO,circle,1
USNMPAL_793471_D3915_L_2024-01-22_10_22_34_Alaska,/rhf/allocations/dsci435/smithsonian_full_sp26/raw/Images_with_annotations_for_CNN_training/USNMPAL_793471_D3915_L_2024-01-22_10_22_34_Alaska.ndpi.ndpa,paly,Indet.,NO,circle,21
USNMPAL_793471_D3915_L_2024-01-22_10_22_34_Alaska,/rhf/allocations/dsci435/smithsonian_full_sp26/raw/Images_with_annotations_for_CNN_training/USNMPAL_793471_D3915_L_2024-01-22_10_22_34_Alaska.ndpi.ndpa,paly?,Indet.,NO,circle,1
USNMPAL_793471_D3915_L_2024-01-22_10_22_34_Alaska,/rhf/allocations/dsci435/smithsonian_full_sp26/raw/Images_with_annotations_for_CNN_training/USNMPAL_793471_D3915_L_2024-01-22_10_22_34_Alaska.ndpi.ndpa,pol,pollen,NO,circle,68
USNMPAL_793471_D3915_L_2024-01-22_10_22_34_Alaska,/rhf/allocations/dsci435/smithsonian_full_sp26/raw/Images_with_annotations_for_CNN_training/USNMPAL_793471_D3915_L_2024-01-22_10_22_34_Alaska.ndpi.ndpa,pol?,pollen,NO,circle,1
USNMPAL_793471_D3915_L_2024-01-22_10_22_34_Alaska,/rhf/allocations/dsci435/smithsonian_full_sp26/raw/Images_with_annotations_for_CNN_training/USNMPAL_793471_D3915_L_2024-01-22_10_22_34_Alaska.ndpi.ndpa,spo,spore,NO,circle,12
USNMPAL_793471_D3915_L_2024-01-22_10_22_34_Alaska,/rhf/allocations/dsci435/smithsonian_full_sp26/raw/Images_with_annotations_for_CNN_training/USNMPAL_793471_D3915_L_2024-01-22_10_22_34_Alaska.ndpi.ndpa,spo?,spore,NO,circle,3
USNMPAL_793471_D3915_L_2024_01_22_10_22_34_Alaska,/rhf/allocations/dsci435/smithsonian_full_sp26/raw/Images_with_annotations_for_CNN_training/USNMPAL_793471_D3915_L_2024_01_22_10_22_34_Alaska.ndpi.ndpa,,,UNTITLED,freehand,1
USNMPAL_793471_D3915_L_2024_01_22_10_22_34_Alaska,/rhf/allocations/dsci435/smithsonian_full_sp26/raw/Images_with_annotations_for_CNN_training/USNMPAL_793471_D3915_L_2024_01_22_10_22_34_Alaska.ndpi.ndpa,Bisaccate,Bisaccate,YES,circle,1
USNMPAL_793471_D3915_L_2024_01_22_10_22_34_Alaska,/rhf/allocations/dsci435/smithsonian_full_sp26/raw/Images_with_annotations_for_CNN_training/USNMPAL_793471_D3915_L_2024_01_22_10_22_34_Alaska.ndpi.ndpa,Momipites?,Momipites sp,YES,circle,1
USNMPAL_793471_D3915_L_2024_01_22_10_22_34_Alaska,/rhf/allocations/dsci435/smithsonian_full_sp26/raw/Images_with_annotations_for_CNN_training/USNMPAL_793471_D3915_L_2024_01_22_10_22_34_Alaska.ndpi.ndpa,Monocolpites,Monocolpites sp.,YES,circle,1
USNMPAL_793471_D3915_L_2024_01_22_10_22_34_Alaska,/rhf/allocations/dsci435/smithsonian_full_sp26/raw/Images_with_annotations_for_CNN_training/USNMPAL_793471_D3915_L_2024_01_22_10_22_34_Alaska.ndpi.ndpa,alg,Algae,NO,circle,2
USNMPAL_793471_D3915_L_2024_01_22_10_22_34_Alaska,/rhf/allocations/dsci435/smithsonian_full_sp26/raw/Images_with_annotations_for_CNN_training/USNMPAL_793471_D3915_L_2024_01_22_10_22_34_Alaska.ndpi.ndpa,alg?,Algae,NO,circle,1
USNMPAL_793471_D3915_L_2024_01_22_10_22_34_Alaska,/rhf/allocations/dsci435/smithsonian_full_sp26/raw/Images_with_annotations_for_CNN_training/USNMPAL_793471_D3915_L_2024_01_22_10_22_34_Alaska.ndpi.ndpa,din?,Dinocyst,NO,circle,1
USNMPAL_793471_D3915_L_2024_01_22_10_22_34_Alaska,/rhf/allocations/dsci435/smithsonian_full_sp26/raw/Images_with_annotations_for_CNN_training/USNMPAL_793471_D3915_L_2024_01_22_10_22_34_Alaska.ndpi.ndpa,paly,Indet.,NO,circle,21
USNMPAL_793471_D3915_L_2024_01_22_10_22_34_Alaska,/rhf/allocations/dsci435/smithsonian_full_sp26/raw/Images_with_annotations_for_CNN_training/USNMPAL_793471_D3915_L_2024_01_22_10_22_34_Alaska.ndpi.ndpa,paly?,Indet.,NO,circle,1
USNMPAL_793471_D3915_L_2024_01_22_10_22_34_Alaska,/rhf/allocations/dsci435/smithsonian_full_sp26/raw/Images_with_annotations_for_CNN_training/USNMPAL_793471_D3915_L_2024_01_22_10_22_34_Alaska.ndpi.ndpa,pol,pollen,NO,circle,68
USNMPAL_793471_D3915_L_2024_01_22_10_22_34_Alaska,/rhf/allocations/dsci435/smithsonian_full_sp26/raw/Images_with_annotations_for_CNN_training/USNMPAL_793471_D3915_L_2024_01_22_10_22_34_Alaska.ndpi.ndpa,pol?,pollen,NO,circle,1
USNMPAL_793471_D3915_L_2024_01_22_10_22_34_Alaska,/rhf/allocations/dsci435/smithsonian_full_sp26/raw/Images_with_annotations_for_CNN_training/USNMPAL_793471_D3915_L_2024_01_22_10_22_34_Alaska.ndpi.ndpa,spo,spore,NO,circle,12
USNMPAL_793471_D3915_L_2024_01_22_10_22_34_Alaska,/rhf/allocations/dsci435/smithsonian_full_sp26/raw/Images_with_annotations_for_CNN_training/USNMPAL_793471_D3915_L_2024_01_22_10_22_34_Alaska.ndpi.ndpa,spo?,spore,NO,circle,3
USNMPAL_793471_D3915_R_2024_01_23_09_38_16_Alaska,/rhf/allocations/dsci435/smithsonian_full_sp26/raw/USNMPAL_793471_D3915_R_2024_01_23_09_38_16_Alaska.ndpi.ndpa,,,UNTITLED,freehand,1
USNMPAL_793472_D3916_R_2023_11_20_17_04_43_Alaska,/rhf/allocations/dsci435/smithsonian_full_sp26/raw/Images_with_annotations_for_CNN_training/USNMPAL_793472_D3916_R_2023_11_20_17_04_43_Alaska.ndpi.ndpa,,,UNTITLED,freehand,1
USNMPAL_793472_D3916_R_2023_11_20_17_04_43_Alaska,/rhf/allocations/dsci435/smithsonian_full_sp26/raw/Images_with_annotations_for_CNN_training/USNMPAL_793472_D3916_R_2023_11_20_17_04_43_Alaska.ndpi.ndpa,Betulaceae/Myricaceae,Betulaceae,YES,circle,1
USNMPAL_793472_D3916_R_2023_11_20_17_04_43_Alaska,/rhf/allocations/dsci435/smithsonian_full_sp26/raw/Images_with_annotations_for_CNN_training/USNMPAL_793472_D3916_R_2023_11_20_17_04_43_Alaska.ndpi.ndpa,Calamuspollenites?,Calamuspollenites?,NO,circle,1
USNMPAL_793472_D3916_R_2023_11_20_17_04_43_Alaska,/rhf/allocations/dsci435/smithsonian_full_sp26/raw/Images_with_annotations_for_CNN_training/USNMPAL_793472_D3916_R_2023_11_20_17_04_43_Alaska.ndpi.ndpa,Inaperturopollenites,Inaperturopollenites sp.,YES,circle,1
USNMPAL_793472_D3916_R_2023_11_20_17_04_43_Alaska,/rhf/allocations/dsci435/smithsonian_full_sp26/raw/Images_with_annotations_for_CNN_training/USNMPAL_793472_D3916_R_2023_11_20_17_04_43_Alaska.ndpi.ndpa,Laevigatosporites,Laevigatosporites sp.,YES,circle,2
USNMPAL_793472_D3916_R_2023_11_20_17_04_43_Alaska,/rhf/allocations/dsci435/smithsonian_full_sp26/raw/Images_with_annotations_for_CNN_training/USNMPAL_793472_D3916_R_2023_11_20_17_04_43_Alaska.ndpi.ndpa,Triletes,Psilatriletes sp.,YES,circle,1
USNMPAL_793472_D3916_R_2023_11_20_17_04_43_Alaska,/rhf/allocations/dsci435/smithsonian_full_sp26/raw/Images_with_annotations_for_CNN_training/USNMPAL_793472_D3916_R_2023_11_20_17_04_43_Alaska.ndpi.ndpa,din,Dinocyst,NO,circle,1
USNMPAL_793472_D3916_R_2023_11_20_17_04_43_Alaska,/rhf/allocations/dsci435/smithsonian_full_sp26/raw/Images_with_annotations_for_CNN_training/USNMPAL_793472_D3916_R_2023_11_20_17_04_43_Alaska.ndpi.ndpa,paly,Indet.,NO,circle,25
USNMPAL_793472_D3916_R_2023_11_20_17_04_43_Alaska,/rhf/allocations/dsci435/smithsonian_full_sp26/raw/Images_with_annotations_for_CNN_training/USNMPAL_793472_D3916_R_2023_11_20_17_04_43_Alaska.ndpi.ndpa,pol,pollen,NO,circle,43
USNMPAL_793472_D3916_R_2023_11_20_17_04_43_Alaska,/rhf/allocations/dsci435/smithsonian_full_sp26/raw/Images_with_annotations_for_CNN_training/USNMPAL_793472_D3916_R_2023_11_20_17_04_43_Alaska.ndpi.ndpa,spo,spore,NO,circle,7
USNMPAL_793473_D3917_L_2024-01-02_13_52_23_Alaska,/rhf/allocations/dsci435/smithsonian_full_sp26/raw/USNMPAL_793473_D3917_L_2024-01-02_13_52_23_Alaska.ndpi.ndpa,,,UNTITLED,freehand,1
USNMPAL_793576_D4117_L_2024_02_02_12_34_41_Arkansas,/rhf/allocations/dsci435/smithsonian_full_sp26/raw/Images_with_annotations_for_CNN_training/USNMPAL_793576_D4117_L_2024_02_02_12_34_41_Arkansas.ndpi.ndpa,,,UNTITLED,freehand,3
USNMPAL_793576_D4117_L_2024_02_02_12_34_41_Arkansas,/rhf/allocations/dsci435/smithsonian_full_sp26/raw/Images_with_annotations_for_CNN_training/USNMPAL_793576_D4117_L_2024_02_02_12_34_41_Arkansas.ndpi.ndpa,Bipol,Bisaccate,YES,circle,1
USNMPAL_793576_D4117_L_2024_02_02_12_34_41_Arkansas,/rhf/allocations/dsci435/smithsonian_full_sp26/raw/Images_with_annotations_for_CNN_training/USNMPAL_793576_D4117_L_2024_02_02_12_34_41_Arkansas.ndpi.ndpa,din,Dinocyst,NO,circle,6
USNMPAL_793576_D4117_L_2024_02_02_12_34_41_Arkansas,/rhf/allocations/dsci435/smithsonian_full_sp26/raw/Images_with_annotations_for_CNN_training/USNMPAL_793576_D4117_L_2024_02_02_12_34_41_Arkansas.ndpi.ndpa,fun,Fungi,NO,circle,2
USNMPAL_793576_D4117_L_2024_02_02_12_34_41_Arkansas,/rhf/allocations/dsci435/smithsonian_full_sp26/raw/Images_with_annotations_for_CNN_training/USNMPAL_793576_D4117_L_2024_02_02_12_34_41_Arkansas.ndpi.ndpa,paly,Indet.,NO,circle,64
USNMPAL_793576_D4117_L_2024_02_02_12_34_41_Arkansas,/rhf/allocations/dsci435/smithsonian_full_sp26/raw/Images_with_annotations_for_CNN_training/USNMPAL_793576_D4117_L_2024_02_02_12_34_41_Arkansas.ndpi.ndpa,pol,pollen,NO,circle,11
USNMPAL_793576_D4117_L_2024_02_02_12_34_41_Arkansas,/rhf/allocations/dsci435/smithsonian_full_sp26/raw/Images_with_annotations_for_CNN_training/USNMPAL_793576_D4117_L_2024_02_02_12_34_41_Arkansas.ndpi.ndpa,spo,spore,NO,circle,1
USNM_792877_D1727_L_2024_03_14_10_25_59_Washington,/rhf/allocations/dsci435/smithsonian_full_sp26/raw/Images_with_annotations_for_CNN_training/USNM_792877_D1727_L_2024_03_14_10_25_59_Washington.ndpi.ndpa,,,UNTITLED,freehand,1
USNM_792877_D1727_L_2024_03_14_10_25_59_Washington,/rhf/allocations/dsci435/smithsonian_full_sp26/raw/Images_with_annotations_for_CNN_training/USNM_792877_D1727_L_2024_03_14_10_25_59_Washington.ndpi.ndpa,Alnipollenites,,UNMAPPED,circle,1
USNM_792877_D1727_L_2024_03_14_10_25_59_Washington,/rhf/allocations/dsci435/smithsonian_full_sp26/raw/Images_with_annotations_for_CNN_training/USNM_792877_D1727_L_2024_03_14_10_25_59_Washington.ndpi.ndpa,Bombacacidites,,UNMAPPED,circle,2
USNM_792877_D1727_L_2024_03_14_10_25_59_Washington,/rhf/allocations/dsci435/smithsonian_full_sp26/raw/Images_with_annotations_for_CNN_training/USNM_792877_D1727_L_2024_03_14_10_25_59_Washington.ndpi.ndpa,Didymospore,Fungi,NO,circle,1
USNM_792877_D1727_L_2024_03_14_10_25_59_Washington,/rhf/allocations/dsci435/smithsonian_full_sp26/raw/Images_with_annotations_for_CNN_training/USNM_792877_D1727_L_2024_03_14_10_25_59_Washington.ndpi.ndpa,fun,Fungi,NO,circle,49
USNM_792877_D1727_L_2024_03_14_10_25_59_Washington,/rhf/allocations/dsci435/smithsonian_full_sp26/raw/Images_with_annotations_for_CNN_training/USNM_792877_D1727_L_2024_03_14_10_25_59_Washington.ndpi.ndpa,paly,Indet.,NO,circle,14
USNM_792877_D1727_L_2024_03_14_10_25_59_Washington,/rhf/allocations/dsci435/smithsonian_full_sp26/raw/Images_with_annotations_for_CNN_training/USNM_792877_D1727_L_2024_03_14_10_25_59_Washington.ndpi.ndpa,pol,pollen,NO,circle,99
